gene,spearman_r,pvalue,padj
Gnas,0.30022779150280604,4.201622641432205e-192,2.1003911584519593e-188
Pcsk2,0.2685190049959666,1.2936100595383044e-152,6.466756687631984e-149
Malat1,0.254035037724638,2.8854381478186142e-136,1.4424305300945252e-132
Pde10a,0.24996910498638936,7.317800476418212e-132,3.6581684581614644e-128
Ly6h,0.24516913387932798,9.12979098028706e-127,4.5639825110455016e-123
Ccdc109b,0.24512338632654848,1.0197541291219847e-126,5.097750891480802e-123
Rpl41,0.22877620289004286,3.411360653921894e-110,1.7053391908955546e-106
Pcsk1n,0.22800122357012487,1.9270106164445182e-109,9.633126071606147e-106
Resp18,0.22635496773908578,7.462394421807902e-108,3.730450971461771e-104
Meg3,0.21768590809332997,1.0625087800653781e-99,5.3114813915468254e-96
Ccnd2,0.21715262375085426,3.2847107185760877e-99,1.6420268882161864e-95
Cidea,0.2124162982012696,6.489836866444747e-95,3.2442694495357293e-91
Obsl1,0.20510165985746412,1.75407719434243e-88,8.768631894517807e-85
Rps28,0.2033441019770073,5.663577300787887e-87,2.8312222926638645e-83
Atpif1,0.19940594316866891,1.2119617781824196e-83,6.058596929133915e-80
Atp5e,0.19215746851160673,1.0721993553664456e-77,5.359924577476862e-74
Etv1,0.1896176976913682,1.1432499204081619e-75,5.715106352120401e-72
Scg2,0.186286905015124,4.719813568095631e-73,2.359434802691006e-69
Bex2,0.18452690927435667,1.0868228123097647e-71,5.433027238736514e-68
Wbp5,0.18432434241094586,1.5561870502362848e-71,7.779379064131188e-68
Emd,0.1813797617024636,2.740112506191213e-69,1.3697822418449874e-65
Rpl37,0.17800486639269078,9.214523533079412e-67,4.606340314186398e-63
Rab26os,0.17776952738115775,1.3765455347828618e-66,6.881351128379526e-63
Apoe,-0.17136203098573358,6.18433373521326e-62,3.0915484342331087e-58
Chga,0.17100670771876347,1.1066853670682789e-61,5.532320149974326e-58
AW551984,0.16196824931534945,1.939388473658057e-55,9.695002979816627e-52
Junb,0.16029666611210486,2.5321024376460073e-54,1.265798008579239e-50
Peg3,0.15949371474775656,8.613287067582611e-54,4.305782205084548e-50
Rpl37a,0.15949255904327703,8.628437980369325e-54,4.313356146386625e-50
Rpl6,0.15345066938389668,7.037481311340492e-50,3.518036907539112e-46
Rps27a,0.15330609662038636,8.69135988106767e-50,4.344810804545728e-46
Srxn1,0.15293358744990498,1.4958019248419071e-49,7.477513822284694e-46
Rps14,0.15057359818503677,4.516837651741354e-48,2.257967142105503e-44
Scg5,0.15035736623395168,6.155174937622564e-48,3.07697195131752e-44
Rps23,0.15019925718561108,7.71598540403574e-48,3.857221103477467e-44
Rps17,0.147536520446897,3.344218752036494e-46,1.6717749541430433e-42
Rpl38,0.145394409331555,6.59414362184483e-45,3.2964123965602305e-41
Auts2,0.14454168747261353,2.1338609505313523e-44,1.066717089170623e-40
mt-Nd1,-0.14410734265718753,3.870385922179347e-44,1.9348059224974555e-40
Rpl32,0.1433774168332614,1.048354402265734e-43,5.240723656926404e-40
Rps29,0.143164090437444,1.4013788797930033e-43,7.0054930200852235e-40
Ngfrap1,0.1430049733455231,1.7395883305735698e-43,8.696202064537275e-40
Sparc,-0.14246625305624117,3.610206716769307e-43,1.8047423377129768e-39
Btg2,0.1420898320514393,6.002850831470309e-43,3.0008251306520076e-39
Pcp4,0.14162308046121322,1.1254825010576873e-42,5.626287022787379e-39
Rorb,0.1405551726188423,4.703571178806985e-42,2.3513152322856117e-38
Rps18,0.13904071060377687,3.506972343689469e-41,1.7531354746103657e-37
Rpl13,0.13813027437988679,1.1608322588008556e-40,5.803000461745477e-37
Cox17,0.13751151682363627,2.606523174496704e-40,1.3030009349309023e-36
Rps19,0.13734760509632832,3.227371715217568e-40,1.6133631204372623e-36
Snhg9,0.1360150779157541,1.8153091144445586e-39,9.074730263108348e-36
Crem,0.13532506715388634,4.4098049267061104e-39,2.2044614828603845e-35
Uqcr11,0.135071925993197,6.100006671786485e-39,3.049393335226064e-35
Rpl27a,0.13491966417615303,7.412359218434885e-39,3.7054383732955987e-35
Rps27,0.1327134198847865,1.2167312703463549e-37,6.082439620461428e-34
Fth1,0.13206044014786228,2.7601448405337303e-37,1.3797964057828117e-33
Rpl35,0.13103225068411387,9.941234137763085e-37,4.9696229454677664e-33
Sec61g,0.13061437777081011,1.6685639915627077e-36,8.341151393821975e-33
Rpl35a,0.13023250233690642,2.6744162978902006e-36,1.3369407073153112e-32
mt-Atp6,-0.12940880553034445,7.363366897836063e-36,3.680947112228248e-32
Cox7c,0.12912662478262996,1.0401668131918669e-35,5.199793899146142e-32
Rpl26,0.12897994574204438,1.2443869888507996e-35,6.220690557265147e-32
Rasd1,0.12832006181190828,2.780243604156488e-35,1.3898437777178284e-31
Atp5j2,0.12766552384272295,6.145767332027098e-35,3.072269089280346e-31
Usmg5,0.12755456813373517,7.027414886456854e-35,3.513004701739781e-31
Rpl31,0.12655016704726768,2.352149825557084e-34,1.1758396977959864e-30
Ascl1,0.12643711380878425,2.6931207998663375e-34,1.3462910878531822e-30
Atp5l,0.1263384025381986,3.0307119365621183e-34,1.515052897087403e-30
Rpl13a,0.1262222393897089,3.4821614913740036e-34,1.7407325295378643e-30
Rps13,0.1259314137589506,4.926953266259559e-34,2.4629839378031533e-30
Romo1,0.12568929235692994,6.573477849612224e-34,3.286081577021151e-30
Rps21,0.12551317879696253,8.104398007949969e-34,4.05138856417419e-30
Rps20,0.12541651144734106,9.090209110717254e-34,4.544195534447555e-30
Rpl39,0.12509432689187897,1.3318269888166628e-33,6.657803117094497e-30
Pld3,0.12506688357758589,1.3758043586324471e-33,6.877645988803603e-30
Rps15a,0.124686227934401,2.157398041038923e-33,1.0784832807153576e-29
Prdx2,0.12465892376312607,2.2280297614870047e-33,1.1137920777673537e-29
Rpl36,0.12417997897226399,3.915849176056458e-33,1.9575330031106232e-29
Rpl36a,0.12342665307993503,9.464386328831286e-33,4.73124672578276e-29
Smpd3,0.12311127819955796,1.367224789445611e-32,6.83475672243861e-29
Ndufv3,0.12287264403033807,1.8048433751341256e-32,9.022412032295494e-29
1700023F06Rik,0.12203164775473287,4.781465678991907e-32,2.3902546929280545e-28
Chgb,0.12195224849662717,5.240295288980176e-32,2.61962361496119e-28
Ptp4a1,0.12155548760524025,8.275934474399615e-32,4.137139643752367e-28
Pam,0.12100257429918684,1.5605967331026016e-31,7.801423068779906e-28
C2cd4b,0.12081601329567457,1.9317536621986317e-31,9.65683655733096e-28
B2m,-0.11992375352191322,5.334724676883532e-31,2.6668288659740777e-27
Tma7,0.11924351816609008,1.151361836979134e-30,5.7556578230586905e-27
Ptprn,0.11875044864432266,2.0053012086176317e-30,1.002450074187954e-26
Cox7a2,0.11811151778505193,4.1013382586749965e-30,2.0502589955116307e-26
Ndufb4,0.11762586997281992,7.046694936738451e-30,3.5226427988755516e-26
Igfbp7,-0.1151189004598684,1.1112104413541708e-28,5.5549409963295e-25
Pmvk,0.11461360240417645,1.92337052567313e-28,9.614929257839976e-25
Rps24,0.11425705890800586,2.828451957806806e-28,1.4139431337076223e-24
Rpl10,0.11377115656035733,4.774763115837314e-28,2.3869040816070733e-24
Rpl23a,0.11312079627774689,9.589355099665526e-28,4.7937186143227964e-24
Ndufa1,0.1124774362631668,1.9038934025255052e-27,9.517563119225001e-24
Spint2,0.11208293214975773,2.8935849244910954e-27,1.4465031037530985e-23
Creb3l2,0.11169083213877999,4.3800939751864504e-27,2.1896089781957067e-23
Rplp2,0.11150137184003925,5.348759365840329e-27,2.6738448069835804e-23
Coq10b,0.11132042826288864,6.47118000483796e-27,3.234942884418496e-23
Pfdn5,0.11100588856979537,9.004794758777777e-27,4.501496899913011e-23
Syt4,0.1106793394966801,1.2676801461600842e-26,6.33713305065426e-23
Usp29,0.11023465669283886,2.0163749549099748e-26,1.0079858399594964e-22
Mrfap1,0.11013674504230729,2.2327593812791846e-26,1.1161564147014644e-22
Psmb2,0.1097977481928453,3.1755048305645287e-26,1.587434864799208e-22
Sepp1,-0.10974098224105236,3.368074868353637e-26,1.6837006266899834e-22
Uqcrq,0.10951507179378031,4.2560440283460716e-26,2.127596409770201e-22
Odc1,0.10922567227503929,5.739611994041346e-26,2.8692320358212686e-22
Cox8a,0.10828782098754863,1.5045044126878286e-25,7.521017559026455e-22
Srrm4,0.10817280465463067,1.6922669206391078e-25,8.4596423362749e-22
1110008P14Rik,0.10805310229986173,1.9123492262469771e-25,9.559833782008639e-22
Nme1,0.10788056594137613,2.280331257838952e-25,1.139937595793692e-21
Rps3a1,0.10761735781875283,2.9809735206605073e-25,1.4901886629781876e-21
Tmsb4x,-0.10643722963348914,9.830177244343194e-25,4.914105604447163e-21
Rpl24,0.10631603502981275,1.1103341262394968e-24,5.550560297071245e-21
Prl,0.10599949007369303,1.5251629660415051e-24,7.624289667241483e-21
mt-Co2,-0.1044033687126113,7.450342213524202e-24,3.7244260725407485e-20
Rpl17,0.10398065214335998,1.1294248133377423e-23,5.645994641875373e-20
Ndufb11,0.1035031018390704,1.8033982388708988e-23,9.015187796115622e-20
Ndufa2,0.10342016413451696,1.9556557658932817e-23,9.776323173700515e-20
Nucb2,0.10321053150623016,2.3996035039251715e-23,1.1995617916121931e-19
Rpl11,0.10312064730687014,2.619263025098806e-23,1.309369586246893e-19
Rpl34,0.10294579536466629,3.105149669632931e-23,1.552264319849502e-19
Cd81,-0.1028894779127248,3.279888482694717e-23,1.639616252499089e-19
Rpl36al,0.10285061116082074,3.4061246899202263e-23,1.7027217324911212e-19
Slc25a25,0.10282311852268504,3.4983114452420824e-23,1.748805891476517e-19
2010107E04Rik,0.10261128809444804,4.296513585446644e-23,2.1478271413647773e-19
Epcam,0.10257277939690489,4.459873704601274e-23,2.229490864930177e-19
Uqcrh,0.10241945329919697,5.173558475080311e-23,2.5862618816926474e-19
Rps12,0.10219464458127288,6.428901838896962e-23,3.2138080292645912e-19
Ly6c1,-0.10214231915032278,6.761870949238564e-23,3.3802592875243583e-19
Mthfd2,0.1020128148150562,7.661168379789409e-23,3.8298180730567254e-19
Rps15,0.10147230420036304,1.287901413928498e-22,6.438219168228562e-19
Rps9,0.10075659626740381,2.551203428520513e-22,1.2753465939174045e-18
Rpl22l1,0.10069261277707262,2.7113269866577913e-22,1.35539236063023e-18
Rps25,0.10057481631329691,3.0325593630355494e-22,1.515976425581471e-18
Tshz2,0.10039250891556649,3.6054143088419295e-22,1.8023466129900806e-18
Rpl4,0.09971094220904261,6.865700959386778e-22,3.4321639095974504e-18
Higd1a,0.09950136675634769,8.362117957675545e-22,4.180222767042005e-18
Rab3b,0.09912410038389034,1.1912737293929243e-21,5.9551773732352286e-18
Rpl22,0.09905037744333056,1.2763728760748484e-21,6.380588007498167e-18
Ndufa7,0.0988111621931267,1.5960904452811572e-21,7.978856135960505e-18
9330020H09Rik,0.0988077088045661,1.601243051820607e-21,8.004614016051215e-18
Cox6c,0.09819011509191627,2.844465652502131e-21,1.4219483796858153e-17
Rps7,0.09803503806355175,3.2840925530873454e-21,1.641717867288364e-17
Ndufa5,0.09785671400782729,3.8731536801216244e-21,1.9361895246928e-17
Dusp14,0.09742032766512151,5.792321107214725e-21,2.8955813214966414e-17
Ndufa6,0.09734590896371424,6.202719151291741e-21,3.100739303730741e-17
Myeov2,0.09733681137672982,6.254821972270689e-21,3.1267855039381174e-17
Nr4a2,0.09721930850582447,6.96795918951584e-21,3.4832827988389684e-17
Sez6l2,0.0971522962543172,7.410067807721519e-21,3.704292897079987e-17
Necab2,0.09676913738768438,1.0525141026187147e-20,5.261517998990955e-17
Rpl19,0.09654790703002264,1.2881051644244491e-20,6.439237716957821e-17
Mrps33,0.0964384836875513,1.423201666831521e-20,7.114585132490774e-17
Fam183b,0.09640370840117302,1.4690005343542803e-20,7.343533671237047e-17
Tomm7,0.09632972728604439,1.5713359390427806e-20,7.855108359274861e-17
Six3,0.09604761947488472,2.030438702642049e-20,1.0150163074507603e-16
Ndufc1,0.09601444199930706,2.0924758878522134e-20,1.0460286963373214e-16
Hmgn3,0.09524241026826434,4.2028057400867214e-20,2.100982589469352e-16
Rps26,0.09513444628749655,4.631279568950287e-20,2.3151766565182486e-16
Rps8,0.09467299242087518,7.004378009186766e-20,3.501488566792464e-16
5330417C22Rik,0.09437249440883613,9.160136924117107e-20,4.579152448366141e-16
Morf4l2,0.09396253521132879,1.3191331381996591e-19,6.594346557860096e-16
Atp6v1f,0.09375848567074174,1.580763746204571e-19,7.902237967276651e-16
Dbpht2,0.09355055289360341,1.9000539931227036e-19,9.498369911620395e-16
Anapc13,0.09353624515929626,1.924231225990875e-19,9.619231898728385e-16
Cbarp,0.0935148025258322,1.9610351941472535e-19,9.80321493554212e-16
Errfi1,0.09299579642605889,3.097920422891164e-19,1.5486504194032927e-15
4732414G09Rik,0.09277085760783055,3.773951455794444e-19,1.8865983327516425e-15
Rpl27,0.09212630413146906,6.626719872945163e-19,3.312697264485287e-15
Zfos1,0.09150832732482911,1.132738549585432e-18,5.662560009377575e-15
Mrpl52,0.09135244235899731,1.2960320145212206e-18,6.4788640405915816e-15
Snrpf,0.09133129483176747,1.3199041306608521e-18,6.598200749173599e-15
Svip,0.09101915285137743,1.7271486614208434e-18,8.634016158442796e-15
Mien1,0.09081974163614707,2.049893868530502e-18,1.0247419448783978e-14
Syt1,0.09056642461178714,2.5469019227712755e-18,1.2731962711933607e-14
Ndufs5,0.09050978927756194,2.673346968459522e-18,1.3364061495329152e-14
Slirp,0.09042822340111821,2.866411581415318e-18,1.4329191495495173e-14
Ndufa11,0.09041313825124224,2.9035967020817288e-18,1.4515079913706562e-14
Rpl30,0.09034187882917112,3.085790741581687e-18,1.5425867917166853e-14
Dnajc9,0.08993199812488409,4.375123698651175e-18,2.1871243369557223e-14
Rpl21,0.08915663278028906,8.43229771598231e-18,4.215305628219557e-14
Ier2,0.0891321353622392,8.608137059797618e-18,4.303207716192829e-14
Vps8,0.08907180795629188,9.056735281276846e-18,4.527461967110295e-14
Pdcd4,0.08901660352727285,9.487410087989028e-18,4.742756302985715e-14
Polr2l,0.0889135442005986,1.0346189514960377e-17,5.172060138528692e-14
Fau,0.08879957856499088,1.1385324830349565e-17,5.691523882691747e-14
Eif1b,0.08871140862720232,1.225931268278769e-17,6.128430410125566e-14
Tceal3,0.08842549257744996,1.5574326371890442e-17,7.785605753308032e-14
Bpgm,0.08829965968304888,1.7300148892839278e-17,8.648344431530355e-14
Itm2a,-0.08819105185291902,1.8940481849112166e-17,9.468346876371172e-14
Nenf,0.0880347268095233,2.1574103869360876e-17,1.0784894524293501e-13
Chchd2,0.08790293969120068,2.4072555032975084e-17,1.2033870260984245e-13
Ddx5,0.08756101777158992,3.1964222030245346e-17,1.5978914592919647e-13
mt-Nd4,-0.0874979076683747,3.367759876311509e-17,1.6835431621681234e-13
Eif1,0.08703189681330706,4.94640348339435e-17,2.4727071013488355e-13
Shfm1,0.08694750718481073,5.301855227722954e-17,2.6503974283387046e-13
Tob1,0.08692984652681632,5.379369945987907e-17,2.6891470359993546e-13
Cox14,0.08681239997923773,5.924053052584089e-17,2.961434120986786e-13
Sepw1,0.08661468510100019,6.966391724573639e-17,3.4824992231143623e-13
Nr4a1,0.08656403867800165,7.261279091390686e-17,3.629913417786204e-13
Ier3ip1,0.0862504919880187,9.381019706418073e-17,4.689571751238394e-13
Atp5d,0.08604342369615686,1.1104346670354692e-16,5.551062900510311e-13
Gm10076,0.08596568876183382,1.1828891770237777e-16,5.913262995941865e-13
Pik3r1,0.08591366104714637,1.2339661817165901e-16,6.168596942401234e-13
Bex1,0.08590544077473164,1.2422327345533913e-16,6.209921440032403e-13
Ankra2,0.08574829317896354,1.4111861455655305e-16,7.054519541682086e-13
Eif2s2,0.08551006850438653,1.711384423232163e-16,8.555210731737584e-13
Itih3,-0.08501044103052402,2.560216954684282e-16,1.2798524556466724e-12
Rplp0,0.08496107723152593,2.66382122675489e-16,1.3316442312547694e-12
Naca,0.08491550582355843,2.7631282696116045e-16,1.3812878219788412e-12
Rpl23,0.08491214849753095,2.770587034937327e-16,1.3850164587651697e-12
Mrps21,0.08471829116432325,3.236647471682025e-16,1.6180000710938443e-12
Rpl14,0.08469122062593733,3.307595451107088e-16,1.6534669660084333e-12
Cga,0.0841479148229692,5.103683963734795e-16,2.551331613471024e-12
Sec61b,0.08413764067443419,5.145581273147936e-16,2.572276078446653e-12
Bex4,0.083886005131123,6.28440806809235e-16,3.141575593239366e-12
2900093K20Rik,0.08381232943313548,6.662520643966926e-16,3.3305940699190667e-12
Hspe1,0.08351932039574478,8.401068940704185e-16,4.199694363458022e-12
Ubl5,0.08337334823098073,9.426922190089577e-16,4.7125184028257795e-12
Slc1a2,-0.0832667239381299,1.0253293774821504e-15,5.12562155803327e-12
Ndufb3,0.08308399177620071,1.1838557004553213e-15,5.918094646576151e-12
Mrps6,0.08294664243785889,1.3186785642290715e-15,6.592074142581129e-12
Nsa2,0.08292798007598266,1.3381274314358406e-15,6.689299029747767e-12
Toporsos,0.08274593361811558,1.543296418262904e-15,7.714938794896256e-12
Eprs,0.08271380919762722,1.5825871446781322e-15,7.911353136245982e-12
Ndufb2,0.0826117210244649,1.7141038854231804e-15,8.568805323230478e-12
Snap25,0.08241028446893216,2.005959160973223e-15,1.0027789845705141e-11
Agt,-0.08230978214122456,2.1693519027360525e-15,1.0844590161777527e-11
Pltp,-0.08217511039545888,2.408996304302814e-15,1.2042572525209767e-11
Psen2,0.08217186678609224,2.415078536404835e-15,1.2072977603487771e-11
Hcfc1r1,0.08215844065933313,2.4404156731782018e-15,1.2199637950217831e-11
Trp53i11,0.08206065881780514,2.6330078459484208e-15,1.3162406221896155e-11
Rplp1,0.08203958445463126,2.6764361146453038e-15,1.3379504137111873e-11
Rpl8,0.08195022089433392,2.868558879814454e-15,1.4339925840192455e-11
Sphkap,0.0819398313235402,2.891758067581277e-15,1.4455898579838804e-11
Mest,0.08168060865174989,3.534284226183849e-15,1.766788684669306e-11
Rps6,0.08158280121598448,3.811619770831927e-15,1.90542872343888e-11
Rpsa,0.08148518393155818,4.109749452135737e-15,2.054463751122655e-11
Lsm6,0.08137283971987111,4.481336893589076e-15,2.2402203131051792e-11
Rpl9,0.08136804100629998,4.49792477920609e-15,2.2485125971251243e-11
Atp5g1,0.08099812510003217,5.976194726873911e-15,2.987499743964268e-11
mt-Co3,-0.08069126149850159,7.557570577596729e-15,3.778029531740605e-11
Sparcl1,-0.08053922081739286,8.48707188850528e-15,4.242687237063789e-11
Rgs9,0.08047516072749727,8.911585532340617e-15,4.4549016076170744e-11
Ndufs4,0.08040966740190854,9.367187255206184e-15,4.6826569088775716e-11
Id3,-0.0803052401161758,1.0141459130781344e-14,5.0697154194775936e-11
Cldn3,0.0803026858896088,1.0161165564182362e-14,5.0795666655347625e-11
Dstn,0.08027126347046709,1.0406701222155416e-14,5.202309940955493e-11
Eef1g,0.08015704082383052,1.13494174423713e-14,5.6735737794414125e-11
Nnat,0.08002610897554979,1.2533676909040946e-14,6.265585086829569e-11
Minos1,0.0798421254748093,1.4405621596977613e-14,7.201370236329109e-11
Kdm6b,0.07978807149528644,1.500607674389355e-14,7.501537764272385e-11
Tmem256,0.07961751945011558,1.7066645809698188e-14,8.531616240268124e-11
Trappc2l,0.07955928679428327,1.783204324326469e-14,8.914238417308018e-11
Hsp90ab1,0.07954994565264514,1.7957924035528346e-14,8.97716622536062e-11
Pglyrp1,-0.0795125924697373,1.8470088451027066e-14,9.23319721666843e-11
Wdr83os,0.07938046756195717,2.0399655842649748e-14,1.0197787955740609e-10
Gm5914,0.07929829401680985,2.169833315281972e-14,1.0846996743094578e-10
Sf3b6,0.07929212477230656,2.1799050156142363e-14,1.0897345173055568e-10
Ntm,-0.07920356138900944,2.3296606290438685e-14,1.1645973484590299e-10
Six1,0.07918280458071895,2.3661971134015053e-14,1.1828619369894126e-10
Cisd3,0.07917861412241031,2.373641306353756e-14,1.1865832890462426e-10
Bhlhe41,0.07917841544554764,2.373994819712829e-14,1.186760010374443e-10
Dnaja1,0.0791014199407827,2.5149675420446045e-14,1.2572322742680978e-10
Smarca5,0.07905995741753546,2.5942597724420464e-14,1.296870460243779e-10
Mt3,-0.07901464538913618,2.683726380707438e-14,1.3415948177156482e-10
Egr1,0.07890362330817036,2.9159590203547246e-14,1.4576879142753268e-10
Gm1673,0.07868065024772312,3.443651823404964e-14,1.7214815465201416e-10
Hsbp1,0.07866535990034354,3.4830971743906635e-14,1.7412002774778928e-10
Rbx1,0.07847738638193992,4.0058727544567316e-14,2.00253578995292e-10
Cst3,-0.07842327728189417,4.1701591746298343e-14,2.0846625713974543e-10
Gjb6,-0.07841826224292604,4.1857171343000984e-14,2.092439995436619e-10
Atp5g2,0.078050911712514,5.4948651637044294e-14,2.746883095335844e-10
Cox5b,0.07802328438160117,5.608200861350482e-14,2.803539610589106e-10
Tmem158,0.07791006629445288,6.097149618095584e-14,3.0479650940859826e-10
C1qtnf4,0.077756070391671,6.830030524814852e-14,3.414332259354944e-10
Slc1a3,-0.07772903337900282,6.967350114520577e-14,3.4829783222488365e-10
Uqcr10,0.07769418209498148,7.148367429228497e-14,3.5734688778713254e-10
Wdr89,0.07753527787225549,8.034042733350295e-14,4.0162179624018123e-10
Sdhaf4,0.07733695032802454,9.291887419741445e-14,4.6450145211287483e-10
Six6,0.07728193131849484,9.673867195058893e-14,4.835966210809941e-10
Nop10,0.0772785058374758,9.69815295833925e-14,4.848106663873791e-10
Slco1a4,-0.07709877274309467,1.1060052629503056e-13,5.528920309488577e-10
Gja1,-0.07699018873503344,1.1972128307265964e-13,5.984866940802255e-10
Timp3,-0.07694914885284079,1.2335762986221e-13,6.166647916811878e-10
Rab2a,0.07694644642518117,1.236008510650174e-13,6.17880654474022e-10
Ntsr2,-0.07691557798641072,1.2641269195466335e-13,6.319370470813621e-10
Rgs2,0.07690815982336402,1.2709773246720439e-13,6.353615646035548e-10
Rarres2,-0.07688848369521356,1.2893246887667738e-13,6.445334119145102e-10
0610011F06Rik,0.0767046781937011,1.4737827743842468e-13,7.36744008914685e-10
Zc3h15,0.07650952331343978,1.698015152670234e-13,8.488377748198499e-10
Rps3,0.07637846684738696,1.8670733478945573e-13,9.333499666124892e-10
Nrtn,0.07625038852378657,2.0482254452343577e-13,1.0239079000726554e-09
Nedd8,0.07614922723770925,2.2034113951069063e-13,1.1014853564139424e-09
H2afz,0.07613390904934476,2.2278955495912674e-13,1.1137249852406745e-09
Swi5,0.07599396319068244,2.4643171218753063e-13,1.2319121292254656e-09
Atp5k,0.07589470908102472,2.6467595057821346e-13,1.3231150769404892e-09
Cox6a1,0.07582142933128813,2.7899068642391274e-13,1.3946744414331399e-09
Rpl7a,0.07578827375224832,2.857146797660453e-13,1.4282876841504605e-09
Pfdn2,0.07573245255918085,2.9739655555362455e-13,1.486685381212569e-09
Cirbp,0.07572530710857055,2.9892536463644063e-13,1.4943278978175668e-09
Cisd1,0.07551022915886786,3.4873404361834775e-13,1.7433214840481205e-09
Tagln,-0.0754950402074172,3.525446019456393e-13,1.7623704651262508e-09
Tomm6,0.07540872016371855,3.749894350770552e-13,1.8745721859501987e-09
Pla2g12a,0.07529873963412435,4.056279740889352e-13,2.027734242470587e-09
Sytl4,0.07528580467805855,4.0938911613091806e-13,2.046536191538459e-09
Cox6b1,0.07526308125145266,4.1607957073828565e-13,2.07998177412069e-09
Dad1,0.07524710363380253,4.208480170366954e-13,2.10381923716644e-09
Por,0.07511827643613746,4.613076092947449e-13,2.30607673886443e-09
Smdt1,0.07507053783265538,4.772504026100589e-13,2.3857747626476846e-09
Calm2,0.07497844166634696,5.09549926414125e-13,2.547240082144211e-09
Park7,0.07494334798416079,5.224144017844776e-13,2.6115495945206034e-09
Pcbd2,0.07489373772530006,5.411457936449639e-13,2.7051878224311744e-09
Bola2,0.07479237265098902,5.814912591158877e-13,2.9068748043203228e-09
Hint1,0.07467298174833953,6.328089541254838e-13,3.1634119616732937e-09
Gm561,0.0746635055275699,6.370674678696657e-13,3.184700271880459e-09
Csrp1,-0.07464711605479277,6.444992158362732e-13,3.2218515799655297e-09
Son,0.07459572847834384,6.683566999914578e-13,3.3411151432572975e-09
1700086L19Rik,0.07458837665328616,6.718400184939267e-13,3.3585282524511395e-09
Rps12-ps3,0.07457268411026496,6.793349116553651e-13,3.39599522336517e-09
Mrpl33,0.07452225631668775,7.0397952761169e-13,3.5191936585308386e-09
1110065P20Rik,0.07441843437794461,7.575135825410163e-13,3.78681039912254e-09
Slc25a3,0.07418160298492989,8.950302638425911e-13,4.4742562889491126e-09
Klf2,-0.07409176446538732,9.53368114360279e-13,4.765887203687035e-09
Glul,-0.0740839878794168,9.58589958440548e-13,4.7919912022442995e-09
Cebpb,0.07407195328579429,9.667263520891092e-13,4.832665034093457e-09
Fos,0.0736943382957046,1.259461555741699e-12,6.296048317152753e-09
Ndufc2,0.07369134427964093,1.2620992088055882e-12,6.309233944819135e-09
Oaz1,0.07368336008683743,1.2691596067559322e-12,6.344528874172905e-09
Fxyd1,-0.07368152634218302,1.2707866454004803e-12,6.352662440357001e-09
mt-Co1,0.07365470733413022,1.2948176497700601e-12,6.47279343120053e-09
Cplx2,0.07355845267723765,1.3847941062047407e-12,6.922585736917499e-09
Zfp207,0.07353715457797072,1.405516787703718e-12,7.026178421730887e-09
Rps2,0.07353066070876615,1.4118955105809183e-12,7.058065657394011e-09
D8Ertd738e,0.07349507134879636,1.4473613715037913e-12,7.235359496147453e-09
Apod,-0.07345187698554956,1.4915813000945758e-12,7.456414919172785e-09
Tsc22d3,-0.0733982920675339,1.5482835550339655e-12,7.739869491614794e-09
Ly6a,-0.07333310024232358,1.6201243774969986e-12,8.099001763107496e-09
Ndufab1,0.07328654620323698,1.6734175834592568e-12,8.365414499712825e-09
Negr1,0.07302803960235899,2.002149717924539e-12,1.0008746439904772e-08
Rps5,0.07283987151698904,2.280479000101089e-12,1.1400114521505344e-08
Rps4x,0.07283120601190722,2.294171875691103e-12,1.1468565206579823e-08
Chd3,0.072764021110422,2.403106008868018e-12,1.2013126938331221e-08
Hmgn1,0.07275525278524608,2.417692054684451e-12,1.208604258136757e-08
Trappc1,0.07269084393836174,2.527529524066416e-12,1.2635120090808014e-08
Mthfsl,0.07263266693422009,2.6309360483606462e-12,1.3152049305754871e-08
Ramp2,-0.07244712490760749,2.989218882042995e-12,1.494310519133293e-08
Zdbf2,0.07230585531354977,3.2936861640237423e-12,1.6465137133954687e-08
Hsp90b1,0.07209132993008818,3.815026299961494e-12,1.907131647350751e-08
Atp6v1g1,0.07204036108108783,3.950319582301158e-12,1.974764759192349e-08
Dpm3,0.07194325993965886,4.221206972384526e-12,2.1101813654950246e-08
Ptn,-0.07192495551331332,4.274273441477245e-12,2.1367092933944746e-08
Snhg20,0.07191816318438901,4.294131006244617e-12,2.1466360900216843e-08
Srrm2,0.07190033738491693,4.346676297025169e-12,2.172903480882882e-08
mt-Cytb,-0.07188416525309693,4.394891966014075e-12,2.197006493810436e-08
Cacna2d1,0.07181942051898103,4.5932277410146384e-12,2.2961545477332177e-08
Cd164,0.0716184311462815,5.26647954658833e-12,2.632713125339506e-08
Fkbp3,0.07160636526523802,5.309838653227948e-12,2.6543883427486512e-08
Pdcd5,0.07146402939402445,5.848492576556774e-12,2.9236614390207315e-08
Hspa8,0.07123234641335184,6.841854218188331e-12,3.4202429236723466e-08
mt-Nd2,-0.07110781705292561,7.4422582065943e-12,3.720384877476491e-08
Rps16,0.07104770652870117,7.750255977428496e-12,3.874352963116505e-08
B4galt1,0.07104162205565503,7.782119271840292e-12,3.890281423992962e-08
Hspa5,0.07096478104244403,8.195736608479122e-12,4.0970487305787135e-08
Prdx5,0.07077710033015483,9.298645697245868e-12,4.64839298405321e-08
Smim22,0.07074036010596246,9.530967932017192e-12,4.764530869215394e-08
Cldn5,-0.07070898419981496,9.733863250941841e-12,4.865958239145826e-08
Ppm1l,0.07069297960794026,9.838981890159036e-12,4.918507046890502e-08
Tmsb10,0.07060092094650697,1.0465571495657308e-11,5.2317391906790884e-08
Htra1,-0.0705363219855932,1.0928426575967045e-11,5.463120445325926e-08
Tceb2,0.07049239826093885,1.125453229215627e-11,5.6261406928489194e-08
Ranbp1,0.07048255743830703,1.1328890675724385e-11,5.66331244879462e-08
S1pr1,-0.07048105746832015,1.1340266800294047e-11,5.668999373466994e-08
Fam174a,0.0704112056617856,1.1882614486385797e-11,5.94011898174426e-08
Nap1l5,0.07038368465882477,1.2103200577343705e-11,6.050389968614118e-08
Bsg,0.07034514478503742,1.2418858778067966e-11,6.208187503156177e-08
2410015M20Rik,0.07027885742159638,1.2980742683949004e-11,6.489073267706107e-08
Cox20,0.06998018241568407,1.5836986439248533e-11,7.916909520980342e-08
Hn1,0.06998004474878132,1.5838435272215742e-11,7.91763379258065e-08
Stmn1,0.06992734309941338,1.640271930720494e-11,8.19971938167175e-08
Atp6v0e,0.06983345976523157,1.7457102655471086e-11,8.726805617469995e-08
2210013O21Rik,0.0698233555247991,1.7574460978153776e-11,8.785473042979073e-08
Myl9,-0.06971998373543198,1.882035718952667e-11,9.408296559044383e-08
Rpl6l,0.0696166580473087,2.015198085319473e-11,1.0073975228512046e-07
Aldoc,-0.06961366695688216,2.019187151297033e-11,1.0093916569333868e-07
Edf1,0.06940151221561006,2.3227439894631283e-11,1.1611397203326179e-07
H3f3b,0.06923696810274513,2.588524332948734e-11,1.294003314041072e-07
Fosl2,0.06921717537061947,2.6224344030775165e-11,1.3109549580984504e-07
Arl3,0.06916038186001632,2.7221681956986433e-11,1.3608118810297518e-07
Acta2,-0.06900643727899154,3.0115484296344523e-11,1.5054730599742627e-07
Rit2,0.06893994320588459,3.1456592211152784e-11,1.5725150446355277e-07
Ldhb,-0.0687844458205988,3.4825043557780546e-11,1.7409039274534496e-07
2310036O22Rik,0.06876121923338466,3.535757938588172e-11,1.7675253935002272e-07
Gabarapl2,0.06874832987406528,3.5656533939218625e-11,1.782470131621539e-07
Rpl15,0.06838105637938614,4.529523818893219e-11,2.2643089570647203e-07
Dnajb6,0.06832019847414557,4.712150601798458e-11,2.355604085839049e-07
Nelfcd,0.06828066008701325,4.834639599866681e-11,2.416836335973354e-07
Rps10,0.06823190666185727,4.98997024281555e-11,2.4944861243834934e-07
Rpl10a,0.06821884871962375,5.0323955480742466e-11,2.5156945344823157e-07
R3hdm1,0.06819736287558865,5.102972207711546e-11,2.550975806635002e-07
Rheb,0.06812864868807166,5.3352455375205905e-11,2.667089244206543e-07
Pdap1,0.06812668520947919,5.342032368793491e-11,2.6704819811598663e-07
Cldn10,-0.0680411131551991,5.64616129819796e-11,2.82251603296916e-07
Mgp,-0.06802995277852358,5.687053637731414e-11,2.8429581135019335e-07
Serf2,0.0680280078589439,5.6942095245118076e-11,2.8465353413034525e-07
Slc2a1,-0.06801326774935344,5.748729404685104e-11,2.8737898294020835e-07
C1qa,-0.06788957770981492,6.226798622507868e-11,3.112776631391683e-07
Dner,0.06786961266549013,6.307524579430431e-11,3.153131537257272e-07
H2-Q2,0.06776330138357937,6.754919572136721e-11,3.376784294111147e-07
Rps27l,0.06772835762259719,6.908641165060475e-11,3.4536297184137317e-07
Nkain4,-0.06769116204382145,7.076027032401733e-11,3.537305913497626e-07
Rrbp1,0.06767122297673285,7.16738189653294e-11,3.582974210076816e-07
Ndufa4,0.06766754181083,7.184373556011732e-11,3.591468340650265e-07
Srgn,-0.06744495676194096,8.288370385680054e-11,4.143356355801459e-07
Gng2,0.06738486389314095,8.613814268858283e-11,4.3060457530022556e-07
Ifi27l2a,0.06717605220015732,9.844745586652492e-11,4.92138831876758e-07
Snrpg,0.06711785198907183,1.0217433662819415e-10,5.107695088043426e-07
Npm1,0.06709005324642077,1.0400276628006543e-10,5.199098286340471e-07
Ddit4,0.067082540411637,1.0450237895490108e-10,5.224073923955505e-07
Id2,0.06706214715356948,1.0587041161779789e-10,5.292461876773716e-07
Mt2,0.06692019910314163,1.1588966823284664e-10,5.793324514960003e-07
Flt1,-0.0668910826865739,1.1805649431960675e-10,5.901644151037142e-07
Prune2,0.06674475040769476,1.295602547262508e-10,6.476717133765277e-07
Pdcd11,0.06656597905676803,1.451074562914994e-10,7.253921740012056e-07
Mdm1,0.06646982294032404,1.5420909327714724e-10,7.70891257292459e-07
Msx1,0.06623540043396181,1.7879955376011616e-10,8.938189692468206e-07
C1qc,-0.06619239675813825,1.8370889700971137e-10,9.183607761515471e-07
Uqcrb,0.06616550145462549,1.8684596287120277e-10,9.340429683931426e-07
Rbm8a,0.06614092098506637,1.8975875413650927e-10,9.486040119284099e-07
Anp32b,0.06613950991487984,1.8992730579520954e-10,9.494466016702524e-07
Btf3,0.0660383521868557,2.023992831312037e-10,1.0117940163728873e-06
Tpm2,-0.06598035244069508,2.0990735866786068e-10,1.0493268859806355e-06
Gamt,0.0659703693665,2.1122682365332515e-10,1.0559228914429724e-06
Smco4,0.06595697244159006,2.1301023470884096e-10,1.0648381633094959e-06
Hspa4l,0.06570237797389918,2.4983634741118826e-10,1.24893190070853e-06
Metap2,0.06557344358463749,2.707883934807753e-10,1.3536711790103959e-06
Dusp1,0.06540044976253269,3.0161428599352934e-10,1.5077698156816532e-06
St13,0.06538510242984343,3.045089097024904e-10,1.5222400396027496e-06
Ubb,0.06537860688135948,3.057421721655729e-10,1.5284051186556988e-06
Dnase2a,0.06529413818198676,3.222305261102369e-10,1.6108304000250743e-06
Serinc3,-0.06527348783904653,3.263917110237183e-10,1.6316321634075678e-06
Ndufb8,0.0651987330110119,3.418985947805502e-10,1.7091510753079703e-06
Tmem176b,0.06491128757640884,4.085092288622453e-10,2.042137635082364e-06
Atp6v1e1,0.06481225858010616,4.3426838054944005e-10,2.1709076343666507e-06
Atp1b2,-0.06475077800195266,4.510510016673421e-10,2.254803957335043e-06
Vtn,-0.06453435674564166,5.153163939338167e-10,2.5760666532751496e-06
Eef1b2,0.06439994959400645,5.596371072213266e-10,2.797625898999412e-06
Rpl5,0.06435810444182058,5.741794233293468e-10,2.870322937223405e-06
Cspp1,0.06435073500892002,5.76778400703068e-10,2.883315225114637e-06
Caly,0.06425465818885642,6.117302053149762e-10,3.058039296369566e-06
1810037I17Rik,0.06416543030673891,6.460357522158578e-10,3.229532725327073e-06
Cadps2,0.06415861448476734,6.487320552900045e-10,3.2430115443947327e-06
Tmem258,0.06384094586471666,7.87343652541843e-10,3.935930919056673e-06
Tceal8,0.0638001050083702,8.071371736535056e-10,4.034878731093874e-06
Rpl29,0.06378065683868583,8.167324810946044e-10,4.082845672991927e-06
Rgcc,-0.0637762512231441,8.189215215413273e-10,4.093788686185095e-06
mt-Nd3,-0.06365278924898207,8.82647586974712e-10,4.4123552872865856e-06
Anp32e,0.0635868341464807,9.186467167412014e-10,4.592314936989266e-06
Prpf38b,0.06354361362399158,9.430092966191356e-10,4.714103473799059e-06
Fundc2,0.06349657386141469,9.702406881886886e-10,4.850233200255254e-06
Hmgn2,0.06349123618551535,9.733786911042278e-10,4.8659200768300345e-06
Eif5b,0.06340848060540885,1.0233153012085716e-09,5.115553190741649e-06
Bhlhe40,0.06329628525208365,1.0950226638521837e-09,5.474018296597067e-06
Mpc2,0.06328146578781292,1.1048530162423273e-09,5.5231602281953945e-06
Usp50,0.06323163205113286,1.1385449084202532e-09,5.6915859971928455e-06
Gstm1,-0.06317297992990652,1.1794830211957964e-09,5.896235622957786e-06
Calr,0.06315798991659435,1.1901738692447474e-09,5.949679172354492e-06
Hagh,0.0631548644400256,1.1924148236697649e-09,5.960881703525155e-06
Nhp2l1,0.06303379620380081,1.282457633088907e-09,6.411005707811446e-06
Aurkaip1,0.06278479407854547,1.4889640609139817e-09,7.443331340508995e-06
N4bp2l2,0.06275257419369197,1.5179463182951591e-09,7.5882136451575006e-06
Rpl12,0.06271553513494911,1.5519429722770391e-09,7.75816291841292e-06
Mrpl57,0.06269580810437429,1.570351254205075e-09,7.85018591977117e-06
Rnaset2a,0.06266346111706389,1.600997270284133e-09,8.003385354150382e-06
Cpe,0.06262802394219184,1.6352399433548247e-09,8.174564476830768e-06
Cflar,0.0626280105312203,1.6352530363803424e-09,8.174629928865331e-06
Kcnk2,0.06246400664422922,1.8032487827439112e-09,9.014440664936812e-06
Mrpl20,0.06242764671654322,1.84271005110568e-09,9.211707545477295e-06
Drap1,0.062409178492463586,1.8630744365527854e-09,9.313509108327373e-06
Psmg4,0.062358756678425595,1.919795965435907e-09,9.597060031214098e-06
Phactr2,0.0623220994866343,1.9620856221838215e-09,9.808466025296923e-06
Prdx1,0.062316242417520235,1.968926189808958e-09,9.842662022854981e-06
Mrpl54,0.06230300689926946,1.9844698444981974e-09,9.92036475264649e-06
Vim,-0.06222389624366163,2.079899606714586e-09,1.0397418133966217e-05
Ifrd1,0.06213565657758207,2.1916174879971907e-09,1.0955895822497956e-05
Atp5j,0.06207833074327609,2.2673054705005443e-09,1.133426004703222e-05
Heg1,0.06204006968857767,2.319232236915744e-09,1.1593841952341804e-05
Srpk1,0.06193466804111095,2.4683428443530305e-09,1.23392458789208e-05
Klf13,0.06185376129371288,2.589094483280209e-09,1.2942883321917765e-05
Ptms,0.061673317181770826,2.8794901506728266e-09,1.439457126321346e-05
Tgoln1,0.061643177619705614,2.9309903881615794e-09,1.4652020950419735e-05
Paip1,0.0616244859343715,2.963378702039657e-09,1.4813930131496247e-05
Timm17b,0.061613508125256754,2.9825628108062827e-09,1.4909831491220607e-05
Selm,0.06155741087097711,3.0824978777878003e-09,1.5409406891061213e-05
Cox7b,0.06150198705969767,3.1844313276051023e-09,1.5918972206697907e-05
Ndufb10,0.06148206134445145,3.2218739123614683e-09,1.610614768789498e-05
Gm26917,0.06142747280526901,3.326660523133491e-09,1.662997595514432e-05
Pin4,0.0614099936329949,3.360908808880224e-09,1.680118313559224e-05
Ube2w,0.06138881990323536,3.402856007055821e-09,1.701087717927205e-05
Avp,-0.061319990865121694,3.5427637924003127e-09,1.7710276198209162e-05
Lsm4,0.06129114391559632,3.6030514418045297e-09,1.8011654157580844e-05
Tmem176a,0.06123404924022038,3.72533247773471e-09,1.8622937056195817e-05
Ckb,-0.06117380545488177,3.858735962224397e-09,1.928982107515976e-05
Srp14,0.0610573373397232,4.129950359024121e-09,2.0645621844761583e-05
Dynlt1f,0.061042540297836345,4.165708423054642e-09,2.0824376406850153e-05
Ndrg2,-0.06103391673568166,4.186686613856669e-09,2.0929246382669487e-05
Cox7a2l,0.06099709078393051,4.277434339044599e-09,2.1382894260883947e-05
Ndufa13,0.06097990798708843,4.320428893039636e-09,2.159782403630514e-05
S100b,-0.06093270066860085,4.4407264462146366e-09,2.2199191504626968e-05
Itih5,-0.06084344908938145,4.67713312289084e-09,2.338098848133131e-05
Sod1,0.060833264445741324,4.704875871337857e-09,2.3519674480817944e-05
Mrps12,0.060765872696554056,4.89252619934199e-09,2.445773847051061e-05
Nmt1,0.060758453679363215,4.913623796177718e-09,2.456320535709241e-05
Eef1a1,0.06073875131583111,4.970082319153434e-09,2.4845441513448015e-05
Fam204a,0.060703997505280945,5.071214063892745e-09,2.5350999105399832e-05
Slc24a5,0.060642268997589725,5.255798148793689e-09,2.627373494581965e-05
Pak3,0.06062972297650981,5.294105178198207e-09,2.6465231785812838e-05
Cyba,-0.0605831378582528,5.4387354000627375e-09,2.7188238264913626e-05
Mmd2,-0.06047751292286225,5.78104411546484e-09,2.8899439533208738e-05
Msi2,0.06040676751299152,6.0219385229839705e-09,3.0103670676396868e-05
Cxxc5,0.060306564733225036,6.379915917471007e-09,3.189319967143756e-05
Fkbp2,0.06027495164029231,6.497088626902463e-09,3.247894604588541e-05
Ppig,0.060261977121075706,6.545781526680824e-09,3.272236185187744e-05
Deb1,0.06024618564577575,6.6055253264254235e-09,3.302102110680069e-05
Pfdn1,0.0602058034457491,6.7607250252206386e-09,3.379686440107797e-05
Mrps11,0.060044780417390295,7.415601347676745e-09,3.707059113703605e-05
Pcdh17,0.0596023484926137,9.548689108283936e-09,4.7733896852311395e-05
Fcer1g,-0.059590665243907374,9.612418254368862e-09,4.8052478853589945e-05
Tbca,0.059504847409040156,1.009337009209374e-08,5.045675709037661e-05
Cwc25,0.059484953728392215,1.0208155807850534e-08,5.103057088344482e-05
Gpr37l1,-0.059445796599620446,1.0437808294430451e-08,5.217860366385783e-05
Rpl28,0.05934470294133609,1.1054169919702867e-08,5.5259795428594635e-05
2700094K13Rik,0.05925321985724445,1.1642315373633536e-08,5.819993455279405e-05
Nmb,0.05913724673269544,1.2431736207591998e-08,6.21462493017524e-05
Erh,0.05912682413161992,1.2505176290738716e-08,6.251337627740283e-05
Rsrc2,0.059051937415792705,1.3045379770441135e-08,6.521385347243524e-05
Rab25,0.05899479889981495,1.3472734351133778e-08,6.735019902131776e-05
2510002D24Rik,0.0589384054202323,1.3907836315591691e-08,6.952527374164286e-05
Golgb1,0.0588614419200821,1.4523730002067237e-08,7.260412628033412e-05
Polr2g,0.05878206785006549,1.5186638089360652e-08,7.59180038087139e-05
Vamp8,0.05873039216053472,1.5633912325724986e-08,7.81539277162992e-05
Ccdc153,-0.05871424481478588,1.5776278783767753e-08,7.8865617640055e-05
Anapc11,0.05856276440558661,1.7174613097617353e-08,8.585589087498915e-05
Tra2b,0.05856161109120863,1.7185707775573448e-08,8.591135317009167e-05
Zbtb20,0.05841647592981989,1.863885046368952e-08,9.31756134679839e-05
Cisd2,0.0582959910556862,1.993518645319188e-08,9.96559970795062e-05
Znhit1,0.05825217678373387,2.0427963498076232e-08,0.00010211938952688308
Anxa3,-0.058224390906044275,2.074657516395787e-08,0.00010371212924462539
Gsn,-0.05817469172837983,2.1328529965742412e-08,0.00010662132129874631
Comt,0.05814468354119028,2.1687551139504137e-08,0.00010841606814638118
Stx4a,0.058122827283311966,2.1952726567193243e-08,0.00010974168010939902
Bola3,0.05811604910376922,2.2035601573706825e-08,0.00011015597226696041
Dctn3,0.05811438835180048,2.2055953416313366e-08,0.00011025771112815052
Ndufa3,0.05802119250216689,2.322773799350367e-08,0.00011611546222952485
Tm4sf1,-0.05791799893948665,2.4595726726110447e-08,0.00012295403790382612
Ube2i,0.05779734229563574,2.6294492742507217e-08,0.00013144616921979357
Tmem91,0.0576707506874697,2.8199074557063543e-08,0.00014096717371076065
Vkorc1,0.05764717035444595,2.856833447615674e-08,0.00014281310404630756
Il6ra,0.057583683252765694,2.9585989959105267e-08,0.00014790036380556723
Gm9828,0.05755038291328794,3.013374351443895e-08,0.00015063858382868028
Ralbp1,0.05748765201262301,3.1192438576051324e-08,0.00015593100044168057
Pomp,0.05742097233477051,3.2357318002818236e-08,0.00016175423269608837
Rbm25,0.05733359934672914,3.394772887547187e-08,0.0001697046966484839
Tmem167,0.05733101480722789,3.399591004484932e-08,0.00016994555431420176
Cadm1,0.05727738692854669,3.501074043731597e-08,0.00017501869144614254
Ctla2a,-0.05718112208280104,3.690659146114804e-08,0.00018449605071427905
Eif3c,0.05716857448152806,3.716092179870336e-08,0.0001857674480717181
Tmbim1,0.057158561691075194,3.736509182607959e-08,0.0001867880940385719
Epha5,0.05710611482924755,3.8452428600051815e-08,0.000192223690571659
Ndufs8,0.05705890228019663,3.945743982506483e-08,0.00019724774168549907
Scand1,0.05702716710775219,4.0147248401303897e-08,0.00020069609475811817
Tmc4,0.05700039558747154,4.073824431149213e-08,0.00020365048331314915
Cuta,0.05695385901525253,4.178569726823892e-08,0.00020888670064392635
Id1,-0.05690703191218283,4.2866024291156884e-08,0.00021428725543149328
Gpcpd1,0.056846654713012645,4.429898274936171e-08,0.0002214506147640592
Jakmip1,0.0568404842392695,4.444801775195012e-08,0.00022219564074199867
C1qb,-0.056753793078053706,4.65939492808453e-08,0.00023292315245494567
Ubqln2,0.056705933879402357,4.782131738468591e-08,0.00023905876560604487
Tpd52,0.05669733365612552,4.8045170114481366e-08,0.00024017780540229236
Gnptg,0.056653018569765845,4.921482932780667e-08,0.00024602493180970553
Sumo1,0.056630212088320676,4.9827495716784786e-08,0.00024908765108820716
Ptpn1,0.05657810363452322,5.1255186410107814e-08,0.000256224676864129
Gpatch8,0.05656652246871755,5.157783501765421e-08,0.0002578375972532534
Per3,0.05655286564310463,5.196084040041598e-08,0.00025975224116167947
Ctsh,-0.056529729143734435,5.261600139981433e-08,0.00026302739099767184
St3gal5,0.05649258867856378,5.368448781981687e-08,0.00026836875461126454
Celf3,0.05647149186907832,5.430074969292058e-08,0.00027144944771490995
Apoa1bp,0.05643743943054591,5.5309948461944823e-08,0.00027649443236126215
Pop5,0.05642293627970522,5.574526971584289e-08,0.0002786706033094986
Ucp2,0.05639637692356794,5.655108728021419e-08,0.0002826988853137907
Nfix,0.05638695515807502,5.6839648928212563e-08,0.0002841414049921346
Snrpd1,0.05638359123922822,5.694302131192615e-08,0.0002846581635383188
Mt1,0.056365711164423606,5.749553597410853e-08,0.00028742018433456853
Ost4,0.05634333092112987,5.819443384164082e-08,0.0002909139747743625
Pold4,0.05623888478616077,6.156643454569164e-08,0.0003077706062939125
Lman1,0.056162847676621365,6.413952946261561e-08,0.0003206335077836154
S100a6,-0.056117306037924336,6.573021629573397e-08,0.0003285853512623741
Serbp1,0.056116673241904655,6.575258563941114e-08,0.0003286971756114163
Tmem238,0.056093987692875526,6.655940853038128e-08,0.00033273048324337603
Slc4a4,-0.05609095812029671,6.666787993489501e-08,0.00033327273179454013
Set,0.05597916113434938,7.079262628632303e-08,0.00035389233880532886
Pard6a,0.05597783485564563,7.08430124860835e-08,0.0003541442194179314
Dynlt1c,0.05597373686534015,7.099891737706806e-08,0.00035492358796796326
Ran,0.05593410144521787,7.252406632378235e-08,0.00036254780755258796
H2-Ke6,0.05589033693051189,7.424495888885605e-08,0.00037115054948539143
Eif4a2,0.055850665158728226,7.583903810846244e-08,0.0003791193515042037
Synrg,0.05578673707846949,7.847774660296688e-08,0.0003923102552682314
Baz2b,0.05577041085492759,7.916575280347112e-08,0.00039574959826455214
Mif,0.05573771049479749,8.056139095820334e-08,0.00040272639340005847
Nktr,0.055726555456835594,8.104291017845052e-08,0.0004051335079820741
Bmyc,0.05569994020251414,8.220306902190706e-08,0.0004109331420405134
Dgkz,0.05568547052439585,8.284053277248088e-08,0.0004141198233296319
Agpat4,0.05567000742680112,8.352705148524662e-08,0.0004175517303747479
Tmed3,0.055605465882743926,8.64524655722053e-08,0.0004321758753954543
Btf3l4,0.05554678620171447,8.919808875390204e-08,0.0004459012456807563
Aplp1,0.05549496359177396,9.169290805799376e-08,0.0004583728473819108
Arpc5l,0.05546641650687945,9.309592238952436e-08,0.0004653865160252323
Rps11,0.055415141069643195,9.566832897584608e-08,0.0004782459765502546
Prkar1a,0.05536947209383697,9.801728820694374e-08,0.0004899884237465117
Spcs1,0.055326476657424996,1.0027968577946894e-07,0.0005012981492115653
Ttc19,0.05529502723300433,1.0196645608658364e-07,0.0005097303139768316
Srrm1,0.05528620104388328,1.0244475643457138e-07,0.0005121213374164223
Iscu,0.055280505020443654,1.0275458183108899e-07,0.0005136701545736139
Plagl1,0.05522500845683627,1.0582106598920525e-07,0.000528999508880037
Zfhx4,0.05519635562952309,1.0743876526559746e-07,0.0005370863875627217
Rgag4,0.0551479990387886,1.1022333422974534e-07,0.0005510064478144969
Pcp4l1,-0.055143030371340516,1.1051337497427441e-07,0.0005524563614963978
Slc6a11,-0.055055449593277545,1.1574869505407066e-07,0.0005786277265752992
Atp5h,0.054948757638554065,1.2245116091680606e-07,0.0006121333534231134
Krt10,0.05491231532601309,1.248253611676863e-07,0.0006240019804772638
Tceb1,0.05488656655784189,1.2652966472675674e-07,0.0006325217939690569
Snrnp27,0.05486182579654489,1.2818844029989272e-07,0.0006408140130591637
Uba52,0.054857776820892816,1.2846190427816138e-07,0.0006421810594865288
Maged1,0.05484231937410254,1.2951108413197976e-07,0.0006474259095757669
Chchd1,0.05484067804787951,1.2962297529344703e-07,0.0006479852534919417
Fam46a,0.05482170550214287,1.3092316268407714e-07,0.0006544848902577016
2310039H08Rik,0.05480083233248476,1.3236817269838046e-07,0.000661708495319204
Tyrobp,-0.054799977081031875,1.3242770792083754e-07,0.0006620061118962669
Ndufs6,0.05476838714458199,1.3464496340137238e-07,0.0006730901720434605
Mdh1,0.054754493887749486,1.3563144162225107e-07,0.0006780215766696331
Parm1,0.05472771931080673,1.3755229951217098e-07,0.0006876239452613427
Srp9,0.05470129222288175,1.3947401448776302e-07,0.0006972305984243273
Tmem47,-0.05460304755232007,1.4684841134196843e-07,0.0007340952082985002
Ahi1,0.054580427110993694,1.4859898652215552e-07,0.0007428463336242554
Snrpd2,0.054558064136682204,1.5034946424000277e-07,0.0007515969717357739
Rpl18,0.05445391462979436,1.5876794130597179e-07,0.000793680938588553
Rmst,0.05434265487260453,1.682642801721346e-07,0.0008411531365805009
Dynlrb2,-0.05431835778600124,1.7040998220906696e-07,0.0008518795010631257
Eif5a,0.05431338153138083,1.708526924656103e-07,0.0008540926096355859
0610009B22Rik,0.0542381648581533,1.776812590575476e-07,0.0008882286140286805
Stmn3,0.05420428150441104,1.8084286349305413e-07,0.0009040334746017775
Ksr2,0.054189466461410214,1.8224225508787556e-07,0.0009110290331842899
Grcc10,0.054105027434165794,1.9042019648004775e-07,0.0009519105622037587
Hibadh,0.05404253531045026,1.9669979227104066e-07,0.0009833022615629323
Eif3j1,0.05394733497677968,2.066523845399945e-07,0.0010330552703154325
Socs2,0.0539438984826645,2.0702059835258557e-07,0.0010348959711645753
Ctss,-0.053862565841244124,2.1592261725980796e-07,0.00107939716368178
Lmo1,0.053854744010304594,2.1679796881629724e-07,0.00108377304611267
Etfb,0.05384365270807723,2.1804509142033666e-07,0.001090007412010263
Map2,0.05384235557981989,2.1819139436685058e-07,0.001090738780439886
Kdelr2,0.053838556623578566,2.1862042405712092e-07,0.0010928834998615476
Atp1a2,-0.053811914583281675,2.2165218813420686e-07,0.0011080392884829
Mier1,0.05377254218921163,2.2620710600126822e-07,0.00113080932290034
4930447C04Rik,0.05375083303515264,2.2875713640537986e-07,0.0011435569248904938
Ccdc167,0.0536854084818056,2.366112001730125e-07,0.0011828193896648894
2300009A05Rik,0.05364836404000439,2.4117313923647263e-07,0.0012056245230431268
Atp1a3,-0.053638124641964345,2.424490111542633e-07,0.0012120026067601623
Gm9843,0.05363708279686568,2.4257919425208117e-07,0.0012126533920661538
Pdia3,0.05358840273839542,2.487378369322291e-07,0.0012434404468242132
Cltb,0.053451192963630656,2.669202733695601e-07,0.001334334446574431
Srsf7,0.05336766074701401,2.786111892829276e-07,0.001392777335225355
Wnk1,0.05327197088270871,2.926115517394356e-07,0.0014627651471454386
Serpine2,-0.053265089707755536,2.9364410091771586e-07,0.0014679268604876616
Chchd7,0.05321476376901711,3.0130339232153297e-07,0.0015062156582153433
Psma7,0.053203951877174145,3.029738836629331e-07,0.0015145664444310026
Sec62,0.053181841735961126,3.0641789394884196e-07,0.001531783051850261
Gnb2l1,0.05316905543390597,3.084267820502978e-07,0.0015418254834694387
P3h4,0.05300555830297871,3.352618948873468e-07,0.0016759742125418465
Rexo2,0.05300060219443859,3.3610955964728537e-07,0.0016802116886767795
Srsf3,0.05297267054599847,3.4092564811466546e-07,0.0017042873149252127
Psma2,0.052897316648147584,3.542530263806277e-07,0.001770910878876758
Dnajc19,0.05284314573413612,3.6414308000505613e-07,0.0018203512569452756
Gm11808,0.05274797329748791,3.8216767098664394e-07,0.0019104561872622331
Polr2k,0.052731982143956836,3.852794945856263e-07,0.0019260121934335458
Cope,0.05269094055975282,3.933783465939791e-07,0.0019664983546233013
Ifitm3,-0.05268559611084976,3.944449924646471e-07,0.001971830517330771
Aldoa,0.052680505196524674,3.954636324988132e-07,0.0019769226988615675
Nrsn2,-0.05266852127993097,3.9787152085744744e-07,0.00198895973276638
Tsc22d1,-0.05266602123078433,3.983756275659338e-07,0.001991479762202103
Sox4,0.05266478737849753,3.9862464701106307e-07,0.001992724610408304
Hnrnpa2b1,0.05263265203575211,4.0516343510877235e-07,0.002025412012108753
Mast4,0.05259718188753143,4.125009112881977e-07,0.0020620920555297004
Vdac1,0.05259577077150645,4.127954551101442e-07,0.0020635644800956108
E230001N04Rik,0.052567464037899164,4.1874698708284135e-07,0.0020933161884271237
Mrpl23,0.05252399412522105,4.280480609230345e-07,0.0021398122565542493
Aes,0.05246785069267916,4.4035608757851106e-07,0.002201340081804977
Ptbp3,0.052377217228334494,4.6094866800656566e-07,0.0023042823913648216
Anxa7,0.052361285824841286,4.646630965681535e-07,0.002322850819744199
Tmx4,0.052318203666811364,4.7485291036735873e-07,0.002373789698926426
Erlec1,0.05229454125555535,4.805408882020317e-07,0.0024022239001219568
Ssr4,0.05222423509975866,4.978313877719925e-07,0.0024886591074721903
Cebpzos,0.05217267789541927,5.108905804209018e-07,0.002553942011524088
Phpt1,0.052124912904219785,5.232835222193915e-07,0.002615894327574738
Sar1a,0.05209491919904295,5.312131916366808e-07,0.0026555347449917673
Pcbd1,0.05208374020983421,5.341982006956646e-07,0.0026704568052776274
Trmt112,0.05190678961262076,5.836571130982475e-07,0.0029177019083781396
Copz2,0.0518535370989858,5.993861846281076e-07,0.00299633153695591
Bet1l,0.05184830987705026,6.009519715353353e-07,0.0030041589057051414
Sag,0.05180469044045648,6.141725423527038e-07,0.0030702485392211662
Slc6a1,-0.051712110079637885,6.431677265163866e-07,0.003215195464855417
Dbi,-0.051701744017805064,6.464952045007461e-07,0.0032318295272992298
Dda1,0.05168102366010606,6.531961703394481e-07,0.0032653276555269007
Tmem212,-0.05167482612223798,6.552134232004242e-07,0.0032754119025789202
Npepps,0.05166021250201907,6.599938416809475e-07,0.0032993092145630564
Rpl23a-ps3,0.051625617503356265,6.714449034153194e-07,0.0033565530721731815
1810043H04Rik,0.05160479934741823,6.784277862067625e-07,0.0033914605032476057
Prrc2c,0.051596814867478406,6.811244820955485e-07,0.0034049412859956467
Ufc1,0.05150586656482896,7.125795877917593e-07,0.003562185359371005
Hspb1,0.05146920991747735,7.256492592283314e-07,0.003627520646882429
RP23-218K15.3,0.051385480160110894,7.563743209875642e-07,0.003781115230616833
Dync1i2,0.051377152640515046,7.594977630955745e-07,0.003796729317714777
Psmb1,0.051209630888575296,8.250343510586658e-07,0.00412434672094227
Irak1,0.051171725786385486,8.406015173157528e-07,0.0042021669850614484
Ubr4,0.05115924657627869,8.457881805757844e-07,0.004228095114698347
Rap1b,0.05110261056258492,8.697172819911689e-07,0.004347716692673853
Ncl,0.05108645259583044,8.766627826946761e-07,0.0043824372506906855
Arc,0.0510204417750717,9.055963048662598e-07,0.004527075928026433
Egfl7,-0.050994963631894576,9.170078305080133e-07,0.004584122144709558
1110038F14Rik,0.050962788316672045,9.316168851848956e-07,0.004657152809039293
Meig1,-0.05095400267072809,9.356447468390347e-07,0.004677288089448335
Nfat5,0.050948573658327986,9.381421027952827e-07,0.004689772371873619
Ncor1,0.05094231328195522,9.410298535618711e-07,0.004704208237955794
Fgd2,0.050930947790898476,9.462943446226449e-07,0.0047305254287686015
Sult1a1,-0.050918056794073276,9.522997628284812e-07,0.004760546514379577
Tspo,0.05085784080429781,9.808413581133649e-07,0.004903225949208711
Sept2,0.05084178812103073,9.885880406674376e-07,0.00494195161529652
Aga,0.05080844553843148,1.004867077184708e-06,0.005023330518846355
Nrxn1,0.05079009288435512,1.01393726484468e-06,0.005068672386958555
Polr2i,0.05076827137979217,1.024824372279827e-06,0.005123097037026856
Mtch1,0.05067169573840794,1.0743730544049547e-06,0.005370790898970369
Gnl3,0.05065281023666572,1.0843281988214114e-06,0.005420556665908236
Lrp1b,0.05062972957973293,1.0966152992692994e-06,0.005481979881047228
Pdia6,0.05059856823395143,1.1134168913800097e-06,0.0055659710400086685
Ndufa12,0.050583577996347474,1.1215873013650932e-06,0.005606814919524101
Rpl7,0.05056407324976101,1.132304732367666e-06,0.005660391357105963
Zcrb1,0.050501715908153354,1.1672337905626268e-06,0.005835001719022572
Eif4g2,0.05044905093976665,1.1975390106639748e-06,0.00598649751430921
Tsg101,0.050421094695043224,1.2139320717372345e-06,0.0060684464266144355
H2afy,0.050384258827303685,1.2358618414735707e-06,0.00617807334552638
Fdx1,0.05037564361008418,1.2410455151568774e-06,0.00620398653026923
Tiparp,0.050356570794008466,1.2525959023612935e-06,0.0062617269159041065
Pofut2,0.050352157867028915,1.2552830368214375e-06,0.006275159901070366
Wdr43,0.05032793492764418,1.2701319790216866e-06,0.006349389763129411
Fxyd5,-0.050275210965371936,1.3030386399780475e-06,0.006513890161250259
Atp5a1,0.05027419207290787,1.3036825676957811e-06,0.006517109155911209
Tmed4,0.05024040661473427,1.3252087272399655e-06,0.006624718427472588
Ttyh1,-0.050173126395898,1.3690983690545092e-06,0.0068441227469034915
Mettl1,0.0501722232087969,1.3696969569117435e-06,0.006847115087601806
Tpt1,0.0501604774383356,1.3775044272253178e-06,0.006886144631699363
Psenen,0.05015823277501813,1.3790013281224731e-06,0.006893627639284243
Ppa1,0.05013032720639656,1.3977418262560232e-06,0.00698731138945386
Lsm5,0.05008595582449378,1.428045459687406e-06,0.0071387992529773426
Gpm6a,-0.05005108527930157,1.4523027238001531e-06,0.0072600613162769655
Mtdh,0.050011254654448285,1.4804951091085147e-06,0.007400995050433465
Ube2k,0.04996591059326565,1.5132303842062257e-06,0.007564638690646922
Sf3b5,0.04991764212689798,1.548841095397937e-06,0.0077426566358942866
Scd2,-0.04990464291514777,1.5585682747465754e-06,0.00779128280545813
Ppp1ca,0.049862460663318224,1.5905389024568247e-06,0.007951103973381666
Gria2,0.04985864891858182,1.5934587390357255e-06,0.007965700236439593
Brd7,0.04985677492054851,1.5948961295747646e-06,0.007972885751744247
Faap20,0.04985384154330042,1.5971485855702036e-06,0.007984145779265447
Guk1,0.049844328323089535,1.6044745692741903e-06,0.008020768371801677
Denr,0.049805265953949705,1.634895886161122e-06,0.00817284453491945
Mrps5,0.04971576551439237,1.706701983870656e-06,0.00853180321736941
Arl1,0.04970120282323648,1.7186686372132844e-06,0.008591624517429208
Med25,0.04966075695009101,1.7523287923505452e-06,0.008759891632960376
Cers4,0.049655668276550526,1.7566083180244642e-06,0.008781284981804296
Chd7,0.04958924935755859,1.8133951928448607e-06,0.009065162569031459
Dynll2,0.04956065793267971,1.838379628655657e-06,0.009190059763649628
N6amt2,0.04955258016793979,1.8454980338656722e-06,0.009225644671294496
Mrps28,0.049513029311957446,1.8807355566938386e-06,0.009401797047912499
Bnip3,0.04951270965545324,1.8810229680574068e-06,0.009403233817318977
2810004N23Rik,0.04949519127772537,1.896838871624872e-06,0.009482297519252735
Arid1a,0.04944605040618464,1.941888823605582e-06,0.009707502229204305
Pfdn6,0.04942858835006044,1.9581432913366015e-06,0.009788758313391672
Pafah1b1,0.04941909217241833,1.9670375377345026e-06,0.009833220651134778
1110004F10Rik,0.04939761987936979,1.9872920668318425e-06,0.009934473042092381
Alkbh1,0.04938995344160874,1.99457212659254e-06,0.009970866060836107
Dctn4,0.04926198593037724,2.119939133730441e-06,0.010597575729518475
Tigd2,0.049251243001250125,2.1308013175656092e-06,0.01065187578651048
Chmp2a,0.0492165280631802,2.1662682079109347e-06,0.010829174771346763
Nsrp1,0.049216468837320344,2.166329198259675e-06,0.010829479662100116
Gltscr2,0.049202734281092744,2.1805175574027423e-06,0.010900407269456309
Ap2a2,0.04915666178963914,2.2287669135841663e-06,0.011141605801007247
Naa38,0.04907358552910994,2.3183707966113287e-06,0.011589535612260032
Anapc16,0.04904994338754971,2.344496262741295e-06,0.011720136817443733
Spry2,0.049021575226497985,2.3762172586260644e-06,0.011878710075871697
Churc1,0.048988472336193106,2.4137535266712192e-06,0.012066353879829425
Fbxo2,0.048981333586825326,2.421922626909543e-06,0.012107191211920805
Pyurf,0.04897490586950805,2.4293007697480943e-06,0.012144074547970724
Slc9a3r2,-0.04895019413489568,2.4578678942527525e-06,0.01228688160336951
Wdr61,0.04889670025342922,2.52081615490577e-06,0.012601559958373944
Smim1,0.0488508095885799,2.5760478235301574e-06,0.012877663069827258
Thap2,0.04882733152180918,2.6047520463038484e-06,0.013021155479472938
Rtf1,0.04881045898819008,2.6255696461787753e-06,0.013125222661247698
H3f3a,0.04879899952924175,2.6397994509718907e-06,0.013196357455408482
Ssb,0.04878279966553625,2.6600419797171657e-06,0.013297549856606111
Ssbp3,0.04878100971454359,2.66228772807459e-06,0.013308776352644875
Limch1,0.04865934138379964,2.8192771428827156e-06,0.014093566437270695
Bcan,-0.048654693801047894,2.825446687715107e-06,0.014124407991887819
Smim19,0.048621736169744835,2.869570172037051e-06,0.014344981290013218
Krcc1,0.04859474382495301,2.9061990261889094e-06,0.014528088931918358
R3hdm2,0.04855791596749898,2.9568988568134855e-06,0.014781537385210614
Sesn3,0.04838079127260114,3.21282823128049e-06,0.01606092832817117
Cux1,0.04835944241224725,3.2450730746549733e-06,0.01622212030020021
Eny2,0.048351397624943206,3.2573040602679157e-06,0.01628326299727931
Vsnl1,-0.04835101833909766,3.2578818017710275e-06,0.016286151127053367
Alkbh6,0.0483381568000455,3.27753121481557e-06,0.016384378542863034
Uqcc2,0.04833229809875323,3.286519562354619e-06,0.01642931129221074
Nfkbia,-0.04831665214663223,3.31063938724804e-06,0.01654988629685295
2310033P09Rik,0.048278248181621325,3.3705647645646843e-06,0.016849453258058856
Nol12,0.04826930012572931,3.3846759283515452e-06,0.016919994965829376
Cd47,0.04817716857470529,3.533301109456389e-06,0.01766297224617249
Itm2b,-0.048153990161475854,3.5716657500867735e-06,0.01785475708468378
Nans,0.048139780407801064,3.5953826799932286e-06,0.01797331801728615
BC031181,0.04809037440400516,3.67902481228838e-06,0.018391445036629612
Mrps17,0.048088603042910974,3.6820580142946546e-06,0.01840660801345898
Sec14l1,0.048038185325482013,3.769403128596665e-06,0.018843246239854727
Mlc1,-0.04802028179720301,3.8008948625444166e-06,0.019000673417859538
Ddit4l,0.04799635241037166,3.843379841522579e-06,0.019213055827771372
G3bp2,0.04798194434706331,3.869179483464988e-06,0.019342028237841473
Cebpz,0.04788493322115149,4.047262161886493e-06,0.02023226354727058
Msi1,0.047876463645441535,4.063177122962852e-06,0.020311822437691297
Ndufa8,0.0478315236427076,4.148630987115798e-06,0.020739006304591873
Lrrc58,0.04776968203373668,4.269042874589145e-06,0.021340945330071134
Gpm6b,-0.047733903860874345,4.3402280478948185e-06,0.0216968000114262
Znrd1,0.04768029595446594,4.449019923436313e-06,0.02224065059725813
Epas1,-0.04764856696271329,4.514636223992064e-06,0.02256866648373633
B630019K06Rik,0.047642350270224176,4.527600635931462e-06,0.02263347557902138
Pin1,0.047637907137038284,4.536888275393056e-06,0.022679904488689888
Sec61a1,0.047611839330697084,4.591747432563779e-06,0.02295414541538633
Smyd2,0.047559942698341885,4.702860244943605e-06,0.023509598364473083
Cystm1,0.047471899693244834,4.897277906789425e-06,0.024481492256040335
Creg1,0.04741869359106386,5.018474417641549e-06,0.025087353613790102
Bet1,0.04741740668548193,5.0214410955976576e-06,0.02510218403689269
Rnf7,0.04741604524761768,5.024581419213941e-06,0.02511788251465049
Plpp3,-0.04740272509578399,5.055405347529567e-06,0.025271971332300303
Eif3f,0.047318788774915084,5.253846200532732e-06,0.026263977156463128
Zfp704,0.04728658271603813,5.331949204662931e-06,0.026654414074109994
Ptprb,-0.04727063326761201,5.371038576976241e-06,0.02684982184630423
Polr2f,0.04725419339564602,5.411616925636946e-06,0.027052673011259094
Rpl3,0.04724634296231729,5.431097428586704e-06,0.027150056045504935
Cyp2f2,0.04712888430151471,5.730703675134226e-06,0.028647787671995995
Cbx3,0.047102634088188995,5.799791148951111e-06,0.028993155953606603
Ndrg4,-0.047086021633097226,5.843924237236087e-06,0.0292137772619432
Timm8b,0.04701881407271934,6.025771681370879e-06,0.030122832635173027
Spag7,0.04695732123044378,6.196889771304172e-06,0.030978251966749557
Morn2,0.04694328835870413,6.236585960174723e-06,0.03117669321491344
Rhob,-0.04686571596717215,6.4604497862725676e-06,0.03229578848157656
Rgs5,-0.04685953905489459,6.478602206867363e-06,0.03238653243212995
Mapk8ip1,0.046762879550802154,6.769095262961009e-06,0.03383870721954208
Arl2,0.04675563726804709,6.791355208575478e-06,0.03394998468766881
Camk2n1,0.04673936162175115,6.841635921068264e-06,0.03420133796942025
Rundc3a,0.04669591816031328,6.977596188065016e-06,0.03488100334413701
Hint2,0.0465531263376002,7.442915099338826e-06,0.03720713258159479
Efemp1,0.04651856556423881,7.55991949511632e-06,0.03779203755608648
Sec22b,0.046512431041017085,7.580870650142169e-06,0.0378967723800607
Tenm4,0.046493066335173576,7.647371458571672e-06,0.03822920992139979
Selk,0.04648412376364753,7.678269252129361e-06,0.03838366799139468
Alcam,0.04646951658134359,7.728995868799618e-06,0.038637250348129294
Nfasc,0.04638764992983814,8.019277858083175e-06,0.04008837001255779
Pafah1b3,0.04636955277833923,8.084838381611341e-06,0.04041610706967509
Ccnd1,0.04633681865425439,8.204727694823725e-06,0.0410154337464238
Morf4l1,0.046335019857915584,8.211364828675636e-06,0.04104861277854951
Atl2,0.046269525140060254,8.456549909511427e-06,0.04227429299764762
Nebl,-0.046248173591518164,8.537982318147209e-06,0.0426813736084179
Psmb6,0.04622585864129483,8.623889583050717e-06,0.043110824025670534
Mrpl30,0.04621028531052868,8.684331887634325e-06,0.043412975106283995
Acsl3,-0.046194385518389745,8.746458711868429e-06,0.043723547100630276
Tmem234,0.046169128767245986,8.846020796039927e-06,0.04422125795940359
Lamtor2,0.04614431990034519,8.944870907656777e-06,0.04471540966737623
Mrpl14,0.04606395169636419,9.272393479856467e-06,0.04635269500580248
Vapb,0.046057979522207165,9.297183669792108e-06,0.04647662116529075
Eid1,0.04604969074094302,9.331694909862515e-06,0.04664914285440271
Timp2,-0.04603638819741271,9.38733741127877e-06,0.046927299718982574
Ddx18,0.046022708229138884,9.444889085940901e-06,0.047215000540618564
Prdx6,-0.0460142172204764,9.48078013694285e-06,0.04739441990457731
Kcnq1ot1,0.0459841426655601,9.608954457994363e-06,0.048035163335513824
Lyz2,-0.04595100173399721,9.752113743786194e-06,0.04875081660518718
Sdpr,-0.0458911110089309,1.001600651936433e-05,0.05007001659030229
Plekhj1,0.04584112745385208,1.024145313163048e-05,0.05119702420502077
Mageh1,0.045838129207386016,1.0255129386041502e-05,0.05126539180082147
Mthfd2l,0.045799689020318925,1.0432023457506663e-05,0.05214968526407581
Mrpl41,0.04577326228876044,1.0555319860511632e-05,0.05276604398269765
Nol7,0.04576989096522593,1.0571148792356045e-05,0.05284517281298787
Uqcrfs1,0.04576724153586935,1.0583604210251064e-05,0.05290743744704507
Fndc3a,0.04574363742618843,1.0695191324019754e-05,0.05346526142877475
Cntnap2,0.04566188563707782,1.109041420646698e-05,0.05544098061812843
Mob4,0.0456178732912682,1.1308922740195038e-05,0.056533304778235
Abcg2,-0.045605948086330755,1.1368831786993585e-05,0.05683279010318093
Pabpn1,0.045548742865245295,1.166045189758692e-05,0.05829059903603701
Ppp1r11,0.04541990062638109,1.2343630786039858e-05,0.06170581029941325
Baiap3,0.045414133559472526,1.2375086359145034e-05,0.061863056709366024
Ndufb5,0.04540922576115453,1.2401915407875644e-05,0.06199717512397035
Rfc2,0.04540858352849111,1.2405430350722921e-05,0.062014746323263883
Taz,0.045344588664297754,1.2760480948462293e-05,0.06378964426136301
Ccdc186,0.04533992658095963,1.2786722067406053e-05,0.06392082361496286
Fuom,0.04533615161216007,1.2808007661646769e-05,0.0640272303005722
Klhdc1,0.045282383654976936,1.3114878161092047e-05,0.06556127592729914
Sars,0.04524464040054,1.3334466629037691e-05,0.06665899867855941
Usp9x,0.04519947695699165,1.360183518168106e-05,0.06799557407322362
Nucks1,0.045155679476135004,1.3865995135044191e-05,0.0693161096800859
Dcn,-0.04512770033854464,1.4037301775100597e-05,0.07017247157372788
Rpl13-ps3,0.0451023805879572,1.419406387502356e-05,0.07095612531124278
Rbm4b,0.045089919645506335,1.4271824854063424e-05,0.07134485244546306
Tomm5,0.04504337592016114,1.4565882824874014e-05,0.0728148482415452
Stra13,0.04502648664227909,1.4674008843336494e-05,0.07335537020783914
Aimp1,0.045004062482266696,1.4818752447302031e-05,0.07407894348406285
Hnrnpa1,0.044992804329863585,1.4891933889588568e-05,0.07444477751405325
Tubb3,-0.04498142297191295,1.496626635304205e-05,0.0748163654988572
Sumo2,0.04496698923604508,1.50610429313458e-05,0.07529015361379766
Borcs7,0.044929375792293974,1.5310720689035475e-05,0.07653829272448834
Sub1,0.0449151823177786,1.5405958258850958e-05,0.07701438533599594
Mrpl17,0.044890105043949684,1.5575607445508017e-05,0.07786246162009458
Copa,0.044860027132451616,1.578143527686432e-05,0.07889139494904474
Suco,0.04482197936511356,1.604551751568275e-05,0.08021154206089806
Dph3,0.04477665471344696,1.636560501947169e-05,0.08181165949233898
Tax1bp1,0.044728424196061364,1.6712893032750547e-05,0.08354775227071999
Zmat2,0.04470093492388396,1.6913962074790794e-05,0.08455289641187917
Zfp451,0.044673485843436576,1.7117035664009942e-05,0.0855680612843857
6330403K07Rik,0.04467254370621308,1.712404684561007e-05,0.08560311018120474
Pet100,0.044672075802531845,1.7127529900484607e-05,0.08562052197252255
Snrpb,0.04466893623396546,1.7150918179279417e-05,0.08573743997821781
Chd8,0.0446637299311395,1.7189769718503624e-05,0.08593165882279961
Zfhx2,0.04464689509586547,1.731597282205091e-05,0.08656254813743251
Cacna1d,0.044533667582436195,1.8188006067070643e-05,0.09092184232928614
Lrp11,0.04448207346094757,1.8599092009423263e-05,0.09297686095510689
Acp1,0.04447475153452259,1.865814298106659e-05,0.09327205676235188
Cbx1,0.044430543449771175,1.9018490365647898e-05,0.09507343333787384
Atp5g3,0.04442746337290682,1.904384200193943e-05,0.09520016616769522
Upf3b,0.044425729895399356,1.9058124136768254e-05,0.0952715625597045
Sncg,-0.044411668876392425,1.917435050802709e-05,0.09585257818962742
Trim2,0.044376815486636745,1.946536080484849e-05,0.0973073386634376
Qsox2,0.0443449696865683,1.973493189682534e-05,0.09865492455222988
Serp1,0.04431404280643621,2.0000124025252025e-05,0.09998062000223487
Zfp644,0.04430475276116717,2.008044478189849e-05,0.10038214346471055
Tnpo1,0.04428771300709891,2.0228567611837147e-05,0.1011226094915739
Clta,0.044245995628019404,2.059561098504886e-05,0.10295745931425924
Nrip1,0.04419108373218022,2.1088417293593193e-05,0.10542099805067237
Otud6b,0.04418047740216575,2.118488818727786e-05,0.10590325604820203
Immp1l,0.04415593357441763,2.140974221312078e-05,0.10702730132339078
Polr1d,0.04414196975747881,2.1538681212411274e-05,0.10767186738084396
Trappc4,0.04412990869158668,2.1650645159160017e-05,0.10823157515064093
Pdzd8,0.04412410029449093,2.1704762434866158e-05,0.10850210741189592
Rgs10,-0.04412218820571199,2.1722605659543727e-05,0.10859130569205909
Lyar,0.04411674684282156,2.1773459780301945e-05,0.10884552544172943
Tm2d3,0.0441159084428071,2.1781305401679935e-05,0.108884745702998
Pgls,0.04408430388275731,2.2079026230857628e-05,0.11037305212805729
Spint1,0.044080720722102104,2.2113023652954717e-05,0.11054300524112062
Ccnl1,0.04406985879945001,2.2216387439224907e-05,0.11105972080868531
Ar,0.04404768467491987,2.2428829111721146e-05,0.112121716729494
Use1,0.044040954746432874,2.249368739288179e-05,0.11244594327701607
Lage3,0.04400196703666586,2.287294921988705e-05,0.11434187315021536
Wtap,0.04400051649417389,2.2887176440600516e-05,0.11441299502656198
2810428I15Rik,0.04395489068665903,2.3339005968096573e-05,0.11667169083451477
Gm3764,-0.04395122820029605,2.3375640966874614e-05,0.1168548291934062
Tm2d1,0.04394307257049193,2.3457416494149064e-05,0.11726362505425117
Tekt1,0.04390698742110372,2.382251539513686e-05,0.11908875446028916
Sar1b,0.0438973026954767,2.3921418913328356e-05,0.11958317314772846
Nudt4,-0.04382729664039343,2.4648048039517736e-05,0.12321559214954916
Nbl1,-0.043816803652945616,2.4758752956928235e-05,0.12376900603168424
Ces1d,0.043784024601003446,2.5107638471912864e-05,0.1255130847210924
Lztfl1,0.043778828677431936,2.5163369074276647e-05,0.12579168200230895
Noct,0.043776284676965545,2.5190698479758655e-05,0.12592830170031352
Myef2,0.04376068302240536,2.5358920618607853e-05,0.12676924417242066
Mat2a,0.043752934612343315,2.544286303720553e-05,0.12718887232299045
Gpr107,0.04364828779527508,2.6602757797155278e-05,0.13298718622797923
Sh3bgrl3,0.04358849591959316,2.728787544607628e-05,0.13641208935493532
Psip1,0.04352258854960736,2.806249290173057e-05,0.14028440201575113
Map1b,0.04352147356934034,2.8075775470609044e-05,0.1403508015775746
Tmem59l,0.04351248036895751,2.8183128634715433e-05,0.14088746004494246
Zfp612,0.04348808049583002,2.8476362433680235e-05,0.14235333580596748
Hnrnpm,0.04338202344056525,2.9784970681590616e-05,0.1488950684372715
Pcif1,0.04338190358579262,2.9786481358038386e-05,0.1489026203088339
Eif3i,0.04337529626812349,2.9869874211119617e-05,0.14931950118138695
Fip1l1,0.043360026253378446,3.0063451131918348e-05,0.15028719220845982
Smim8,0.04333990119147346,3.032039655497394e-05,0.15157166237831474
Gm5617,0.04332957469335947,3.0453048164549353e-05,0.15223478777458221
Tmem70,0.04331106494943741,3.069220089445862e-05,0.15343031227139864
Tesc,0.043274702075554415,3.116722864513759e-05,0.1558049759970428
Hsp90aa1,0.04326810230123871,3.1254190585142146e-05,0.15623969873512558
Med21,0.04326241241501304,3.1329348376129964e-05,0.15661541253227368
Cep41,0.043261401099368574,3.134272481826367e-05,0.1566822813665001
Zwint,0.043260601531375086,3.135330436292656e-05,0.1567351685102699
Mycbp,0.043183089975367225,3.2395166881402974e-05,0.16194343924013346
Grpel1,0.04312252958498737,3.3231979908565383e-05,0.16612666756291836
Cdk11b,0.043097857566131464,3.3578745131125844e-05,0.16786014691049808
Chmp3,0.04308573402028292,3.375039812276165e-05,0.16871824021568552
Pcgf2,0.043059232525377106,3.412852971812589e-05,0.17060852006091135
Fhl1,-0.04305530632711758,3.418489094393073e-05,0.17089026982870972
Chpf,0.043050766758629025,3.425016738040703e-05,0.17121658673465476
3110040N11Rik,0.0430236108882955,3.464313216469189e-05,0.17318101769129476
Stard10,0.04294065727303213,3.587021490748342e-05,0.1793152043225096
Eif3a,0.042909474795697775,3.634206150645482e-05,0.18167396547076764
Sdf2l1,0.04289003429189946,3.663920658167856e-05,0.18315939370181114
Gm14964,-0.042817358100863664,3.777060618244823e-05,0.18881526030605872
Arf4,0.042751986849199654,3.881654278134815e-05,0.1940438973639594
Fxr1,0.04274024439364448,3.900731010163739e-05,0.19499754319808532
9130401M01Rik,0.042726273821244706,3.923543428272722e-05,0.19613793597935336
Nap1l1,0.04270303945127274,3.961763213846176e-05,0.19804854306017033
Wsb2,0.042699518270662214,3.967586178076448e-05,0.19833963304204164
Rpl10-ps3,0.04263396459243456,4.077486397274671e-05,0.2038335449997608
Ubap2l,0.042565863629094605,4.194712490261754e-05,0.2096936773881851
Phf5a,0.0424968464329036,4.316773164048319e-05,0.21579549047077548
Dpy30,0.04247757853836777,4.351446415473173e-05,0.2175288063095039
Ufsp2,0.04244778202200805,4.405586832429152e-05,0.2202352857531333
Psmb3,0.04243338433918183,4.4319758317073754e-05,0.2215544718270517
Tulp4,0.042428951698088364,4.4401303944977975e-05,0.2219621184209449
Sdf4,0.04242134795787635,4.454151857056187e-05,0.2226630513342388
Atp6v1d,0.04241020568846315,4.474774312709105e-05,0.22369396789232815
Ddx24,0.04239576686158516,4.501632849656809e-05,0.2250366261543439
Upp2,0.042367347991660566,4.554943685987632e-05,0.2277016348625217
Gm10073,0.04233399076894854,4.618282062679472e-05,0.2308679203133468
Zfp664,0.04230239355975332,4.679047954742334e-05,0.2339056072575693
Mrpl34,0.04229027456438116,4.702554995713906e-05,0.23508072423573814
Ndufb7,0.04228723707013472,4.708464302922373e-05,0.23537613050308945
Ngrn,0.042280718107917545,4.72117042374768e-05,0.23601130948314653
Erp29,0.04223660823457599,4.808002991311503e-05,0.24035206953566202
Snrpe,0.04219347693726501,4.8943714697539e-05,0.24466962977299747
Clec3b,-0.04217397750884412,4.933899039532113e-05,0.24664561298621032
Hnrnpr,0.04213973845733605,5.0040385867141444e-05,0.2501518889498401
Xbp1,0.0421041869921347,5.077866049936717e-05,0.2538425238363365
Rbms3,0.042095606194100986,5.09583924903578e-05,0.25474100405929867
Pcmt1,0.04207513744563858,5.1389564790321166e-05,0.25689643438681553
Ostc,0.04201149965055974,5.275227787851035e-05,0.26370863711467324
Tinagl1,-0.04193866795868014,5.435386682758707e-05,0.2717149802711078
March5,0.04193691053486867,5.439307638397521e-05,0.2719109888434921
Tead1,0.04192882683029463,5.457377573441031e-05,0.27281430489631714
Tomm20,0.04192608990254875,5.4635084486082275e-05,0.2731207873459253
Huwe1,0.04192070428596969,5.475591593829734e-05,0.2737248237755484
Dap,0.041920408937383406,5.4762549682139726e-05,0.27375798586101646
Ptprf,0.04190640733929963,5.507791070858354e-05,0.2753344756322091
1700001C02Rik,-0.0418737655417825,5.581980182481242e-05,0.27904318932223726
Gnb1,0.04186660819408441,5.598373625401239e-05,0.27986269753380794
Sra1,0.04186516319673769,5.601688826188164e-05,0.2800284244211463
Ndufb6,0.04183631066479386,5.668274559962852e-05,0.28335704525254296
Csnk1g2,0.04183538846917266,5.670415111048719e-05,0.28346405140132547
Akap8l,0.04179770545211184,5.758540599585577e-05,0.287869444573283
Sft2d2,0.04179574578046462,5.763158781607289e-05,0.28810030749254834
H2afj,0.04179495122149833,5.76503224641583e-05,0.28819396199832736
Tnrc6b,0.04179448387495726,5.766134457016947e-05,0.28824906150627716
F3,-0.04179101258604998,5.7743275452140805e-05,0.2886586339852519
Banf1,0.04176197866843859,5.8432876827186256e-05,0.2921059512591041
Gm8730,0.04176081462056973,5.846068674406588e-05,0.2922449730335854
Arf5,0.04174432564690566,5.8855968428514835e-05,0.29422098617414566
Hepacam,-0.04170115196632478,5.9902971114826734e-05,0.29945495260301885
Ap3d1,0.04166825415194565,6.0712586049533166e-05,0.3035022176616163
Tagln3,-0.041653750708203,6.107279612437435e-05,0.30530290782574737
Tbrg1,0.04164632094100108,6.125810587373274e-05,0.30622927126279
Mrpl55,0.04163463853841156,6.155055967934141e-05,0.3076912478370277
Nudcd3,0.04163451052970524,6.155377151968792e-05,0.3077073038269199
Nono,0.041592966679230854,6.260456263889163e-05,0.3129602086318192
Anapc5,0.04159053447183767,6.266660493809584e-05,0.31327035808554116
Commd1,0.041578574580315907,6.297253309140997e-05,0.31479969292395843
Ppp1r14b,0.041573645573939715,6.309902553241589e-05,0.315432028636547
Idh2,-0.0415216746342447,6.444746621515465e-05,0.3221728836095581
Larp7,0.04149612585304581,6.512031136661214e-05,0.32553643652169406
Ptges3,0.04149484250135132,6.515428407045505e-05,0.3257062660682048
Erdr1,0.04149236270088871,6.521997651558721e-05,0.32603466260142044
Nrd1,0.041478179715878596,6.559690428214196e-05,0.3279189245064277
Sdf2,0.041475582170128956,6.566615974904387e-05,0.3282651325854703
Flywch2,0.0414591853012699,6.610493059810432e-05,0.3304585480599235
Mia3,0.04145708191517391,6.616141635022946e-05,0.3307409203347971
Actb,-0.04144269984505923,6.654886767253004e-05,0.33267778949497767
Cldn9,0.041429842217888896,6.689706736109619e-05,0.33441843973811985
Pitx1,0.041427222060860615,6.696823540901192e-05,0.3347742088096506
Ehmt2,0.04139970376692507,6.772002004522638e-05,0.33853238020608667
Eif4g1,0.04138302995823196,6.817941660691136e-05,0.3408289036179499
Tia1,0.04137504200679377,6.840054363154868e-05,0.34193431761411186
1110001J03Rik,0.04136984499490568,6.854477439910428e-05,0.3426553272211223
Txndc17,0.04135890180520002,6.884941802243397e-05,0.34417824069414743
Zmynd8,0.041355031882109684,6.89574576925524e-05,0.34471833100506943
Shank1,0.0413382098152446,6.942895902470104e-05,0.34707536616448054
Chmp5,0.04131182874434714,7.017453342253331e-05,0.350802492579244
Camk2n2,0.0413038167519771,7.040246119945209e-05,0.351941903536061
Rpl27-ps3,0.04129132637182975,7.075918886028572e-05,0.3537251851125683
Ntrk2,-0.041266781796518416,7.14651731858039e-05,0.35725440075583365
Fgfr3,-0.04124385376355833,7.213067416750229e-05,0.3605812401633439
Tmed7,0.041211204783976635,7.308845376247551e-05,0.3653691803586151
Eef2kmt,0.041201598294256604,7.337254855688495e-05,0.3667893702358679
Rchy1,0.04120075766242416,7.339745836865132e-05,0.3669138943848879
Coq2,0.041188574876158006,7.375936068753882e-05,0.36872304407700657
Nfic,0.041094113345387956,7.662325299790437e-05,0.38303964173652394
Fam13a,0.04107338026274426,7.726575651013062e-05,0.386251516794143
Irf2bpl,0.04107058351309658,7.735281463717895e-05,0.38668672037125756
Ap2b1,0.04106391648799468,7.756072210557885e-05,0.3877260498057887
Nagk,0.041049325969258504,7.801756382275837e-05,0.3900098015499691
Dicer1,0.04094604392147927,8.132489353127177e-05,0.40654314276282755
Sec16a,0.04089423136898193,8.303353927446855e-05,0.4150846628330683
Rnf11,0.04088303016721026,8.340735925060426e-05,0.4169533888937707
Ftl1,-0.04086306160062775,8.407772180060751e-05,0.42030453128123696
Pabpc1,0.0408598332881535,8.418657600854374e-05,0.42084869346671017
Kpna1,0.04081977602593909,8.554837561726699e-05,0.42765632971071765
Trappc6a,0.04078961368303997,8.658749133815227e-05,0.43285086919942317
Larp1b,0.04078313085972389,8.681238094088971e-05,0.43397509232350767
Ggnbp2,0.040778172011845235,8.69847760662977e-05,0.4348368955554222
Fkbp1a,0.040746812758696106,8.808249729313914e-05,0.44032440396840256
Atraid,0.04073591578403272,8.846699661947932e-05,0.4422465161007771
Aff4,0.04061858517348063,9.27086825945324e-05,0.4634507042900675
Eef2,0.040613502357783694,9.289670580701942e-05,0.4643906323292901
Ctbp1,0.04060556582080487,9.319101395235945e-05,0.46586187874784485
B9d1,0.040529284582398004,9.606497927018832e-05,0.4802288313716714
Mrpl21,0.040501675181155855,9.71256595072311e-05,0.48553117187664824
Rab6a,0.04048843255815883,9.763832015473684e-05,0.4880939624535295
Ncbp2,0.04047653789372723,9.810097402570854e-05,0.49040676915451703
2310022B05Rik,-0.04046753789961116,9.845241147966897e-05,0.4921636049868652
Cc2d2a,0.040448028758429795,9.921830105445546e-05,0.4959922869712229
Ndrg1,-0.04041994378799977,0.00010033074123614927,0.5015533754395102
Selplg,-0.04037840586356873,0.00010199765159997102,0.5098862603482551
Atp6ap2,0.04037253789695806,0.00010223522832039464,0.5110739063736528
Ccl17,-0.0403425112466553,0.00010345911419513622,0.517192111861486
Vps45,0.0403295634828985,0.00010399111978059233,0.5198516077831811
Napa,0.04031685363701776,0.00010451585953273548,0.5224747818041446
Nrp1,-0.04026754059525613,0.00010657554833429748,0.5327711661231531
Rbm26,0.040235290334031545,0.00010794321293988894,0.5396081214865048
Bcas2,0.04022908810570865,0.00010820812736261728,0.5409324286857238
Btg3,0.04018977055627917,0.00010990180999948767,0.5493991481874388
Rfc1,0.04017636587070272,0.0001104849375435048,0.5523142027799804
Tnrc6a,0.04017201003555087,0.00011067505147524706,0.5532645823247601
Ric3,0.04016850667564941,0.0001108281822823082,0.5540300832292587
Lhb,0.04016502390223443,0.0001109806113284145,0.5547920760307441
9530068E07Rik,0.04016099696352192,0.00011115710311602163,0.5556743584769921
Manf,0.04011344830398313,0.00011326117214765195,0.5661925995661121
Pomgnt2,0.040080765769485556,0.0001147291228816989,0.5735308852856128
Coq7,0.04007957490158803,0.00011478294854711717,0.5737999597870387
Psmd12,0.04007180326017304,0.00011513480175810415,0.5755588739887626
Smim10l1,0.04007038727069734,0.00011519901868725845,0.575879894417605
Aamp,0.04005034592591605,0.00011611154891397685,0.5804416330209703
Per1,0.04004125483846438,0.00011652773111509848,0.5825221278443773
Arl2bp,-0.03999024425890847,0.0001188891613812964,0.5943269177451007
Csnk2a1,0.03998380495694138,0.00011919044259796464,0.5958330225472253
Hdgfrp3,0.039953830124042376,0.00012060239934411962,0.6028913943212539
Hook1,0.03994335242545756,0.00012109965688175995,0.605377184751918
Mphosph8,0.039908921749436214,0.0001227473356015726,0.6136139306722614
Rps18-ps3,0.03990008175907661,0.00012317376948358326,0.6157456736484327
Sfxn5,-0.03986021416666941,0.00012511435738601898,0.6254466725727089
Mocs2,0.03985782814927402,0.00012523140785660464,0.6260318078751667
Top1,0.03985248030937373,0.00012549413096890648,0.6273451607135635
Agap1,0.03983229207143106,0.00012649060684266855,0.6323265436065001
Pea15a,0.039829271938132224,0.0001266403179318063,0.6330749493410998
Mrps34,0.0398107280783299,0.00012756322263775906,0.6376885499661575
Rps27rt,0.03980341248002125,0.00012792905120814652,0.6395173269895245
Eif3m,0.03979589962002757,0.0001283057729949158,0.6414005592015841
Lcn2,0.03978937773162182,0.000128633651286532,0.6430396227813734
Cnp,-0.039730054590275024,0.0001316525014202656,0.6581308545999078
Mdh2,0.03971085349134722,0.0001326438252678951,0.6630864825142075
Lamtor4,0.039673806921678385,0.0001345763890206824,0.6727473687143912
Tnks2,0.039619149007715015,0.00013747615332732857,0.6872432904833156
Zfand6,0.039591075877413034,0.00013898829354328285,0.694802479422871
Stat3,0.03956759750411133,0.00014026495476125305,0.701184508851504
Cycs,0.03956607653764977,0.00014034803863268794,0.701599845124807
Coa3,0.039549094062363635,0.00014127887153929207,0.706253078824921
Tceal1,0.039542563884482004,0.00014163834469415029,0.7080500851260573
Ubn2,0.039513198929849294,0.00014326549735707532,0.7161842212880195
Gng4,0.03947650856556354,0.00014532330018402257,0.7264711776199289
Ggt7,0.03944759987975754,0.00014696422989106143,0.734674185225416
Cyb561,0.03943132002839904,0.00014789597673859757,0.7393319877162493
Dnajc12,0.03942758432240187,0.0001481105659268984,0.7404047190685651
Brd8,0.03942654256489924,0.00014817045957722465,0.740704127426546
Cacybp,0.039410456746373994,0.0001490981787724462,0.7453417956834585
Ptov1,0.03935840936122574,0.0001521375206415028,0.7605354656868726
Atp6v1g2,-0.03929596711372651,0.00015586082272075845,0.7791482527810715
A330069E16Rik,0.03928399448274371,0.00015658445310267555,0.7827656810602751
Taok3,0.03928254484078718,0.00015667228427312325,0.7832047490813431
Rpl9-ps6,0.03928204303214723,0.00015670269874634067,0.7833567910329571
F8a,0.03926509274023602,0.00015773332043961998,0.7885088688776603
Rsrp1,0.039255734612436886,0.00015830504819949964,0.7913669359492987
Brd2,0.03925127112657352,0.00015857842779764704,0.7927335605604375
Rbck1,0.039248518856781316,0.00015874722016905979,0.7935773536251298
Pebp1,0.03918425347325092,0.00016273690534676126,0.8135217898284596
Tmem59,0.039174482399176,0.00016335170588009046,0.8165951776945722
Pbdc1,0.0391586265897373,0.00016435401258520248,0.8216057089134272
Timp4,-0.03913563898662775,0.0001658174257015201,0.828921311081899
Ascc1,-0.03909554479788341,0.0001683992337735107,0.84182776963378
Tor1aip2,0.0390621126050794,0.00017058091100392972,0.8527339741086447
Ubxn4,0.03898221198186277,0.00017590312570345295,0.8793397253915612
2310009B15Rik,0.0389693176241279,0.00017677651909421798,0.8837058189519957
Ifitm2,0.03896143334272763,0.00017731256426145115,0.8863855087429943
Prr13,0.038934183573520846,0.00017917704350428105,0.8957060404779009
Ssu72,0.03885946095825403,0.00018438471228271653,0.9217391767012999
B230217C12Rik,0.03885179573755215,0.0001849268984926391,0.9244495655647028
Nxf1,0.03884307598007745,0.00018554549733389432,0.9275419411721377
Ssr2,0.03876353481619373,0.0001912788034087192,0.9562027382401873
Fh1,0.038755645062435305,0.000191856480788959,0.9590905474640061
Yme1l1,0.03873371520424096,0.00019347077888807616,0.9671604236614927
Prorsd1,0.038710890807987695,0.00019516447381694467,0.9756272046109064
Mlf2,0.038706830566588496,0.00019546722156203036,0.9771406405885897
Tecpr1,0.03870484326107776,0.00019561556374445222,0.9778822031585166
Tmem38a,0.03865035934358828,0.00019972394775159483,0.9984200148102226
Pex3,0.03863797664492389,0.00020066890757239973,1.0
Sdc2,0.038630486346709125,0.00020124255089753402,1.0
Nsg1,0.03861784514264288,0.0002022141703434401,1.0
Eif3h,0.03861055398596314,0.00020277658000669827,1.0
Snhg6,0.03860131687083348,0.00020349120264712852,1.0
Sec31a,0.03858457670402146,0.00020479232490977893,1.0
Srpr,0.03855461660543963,0.0002071404871140275,1.0
Amd1,0.03845023131505434,0.00021552083545408286,1.0
Dnm1,-0.038388054541139804,0.0002206627533424179,1.0
Fam133b,0.03835772613955078,0.00022321243838372833,1.0
Sep15,0.03835123104981098,0.0002237620585283873,1.0
Strbp,0.038336886688166,0.00022498039433440162,1.0
Cdk2ap1,0.03833420034859718,0.00022520924912945516,1.0
Pnkd,0.03830121789001781,0.0002280369596826939,1.0
Pcbp1,0.03829239885237933,0.0002287986752017285,1.0
Utrn,-0.03826520973104542,0.00023116210147990234,1.0
Nupr1,-0.03825885341686373,0.0002317179209575121,1.0
AI593442,0.03825652698382443,0.00023192166610514335,1.0
Zcchc17,0.038209547494882895,0.00023607219736573466,1.0
Rtn1,-0.03817568104846235,0.0002391073359242325,1.0
Nkiras1,0.038173258161588806,0.00023932587421733693,1.0
Twf1,0.03813668581269315,0.00024264745149227607,1.0
Rbm28,0.03811811044136154,0.00024435101730090904,1.0
Aebp1,-0.03811111231656614,0.00024499572657696317,1.0
Slc23a2,0.03805959591409941,0.0002497910585597061,1.0
Polr3d,0.03805937124828305,0.00024981216271608954,1.0
Ankrd17,0.03805321255758094,0.00025039133564009496,1.0
Ifi27,0.03805317009429996,0.0002503953333208954,1.0
Ptrf,-0.03804070789496453,0.0002515711696665386,1.0
Ap3s1,0.03801363477809387,0.000254143443739008,1.0
Acd,0.03800966355504188,0.00025452282550796296,1.0
Npdc1,0.038005847304792624,0.0002548879025782795,1.0
Canx,0.037991848376999766,0.00025623130158853344,1.0
Cuedc1,0.037949043760793395,0.00026038031992682803,1.0
Prmt1,0.03794893137153726,0.00026039129616300857,1.0
Hspd1,0.037947829464843104,0.0002604989343025701,1.0
Atp6v0b,0.03790898249449116,0.0002643204084277662,1.0
Arid1b,0.03785815577290224,0.0002693997449781944,1.0
Tmem245,0.03785678543431463,0.0002695379470339699,1.0
Srm,0.03784529545017213,0.0002706993575561231,1.0
Hexb,-0.03783760089625525,0.0002714797452463325,1.0
Mrpl43,0.03780333398506015,0.00027498079294974533,1.0
Phip,0.03777550604560394,0.0002778550543716708,1.0
Trip11,0.037752090154283845,0.0002802953933171789,1.0
Tspan4,-0.037743426403338796,0.00028120338372713606,1.0
Gnl3l,0.03773988049823405,0.0002815758007063416,1.0
Ttc28,0.03773336871460695,0.00028226091975876616,1.0
Serf1,0.03772346913092541,0.00028330546916934343,1.0
Gtf2h5,0.03770145658255913,0.0002856411042189377,1.0
Zc3h13,0.037695636275472615,0.00028626167459356287,1.0
Brk1,0.037670616766625836,0.00028894370514390177,1.0
Taf10,0.037651179424114445,0.0002910435674222901,1.0
Nfe2l1,0.03764192138486204,0.00029204875284105056,1.0
Mafg,0.03763880237728132,0.00029238812859426586,1.0
Abcf1,0.037637089887369135,0.00029257461975796173,1.0
Dtymk,0.03762317662910196,0.00029409391643062403,1.0
Jmjd1c,0.03760509366577355,0.00029607957905677316,1.0
Lsm3,0.03759389096978302,0.0002973160211421737,1.0
Stard5,0.037575408577318864,0.0002993664984601906,1.0
Gm8797,0.03756821914072023,0.0003001676818258763,1.0
Scaf11,0.03756196894133899,0.0003008658285837483,1.0
Gbf1,0.03756081643569955,0.0003009947292852454,1.0
Pdrg1,0.03749297540261606,0.00030867409500693525,1.0
Hspa4,0.0374774465695396,0.00031045751568105064,1.0
2700060E02Rik,0.03746010092919469,0.0003124609916228462,1.0
Mlf1,-0.03742348250181284,0.00031673034438835034,1.0
Clcn3,0.03739244147007965,0.0003203921229107644,1.0
Midn,0.037370026196485384,0.0003230609516407214,1.0
Psma4,0.037359801361324586,0.0003242852474526142,1.0
Dnajc3,0.03735787211003466,0.000324516737449067,1.0
Med29,0.03735184148133466,0.0003252413474458484,1.0
Akap9,0.037207228185557634,0.00034307750632396865,1.0
Arpp19,0.03720546105218588,0.00034330101203248965,1.0
Mrpl27,0.03720308163853047,0.00034360217364819097,1.0
C87436,0.03719189248249341,0.00034502169762628605,1.0
Phc3,0.037189221705703504,0.00034536133844063725,1.0
Mrps26,0.03715872488078694,0.00034926183421720623,1.0
Gadd45gip1,0.03714713256995922,0.000350755249116369,1.0
Cacnb3,0.037125364577759855,0.0003535757254767772,1.0
Syap1,0.03711643619862115,0.0003547386963364783,1.0
Nop56,0.03710449759572926,0.00035629935517596635,1.0
Psme2,0.03710323380918871,0.00035646493732438604,1.0
Rdx,0.03709672782076314,0.00035731849546236864,1.0
Scg3,0.037094443285213004,0.0003576186699233217,1.0
Skil,0.03709011547642043,0.0003581879649159073,1.0
Yod1,0.037065595134703276,0.0003614294891471748,1.0
Gorasp2,0.037054376396657165,0.00036292170308237015,1.0
Cdv3,0.037051504313354654,0.0003633046462831228,1.0
Spty2d1,0.0370396949352508,0.00036488319835913314,1.0
Sfpq,0.03702099016088912,0.0003673965802390901,1.0
Cnbp,0.03700213908304271,0.000369945988102661,1.0
Gtpbp2,0.03698259190949893,0.0003726069921955866,1.0
1810058I24Rik,0.03696859002044503,0.0003745240889668628,1.0
Casc4,0.036967210199900326,0.0003747135080441494,1.0
Txnrd1,0.03695081833714352,0.0003769706116466434,1.0
2610001J05Rik,0.03692680419154582,0.0003803002299235807,1.0
Ccdc137,0.03692381184124651,0.00038071704671215523,1.0
Tapbpl,0.03684827257349147,0.00039138171391578483,1.0
Ap4s1,0.036837684290888,0.00039289868283347686,1.0
Ramp1,-0.036821767945159775,0.0003951893340185471,1.0
Asap1,0.036802015477744476,0.00039804942196374903,1.0
Tomm34,0.036783752341197185,0.00040071105321898043,1.0
Dynlrb1,0.036780319477937154,0.0004012132039259133,1.0
Pptc7,0.03677770915385794,0.0004015954289815858,1.0
Pbx1,0.03676989017799645,0.0004027423838206358,1.0
Bclaf1,0.0366891302158856,0.00041476929611407076,1.0
Ccdc148,0.03668150298613961,0.00041592232313116207,1.0
1700016K19Rik,-0.03666944674047412,0.00041775100177261646,1.0
Tro,0.03665183457670615,0.0004204358941670622,1.0
Calb1,0.036605317201424556,0.0004276049263853041,1.0
Znhit2,0.036603115065464396,0.00042794712176280543,1.0
Ddx3y,0.0365974654228948,0.0004288262033712435,1.0
Fat1,0.036596698370114825,0.000428945686298049,1.0
Camk2g,-0.03659190533443635,0.00042969299604760406,1.0
Ccz1,0.036507854574583255,0.00044299697652767017,1.0
Eif3l,0.03648939041482292,0.00044597062182705427,1.0
Wdr6,0.036439572395010646,0.00045408698403009084,1.0
Polr2c,0.036438127298303986,0.00045432446363452767,1.0
Polr3gl,0.03641791639224617,0.00045765798473046073,1.0
Btg1,0.03638657897599485,0.00046287182786181475,1.0
Gm10250,0.03638548062399006,0.0004630555701986777,1.0
Cops7a,0.036380671708942325,0.0004638608507644467,1.0
Prkcb,-0.03635722558742579,0.00046780578495496676,1.0
Gripap1,0.036334548502817664,0.0004716510773926422,1.0
Gnb2,0.03632868537085491,0.0004726500585284997,1.0
Setd5,0.03632401185457928,0.00047344776185790786,1.0
Rbm22,0.03631394516721221,0.00047517027064999104,1.0
Bag1,0.036285002896443916,0.00048015519062405757,1.0
Rab21,0.036256874749235016,0.0004850465825989093,1.0
Dguok,0.03624827929634285,0.000486550547335222,1.0
Scfd1,0.03623506740239271,0.0004888707413568512,1.0
Mlec,0.036228162252900334,0.0004900874834718257,1.0
Rab11fip2,0.03622516421222404,0.0004906166406171756,1.0
Ddx39b,0.036220930353867885,0.0004913648281991797,1.0
Stx18,0.036198740865994,0.0004953034786318056,1.0
Polr2j,0.03619261122154622,0.0004963966721087183,1.0
Ankrd24,0.036184882576776954,0.000497778246003676,1.0
Sdhaf1,0.036184084961425174,0.0004979210317458065,1.0
RP23-60P18.10,0.03616549695734508,0.0005012594109154093,1.0
Ube2s,0.036142579625688925,0.000505404051224357,1.0
Gabarap,0.03611816160914132,0.0005098552284949635,1.0
Cd200,-0.03609399630159193,0.0005142962898677913,1.0
Tiprl,0.036086486504019,0.0005156837543241929,1.0
Alkbh5,0.03607716296926704,0.0005174111676631114,1.0
Tfdp2,0.036071714670171576,0.0005184230933185612,1.0
Bbip1,0.036056665071390596,0.0005212278827710495,1.0
Syt5,0.03604172468499574,0.0005240262999376621,1.0
Cox4i1,0.036038316686146356,0.0005246665949321966,1.0
Gm10714,-0.03602488561846135,0.0005271971291272334,1.0
Atf4,0.036022564851166915,0.0005276355331836169,1.0
Clic4,-0.036008515745106585,0.0005302967371405623,1.0
Golga3,0.03600376740248917,0.0005311989996412162,1.0
Thy1,-0.03600271648745726,0.0005313988838376937,1.0
Amn1,0.03600249870194565,0.0005314403154394305,1.0
Magohb,0.035998968860666725,0.0005321122536728675,1.0
Spg21,0.03599321120242667,0.00053320997641812,1.0
Knop1,0.03599103755567096,0.0005336249399986101,1.0
Emc6,0.03598306123842324,0.0005351502509382344,1.0
Skp1a,0.03589106870115671,0.0005530380143822111,1.0
Nisch,0.0358357295026599,0.0005640652438035547,1.0
Ahcyl2,0.03583180988805479,0.0005648540035466734,1.0
Adk,0.03580713407492072,0.0005698432481154994,1.0
Lsm7,0.03575702611746588,0.0005801011664354229,1.0
Col25a1,-0.0357485002285569,0.0005818635746146273,1.0
1500011K16Rik,0.035608977462186456,0.0006114221654790525,1.0
Birc6,0.03560644893109626,0.000611970514184824,1.0
Scn7a,-0.035596290165744233,0.0006141782053376111,1.0
Uba5,0.03558611352303436,0.0006163972091032549,1.0
Lgals1,0.035543050199210724,0.0006258699245975623,1.0
Ndufs7,0.03553445125966443,0.0006277775947627157,1.0
Snrnp70,0.035525256409368794,0.0006298234503726036,1.0
Yeats4,0.03551466511736834,0.0006321876995815933,1.0
Gm2000,0.03549497419225308,0.0006366051752746776,1.0
Baz2a,0.03547665829737925,0.0006407399309057211,1.0
Timm10,0.035437536356979236,0.0006496553675565756,1.0
Pnrc1,0.0354154059592034,0.0006547495735321145,1.0
Atp5f1,0.035373326139878966,0.0006645385469043277,1.0
1300002E11Rik,0.0353701252223956,0.0006652887131169955,1.0
Lyrm9,0.03535476841526664,0.0006688986915323762,1.0
Tmem242,0.0353459444808861,0.0006709811935783088,1.0
Mcee,0.03532650927065738,0.0006755892949858363,1.0
Rad23a,0.03532041094099302,0.0006770412651665324,1.0
Lrrc73,0.035318582370450616,0.0006774772001015381,1.0
Cstb,0.03527802659527682,0.000687213096461747,1.0
Kmt2d,0.03526625636248062,0.0006900629308495667,1.0
Sept11,0.03525612118489886,0.000692525678152236,1.0
Pak2,0.03524282050535546,0.000695770004010628,1.0
Nat8l,-0.03524103020022196,0.0006962077753391184,1.0
Gcn1l1,0.03521419381067618,0.0007028006460524364,1.0
P4ha1,0.03520188958337384,0.0007058427680079535,1.0
Trem2,-0.035199147359992515,0.0007065224258981079,1.0
Sirt3,0.035165797230733035,0.000714837036881323,1.0
Copg1,0.035146131233348865,0.0007197825310498157,1.0
C530008M17Rik,0.0351226407379934,0.0007257314377017332,1.0
Gm10036,0.035121944640864496,0.0007259084171847641,1.0
Imp3,0.035108381714822064,0.0007293647382921612,1.0
U2af1,0.03509930314697473,0.0007316868167073133,1.0
Srsf6,0.03506945480764517,0.000739369785576744,1.0
Tpcn1,0.03506242101969321,0.0007411911586073676,1.0
Ncam1,0.035057357657419796,0.0007425048755432891,1.0
Rgs7,0.03505521845803939,0.0007430605519394951,1.0
Ank3,0.035050012586236225,0.0007444144379918691,1.0
Samd4b,0.03503800806299293,0.0007475451787194598,1.0
Cib2,0.035033586084574506,0.0007487014943138587,1.0
Hypk,0.03502111435611682,0.0007519717151981094,1.0
Bcl10,0.03502090558983414,0.000752026568640907,1.0
Egln2,0.03499978082351673,0.0007575963588363635,1.0
Senp5,0.03498550815462578,0.0007613811670698105,1.0
Sae1,0.034973308794006314,0.0007646300841246534,1.0
Ogfrl1,0.03492553022663417,0.0007774787098990883,1.0
Chst1,-0.03490860095488737,0.0007820792125799988,1.0
Gng11,-0.034850243839237884,0.0007981320248352947,1.0
Csnk1a1,0.034849860701619856,0.0007982384209338644,1.0
Insig1,0.03484600290071769,0.0007993104536190205,1.0
Bptf,0.034830007637832665,0.0008037695970146982,1.0
Tmem126a,0.034823017500949606,0.0008057255384397496,1.0
Kif5a,-0.03481284898084654,0.0008085787230783448,1.0
Anxa6,0.034790580134400846,0.0008148599106522959,1.0
Cfap20,0.03477692810049527,0.0008187329756946887,1.0
Unc45a,0.03476999249445346,0.0008207071334305172,1.0
Fgfr1,-0.03476037889858993,0.0008234508597182536,1.0
Slc7a10,-0.034740340706357835,0.0008291971435957601,1.0
Srp54b,0.03471189296094857,0.000837418908275356,1.0
Dnajc25,0.034711080752485676,0.0008376547532984225,1.0
Polr3k,0.03468773828243501,0.0008444592052886413,1.0
Ssbp1,0.03467609314926353,0.000847872953699195,1.0
Acbd3,0.034666168046918557,0.0008507925749716575,1.0
Fkbp11,0.03465933075534604,0.0008528092893814643,1.0
Clock,0.03465809124794829,0.0008531753663881774,1.0
1700012B09Rik,-0.034657469346401036,0.0008533590941268612,1.0
Dnm1l,0.034639895722341614,0.0008585660421410421,1.0
Ankrd11,0.03463314921257567,0.0008605728015028644,1.0
Pam16,0.03458697442301433,0.0008744247290824604,1.0
Surf4,0.03457808315536639,0.0008771156286010878,1.0
3110062M04Rik,0.03457539319028194,0.0008779312448221597,1.0
Ywhae,0.03449811042015131,0.0009016663287089877,1.0
Fam114a2,0.03447949187623639,0.0009074726603894779,1.0
Sltm,0.034443816121419606,0.0009186953221356638,1.0
Krt8,0.03443625914885022,0.0009210889925302969,1.0
Stk39,0.034435062299514395,0.0009214686240508024,1.0
Tor1aip1,0.03442767117908224,0.0009238162448974117,1.0
Tcp1,0.034418951560648905,0.0009265929568813902,1.0
Akr1a1,0.034401857849071266,0.0009320587988077217,1.0
Gpx3,0.03439913304236535,0.0009329328310254601,1.0
Cog6,0.0343963891940478,0.0009338137383582664,1.0
Arpc3,0.034386228779385825,0.0009370824338289324,1.0
Eif3k,0.03437306996888954,0.0009413314914821736,1.0
Prelp,-0.034350722560543306,0.000948588512670275,1.0
Psmd11,0.03434996764798406,0.0009488345627573127,1.0
Cdc26,0.03434823513136423,0.0009493994687040363,1.0
Wbp11,0.034342544543625855,0.0009512571394738498,1.0
Gm6483,0.034335799705960304,0.0009534633255805525,1.0
Pdcd6,0.03432485180577594,0.0009570543923797535,1.0
Stmn2,-0.03431068415746437,0.0009617201753351827,1.0
1500026H17Rik,0.03428487594716632,0.000970273678964644,1.0
Abca1,-0.03428354618718673,0.0009707162980201434,1.0
Tmem259,0.0342547809329777,0.0009803368793702117,1.0
Mrpl46,0.034253028031008374,0.000980925984072631,1.0
Got2,0.034251234395275235,0.00098152911757504,1.0
Gas6,-0.03424547822170802,0.0009834670260001747,1.0
Smarcd2,0.03423200844567174,0.0009880156938771945,1.0
Mycbp2,0.034222951436909524,0.00099108513702951,1.0
Cdc42se1,0.03421465680033214,0.000993903952028138,1.0
Smek1,0.03421413256371419,0.0009940823555383905,1.0
Ccl27a,0.03419103881744619,0.0010019708911816172,1.0
Cd52,-0.03418990340466125,0.0010023602243965093,1.0
Bbx,0.034178574344438065,0.0010062526371043697,1.0
Tox4,0.0341769006477742,0.0010068288666191393,1.0
Phf21a,0.034173046390725215,0.0010081569931354702,1.0
Pycr2,0.03416876187811216,0.001009635283085062,1.0
Safb,0.034145865403168156,0.0010175693427872522,1.0
Crip2,-0.034130185000892675,0.0010230361430732244,1.0
Mirg,0.03411043216336645,0.0010299614355990883,1.0
Commd9,0.03410989532287859,0.001030150254519781,1.0
Chmp4b,0.034090202043824284,0.0010370990043162835,1.0
Ppdpf,0.03408657317385885,0.0010383841690079785,1.0
5031439G07Rik,-0.034055905355101015,0.0010493041714652869,1.0
Rpl18a,0.03405014366747748,0.001051367573850908,1.0
Snhg11,-0.03404697737476383,0.001052503098881488,1.0
Csf1r,-0.03404091684416543,0.0010546797468403242,1.0
Vps29,0.034029004133155995,0.0010589703552778612,1.0
Araf,0.03398622580957424,0.0010745112946781345,1.0
Mrpl22,0.03397746331691949,0.0010777205367282178,1.0
Tmem11,0.0339679630452853,0.0010812100025119943,1.0
Srsf2,0.0339454171876568,0.001089532996975427,1.0
Nipsnap1,0.0339440178957141,0.0010900515050284376,1.0
Homer2,0.033942085496155405,0.0010907679314122027,1.0
Ttc9c,0.03391930969251406,0.0010992448058795518,1.0
Mrps10,0.033894537354762014,0.0011085338935370452,1.0
Eva1b,-0.033879883961391924,0.0011140627032489466,1.0
Zcchc9,0.03385301667986969,0.0011242661552721145,1.0
Ube3c,-0.033851554088220784,0.0011248240788075444,1.0
Trappc5,0.033841142436618135,0.001128803132719235,1.0
Rogdi,0.03380818502830897,0.001141484506478854,1.0
Lrrc8a,-0.03380408839893128,0.0011430699778939221,1.0
Zfp938,0.033800820761316124,0.001144336073000318,1.0
Tex261,0.033723911265322315,0.0011745126336124743,1.0
Aqp4,-0.03368548988076854,0.0011898616589119428,1.0
Smad1,0.03368215247024477,0.0011912036359625687,1.0
Ccpg1,0.03368174079771939,0.0011913692668445077,1.0
Mgst1,-0.033614935920312006,0.0012185309097248627,1.0
Tagln2,-0.033608939838792255,0.0012209965668553628,1.0
Csnk1d,0.03357357424564269,0.0012356332742703715,1.0
Cbx5,0.033562079711670516,0.0012404252755773384,1.0
Uqcc3,0.03356101214199538,0.0012408712086030512,1.0
Prpf4b,0.03355870197085115,0.0012418366936920036,1.0
Gdap1l1,0.03353839957836334,0.0012503515113677622,1.0
Ik,0.03353319108995567,0.0012525446207120646,1.0
Tmem261,0.033526929371936666,0.0012551859084632894,1.0
Mbd2,0.03348404604428801,0.0012734133876894974,1.0
Blvrb,0.03346448065852829,0.001281810514093014,1.0
Gm11273,0.03345585516660903,0.0012855286329112412,1.0
Ash1l,0.033441901959769024,0.001291564405454884,1.0
Zfp560,0.03342254775642704,0.001299979802895366,1.0
Rbfox2,0.03340614196947179,0.0013071527918843365,1.0
Gfpt1,0.03340093735482762,0.0013094359890171727,1.0
Fam213a,-0.033391971730957266,0.0013133777233017199,1.0
1810022K09Rik,0.03338033842296657,0.001318508623375246,1.0
Vti1b,0.03336279805157055,0.0013262798208275165,1.0
Pitx2,0.033355413526608264,0.0013295641294992443,1.0
Zc3h6,0.03334217910448061,0.001335468991898677,1.0
Sap18,0.03334150454968676,0.0013357706080479753,1.0
Gpx8,-0.03333732840192796,0.0013376393034470625,1.0
Cenpb,0.03332772924691713,0.001341943770499776,1.0
Tor1b,0.033311179679187834,0.0013493949669604185,1.0
Ogfod2,0.03330700422567412,0.0013512809217556814,1.0
Cul4a,0.03328761392586316,0.0013600709685546697,1.0
C330006A16Rik,0.03326562880525896,0.0013701010794331299,1.0
Thoc7,0.0332619538043186,0.001371784337351086,1.0
Actl6b,0.033259936714263506,0.001372709034000448,1.0
Bud31,0.0332157966711086,0.001393088671149565,1.0
Cadm2,-0.03321158983258098,0.0013950454753579086,1.0
Gspt1,0.03319753952115584,0.001401599335911004,1.0
Rcn3,0.03319721798037115,0.001401749652427325,1.0
Kif5c,0.03319445727660894,0.0014030408605401464,1.0
Ift74,0.03319086436155229,0.001404722944151359,1.0
Uhrf2,0.03318576013825068,0.001407115768895828,1.0
Ube2e3,0.03318372491729577,0.0014080709138637607,1.0
Mgea5,0.03317841742654021,0.0014105645728284652,1.0
Chka,0.03316248938191213,0.0014180726299181238,1.0
Pmpcb,0.03314785827592304,0.0014250017878749798,1.0
Os9,0.03312607367328313,0.001435376618357188,1.0
Slc25a39,0.033117268310722627,0.0014395898588885558,1.0
Polr2m,0.03311127138978311,0.0014424658214583514,1.0
Limd2,0.033097152498891,0.0014492577838211434,1.0
Srp72,0.033092891539959146,0.0014513133209938358,1.0
Emcn,-0.03308081946840802,0.0014571516291365554,1.0
Ttc1,0.03302143555135639,0.0014861872920536236,1.0
Vgll4,0.03301506249311749,0.0014893348548795631,1.0
U2surp,0.03300551100416957,0.0014940636996474358,1.0
Ino80e,0.032994665649681655,0.0014994498905296623,1.0
Nceh1,0.03299230747167411,0.0015006234109371166,1.0
Hbb-bs,-0.03296041741033321,0.0015165764341142484,1.0
Sfr1,0.032944237695800654,0.0015247299387575147,1.0
Mrpl48,0.032943966182349634,0.001524867107319181,1.0
Chchd5,0.03292006505398595,0.0015369865833654945,1.0
Acyp1,0.032912973471319114,0.0015405995179701508,1.0
Armcx1,0.032904445212229835,0.0015449547500341252,1.0
Tst,-0.03289750632787725,0.001548506677818434,1.0
Hey1,0.032875537525263315,0.001559801878640122,1.0
Eif4h,0.03287077984415638,0.0015622579986847081,1.0
Wdr70,0.03286228509920782,0.0015666522083637273,1.0
Dnajc1,0.03285584604784958,0.0015699906156029558,1.0
Eno1,-0.03285199929210312,0.0015719881381841252,1.0
Foxo1,0.032833650568795635,0.0015815483996792906,1.0
Sft2d3,0.03281814784668377,0.0015896674864447717,1.0
Ccdc127,0.03281032256351763,0.0015937802983755655,1.0
Tshz1,0.03280218068139924,0.0015980699028848226,1.0
Appl1,0.03277704222475996,0.0016113814088498028,1.0
Map7d1,-0.032770743756274714,0.0016147325700326264,1.0
Atat1,0.032770063257856016,0.0016150950194552681,1.0
Cmc2,0.03276804934081493,0.0016161681176248101,1.0
Cpeb4,0.032762983476631036,0.001618870320935983,1.0
Mrps16,0.03275911302069991,0.0016209376777395002,1.0
Rwdd1,0.032725577141535775,0.0016389524441328296,1.0
Rmnd5a,0.03270012917768915,0.001652745283631639,1.0
Upf2,0.032686062344175794,0.0016604152823502033,1.0
Gapdh,0.03268161988094589,0.0016628443486842934,1.0
Gm10126,0.032679431795428426,0.001664041959280388,1.0
Rala,0.0326485648440131,0.0016810212107906317,1.0
Yipf1,0.032637236310508314,0.0016872926662829689,1.0
Smim4,0.03262985718276207,0.0016913893041150241,1.0
Rint1,0.03262947244755585,0.0016916031465644226,1.0
Rbm39,0.03262900116116515,0.0016918651295369082,1.0
Rcan2,-0.03261607537311115,0.0016990649972544365,1.0
Txnl1,0.032596566403082734,0.0017099851737941677,1.0
Mrpl32,0.03258849486591808,0.0017145220755359538,1.0
Acsl6,-0.032550500095199685,0.0017360274765222201,1.0
Creld1,0.03252629048341368,0.0017498594103695043,1.0
Mrpl11,0.03252399582087407,0.0017511756869179847,1.0
Gt(ROSA)26Sor,0.032494240463473066,0.001768326739498324,1.0
Ythdc1,0.032484889936102775,0.0017737482033407747,1.0
Txndc9,0.032479717032009796,0.0017767540282639823,1.0
Aig1,0.03246596250616638,0.0017847691738580385,1.0
Pla2g7,-0.032446686124486424,0.0017960579853004636,1.0
Chordc1,0.032430886312938396,0.001805359708443358,1.0
Micu1,0.03242997487717595,0.0018058976403421466,1.0
Lockd,0.032417280602513435,0.001813405163287626,1.0
Qdpr,0.03241706436284774,0.0018135332976765865,1.0
Ccdc115,0.03241681760468928,0.0018136795261839635,1.0
H1f0,0.032413539515845066,0.0018156231448460225,1.0
Brd4,0.03240030788369612,0.0018234878087060626,1.0
Khdrbs1,0.03238968352596643,0.0018298253949041799,1.0
Socs3,0.03238486151883127,0.0018327084646187757,1.0
Reep3,0.032324217265314724,0.0018693255957697487,1.0
Lrp1,-0.03231699620968443,0.0018737301680014115,1.0
Rsph1,-0.032297939672141306,0.0018853997480402685,1.0
Cdkn1a,0.032279707601991954,0.001896626892158221,1.0
Copb2,0.03227770079065138,0.001897866411875342,1.0
Arglu1,0.032269960524780004,0.001902654206977099,1.0
Ctnnbl1,0.03223660110570533,0.001923416078316912,1.0
Eif4e3,0.03222942007065048,0.001927912451913415,1.0
Sp3os,0.03222926817353917,0.0019280076657603473,1.0
Gm8186,0.03222855209361854,0.0019284565851399656,1.0
Lgi1,-0.03221588776896461,0.0019364118804825602,1.0
Atg3,0.032213768429576586,0.001937746115933192,1.0
Timm13,0.03221179770831869,0.001938987545675978,1.0
Ndufs3,0.03220036053790306,0.0019462066654787195,1.0
Magi2,0.03219388275224856,0.0019503063676166825,1.0
Adcyap1r1,-0.0321859417135259,0.001955342957945463,1.0
Mrps18c,0.032179476397122264,0.0019594523880853316,1.0
Ctcf,0.03217550110801501,0.0019619830620558067,1.0
Rbm5,0.03216658591706339,0.001967669395454137,1.0
Sptssa,0.032159065790204895,0.0019724776785978067,1.0
Eef1a2,0.03214994936054698,0.0019783210792139985,1.0
Crim1,-0.03212177571333176,0.001996480236742234,1.0
Nedd4,0.03210394196639607,0.002008053794780097,1.0
Psmc4,0.032096377154367,0.0020129816966052583,1.0
Ndufa10,0.03206157581280036,0.0020357953940856564,1.0
Ube2d3,0.03206144528629666,0.0020358814042276832,1.0
Timm17a,0.03204293597642774,0.002048111880907951,1.0
Ube2j2,0.032031245642911474,0.0020558712425139836,1.0
Cnot7,0.03201833659255654,0.002064470838812675,1.0
Sarnp,0.03200613220034227,0.002072631343566191,1.0
Arhgap5,-0.03199800918251717,0.0020780792121815896,1.0
Rcbtb1,0.03198204314014949,0.0020888254595531324,1.0
Rab1a,0.031980243023877676,0.002090040253412852,1.0
Naa50,0.03197961436008807,0.0020904646546901864,1.0
Apoo,0.031969302448175835,0.002097437357627509,1.0
Smim11,0.031958637375412165,0.002104671290630304,1.0
Ubald1,0.031953169623021915,0.002108388836288899,1.0
Igfbp2,-0.031937358896345865,0.0021191725135170907,1.0
Ikzf5,0.03193552884936262,0.002120423953757619,1.0
Id4,-0.03190902391165691,0.002138624948639195,1.0
Hnrnpk,0.0319043433602236,0.002141853933277493,1.0
Golt1b,0.03190312583526585,0.002142694602691595,1.0
Tbcb,0.031898690240078874,0.0021457598251544367,1.0
Mrps15,0.031893866574101454,0.002149097786621047,1.0
Rab24,0.03187745940227099,0.0021604871596985686,1.0
Ccdc25,0.03186637406577601,0.002168213562443811,1.0
Fam96a,0.031865674579173206,0.002168701948206713,1.0
Tvp23b,0.03185984350448595,0.0021727771651913227,1.0
Polr2e,0.031856842160747426,0.0021748774769664273,1.0
Pick1,0.03185285998551282,0.0021776670376640237,1.0
Safb2,0.031849727385763325,0.002179863764807119,1.0
Yipf6,0.03184548534750358,0.00218284172000955,1.0
Acbd5,0.03182415633912458,0.0021978714891556896,1.0
Nbea,0.03182349221242232,0.0021983409936573704,1.0
Cdc5l,0.03180957548572974,0.0022082005928533927,1.0
Snhg18,0.03180503906991159,0.002211423259175612,1.0
Aqr,0.03179958870967129,0.002215300890183535,1.0
Kbtbd11,0.0317968386455183,0.002217259773225416,1.0
Wdr13,0.031784005881613,0.0022264216086398487,1.0
Hba-a1,-0.03178164598291225,0.002228110207985391,1.0
Brwd1,0.03177456893661697,0.0022331811482850946,1.0
Lman2l,0.03176894402273315,0.0022372191266855483,1.0
Kdm5b,0.031755614979744225,0.00224681441826687,1.0
Ppp2r5a,0.03172606470606478,0.002268221611683413,1.0
Saraf,0.031709600219769304,0.0022802299183054026,1.0
Chd9,0.03170812225013556,0.002281310712614515,1.0
Wac,0.03167482902230264,0.0023057817107551507,1.0
Wdr26,0.03162670131283389,0.002341581342463241,1.0
Tlk1,0.0316186479295171,0.0023476212882601465,1.0
Fosb,0.03159575275825144,0.00236487040626375,1.0
Psma5,0.03159550505262026,0.0023650576593273135,1.0
Dclk1,0.031574375754296675,0.0023810804005561736,1.0
Sntn,-0.03156384314362521,0.0023891045302332097,1.0
Srp19,0.03155938662304594,0.002392507116941136,1.0
Taf1,0.031556634670030545,0.002394610468135931,1.0
St8sia3,0.03154940021034159,0.002400147929064539,1.0
Pan3,0.03154579162994984,0.0024029144176757836,1.0
Irs2,0.03153955416508601,0.002407703201919211,1.0
Clmn,0.03152360953130779,0.0024199843466662808,1.0
Pop7,0.031522841632740106,0.0024205772548370878,1.0
Pura,0.03146513022377689,0.0024655195629339805,1.0
Eno2,-0.03143904149056066,0.002486085431336931,1.0
Bcl7b,0.031426010530660846,0.0024964164553149754,1.0
Pigp,0.0314114257158934,0.0025080259468018566,1.0
Bloc1s2,0.03136158268668386,0.002548074655640134,1.0
1110017D15Rik,-0.0313599650706059,0.0025493841480460056,1.0
Cnot4,0.03132934514584166,0.002574287942747114,1.0
1700001L19Rik,-0.03132807104707279,0.0025753289965022874,1.0
Idnk,0.0313039917397679,0.002595076483632956,1.0
B230219D22Rik,0.03127393638939726,0.002619919129552293,1.0
Cab39l,0.0312675234261623,0.002625247907820005,1.0
Spg20,0.03126734304278153,0.002625397938463622,1.0
Ccdc174,0.031263518508881524,0.0026285807710988225,1.0
P4hb,0.03125189961786985,0.002638271825144108,1.0
Tcea1,0.03124841970825765,0.0026411806871912066,1.0
Lamb2,-0.031238366475970572,0.0026496006735636664,1.0
Pcsk1,0.031223709199130974,0.0026619206928381067,1.0
Gon4l,0.03121940346671582,0.0026655497656013325,1.0
Tmem167b,0.031208561820257833,0.002674707645688543,1.0
Phf3,0.031203605387481192,0.002678903885987279,1.0
Paip2,0.031198287574726258,0.0026834127681906518,1.0
Cfap126,-0.031165894753377357,0.0027110281745995595,1.0
Clk1,0.031155170211025235,0.002720228072609581,1.0
Arhgef1,0.031100883372674984,0.0027672363467986993,1.0
Sncb,-0.031099948078050242,0.0027680527026995513,1.0
BC005537,0.03108541481991438,0.0027807661020639598,1.0
Uchl3,0.03105937108101132,0.002803682111262483,1.0
Ube2d2a,0.031055836608494047,0.0028068053642775915,1.0
Ube2j1,0.031054073473367416,0.0028083645541300173,1.0
Gpc3,-0.031052787543613142,0.0028095022365776565,1.0
Tor3a,0.031050551807286608,0.0028114812298372953,1.0
Tmem57,0.031050102227632607,0.0028118793352235436,1.0
Prox1,0.031047662153893513,0.002814040932547952,1.0
Uvssa,0.031036914626967473,0.0028235799547866695,1.0
Mrps18a,0.031030114173575887,0.002829630971925977,1.0
Cetn4,0.031021074086430355,0.0028376931358962266,1.0
Tomm22,0.031012148632955136,0.0028456736347438885,1.0
Eif4a1,0.03100222231230804,0.0028545730967153658,1.0
Atxn7,0.030993473965570933,0.0028624374984460264,1.0
Hprt,0.03097711635185712,0.0028771953993803226,1.0
Gpr108,0.030939712366216354,0.002911202725361777,1.0
Wfdc2,0.03093432782182389,0.0029161283884263744,1.0
Glg1,0.03093177012023261,0.0029184707809112526,1.0
Numa1,0.030919423622408633,0.0029298021080806863,1.0
Ccdc107,0.030901469780249092,0.0029463513669616696,1.0
Snrpd3,0.030887316459062494,0.0029594575010727557,1.0
Josd2,0.030885659390201176,0.0029609954385396843,1.0
Itpkb,0.030884587631406214,0.0029619905338123032,1.0
Ifi35,0.03085654608202038,0.002988134917638829,1.0
Foxj1,-0.030854459472128202,0.002990088746529074,1.0
Eif3e,0.030854371084128425,0.00299017153569739,1.0
Msn,-0.03080394787564662,0.0030377430331925918,1.0
Yy1,0.03079730101658161,0.0030440652012109484,1.0
Gtf2i,0.030788725441772167,0.003052239595488714,1.0
Sys1,0.03078776639226625,0.003053155022330237,1.0
Ssrp1,0.03078131293795989,0.003059321452484871,1.0
Rbbp4,0.030777250354023723,0.0030632091712796176,1.0
Hjurp,0.03073990761688048,0.00309915614895279,1.0
Sorbs2,-0.03073860787173471,0.0031004142110103547,1.0
Prkcdbp,-0.03073826390753079,0.0031007472221113845,1.0
Gnb3,0.030738158577427243,0.0031008492046329973,1.0
Sf3b1,0.03071553969307754,0.00312282018662129,1.0
Bicd1,0.03068069983891752,0.003156939810620998,1.0
Tctex1d4,-0.03062892719914683,0.0032082700274928574,1.0
Krtcap2,0.03061199268326876,0.00322522415915857,1.0
Ndufv2,0.030568614395354472,0.003269025679864714,1.0
Med10,0.030558815558235496,0.003278994844954051,1.0
Ywhaz,0.03055812876811678,0.0032796946105235554,1.0
Rnase4,-0.03053701545462415,0.003301273291387545,1.0
Gatad1,0.030528165730409052,0.003310356471036312,1.0
Mrpl40,0.030517932635709757,0.003320887884637496,1.0
Rnf166,0.030511131855314184,0.003327903790213511,1.0
Tmem263,0.030485474049427783,0.0033544949010996766,1.0
Ubfd1,0.030476387542039095,0.0033639582196723482,1.0
Psmd1,0.03046889838463959,0.0033717762123675285,1.0
Slc39a12,-0.03045456444692748,0.003386785671319567,1.0
Mga,0.03040717419582742,0.003436843288568873,1.0
Pcbp4,-0.030404158374624016,0.003440051530929966,1.0
Hmgb3,0.030391917401864362,0.003453101528052482,1.0
Usp2,0.030380750614647182,0.0034650456238019384,1.0
Rbpms,0.030363759446609868,0.0034832916645759025,1.0
Ogdh,0.030359941361554676,0.0034874037429003667,1.0
Rbp4,-0.03034798097286303,0.0035003136898865647,1.0
Tbcc,0.030346656884792506,0.0035017455699379338,1.0
Scp2,0.030342208002588224,0.003506560533183039,1.0
Cggbp1,0.0303384864362526,0.003510592958660615,1.0
Rybp,0.030332329059415214,0.0035172739210624937,1.0
Zdhhc21,0.03032133124609118,0.003529235708599051,1.0
Fam213b,0.030320266836860864,0.003530395376809228,1.0
Cct4,0.030302766004162124,0.0035495122122766076,1.0
Gtf2a2,0.030285031367804364,0.0035689804516572422,1.0
Tnrc6c,0.030274249238490925,0.0035808639810411243,1.0
Mesdc2,0.030274152828887006,0.003580970401073083,1.0
Hadhb,0.030271542638107822,0.0035838527072665867,1.0
Mrpl51,0.03025962999290098,0.003597034067133689,1.0
Mrps36,0.030240960409187344,0.0036177807031479835,1.0
Spock1,-0.030238087122223894,0.003620983296860114,1.0
Cmc1,0.030200081547716626,0.0036635879338077233,1.0
Pitpnc1,-0.03019779882312277,0.003666161341944386,1.0
Nop58,0.03018624935562991,0.0036792067346159314,1.0
Chd4,0.030181346423977823,0.0036847574585509683,1.0
Cltc,0.03017584338318342,0.0036909966465928116,1.0
Cav2,-0.03017094087749026,0.0036965630522455533,1.0
Ocrl,0.030124488427770723,0.003749686059435985,1.0
Pmpca,0.030121921007401655,0.0037526422938811924,1.0
Wdr1,0.03010144954750648,0.0037762898630012685,1.0
Gm26699,0.03008171817132162,0.0037992105970680555,1.0
Fam32a,0.030072115691684748,0.003810410873365184,1.0
Tmem208,0.030070465253683135,0.0038123389529909238,1.0
Sh3glb2,0.030066560439119476,0.0038169041769430087,1.0
B4galt3,0.030048189077745206,0.0038384493536599623,1.0
Blcap,0.03004118669905929,0.0038466904929517817,1.0
Tmcc2,0.03003920811300462,0.0038490220127087795,1.0
Rsrc1,0.030025478183230245,0.0038652364347936522,1.0
Tspan3,0.030023525698642254,0.00386754726212441,1.0
Mrpl24,0.030021009072195293,0.0038705276202510145,1.0
Pias4,0.03002030616233149,0.003871360425947708,1.0
Rbm3,0.030011767614173852,0.0038814898793191085,1.0
Pnisr,0.030010742554425943,0.003882707545552709,1.0
Rnf10,0.02999955257822953,0.003896022677686691,1.0
Tpr,0.029995357611904454,0.0039010250131408302,1.0
Bfar,0.02999016080172233,0.003907230097232791,1.0
Gm10263,0.029983424780155928,0.003915286365496656,1.0
Klhl9,0.029973301565270286,0.00392742208218784,1.0
Galnt11,0.02995245359709009,0.003952522308694162,1.0
Syne1,-0.029899031170201932,0.0040175072233596424,1.0
Echs1,0.02989739990814595,0.004019506719544078,1.0
Ccnt1,0.02989636416150579,0.004020776739997565,1.0
Golga4,0.02989334981304134,0.004024474971751032,1.0
Isca2,0.029862691291050746,0.004062264950712149,1.0
Zkscan3,0.029849695888771618,0.004078380161519876,1.0
Zcchc11,0.029848041978966223,0.004080435281876507,1.0
Usp8,0.029846859076955116,0.0040819057122755764,1.0
Pds5a,0.029841672192557428,0.004088359052856152,1.0
Fkbp8,0.02983307424122457,0.004099076718790344,1.0
Sec11a,0.029829137595796022,0.004103992396884487,1.0
Keap1,0.02980851250856247,0.004129834417516558,1.0
Slc25a18,-0.0298047553961435,0.004134557723068978,1.0
Raly,0.029795674839013544,0.004145993713583761,1.0
2310035C23Rik,0.029789354817288692,0.004153970033123945,1.0
Dnajb2,0.02978842491424594,0.004155144811365667,1.0
Ikbip,0.029786563373724984,0.0041574974646419564,1.0
Gbas,0.029785747044335467,0.004158529539638032,1.0
Hdlbp,0.029785181608733106,0.0041592445490090686,1.0
March8,0.029780320445186744,0.004165396230587455,1.0
Ubl3,0.029760105565008826,0.004191066279128999,1.0
Tceal5,0.029751550540075448,0.004201973101065122,1.0
Amz2,0.029738208995564813,0.004219033653614417,1.0
Vat1l,-0.029729474466499366,0.004230236967874909,1.0
2410002F23Rik,0.029711426034894156,0.004253472240431249,1.0
Gm9803,0.0296908961218855,0.004280042776556192,1.0
Plat,-0.029679472297048006,0.004294892975612321,1.0
Arfip2,0.02966871693770526,0.004308916891814675,1.0
Cxcl12,-0.029663144732108744,0.004316198805582464,1.0
Smarca4,0.029660546804404542,0.0043195976616115855,1.0
Supt5,0.029642792316102763,0.004342890796293588,1.0
Gemin7,0.029638473615079906,0.004348573937002031,1.0
Alad,0.02957658515008263,0.004430759092611614,1.0
Hp1bp3,0.029534721475833223,0.004487147522119423,1.0
Gm26782,0.029523026591801085,0.004503015742714738,1.0
Arpc1b,-0.029511895671222345,0.00451816594514139,1.0
Gm21092,0.029479768477350458,0.004562153295675525,1.0
Tmem214,0.029457446374897094,0.004592943840574181,1.0
Marf1,0.02945682402082427,0.004593804990048316,1.0
Usp34,0.02945001206368538,0.004603240237356507,1.0
Fez1,-0.029431810995318112,0.0046285366927144,1.0
Gprasp2,0.02942785010897854,0.004634058312861823,1.0
Gh,-0.029412164036656276,0.00465598389266385,1.0
Dnajc21,0.029399026618604076,0.0046744192478902465,1.0
Thrap3,0.02939691620868479,0.004677386876668282,1.0
Hgs,0.029385953226108156,0.004692830326978497,1.0
AW549877,0.029355813074056315,0.004735526633650782,1.0
Ppme1,0.029327288512749596,0.004776257780894439,1.0
Epb41l3,0.029317037440798426,0.004790972876969206,1.0
Gpi1,-0.029313007544093717,0.004796768892466678,1.0
Fam98b,0.02930385442054003,0.004809956986178268,1.0
Ube4b,0.029297313697963397,0.004819401141833394,1.0
Tusc3,0.02928524241705428,0.004836874938146159,1.0
Fgfr1op2,0.02928105471278717,0.004842950231559603,1.0
Fnta,0.0292745349256186,0.004852422524452536,1.0
Mbnl2,0.029269147305657627,0.004860262587688588,1.0
Suv420h1,0.029265687836250096,0.004865302845804619,1.0
Pdlim4,-0.02926497505161446,0.004866341921359988,1.0
Itgb1,0.029256483417140693,0.004878736214731972,1.0
Rbbp6,0.029221652340390383,0.004929874565233245,1.0
Nudt14,0.029189135108520205,0.004978052759438571,1.0
Prelid1,0.02916825856323947,0.005009207847324465,1.0
Sec24a,0.029151905731879018,0.005033734976055709,1.0
Zfp260,0.029145469708461835,0.005043417911660271,1.0
Klhdc8b,0.029126735120444183,0.005071699831249653,1.0
Stub1,0.029111590191334746,0.005094667457458515,1.0
Agl,0.029092811712960197,0.005123275957576161,1.0
Odf2,0.029089650731746595,0.005128105876124759,1.0
Neurl1a,0.029082440190693618,0.005139138845774483,1.0
Pde4dip,0.029074119920566174,0.005151896481839835,1.0
Herc2,0.029056850477567554,0.005178467442163326,1.0
Grik5,-0.029051154056649195,0.0051872591373861125,1.0
Guf1,0.029048338875899502,0.005191608984774711,1.0
Cnpy2,0.02903637959872394,0.005210124496152,1.0
Cdk12,0.02902584159460122,0.005226488991593054,1.0
Ndufaf2,0.029019590159417352,0.005236218789759831,1.0
Pbrm1,0.02900620069596498,0.005257113359122233,1.0
Anks1b,-0.029006112915883734,0.0052572505901008195,1.0
Wbp4,0.02896765680548436,0.0053176830809451014,1.0
Hes1,-0.028961831470575745,0.005326891908738962,1.0
Ddx21,0.02895519688793327,0.00533739755236637,1.0
Gabrb1,-0.028946625004178266,0.005350998547512397,1.0
Ap1b1,0.028929615770895735,0.005378079766310424,1.0
Braf,0.02889628943215161,0.0054314992378227175,1.0
Crebbp,0.028890324597300242,0.005441110770554304,1.0
Ndfip2,0.028879321162490392,0.005458881622492281,1.0
Rraga,0.028868804062046536,0.005475915975777665,1.0
Fkbp5,0.028865560084068567,0.00548117985910495,1.0
Ptma,0.028861414445722145,0.0054879134801598395,1.0
Hnrnpc,0.028852035550446894,0.005503174861664818,1.0
Cdkn1b,0.028851607278006543,0.0055038726620147815,1.0
Hba-a2,-0.028834967881214705,0.00553104574672706,1.0
Vcp,0.02883108189113511,0.005537409201049808,1.0
Ppp1r2,0.028823690602170965,0.005549530947799159,1.0
Efcab1,0.02877334100077264,0.005632743536937078,1.0
1110032A03Rik,0.028772131987472374,0.005634755432508867,1.0
Ift81,0.028769158298584268,0.005639706648476329,1.0
Gpx1,-0.028768246964463437,0.005641224812518526,1.0
Snapc5,0.028762411796283638,0.005650954182460367,1.0
Fam3c,0.028758442732854623,0.0056575807155991465,1.0
Rrp1,0.02873199597787663,0.00570191400282322,1.0
Psmd14,0.028731104872609433,0.005703413223209175,1.0
Gpat4,0.02871098133602418,0.00573736441575594,1.0
Smc3,0.028707284013443152,0.005743622090587229,1.0
Marc2,-0.02869300890669868,0.005767840327880794,1.0
Ptprz1,-0.02868467731644363,0.005782017683640269,1.0
Uba3,0.028655762052348023,0.005831465056344932,1.0
Sde2,0.028654849236973354,0.005833032230049043,1.0
Itpr1,0.028622409469626006,0.005888973742326587,1.0
D15Ertd621e,0.028615483888623835,0.005900979168790798,1.0
Hes6,0.028604679533081063,0.005919752459852341,1.0
Tet3,0.02858381525350339,0.0059561579227384726,1.0
Rp9,0.028580748593986627,0.005961525815812595,1.0
Mrpl12,0.02853776917618182,0.0060372171300169765,1.0
Arf3,0.02853417052190136,0.006043593848199366,1.0
Itfg2,0.02849921182186712,0.006105856160302774,1.0
Mrpl36,0.028495946003511304,0.0061117020639226485,1.0
Urod,0.028490136804750862,0.0061221131452457184,1.0
Pkm,0.028483215104116773,0.006134538869345478,1.0
Npm3,0.02845302755844788,0.0061889969677946894,1.0
Whsc1,0.028450947005335427,0.006192766252943499,1.0
BC029722,0.028449997361788743,0.006194487384826981,1.0
Snhg12,0.02844999632466968,0.006194489264734672,1.0
Zfyve21,0.02844843972289305,0.006197311378624624,1.0
Stx7,0.028446561976721258,0.006200717266502647,1.0
Rufy3,0.0284438127118162,0.006205706969573016,1.0
Tm2d2,0.02843889522401192,0.006214640844867731,1.0
Desi2,0.028431133777471904,0.006228765058701194,1.0
Yrdc,0.028405619418233777,0.00627539972321648,1.0
Sri,0.028390012959406394,0.006304079575528862,1.0
Rasa1,0.028381141865616848,0.00632043443675677,1.0
Fubp1,0.02837534885166997,0.0063311351086483645,1.0
Fam171b,0.028362461055496436,0.006354999535662539,1.0
Vdac2,0.02836079352006519,0.006358093229847106,1.0
Hipk3,0.028350892045192196,0.006376490863494497,1.0
Mttp,0.028332700795465893,0.00641041635482344,1.0
Irak1bp1,0.02827619187653195,0.006516839899870307,1.0
Ppp3r1,-0.028270629836356982,0.006527400339443657,1.0
Zcchc7,0.028264807031101426,0.006538472370205014,1.0
Gm10094,0.02825953868185116,0.006548504655883766,1.0
Rpl36-ps3,0.028220003782860232,0.006624231971176767,1.0
Ten1,0.028212671415064085,0.0066383630261219835,1.0
Insig2,0.028207722136480557,0.006647916667004518,1.0
Ipo4,0.02819432035134248,0.0066738483404999325,1.0
Magoh,0.028185271483433322,0.006691408755978986,1.0
Psma3,0.028180095501524,0.006701472032050041,1.0
Nfe2l2,0.028179342231353034,0.0067029376924185435,1.0
Pithd1,0.028169650872045687,0.006721820175331106,1.0
Rtcb,0.0281641295851169,0.006732599121840028,1.0
Paqr7,-0.028155082933069304,0.006750294052609224,1.0
Asxl2,0.0281526312429189,0.006755096663916937,1.0
Spp1,-0.02814896874174312,0.00676227685044046,1.0
Naaa,-0.028129952429838453,0.006799667929800795,1.0
S100a11,0.02812380274627023,0.006811799518170497,1.0
Aspscr1,0.02812146199462875,0.0068164222672570255,1.0
Hsf2,0.028118590133877148,0.006822097753776269,1.0
Hdac2,0.028110193613856083,0.006838715654207001,1.0
Ets2,0.028104246544508736,0.006850507736410669,1.0
Taok2,0.02809918086612822,0.006860566564925501,1.0
Arhgdig,-0.02809530305136231,0.00686827563737838,1.0
Snrpc,0.028086302000075926,0.006886199675498516,1.0
Lyrm2,0.028079706352595428,0.006899360430435499,1.0
Pygb,-0.028073801452541,0.006911162051563978,1.0
Trp53inp2,0.02806953293399819,0.006919704463877524,1.0
Zbtb44,0.028063386050480123,0.006932022633218846,1.0
Trappc13,0.028048782850121877,0.00696136601418743,1.0
1500009C09Rik,-0.02804299753389742,0.006973021729621402,1.0
Nelfe,0.028040918911347162,0.006977213822078172,1.0
Nav1,0.02803771080945043,0.006983688250590192,1.0
Pqbp1,0.028030188149703643,0.006998891263330361,1.0
Cops5,0.02801349424495401,0.007032735217302702,1.0
Triobp,0.02801171401004214,0.007036352986661668,1.0
Luc7l,0.027988576505420897,0.007083524929501305,1.0
Hist1h4h,-0.027986168359291637,0.00708845084956853,1.0
Ip6k2,0.027974887937600137,0.007111566183635004,1.0
Rpl7l1,0.02796487747243416,0.007132135820693552,1.0
Qk,-0.027942418883384612,0.007178478451556571,1.0
Twsg1,0.027939482033842333,0.007184558491036861,1.0
Nfx1,0.02791953582766011,0.0072259747324907135,1.0
Cyc1,0.02791561662400811,0.007234137693068723,1.0
Smap1,0.027906354060782537,0.007253462757518476,1.0
Baz1b,0.027894296273071245,0.007278689065363104,1.0
Rab12,0.02789154057504535,0.007284465347755882,1.0
Lrp6,0.027890080818410292,0.00728752684339733,1.0
Lrif1,0.027888890059905594,0.0072900250336511,1.0
Aprt,0.02787892190583993,0.007310968199558792,1.0
Spryd3,0.027858899325022744,0.007353198959486303,1.0
Ep400,0.02783091608805161,0.0074125865844915945,1.0
Bub3,0.0278302713061342,0.0074139600329841205,1.0
Ilf3,0.02781569656524223,0.007445066601191199,1.0
Dip2b,0.027807240410326242,0.007463168000407354,1.0
Pnn,0.027795214860926225,0.007488978077291517,1.0
Tmem42,0.027736430299608174,0.007616301005086353,1.0
Gabrg2,0.02773424829382293,0.007621064188713838,1.0
Dnajc4,0.027733956920382448,0.007621700440929435,1.0
Hacd3,0.027724721140484566,0.007641892667689948,1.0
Lgals3bp,0.02772155653203746,0.00764882248555029,1.0
Nudt5,0.02769977253569145,0.007696677801461567,1.0
Bckdk,0.027694473709659478,0.007708358811060383,1.0
Pigyl,0.02768939191739743,0.007719576299781203,1.0
Jtb,0.02768864614915652,0.007721223730034823,1.0
Trabd,0.027671984291983507,0.007758112637550329,1.0
Stk16,0.027661320281147872,0.007781805263912356,1.0
Usp16,0.027630939338109055,0.007849659509621618,1.0
Emc2,0.02762431816849418,0.00786451769122674,1.0
Gtf2ird1,0.027593719164345196,0.007933510835880397,1.0
Gpr180,0.02758274536267873,0.00795838576015432,1.0
Zbtb7a,0.02757882259624179,0.007967294641604799,1.0
Cdk5rap3,0.0275747120078799,0.007976639660030926,1.0
Dfna5,-0.02757047112626727,0.007986291171638665,1.0
Acat1,0.02756228878125857,0.008004942323196717,1.0
Ccnl2,0.027535160492460554,0.008067058880353086,1.0
Ppm1h,0.02752545272506622,0.00808939168713366,1.0
Ino80d,0.027504786454517982,0.008137119021573607,1.0
Golph3,0.027494661459942858,0.008160593852272403,1.0
Atp5c1,0.027485080520155275,0.008182863077915183,1.0
Mrpl13,0.027472353698753872,0.008212528445126504,1.0
Vma21,0.027452312991693092,0.008259437086002798,1.0
Sf3b2,0.027428178795505385,0.00831624527603656,1.0
BC003965,0.02741702158310315,0.008342625578196589,1.0
Prrc1,0.02741310691150439,0.008351899216658699,1.0
Mrps14,0.027389456235965046,0.008408122722846526,1.0
Spcs2,0.027377972357774904,0.008435544622095928,1.0
Clip1,0.02737706329450097,0.00843771875039838,1.0
Sox9,-0.0273595511521137,0.008479698944860793,1.0
Syt11,-0.0273503396981247,0.008501855551639646,1.0
Strn3,0.02732777775855504,0.008556343304346804,1.0
Dnmt1,0.027320281734862065,0.008574515386550904,1.0
Prpf40a,0.02731547886010373,0.00858617678274235,1.0
Abhd16a,0.027313098061320245,0.00859196262371416,1.0
B9d2,0.027309924111038983,0.00859968140894176,1.0
Cxx1a,0.027296001280295214,0.008633613858945332,1.0
Ccdc59,0.02729091584429637,0.00864603778780771,1.0
0610012G03Rik,0.02727946837026864,0.008674062917725536,1.0
Cdc23,0.02727783054628033,0.008678079186941691,1.0
Hdac1,0.027269210737444413,0.008699244067383757,1.0
Atxn7l3b,0.027268416813399043,0.008701195768098524,1.0
Lyrm5,0.027262956377956452,0.008714629740364742,1.0
Rsl1d1,0.0272269085010872,0.008803782066267288,1.0
Ube2q1,0.027225837859196824,0.008806442353247002,1.0
Atp6v0d1,0.027219803603731586,0.008821449456760867,1.0
Ate1,0.027216709918654866,0.008829152260180065,1.0
Dennd5b,0.02720838844258945,0.008849901287785419,1.0
Pa2g4,0.027159319695801824,0.008973138793041461,1.0
Tssc4,0.027155326498883515,0.008983234923396283,1.0
Wdr45b,0.027143096581897206,0.009014219354070305,1.0
Zmynd11,0.02714296771632148,0.009014546341684047,1.0
Creld2,0.027108839544130407,0.009101517934684474,1.0
Vamp5,-0.027106985051514185,0.009106265272315403,1.0
Emc7,0.02710304456553166,0.009116359907441533,1.0
Ctnnb1,0.027084607925652114,0.009163723225772658,1.0
Rnpc3,0.027082966740302944,0.009167950020377097,1.0
Phf20,0.02708196801726495,0.009170523035421733,1.0
Ube2r2,0.027064013415824373,0.009216889626063386,1.0
Cxxc4,0.02704277013328247,0.009272019111887431,1.0
Ppp4r2,0.027017552157662238,0.009337845301633022,1.0
Zfp787,0.02700673281390726,0.009366214475782057,1.0
Pink1,-0.026988805989819672,0.009413389275596833,1.0
Ap2s1,0.02697010550445653,0.00946282569921097,1.0
Cdk4,0.026959836136564393,0.00949007206717116,1.0
Cyhr1,0.026959169758261074,0.009491842495928203,1.0
Arfgef1,0.02695425221404941,0.009504916497969503,1.0
Timm10b,0.026950071727612403,0.009516043550255926,1.0
Oscp1,-0.026933993664589925,0.009558946269692664,1.0
Gm4950,0.026930582654791754,0.00956807035423093,1.0
Csde1,0.02691926610145987,0.009598396552559263,1.0
Eif4e,0.026901287243959904,0.009646752676221764,1.0
Ppp1r14a,-0.026888454499923862,0.009681400446950521,1.0
Cetn2,0.026870791396888014,0.009729271327443554,1.0
Dstyk,0.026868741621753574,0.00973484030486755,1.0
Col23a1,-0.02685198659488304,0.009780468187550306,1.0
Cenpc1,0.026837643690794284,0.009819678571499263,1.0
Tonsl,0.02681700413935642,0.009876348400066444,1.0
Tmem41b,0.026811158512569988,0.00989245153798719,1.0
Adgrb1,-0.02680923027335079,0.009897768448684488,1.0
Gpbp1,0.026803567049269828,0.009913398895406747,1.0
Nr3c1,0.026798868800740755,0.009926382700541022,1.0
Ctsb,0.026797489231095328,0.009930198074308477,1.0
Commd6,0.026797406678111733,0.009930426426406402,1.0
Taf3,0.026782561147728496,0.009971567186551152,1.0
Yaf2,0.026767199111829752,0.010014299059978492,1.0
Ube2n,0.0267648297865264,0.01002090419901123,1.0
1110034G24Rik,0.026751324536671756,0.010058627890820897,1.0
Ndufaf3,0.026750847689918627,0.01005996215650223,1.0
Dnajb9,0.026742973176819076,0.010082018645267579,1.0
Yipf3,0.026741695961242696,0.01008560017781292,1.0
Ap3b2,0.02673958859708422,0.010091512066576571,1.0
Polb,0.026729717943010288,0.010119243771437391,1.0
Bpnt1,0.02672378813132759,0.010135936242151408,1.0
Elavl3,-0.026711629761465072,0.010170238835723811,1.0
Sdccag3,0.02670669480083851,0.010184191373660601,1.0
Tmem106c,0.026701055538281896,0.010200156031067045,1.0
Phf12,0.026691409348512635,0.010227515878335104,1.0
Cdkn2d,0.02668953040484559,0.010232852790502662,1.0
Coq9,0.02665248211528117,0.010338591458614764,1.0
Mnat1,0.026606034859757113,0.010472528314267189,1.0
Kat6b,0.026563908115000208,0.010595338856973814,1.0
Lrpprc,0.026559602294144516,0.010607963314572132,1.0
Serpinh1,-0.02655885448434632,0.010610157219299936,1.0
Fam173a,0.026555031514204713,0.010621379253412572,1.0
Dcaf11,0.026549975353590244,0.010636237432301987,1.0
Fbl,0.02654194712180552,0.01065986739608591,1.0
Sec24d,0.02653301670442916,0.010686207643931812,1.0
Fam220a,0.026524925235855965,0.010710123363639672,1.0
Usf2,0.026511613720972698,0.01074957136421403,1.0
1110059E24Rik,0.026509658007166634,0.010755377891802935,1.0
Tctex1d2,0.026490574574333892,0.01081218323110998,1.0
Bckdha,0.02647846317889938,0.010848373193330617,1.0
Ralgds,0.02647627194885054,0.010854932278108187,1.0
Mrps24,0.026460136021649656,0.010903341136893055,1.0
Slc17a6,-0.026425777166363303,0.011007059618413617,1.0
Slc39a1,0.026397776347537507,0.011092232444155732,1.0
Gm6133,0.02638189126979092,0.011140811439981628,1.0
Rnf220,0.026374643341947168,0.011163039416409459,1.0
Txlna,0.026369175706165406,0.011179833637798422,1.0
Cfap97,0.026355915343799042,0.011220656983064445,1.0
Esf1,0.02634722139787031,0.011247493947215683,1.0
Glud1,-0.026333434680884713,0.011290168418466069,1.0
Gtpbp4,0.026323642926185723,0.011320564392295108,1.0
Mthfs,0.02631031907615685,0.011362041515951094,1.0
Gcc2,0.026298835051664596,0.011397899445228853,1.0
Foxn3,0.02629541870435627,0.011408586077794795,1.0
Kcnk1,0.02628759518166309,0.011433092246996353,1.0
Ing2,0.026282030235891266,0.01145055214007029,1.0
Pim3,0.026254036245568723,0.011538742060181118,1.0
Gigyf1,0.026236564862896657,0.011594087389614078,1.0
Nr2c2,0.02622446616104046,0.011632551185288257,1.0
Kxd1,0.026223502021452023,0.011635621210394173,1.0
Stt3b,0.026202120791569486,0.011703888542822555,1.0
Syne2,0.026201093807589573,0.01170717648481101,1.0
Med28,0.026187418852291665,0.011751035704010182,1.0
Tbl1xr1,0.02617410744647006,0.0117938688204715,1.0
Pcnp,0.0261436306708918,0.011892457997204037,1.0
Cpq,0.02614129804935911,0.011900033798839174,1.0
Hnrnpl,0.02613938205075885,0.011906259708106102,1.0
Chek2,0.02612029794253618,0.011968430040562732,1.0
AI413582,0.026118573855245044,0.011974060750095342,1.0
Ube2b,0.026109863685787386,0.01200254326945444,1.0
Etnppl,-0.0260799297625775,0.012100886449438337,1.0
Gar1,0.026078170447055817,0.01210668855625502,1.0
Slc43a2,0.026075466708887315,0.012115610112293819,1.0
2210016L21Rik,0.026074010714012937,0.01212041688828539,1.0
Eapp,0.02607151860811466,0.012128648170451763,1.0
Msl1,0.026063365343220922,0.01215561255697082,1.0
Tpgs2,0.026031979601273667,0.012259907562178013,1.0
Pja1,0.026031126540635288,0.012262753319444791,1.0
Tomm70a,0.026024769398261316,0.012283978785558626,1.0
Fopnl,0.02598921486057915,0.0124032906500716,1.0
Mfge8,-0.025983370028719494,0.012423002311105175,1.0
Nufip2,0.025964948501678534,0.01248531041649944,1.0
Hnrnph3,0.025946219273930374,0.012548942780926137,1.0
Tspan12,-0.025917091336212998,0.012648475174992046,1.0
Srsf1,0.02591167661490098,0.012667054516404912,1.0
Srsf10,0.025910372737790274,0.012671532070564746,1.0
Sdc4,-0.02586522890339202,0.01282742371813316,1.0
Mkln1,0.025846547227638066,0.01289243047306478,1.0
Dpm1,0.025843809160812102,0.012901982588893529,1.0
Arl6,0.02583950416104721,0.012917013821761813,1.0
Gga2,0.025830833288718883,0.012947335856897025,1.0
Otud5,0.025829586523272295,0.012951700968065222,1.0
Tmem237,0.02581796369839851,0.01299245687661247,1.0
Pdlim5,0.02581675304691234,0.012996708591028522,1.0
Inpp5f,0.025812602416040536,0.01301129462844222,1.0
Siah1a,0.025803135558786883,0.013044616986165313,1.0
Psma1,0.025778667630889873,0.0131310913966661,1.0
Slc39a7,0.025774364998201505,0.013146350025704304,1.0
Pafah1b2,0.025770073034516464,0.013161586434675139,1.0
Rab28,0.025764293758115533,0.013182127445960066,1.0
Ptch1,-0.02576242558630546,0.013188773460190163,1.0
Faim2,-0.0257589343708025,0.013201201387023813,1.0
Yipf5,0.025753874597005684,0.013219231396373005,1.0
Sssca1,0.025750684712645605,0.013230609422079383,1.0
Zranb1,0.025736126731513282,0.013282646389430703,1.0
Lrrc4b,-0.0257297190174597,0.013305607803979774,1.0
Zfp637,0.02569835550607203,0.013418502698209581,1.0
Snrnp48,0.025690448664007114,0.013447097111848029,1.0
Soga3,0.025688771000320756,0.013453171157181821,1.0
C1d,0.02566178722545368,0.013551200541740091,1.0
Ccdc12,0.0256581789765363,0.013564356668310778,1.0
Elmod1,-0.025655289568916134,0.013574899943207711,1.0
Hadha,0.02565005212032096,0.013594029532773345,1.0
Sat1,-0.025625493016476795,0.013684048719659253,1.0
Otub1,0.025587118226742766,0.013825762153217786,1.0
Reps2,0.025578582750037847,0.013857458217856217,1.0
Vps53,0.02556966312049214,0.013890649342031299,1.0
Pddc1,0.02554716448791939,0.01397468167982499,1.0
Flii,0.02554688888893104,0.013975713817020638,1.0
Hrsp12,0.025545717178819892,0.013980102703216715,1.0
Vdac3,0.025541971614381046,0.0139941406616219,1.0
Ict1,0.025525715865105804,0.014055209659437868,1.0
Fam178a,0.025512761543290588,0.014104044231582933,1.0
Gng5,-0.02550002842554705,0.014152190757943618,1.0
Smn1,0.025486986644222828,0.014201654668385888,1.0
Eif6,0.025483448616535426,0.01421509971216103,1.0
Ttc3,0.02547961870076662,0.014229666630364905,1.0
Ndfip1,0.02546650872610278,0.014279629580709005,1.0
Arfgap2,0.025457287923594724,0.014314863274400073,1.0
Celf4,0.02545313156895736,0.01433077021444926,1.0
Vamp2,0.025452889203404334,0.014331698261548727,1.0
Hdgf,0.025450788619262674,0.014339743873719018,1.0
Gstt1,0.02543455498690594,0.014402056043406747,1.0
Sdhb,0.025419399957180247,0.014460443414565698,1.0
Rpp21,0.025383451884093914,0.014599774992114227,1.0
Scnm1,0.02537960046924338,0.014614772695565393,1.0
Fabp5,-0.025368014532235916,0.014659971120689543,1.0
Cyld,0.02536216029983432,0.014682856150668324,1.0
Dctn6,0.02533866235328226,0.014775030095190109,1.0
Rnh1,0.02531935504462301,0.014851146875514443,1.0
Syp,0.02531918933182242,0.014851801671172195,1.0
Pfn1,0.02531792009507321,0.01485681776222524,1.0
Mef2d,0.025295981352352833,0.014943757012566514,1.0
Myo6,0.025292287351561006,0.014958439664377458,1.0
Rabac1,0.02528924838510252,0.014970528257624306,1.0
Nucb1,0.025246279747492554,0.015142374897642842,1.0
Calm1,0.025245282994372044,0.015146381791743137,1.0
Nifk,0.02523579079913225,0.015184586710348556,1.0
Nrgn,-0.025231255900731355,0.015202869050333776,1.0
Smim15,0.02522827403227021,0.015214900943596364,1.0
Mrpl28,0.025226262794249107,0.015223021058851302,1.0
Ufm1,0.025225634920333428,0.015225556800479823,1.0
Lsm8,0.025196572554886026,0.015343336225048763,1.0
Syn1,-0.02515093305852755,0.015529915579809237,1.0
Gria1,-0.025144181673371513,0.015557684816832612,1.0
Kcnip3,0.02513097344951654,0.015612138146083447,1.0
Foxo3,0.02512967666239956,0.015617493417184311,1.0
Hspb11,0.02512757383594811,0.015626180779800786,1.0
Cldnd1,0.02510877111172041,0.015704049212316575,1.0
H2-Ab1,-0.025089700260772667,0.015783376472750004,1.0
Slc25a36,0.025051693403907158,0.01594252167830709,1.0
Bcap31,0.02502218029684961,0.016067072551172144,1.0
Hspa1a,0.025018462812413756,0.01608282152695553,1.0
Ndufv1,0.025018180571713088,0.016084017782486686,1.0
Pkn2,0.02499126471680105,0.01619845851202633,1.0
Npc1,0.024983526723365887,0.01623149102439138,1.0
Prkaca,0.02497303409370982,0.016276377264767813,1.0
Pcdh9,0.02497237445322807,0.016279202769472367,1.0
Hdc,-0.024969457806520212,0.01629170110271316,1.0
Adi1,0.024951913321818113,0.016367060262544128,1.0
Plvap,-0.024932267105795235,0.016451810296900814,1.0
Sgta,0.02492195022769479,0.01649646950028263,1.0
Rwdd4a,0.024914269650866124,0.016529785908718304,1.0
Zfp280d,0.024907374999686708,0.016559743482371152,1.0
Psmd13,0.02489574638031699,0.016610378387291565,1.0
Avl9,0.024881001821672667,0.016674776562582053,1.0
Rps19bp1,0.024858706033256486,0.016772571727921556,1.0
Ddhd2,0.024850386800684788,0.01680919082425105,1.0
Marcksl1,-0.02484568267256397,0.0168299282137966,1.0
BC005561,0.024844050319539134,0.016837129424444295,1.0
Pttg1,-0.02484226392932841,0.01684501327714628,1.0
Zfp950,0.02483973031865117,0.016856200384200725,1.0
Maged2,0.02483050877045436,0.01689697301831934,1.0
Phactr1,0.024825838187059857,0.016917656778221393,1.0
Lin37,0.024797563249477815,0.017043347854518227,1.0
Parl,0.024760173034604652,0.01721081681800703,1.0
Raver1,0.02475619855968137,0.017228702877249348,1.0
Cryzl1,0.024751863173175508,0.017248231709804038,1.0
Wbp1,0.024742260624494423,0.01729155570746045,1.0
Tpm4,0.024736622601932576,0.017317037316398724,1.0
Ebpl,0.024725926312853617,0.017365470771913836,1.0
Larp1,0.024725645431492683,0.017366744218820434,1.0
Cdc37l1,0.02472431960113215,0.017372756312575312,1.0
Hacd2,-0.02472320464385038,0.017377813596385135,1.0
Tsc1,0.02471887377182747,0.017397470047641767,1.0
Dut,0.024718387103957552,0.017399680096245117,1.0
Fam107a,-0.024711763678869524,0.017429782771713406,1.0
Mdp1,0.024696798462847152,0.01749796606523315,1.0
Usp7,0.02466400370220291,0.017648200966881942,1.0
Tmem55b,0.02466320495292179,0.017651874146509695,1.0
0610037L13Rik,0.02465945478488704,0.01766912886792767,1.0
Hivep2,0.024653612638902565,0.017696038338047268,1.0
Kpna3,0.024652043843121658,0.01770327047154477,1.0
Itch,0.024639932233783197,0.017759192108728766,1.0
Uimc1,0.024620949172181654,0.017847151971911397,1.0
Sobp,0.024601214258295312,0.01793900000553405,1.0
Sptbn1,-0.024590203346346696,0.01799042548822997,1.0
H2-K1,0.024566002379372235,0.018103907898005183,1.0
Fam104a,0.024564724293773977,0.018109918443305527,1.0
Prkrip1,0.024543686734055537,0.018209104675073327,1.0
Smarcc1,0.024519653052104982,0.018322998492383134,1.0
Tmed5,0.024515227688576658,0.01834403779852789,1.0
Hnrnph1,0.02450221825648412,0.018406010447085584,1.0
Psmd4,0.02450103778723826,0.018411642870368342,1.0
Syn2,-0.02447155709515449,0.018552795401511276,1.0
Emc8,0.024468822127277592,0.018565938199051144,1.0
Rps26-ps1,0.0244367642935781,0.0187205994167258,1.0
Cdc37,0.024436284215397137,0.018722924065513433,1.0
Arid4a,0.0244320154612249,0.01874360545943333,1.0
Cops8,0.024423265104988514,0.018786061924843972,1.0
Tspan6,0.0244176243948022,0.01881347504258541,1.0
Nhp2,0.02441029227085322,0.018849160496484163,1.0
Hpcal1,0.024406684759281226,0.018866739974057186,1.0
Rpn1,0.024395705014022703,0.01892033274635121,1.0
Fbxo21,0.024392312490363274,0.018936918745974262,1.0
Ndel1,0.024380929225195903,0.018992664291676772,1.0
Thoc2,0.024377313402705648,0.019010401510319547,1.0
Nit1,0.024375127283086693,0.019021132422912708,1.0
Fbxo36,0.024369336578398237,0.01904958260326087,1.0
Ube2g2,0.02436786082894329,0.019056839019732666,1.0
Anxa2,-0.024362940827558882,0.019081048646656117,1.0
Cops3,0.024332498962203054,0.01923144115973255,1.0
Cd99l2,0.024323426739361526,0.01927646072016467,1.0
Cttn,0.024319637686564255,0.019295290578108887,1.0
Ntrk3,-0.024309202855172324,0.019347230013708725,1.0
Pcna,0.02428787465339347,0.019453771385808893,1.0
Cdk16,0.024265744302670877,0.019564861184841336,1.0
Txn1,0.024260511378119624,0.01959121023827174,1.0
Hectd1,0.024249991186632302,0.019644275764681026,1.0
Ccdc28b,0.024246108763588042,0.019663891010896065,1.0
Dctn2,0.02424573178044968,0.0196657965612705,1.0
Mea1,0.024230884749934296,0.01974097272723357,1.0
Scamp5,-0.02419480875365879,0.01992468560521154,1.0
Ndufs1,0.024186748975510854,0.019965932445983815,1.0
Gnao1,-0.024186655173378528,0.01996641292755078,1.0
Dzank1,-0.024183626085091777,0.019981934216739952,1.0
Folr1,0.024169627147128246,0.02005380275309035,1.0
Dnaja4,0.024165129159589516,0.020076942607100343,1.0
Tns1,-0.024144400244747115,0.020183883666707404,1.0
Fut9,-0.02414391649163616,0.02018638528563201,1.0
Impact,0.024127673121849953,0.020270541350266815,1.0
Ssna1,0.024126909277747684,0.02027450631051021,1.0
Ncdn,-0.024122899036547556,0.02029533376288099,1.0
Arl6ip4,0.02410115709100781,0.020408577174749476,1.0
Slc25a14,0.024094257502316186,0.020444628836228353,1.0
Ift57,0.024093676907082636,0.02044766508839471,1.0
Ufd1l,0.024092038931918684,0.020456233082074855,1.0
Kat6a,0.024090492738779376,0.02046432385060557,1.0
Ap1s1,0.02408764596260013,0.020479227481889194,1.0
Mxi1,-0.024057911550745204,0.020635461624974427,1.0
Tspan15,-0.02405095466139847,0.0206721649954025,1.0
Pcf11,0.024044359681560004,0.020707011524016043,1.0
Mtf2,0.02400870453765383,0.020896294101942575,1.0
Rnpep,0.02400194470332671,0.020932349581400434,1.0
Pik3c2a,0.023994929926397242,0.020969822170186524,1.0
Ap1ar,0.023984130605881903,0.021027625856513625,1.0
Phlda1,0.023980600837342353,0.02104654912527145,1.0
Pcbp2,0.02397417344200103,0.02108104482375661,1.0
Glt8d1,0.023937114922760443,0.021280899353790683,1.0
Smpdl3a,-0.023916129660523897,0.021394801812908065,1.0
Swt1,0.023906855266376655,0.02144530966944371,1.0
Phax,0.023904602866613053,0.021457591774088857,1.0
Rer1,0.02387157058475602,0.021638418100749013,1.0
Paxbp1,0.023864871234274294,0.021675253224954786,1.0
Psmd3,0.023855734078591494,0.02172558012688992,1.0
Trip12,0.02384774684898275,0.021769656568874307,1.0
Trim44,0.023843592487133993,0.021792612595570506,1.0
Gnrhr,0.023832309085997656,0.02185506833939109,1.0
Acin1,0.02382148186700338,0.021915145381019886,1.0
Mrps7,0.023792592601144368,0.022076146954799314,1.0
Smek2,0.023788287194728495,0.02210022910259952,1.0
Krt18,0.023783230498821098,0.02212854273488196,1.0
Dtd1,0.023742058439415525,0.02236025115563196,1.0
St3gal6,-0.023727178608767364,0.022444509327804556,1.0
Mef2c,-0.02371854637291555,0.022493516398162956,1.0
Stard7,0.02368536653125597,0.022682752282650615,1.0
Mid1ip1,-0.02367781047257766,0.022726039912139083,1.0
Cfap36,0.023671071811936974,0.022764705306488556,1.0
Arid2,0.023661624447619024,0.022819009042417595,1.0
Mphosph6,0.023657247407985124,0.02284420651919537,1.0
Gpld1,-0.023654884879234388,0.02285781702218018,1.0
Usp37,0.023652002435149568,0.022874432290728577,1.0
Tsen34,0.023650099948001636,0.0228854045409185,1.0
Rilpl2,0.02363798596001844,0.02295537705695976,1.0
Nsfl1c,0.02362740254279263,0.023016660726271412,1.0
Prex2,-0.02362597029607127,0.02302496510873969,1.0
Pdcl,0.023621742738197983,0.023049492302801722,1.0
Sec61a2,0.02358559923668803,0.023260115278586756,1.0
Hnrnpd,0.023584725311952284,0.02326522861458254,1.0
Rbm6,0.02358307472452931,0.023274888867927203,1.0
Chd2,0.023544482474454374,0.0235017489650882,1.0
Apopt1,0.023544219999530963,0.023503298439724703,1.0
2010320M18Rik,0.023502222475508986,0.023752368048381715,1.0
Ier5,-0.02349289700197479,0.02380798309311321,1.0
Ppp4c,0.023450247292507238,0.024063778232377167,1.0
Polr2a,0.023447781350588715,0.024078640511303033,1.0
Vps36,0.023434680317712307,0.024157734205112157,1.0
Tspan17,0.023432676217670975,0.024169853218056758,1.0
Abr,-0.02342939792844541,0.024189688753909592,1.0
Gm10320,0.023414026117986108,0.024282885358176527,1.0
Mplkip,0.023399618101834798,0.02437052101708942,1.0
Angel2,0.023369774355624585,0.024552915452323344,1.0
Ufl1,0.02336778702213916,0.024565103219671796,1.0
Ypel5,0.02336613088968675,0.02457526382577769,1.0
Hmgcr,0.023362536312004415,0.024597329593669545,1.0
Lmo4,0.02335308797121735,0.024655411285304435,1.0
Tspyl2,0.023326712421180517,0.024818178533150596,1.0
Oxct1,-0.023315418404702925,0.024888159532095017,1.0
Psmc5,0.023295109826183196,0.02501442727629641,1.0
Ddit3,0.023294468243588086,0.025018425309701206,1.0
Abhd18,0.023294116512510486,0.02502061736294707,1.0
Basp1,-0.023283400539485494,0.025087481035349146,1.0
Rnf128,0.0232714058431495,0.025162506863797535,1.0
Rnf20,0.023235172195376904,0.025390325817841924,1.0
Hyou1,0.023230210217315448,0.025421662751035665,1.0
Unc50,0.02322963465658572,0.02542529981871091,1.0
Srek1,0.02322289354337364,0.025467931602541693,1.0
Mrpl4,0.023217473311364277,0.025502254778161468,1.0
Itgav,0.023212825151091535,0.025531720736623287,1.0
Gnpnat1,0.02320328584557961,0.02559228525185998,1.0
Lrpap1,0.02320107133716711,0.02560636280010024,1.0
Tsr2,0.023182353230059575,0.025725620907075118,1.0
Smim14,0.023181130846080155,0.02573342572528575,1.0
Adam10,-0.02317650224153771,0.02576299753217921,1.0
Auh,0.023167794228883955,0.025818712023120634,1.0
Mapk1ip1l,0.023156358512927043,0.02589203677138025,1.0
Hsd17b10,0.023146085191804805,0.025958061796351937,1.0
Chchd10,0.023126518357221907,0.026084217440588864,1.0
Ccdc6,0.02312100407600615,0.026119865912222758,1.0
Mrpl9,0.023119395687129486,0.02613027167915668,1.0
Dnajc15,0.023113772213850883,0.026166681937348925,1.0
Afg3l1,0.02310177022534787,0.026244537787531698,1.0
Eif3g,0.023054497648804274,0.026553140823399185,1.0
Clcn4,0.023040300016704016,0.026646435139731268,1.0
Amotl1,0.02303154525477523,0.026704104694448658,1.0
Galnt1,0.02302841917245942,0.026724722986761006,1.0
Nrxn3,-0.02297486291075539,0.027080097906625123,1.0
Psmb4,0.022967172605555534,0.027131460643850615,1.0
Rab27a,0.022964611329817367,0.027148585786255165,1.0
Papola,0.022958396328498915,0.027190179165905885,1.0
Tfg,0.022952755208941668,0.027227979482224718,1.0
Ubr3,0.02291863357379262,0.02745759153493467,1.0
Rsbn1l,0.022909769032601137,0.027517515600767883,1.0
Cdipt,0.02290826442358155,0.027527697907352534,1.0
Top2b,0.022899901847220672,0.027584350133214655,1.0
Hid1,0.022895489167674837,0.02761428431026084,1.0
Ptgds,0.022869590020731235,0.027790540956648974,1.0
Mum1,0.02284033656779673,0.027990790979243525,1.0
Sun1,0.02284012027986916,0.0279922761643689,1.0
Fkbp4,0.022836707606349708,0.028015718974190675,1.0
Lamtor5,0.02280450596513986,0.02823775728068466,1.0
Pnrc2,0.022800377435947868,0.028266333874620953,1.0
Tmem165,0.022799168981090863,0.028274703193820513,1.0
Hiat1,0.022794627034841648,0.02830617815657983,1.0
Fam134a,0.022774636515903623,0.028445068295804288,1.0
Galnt16,-0.02276088098421635,0.028540979547797184,1.0
Ppp2r3a,0.022741701103892068,0.028675177205253487,1.0
Gosr2,0.022723671441632207,0.02880182206825742,1.0
Gkap1,0.02270666071853224,0.028921750810563793,1.0
Lin7c,0.02269832052756003,0.02898070756176982,1.0
Cct2,0.022688659449711844,0.02904913093012904,1.0
Itfg1,0.022687057849243204,0.029060487487261387,1.0
Crip1,-0.02268588707607054,0.029068791570487144,1.0
Ppp1r9a,0.022669709770141502,0.029183743493988407,1.0
Zfp36l1,-0.02266413443280921,0.029223450979563605,1.0
Mettl9,0.02265444047928536,0.029292601873239472,1.0
Lrrc51,-0.022627333431145195,0.029486715035452297,1.0
Ubn1,0.02261801076349299,0.02955372969244096,1.0
Tmem243,0.022600194900334575,0.029682160826162974,1.0
Nfyb,0.022598265790907054,0.029696096155874267,1.0
Rlim,0.022590802939184744,0.029750058626619856,1.0
Zfp36,0.022587534332220664,0.02977371984021216,1.0
Cct5,0.022584819697547092,0.029793383183458547,1.0
Syngr1,-0.022581054154822304,0.02982067721757792,1.0
Get4,0.02257778260911882,0.02984440802702172,1.0
Hnrnpll,0.022536638251718283,0.030144245402252547,1.0
1700123O20Rik,0.022507738817681602,0.03035639280174082,1.0
Tnpo3,0.022498473458400153,0.03042467967136219,1.0
Map4,-0.02247235780423824,0.030617865811152667,1.0
March7,0.022463990656155994,0.0306799827518109,1.0
Ccser2,-0.022444516343851632,0.030824977382549662,1.0
Ywhah,-0.022442395231699778,0.030840805441297383,1.0
Tmem80,0.022435483522660504,0.03089243007094384,1.0
Stt3a,0.022433383183007763,0.03090813252174643,1.0
Abhd8,0.022417633132687936,0.03102610067993465,1.0
Eif4b,0.02240795213949412,0.031098803070600624,1.0
Eef1e1,0.022360854997808374,0.03145458256228557,1.0
Dnajb1,0.022355221890154056,0.03149736881153113,1.0
Grina,-0.02232578024325927,0.03172180580391812,1.0
Cct7,0.022306427126656703,0.03187008250357041,1.0
Esd,0.022305604087582944,0.03187640148459073,1.0
Psmc2,0.02229504076600725,0.03195759804272372,1.0
Gars,0.02227893605458027,0.032081730451644516,1.0
Mrps23,0.022273494195832792,0.03212376867649344,1.0
Taldo1,0.02226336946993175,0.0322021075482726,1.0
Pgam1,0.02225214262085089,0.032289165293437574,1.0
Tmcc1,0.022249852801760645,0.032306946255684144,1.0
Epc1,0.02223732750350696,0.032404356527938195,1.0
Rbbp7,0.0222295953608569,0.03246461553829078,1.0
Ghrhr,-0.022195601415076587,0.032730680838439975,1.0
1190007I07Rik,0.022190922627167157,0.03276744674312207,1.0
Ormdl2,0.022182612976158932,0.03283283112619697,1.0
Gapvd1,0.02217993819810524,0.03285390133130392,1.0
Fbxw2,0.022166171943492262,0.03296252633596885,1.0
Csnk2b,0.0221632241388278,0.03298582641458362,1.0
Exoc1,0.022146333682042576,0.03311960416099028,1.0
Odf3b,-0.02214539564403789,0.03312704730671737,1.0
Arxes2,0.022140884708741447,0.03316286068064186,1.0
Phgdh,-0.02213930920755371,0.033175376758116604,1.0
Rorc,0.022134237659266955,0.033215693541303756,1.0
Impad1,0.022133097219833146,0.033224765350482084,1.0
Mtch2,0.02212718958242302,0.03327179254510204,1.0
1110059G10Rik,0.022124994730506428,0.033289278962091357,1.0
Mrpl50,0.022094063316521514,0.033536547380571824,1.0
Qars,0.022088858998021856,0.033578305164197346,1.0
Dhx30,0.02207465545405786,0.03369249619697054,1.0
Cadps,-0.022065533010686287,0.033766012123583794,1.0
Gskip,0.022064661669769565,0.033773041254106954,1.0
Rprd1b,0.022063040429753343,0.03378612317027003,1.0
Gm15417,0.022057013952481087,0.033834789290874585,1.0
Tkt,-0.022052395988546976,0.03387212166962415,1.0
Ergic2,0.022050129280966727,0.033890458986546385,1.0
Faim,0.022037533864450478,0.03399250864339605,1.0
Sbno1,0.022021804449774463,0.03412031906251529,1.0
Gpbp1l1,0.02199418537046289,0.03434573349846548,1.0
Uri1,0.021989424503516184,0.03438471782080181,1.0
Txn2,0.02198524833433583,0.034418945467297,1.0
Rnaset2b,0.021983394472712497,0.034434148937895294,1.0
Slc6a6,0.021979752572857163,0.03446403276848963,1.0
Cyth2,0.021973964226221897,0.03451157498485912,1.0
Zranb2,0.021931908336629412,0.034858683314751296,1.0
Stag2,0.021895150903712267,0.035164497559496376,1.0
Klhl7,0.021864026131240794,0.03542523665356161,1.0
Ndufaf4,0.02185034604381752,0.035540358518343515,1.0
Hnrnpul1,0.021842925869220698,0.03560293480201836,1.0
Helz,0.021829699964538807,0.03571470537911968,1.0
Stx3,0.02182596049818546,0.035746361385636034,1.0
Ubald2,-0.02182563308168431,0.03574913422987452,1.0
Ago2,0.021817692636341857,0.03581643692932909,1.0
Cct8,0.02181469443909803,0.03584187753926143,1.0
Manbal,0.02181161819981185,0.03586799637308366,1.0
Zfand3,0.021810199868068373,0.03588004419498251,1.0
Ywhaq,0.021804175162603315,0.035931258682376864,1.0
Tbc1d15,0.021803250388743967,0.03593912546452761,1.0
Zfhx3,0.0218004805083775,0.03596269681730479,1.0
Ppp5c,0.02180000006543187,0.03596678667071543,1.0
Cct3,0.021765837314905043,0.03625862129931113,1.0
Surf1,0.021761486300594653,0.03629593423168124,1.0
Rtn4,0.021758618068337805,0.03632054918168909,1.0
Pex19,0.021753475273207576,0.036364719876215756,1.0
Cadm3,-0.02175296345040395,0.036369118348692685,1.0
Gmppb,0.02175210954349478,0.03637645761234286,1.0
H2-Eb1,-0.021741910882590487,0.03646421190241776,1.0
Tubb2b,-0.021736989498093176,0.03650662238950997,1.0
Hax1,0.021725305566199803,0.0366074781003016,1.0
Hist1h4i,0.021715766851363526,0.036689992184846636,1.0
Fundc1,0.021709817496325706,0.036741536899022494,1.0
Rnf5,0.02170089481594974,0.036818957859093664,1.0
Sil1,0.02169360144552914,0.03688234465628175,1.0
Enho,0.02168444172202768,0.036962083571470995,1.0
Gprasp1,0.021680526111345223,0.036996215227089624,1.0
Tapbp,0.021680137783342695,0.03699960167277131,1.0
Cfdp1,0.021665712663038985,0.037125584219914756,1.0
Rad23b,0.02165870582071028,0.03718691049585324,1.0
Gm9844,0.0216411234301822,0.03734117735817387,1.0
Psma6,0.021630435903505888,0.03743521497641219,1.0
Kmt2a,0.021610290120194577,0.03761302208491978,1.0
Far1,0.021601493347925032,0.03769088765214735,1.0
Commd4,0.021592725116165494,0.0377686370030279,1.0
Ociad2,0.02156092678413564,0.038051743456403005,1.0
Ppm1b,0.021557265087092572,0.03808445978190955,1.0
Syncrip,0.021531660823551804,0.038313896285610216,1.0
Pnpla8,0.021514093306129606,0.038471995240235715,1.0
Uba1,0.02150754394858679,0.038531077918583734,1.0
Pgrmc1,-0.02150689969821816,0.038536893955110514,1.0
Ndufb9,0.021498550819428006,0.03861233181633113,1.0
Phf20l1,0.0214970411929182,0.03862598571649174,1.0
Hnrnpa3,0.021495809529505226,0.03863712860273895,1.0
Tsn,0.02148668699045022,0.038719745476167175,1.0
Map9,0.021479154871923506,0.038788072018615824,1.0
Gm9493,0.021458768715131735,0.03897351610022272,1.0
Tmem60,0.021453940752211735,0.03901754410950895,1.0
Mrpl49,0.021441522689483204,0.03913098317969718,1.0
Gnl1,0.02142885040226775,0.03924703317599579,1.0
Thoc3,0.021418751822738537,0.03933972281321865,1.0
Hnrnpf,-0.02141871852881126,0.0393400287080242,1.0
Cadm4,-0.021418040833248664,0.03934625561426248,1.0
Llph,0.021409959754782187,0.03942057191308259,1.0
Fech,0.021402965786319644,0.039484986933226725,1.0
Copz1,0.021398853635196242,0.039522901868578264,1.0
Ddx50,0.02139139047202396,0.039591792800096656,1.0
Col4a1,-0.021390440417257437,0.03960056986871543,1.0
Tpgs1,0.02137107477950083,0.039779839252097896,1.0
Gsk3b,0.02137068364064062,0.03978346714056179,1.0
Zbtb21,0.021370234157476884,0.03978763653034723,1.0
Chrac1,0.021360023987938393,0.03988244560216713,1.0
Gclc,0.02133423242415457,0.04012279348106964,1.0
Whrn,0.02133228573776342,0.04014098412325391,1.0
Exosc4,0.021330220629042624,0.04016028899732911,1.0
Pcdh10,-0.021328444999188425,0.040176894084289344,1.0
Psap,-0.021327091181002292,0.04018955844340528,1.0
Cetn3,0.021324338208334435,0.04021532170346131,1.0
G0s2,0.021316778532548274,0.040286139775739215,1.0
Phkg2,0.021304224274577958,0.040403980059935944,1.0
Supt16,0.02130290969438878,0.04041633622447102,1.0
Rab3gap1,0.021271034811700913,0.040716920551673676,1.0
Cspg5,-0.021262033585251226,0.04080214555079069,1.0
Cnn3,0.02125590833682962,0.04086022673524512,1.0
Srprb,0.02124203860038541,0.04099200209917762,1.0
Arhgap31,-0.021233355025175378,0.0410746872470388,1.0
Strap,0.02120814092098501,0.04131557747467097,1.0
Smu1,0.021203621195527395,0.04135888418053715,1.0
Dennd5a,-0.021170331842574767,0.04167903884379187,1.0
Kif21a,0.021160430757293767,0.04177466463920799,1.0
Atxn1,0.021153200444196954,0.041844613071200694,1.0
Man1a2,0.02115055183349879,0.04187026139733196,1.0
Gltp,-0.021143298324059527,0.04194057025365055,1.0
Madd,0.02114021268948379,0.04197050983515644,1.0
Timm9,0.021129559164124113,0.04207401889533192,1.0
Cdk5,0.021125907747158824,0.04210954552165391,1.0
Shtn1,0.02112144682924981,0.04215298266293082,1.0
Magt1,0.02112108385263604,0.042156518729535505,1.0
Rap1gap,-0.02110677575035116,0.04229610626885351,1.0
Pkd2,0.021095331916450365,0.042408031665929484,1.0
Prlr,0.021082222700068532,0.042536552900621076,1.0
Tbl1x,0.021078770627259165,0.042570451352843874,1.0
Nr2f6,0.021070683674154395,0.04264995255983559,1.0
Dock7,0.021052483890266652,0.0428293301961069,1.0
Trmt1,0.0210515450460254,0.04283860074485674,1.0
Hdgfrp2,-0.021050915500362383,0.04284481809739889,1.0
Fam177a,0.021045155510897126,0.04290173880558894,1.0
Ddx41,0.02104454984892519,0.04290772772094097,1.0
Arih1,0.021034214253425984,0.043010037269875845,1.0
D5Ertd579e,0.02103037619815944,0.04304808170268814,1.0
Spin1,0.02101230014240051,0.04322764181536873,1.0
Rabep1,0.021010939926307193,0.0432411792059563,1.0
Prpf39,0.021006362427105733,0.04328676253940882,1.0
Ppp2r2d,0.020997339300086345,0.043376734899615875,1.0
Cdc42bpa,0.02098930867852562,0.04345694349773077,1.0
Cops4,0.020982435884123917,0.04352568734738179,1.0
Ubxn1,0.02097524869272188,0.04359767411327856,1.0
Bloc1s1,-0.020965464576146207,0.04369583321173355,1.0
Mdm2,0.020960068996374384,0.043750044124328875,1.0
Rab3gap2,0.020953446311098137,0.04381666173102307,1.0
Ssr1,0.020949413080830263,0.043857273948189814,1.0
Irf3,0.020945104046860532,0.04390069845214456,1.0
Cd27,0.02092138522904903,0.04414037630921049,1.0
Npc2,0.020921049069297943,0.04414378111311798,1.0
D17H6S53E,0.020897935429314677,0.044378420436699165,1.0
Med9,0.02089549822223232,0.04440322308757448,1.0
Med13l,0.020877728654027594,0.04458441182410614,1.0
Mfn1,-0.020873612003588747,0.044626476419309176,1.0
Pdia4,0.02086046257793396,0.04476106366158674,1.0
Psmd2,0.02085611003343773,0.044805688242434326,1.0
Uqcrc1,0.02085354063907622,0.044832048634086824,1.0
Eif4a3,0.020829052836126235,0.04508393519074166,1.0
Slmo2,0.0208267148844683,0.04510804610868033,1.0
Igfbp3,-0.02081491647820432,0.04522988706875764,1.0
Mrpl38,0.020787535174067343,0.04551372029097141,1.0
Lsamp,-0.02078561096978903,0.045533722810020154,1.0
Cdc73,0.020782691474233096,0.045564085740972066,1.0
Fam195b,0.0207796314048591,0.04559592895682687,1.0
Rax,-0.020767083419403653,0.04572669998234539,1.0
Bre,0.020748339216137893,0.04592263436118519,1.0
Ccndbp1,0.020746555850871942,0.0459413127757916,1.0
Dhx15,0.02074485576567722,0.045959124897266584,1.0
Taf6l,0.020738844246266007,0.04602215539758433,1.0
Lrrc59,0.02073390006569819,0.04607404943886551,1.0
Pdhb,0.020728037730119712,0.04613564425848363,1.0
Smim7,0.02072247517309414,0.046194153432453755,1.0
Saysd1,0.020712436587137385,0.04629990135017604,1.0
Cyb5r3,0.020696754925950897,0.04646550201820192,1.0
Rgs4,-0.02069583639935533,0.04647521723058205,1.0
Mpc1,0.02066955417038923,0.04675392829804056,1.0
Gm10116,-0.020659519682456634,0.046860709787717135,1.0
Gmfb,0.02065590797762602,0.04689919373852363,1.0
Mdk,-0.020627458693429676,0.0472032610912089,1.0
Usp11,0.02062595189606267,0.04721941193675718,1.0
Higd2a,0.020620287958748047,0.047280163312902836,1.0
Btbd1,0.02060673646880783,0.047425783339287014,1.0
Pqlc1,0.02060635222423092,0.04742991780114931,1.0
Ccni,0.020605886876515815,0.047434925336416085,1.0
Ddost,0.020588996574279872,0.047616980350910054,1.0
Mpdu1,0.02058763761674108,0.04763165360041978,1.0
Sumo3,0.02055364780884945,0.047999894317020536,1.0
Smarcd1,0.02054728276062193,0.04806911755316059,1.0
Osbpl6,0.020536726180840147,0.04818411077979856,1.0
Idh1,0.02053567524700567,0.04819557127862828,1.0
Tsc22d4,-0.02052183153650482,0.04834675165486443,1.0
Senp6,0.020506623246926026,0.04851329281435755,1.0
Tob2,0.020485379826941232,0.048746728924783655,1.0
Dapk3,0.020482522075486564,0.04877820353729425,1.0
Nae1,0.020480475454854267,0.048800755024466534,1.0
Hnrnpa0,0.020477762431660943,0.04883066301737351,1.0
Lman2,0.020456938306127114,0.04906073793188862,1.0
Rsu1,-0.020448670162680337,0.04915234029308154,1.0
Mrpl18,0.020447751823731864,0.049162523374848895,1.0
Khsrp,0.02044015866824467,0.049246788587574045,1.0
Enpp5,-0.020438299796907783,0.04926743590679084,1.0
Ilf2,0.020437831638794472,0.049272637094013014,1.0
Dbnl,0.020435363401113828,0.04930006657127129,1.0
Rhbdd2,0.02040188650388453,0.049673361500310376,1.0
Ttyh3,-0.020400218711050074,0.04969202057675937,1.0
Lrrfip2,0.02038889814018326,0.049818829237097614,1.0
Ccdc181,0.02038546720738149,0.049857314752559015,1.0
Mpv17,0.020368379605550033,0.050049361473776574,1.0
Ndnl2,0.020356273709848837,0.050185793973486964,1.0
Kmt2e,0.020348443341710844,0.0502742075087819,1.0
Armcx2,0.020347276562847773,0.05028739290227939,1.0
Synj2bp,0.02034153857861559,0.05035227819464048,1.0
Chd5,0.02032794365097924,0.050506290073143174,1.0
Tmem130,-0.020323818305403224,0.05055310255306453,1.0
Ift43,-0.02031692381768295,0.05063141908681947,1.0
Fastk,0.020311480246952014,0.050693325999252116,1.0
Scap,0.020298348487777132,0.05084292768592767,1.0
Mtss1,0.020296657582250386,0.05086221792684348,1.0
Diablo,0.020291996811218207,0.05091542081194273,1.0
Ppp6r3,0.020287087017778555,0.050971516692073754,1.0
Ank2,-0.020282454420362278,0.051024492963901096,1.0
Myo10,-0.02027647101647818,0.05109298465869278,1.0
Ddx17,0.020263293107744832,0.0512441029268402,1.0
Srsf11,0.020258778002557404,0.0512959660811005,1.0
Ctnnd1,0.020246957243701725,0.05143195438710982,1.0
Gatad2b,0.020242274487809547,0.05148590909170981,1.0
Kmt2c,0.020233775964017615,0.051583950053831415,1.0
Mrpl2,0.020230296327522962,0.0516241370058113,1.0
Tmcc3,0.020224872619366563,0.051686828629052904,1.0
Scaper,0.020223700475577498,0.051700385585817334,1.0
0610007P14Rik,0.020209678470238173,0.05186279419136437,1.0
Slc25a11,0.020187504870874524,0.05212048878968622,1.0
Rsbn1,0.020183080314331508,0.052172037533235086,1.0
Krit1,0.020150712164125884,0.05255044411387876,1.0
Sec13,0.020143009718916714,0.05264082827304157,1.0
Sp3,0.020099214987132272,0.053157209376893666,1.0
Agap3,-0.02009349244498025,0.05322499504485085,1.0
Ktn1,0.02005860880510085,0.05363976806886307,1.0
Rnf145,0.02005449647136905,0.0536888418174962,1.0
Dnajb4,0.020050645395227003,0.0537348318763763,1.0
Sbds,0.020042167697206688,0.05383618955044988,1.0
Clns1a,0.020039309346534973,0.05387039937456323,1.0
Inpp4a,0.020037313883573403,0.05389429258437754,1.0
Fshb,0.020015360167759635,0.05415774569043813,1.0
Eri3,0.020010351889920355,0.05421799725733091,1.0
Ube2d1,0.020006516800306885,0.05426417270448572,1.0
Lrrc10b,0.0199827983784545,0.05455047793643686,1.0
Tsnax,0.019964933128886718,0.05476696038671951,1.0
Fndc3b,0.019964231666237873,0.05477547496595864,1.0
PISD,0.019958582367901843,0.054844088213238426,1.0
Baiap2,0.019957777891565852,0.05485386476319281,1.0
Cers2,0.019954529722859903,0.05489335352236256,1.0
Oser1,0.019952379395789983,0.05491950859566962,1.0
Tuba1a,0.019949477689497314,0.05495481938806123,1.0
Fbxw5,0.0199427526730073,0.05503672871374525,1.0
Vps37a,0.01993997097968341,0.05507063890926269,1.0
Apip,0.01993808328540375,0.055093660738974176,1.0
Akr1b3,0.019931915601432145,0.055168936141584225,1.0
Runx1t1,0.019928480458416546,0.0552108985579222,1.0
Sdc3,-0.01992516055518588,0.05525147852136555,1.0
Snrpa,0.019917249772882176,0.05534827407458024,1.0
Snx14,0.019910983367261444,0.05542504945870698,1.0
Gatad2a,0.019896932002269968,0.055597528002365136,1.0
Ipo7,0.019882744516222912,0.05577213082950295,1.0
Gabbr1,-0.019880444491409535,0.05580047979507421,1.0
Dnm3,0.01987305173866857,0.05589168049323531,1.0
Creb1,0.01986506171383824,0.055990388986797986,1.0
Ralgps2,0.019860779422110172,0.05604335199290043,1.0
Enkur,-0.019858811076046628,0.056067710313399216,1.0
Ube2v2,0.01985799304062721,0.0560778361101487,1.0
Cipc,-0.019846100811456588,0.056225212408071164,1.0
Stk11,0.019820845391643586,0.05653926375453318,1.0
Sgsm2,0.019814985569768538,0.05661233896011326,1.0
Ccdc47,0.019814424082134734,0.05661934514440364,1.0
App,-0.01981214945633891,0.05664773507071902,1.0
Larp4,0.019810358382742543,0.05667009804837096,1.0
Pigk,-0.01979616968376145,0.056847514955613895,1.0
Mns1,-0.019792122451956627,0.05689820656425253,1.0
Asph,0.01976113575700121,0.05728756250035682,1.0
Smarca2,0.019749595751817207,0.05743313073457927,1.0
Laptm4a,-0.019742655271265164,0.057520827527056714,1.0
Puf60,0.01973344615724267,0.057637361571989086,1.0
Vstm2l,0.019717521110757412,0.05783934349862848,1.0
Zzz3,0.019711704418745205,0.05791326477973828,1.0
Rev1,0.019692185180399092,0.05816189848142435,1.0
Tmem147,0.01968568827701025,0.058244851696662464,1.0
Pigx,0.019680605327055924,0.058309819892176665,1.0
Gdap1,0.019677824631262723,0.058345387077261314,1.0
Ppp1r15a,0.019668035800192638,0.05847073696649109,1.0
Hcfc1,0.01965587899761928,0.058626720938817246,1.0
Arid4b,0.01965492444245945,0.05863898345558373,1.0
Ctsl,-0.019641460146059022,0.058812177048522776,1.0
Plekhb1,0.019630245261138903,0.05895676004288881,1.0
Eif2s3x,0.019618315184564524,0.05911088705803402,1.0
Zfp672,0.019614569630187564,0.059159345531763455,1.0
Sertad2,0.01959416641233202,0.05942389338905682,1.0
Ppp1r10,0.019591580988004606,0.05945748592202456,1.0
Fmr1,0.019584285060987767,0.059552367190407726,1.0
Trim26,0.019583802084805674,0.05955865257567149,1.0
Magi1,-0.01957767978952843,0.059638374989604497,1.0
Hint3,0.019569724143941206,0.05974210287554922,1.0
Gls,0.019561396376080085,0.059850842833552874,1.0
Arfgap1,0.019561223138812256,0.05985310662334202,1.0
Cdk5r1,-0.019559631221005652,0.05987391244193246,1.0
Chid1,0.019556769635655936,0.059911327458587384,1.0
Pdxdc1,0.019549723057174274,0.060003543606005974,1.0
Clu,-0.019534401951925014,0.06020445178547269,1.0
Rbm15,0.019524266630942436,0.06033766412996498,1.0
Erp44,0.019514984574756013,0.060459875918212204,1.0
Sod2,0.019504052567955905,0.060604074709854204,1.0
Tmem63b,0.01949534837018238,0.0607190912264271,1.0
Slc39a10,-0.01947315796216821,0.06101313177495228,1.0
Itm2c,-0.019473148381282192,0.06101325898355969,1.0
Tsfm,0.019469467015977713,0.06106215395450525,1.0
Slc7a14,0.019467464040796346,0.06108877059715758,1.0
Taf6,0.019456467196278502,0.06123507399414059,1.0
Cit,0.01945525882248273,0.0612511680277459,1.0
Dr1,0.0194489179599184,0.06133567783807281,1.0
Cpsf3,0.01944734696093038,0.06135663072930702,1.0
Lamtor1,0.0194465476919052,0.06136729309758604,1.0
R3hdm4,0.0194278031909691,0.06161778771214242,1.0
Tmed10,0.019420038297456373,0.06172180250976478,1.0
Tmem219,0.01941142859424222,0.06183730382040847,1.0
Prrc2a,0.01940946250927507,0.06186370440932602,1.0
Atf6b,0.019402278730018804,0.061960247508421225,1.0
Slc50a1,0.019387384379708883,0.06216081047162302,1.0
Txnl4a,0.01938296458380229,0.062220429374281815,1.0
Btrc,0.01936364059456774,0.062481647602276105,1.0
2210016F16Rik,0.01932601349591979,0.06299288627333922,1.0
Gprc5b,-0.019314103930314325,0.06315541984265473,1.0
Ilkap,0.01931213777342515,0.06318228590097945,1.0
Vps4b,0.01928991340679604,0.0634866224060768,1.0
Fam229b,0.019283483773159835,0.06357489417005069,1.0
Cdc42se2,0.019278525226854564,0.06364303874879297,1.0
Rab6b,-0.01927401072005647,0.06370513341418103,1.0
Dhrs1,0.01927246294877569,0.06372643370821288,1.0
Insm1,0.01927153604064411,0.0637391925531769,1.0
Bad,0.01925034901819128,0.06403140658357286,1.0
Elf2,0.01924563834978788,0.06409652677563425,1.0
Rab22a,0.019241316294576604,0.06415632287190355,1.0
Atad1,0.019201606328366778,0.06470787256857044,1.0
Tox2,-0.019200196421348244,0.06472752709671041,1.0
Eif5,0.019194843187911842,0.06480219763924909,1.0
Alyref,0.019175453338338106,0.06507325553177214,1.0
P3h3,0.019159426952801744,0.06529799953133722,1.0
Rhou,0.019148252711524365,0.06545507847527948,1.0
Zfr,0.019146131863828637,0.06548492687611386,1.0
Btbd9,0.0191315288218164,0.06569075202008184,1.0
Aamdc,0.019129416759036046,0.06572056494848136,1.0
Jmjd6,0.01912700130654853,0.0657546740576847,1.0
Nudt16l1,0.01912673885270621,0.06575838110181169,1.0
Mcts1,0.019101881500494296,0.06611026163533172,1.0
Lsm1,0.019100763883243197,0.06612611898966467,1.0
Mtus1,-0.019099825047619774,0.06613944211574938,1.0
Alg5,0.019059769734261434,0.06670993490617871,1.0
Mmadhc,0.019046596120399488,0.06689844477380491,1.0
Pdzd11,0.01904529935870163,0.06691702466938304,1.0
Slc48a1,0.01902993689691868,0.06713746017402,1.0
Csrp2,-0.01902604370815539,0.06719341823596704,1.0
Naa10,0.019025309592027657,0.06720397422448939,1.0
Cfl1,0.01901349215611702,0.06737408714978711,1.0
Zfp326,0.018997900128320467,0.06759907757596016,1.0
Efr3a,0.01898048483696221,0.06785110769390465,1.0
Snx17,0.018977468499253827,0.06789483785605072,1.0
Suclg1,0.018968457310681412,0.06802561803528037,1.0
Sec11c,0.018961158867087418,0.0681316927490834,1.0
Scamp1,0.018960707632716976,0.06813825539710827,1.0
Smarcb1,0.01895433538298414,0.06823098742201383,1.0
Dcakd,0.018938360170538224,0.06846392248879464,1.0
Palm,-0.018929749228735644,0.06858974973631428,1.0
Ift27,-0.018919095169594634,0.06874569495581916,1.0
Lxn,-0.018903229524993855,0.06897846282211258,1.0
Cnot2,0.018900125333109714,0.06902408064712481,1.0
Fto,0.018892396508331716,0.06913776768768048,1.0
Ak1,0.01889037558267614,0.06916751981572161,1.0
Syf2,0.018889461910850492,0.0691809743708676,1.0
Sipa1l1,0.018867235186431956,0.0695089435279442,1.0
Luc7l2,0.01886332673636126,0.06956674689994388,1.0
Tcaf1,0.018861143875229875,0.06959904713189823,1.0
Emc10,0.01885664156565186,0.0696657075903117,1.0
Fmn2,-0.01885654897356646,0.06966707904336192,1.0
Ankrd12,0.018847104225694217,0.06980708898528937,1.0
Cul5,0.01883890789204809,0.06992877939397973,1.0
Gpc4,-0.018827972317720126,0.07009141014867298,1.0
Thap11,0.018827182720714382,0.0701031648138867,1.0
Atp5b,0.01882632604783693,0.07011591986139588,1.0
Zfp266,0.018817386190208688,0.07024913952154692,1.0
Tppp3,-0.01878610465229109,0.07071692508393267,1.0
Scn2a1,0.01878454301010761,0.07074034473275279,1.0
Luc7l3,0.018780933689949025,0.07079449735213669,1.0
Ppwd1,0.018731509935865906,0.07153945438583753,1.0
Rangap1,0.0187221024171271,0.07168197760545247,1.0
Gsta4,-0.018702739318768875,0.07197605923247324,1.0
Acyp2,0.018698530879582845,0.07204010643200394,1.0
Vbp1,0.018697377807340133,0.07205766289765328,1.0
Wdr60,0.018693765777112854,0.07211268168402868,1.0
Golga2,0.018691310233575564,0.07215010439343059,1.0
Flot2,0.018668106912349665,0.0725045107828101,1.0
Pifo,-0.018667109981302263,0.07251976972861701,1.0
Eif3b,0.018667104620222585,0.07251985179197293,1.0
Golga7,0.0186539534727412,0.07272138852699009,1.0
Crtc3,0.018650594715180525,0.07277293372353753,1.0
Map2k2,0.018643352023305533,0.07288418549129504,1.0
Nek9,0.01863959089200985,0.07294201342917295,1.0
Hnrnpab,0.018623526422031595,0.07318942970397695,1.0
Rbm18,0.018620102409281938,0.07324225314553662,1.0
Mysm1,0.01861941075417732,0.07325292733538588,1.0
Dgcr6,-0.018613361237859297,0.07334634268429198,1.0
Fibp,0.01861203472196921,0.07336683947998049,1.0
Tubb2a,-0.01860139519740297,0.07353140669388895,1.0
Zrsr2,0.0185999919279065,0.07355313432616388,1.0
Suclg2,0.018594347936901737,0.07364057652329944,1.0
Tmem191c,0.01858761501314908,0.07374500067746931,1.0
Tcp11l2,-0.018573469840148817,0.07396477929663768,1.0
Myt1l,0.01857157000988458,0.07399433837784203,1.0
Foxp1,0.018565681197384592,0.074086022589421,1.0
Dpp6,-0.018553663674658938,0.07427341409024175,1.0
Tcn2,-0.018550420620155758,0.0743240499559849,1.0
Itpa,0.018547515619879263,0.0743694315116313,1.0
Uso1,0.018544009948271687,0.07442422682231804,1.0
Fam120a,0.01854392841298947,0.07442550164984645,1.0
Dnaja2,0.018540602786064123,0.0744775139859135,1.0
Zfp322a,0.01853558160432504,0.07455610081897243,1.0
Qpct,0.018530920337837365,0.07462911520994477,1.0
Nsmce4a,0.01852666669189476,0.07469579556206526,1.0
Hnrnph2,0.018512504192480014,0.0749181583587277,1.0
Dexi,0.018497749431111345,0.0751503947547862,1.0
Desi1,0.018486145466719315,0.07533345093362155,1.0
Trrap,0.01848018153459594,0.07542767533723917,1.0
Ssr3,0.01847437130900907,0.07551956380187312,1.0
Edil3,-0.018472356991057995,0.07555144146974817,1.0
Cwf19l2,0.018465239013511135,0.0756641752726118,1.0
Ttc4,0.018454152359543112,0.07584003791856889,1.0
Snx21,0.018454047761585792,0.07584169869583372,1.0
Sorl1,-0.018451465447680983,0.07588270936651403,1.0
Izumo4,0.01844688235059042,0.07595553975133883,1.0
Prkag1,0.018445478963431187,0.07597785249554613,1.0
Stard3nl,0.018439513057170422,0.07607276536241081,1.0
Ercc5,0.01841846069688409,0.07640846483285575,1.0
Commd3,0.018405301716009417,0.07661890979182949,1.0
Trappc6b,0.018400462919394903,0.07669641294865062,1.0
Ewsr1,0.018390978341251262,0.0768485131225338,1.0
Tex10,0.018381160894427692,0.0770062102080269,1.0
Sult4a1,-0.01837561492390894,0.07709541130943309,1.0
Tgfbr3,0.018364203363892457,0.07727921909573789,1.0
Rab8a,0.018358465399522766,0.07737177618417708,1.0
Fnbp4,0.018345420599882145,0.07758253329115708,1.0
Eif4g3,0.01831782327599574,0.0780299478792343,1.0
Mgrn1,0.01831601834670751,0.07805928286496022,1.0
Ptbp1,0.018312840999197735,0.07811094517276812,1.0
Dlg1,0.01829117450222457,0.07846397553811567,1.0
Spock2,0.018285740293848492,0.07855272299985505,1.0
Tbcel,0.018277905808789345,0.07868081373513264,1.0
Fcf1,0.018275644078863635,0.07871782371795401,1.0
Lgmn,-0.01826551866472449,0.07888368533131342,1.0
Wapl,0.018262493792910617,0.0789332900289919,1.0
Acadl,0.01826134207141279,0.07895218371082939,1.0
Psmb7,0.018260413652325242,0.07896741685409023,1.0
Chkb,0.0182362688737218,0.07936441524461581,1.0
Nvl,0.01823155794997572,0.0794420630583803,1.0
Tmem55a,0.01821133430634859,0.079776101238823,1.0
Ugcg,0.018207663319915933,0.07983685792515076,1.0
Trpc4ap,0.018187891312164126,0.08016474163686273,1.0
Rprm,-0.018162528909976633,0.08058693284649844,1.0
Myg1,0.018124714478288968,0.08121975590479753,1.0
Arl6ip6,0.018122295702507764,0.08126037086815971,1.0
Slbp,0.01810851573719469,0.08149207219196011,1.0
Pum1,0.018104296962340883,0.08156311527357508,1.0
D3Ertd751e,0.018092677866048318,0.08175903764299425,1.0
Mtfr1l,0.01807651283559263,0.08203224880383367,1.0
Acbd6,0.018044551587083058,0.08257461657083472,1.0
Gtf3c6,0.01804445624600147,0.08257623880253274,1.0
Pls3,-0.018024235743468012,0.08292087541937472,1.0
Dync2li1,0.018006889450096635,0.08321745208038288,1.0
Map2k7,0.01799320766108447,0.08345198080877653,1.0
C1qbp,0.01798932958345042,0.08351855481131515,1.0
Bnip2,0.017977132280509723,0.0837282232841539,1.0
Scamp3,0.01797179171532408,0.08382016025283645,1.0
Pfkm,-0.017955478706760914,0.08410149220749256,1.0
Dnpep,0.017947839903469875,0.08423349242990472,1.0
Dnajb14,0.017946475883375956,0.08425708063216249,1.0
Rab5c,0.017932738984623404,0.08449493294769223,1.0
Slu7,0.017920528085935455,0.08470681855685083,1.0
Rapgef4,-0.017911247903748605,0.08486813711884815,1.0
Hmgb2,0.017902884717895393,0.08501372817033219,1.0
Chuk,0.017873633520352934,0.0855245386348748,1.0
Ppm1a,0.017842983375838572,0.08606243712769661,1.0
Msantd4,0.01783669687648882,0.08617309984696517,1.0
Stx12,0.017832452282661747,0.08624788340152664,1.0
Synj1,-0.017806264662214397,0.08671043107689269,1.0
Xrn1,0.017781753999577318,0.0871451712434045,1.0
Siva1,0.017777602710544852,0.08721897560802201,1.0
Pitpnb,0.01776519636767859,0.0874398444163718,1.0
Tpp1,-0.017763984861263037,0.08746143689726964,1.0
Arhgef17,0.01776008448815063,0.08753098182673101,1.0
Coprs,0.017749212852428253,0.08772506211749652,1.0
Nme2,0.017743542458433965,0.08782642754390767,1.0
Zmym4,0.017738352193083503,0.08791929284188862,1.0
Eif2s3y,0.017724058549659288,0.08817544698004977,1.0
Lysmd2,0.017713980921513668,0.08835640793379518,1.0
Gap43,-0.017709521955800056,0.08843657171404679,1.0
Usp46,0.01770939889923634,0.08843878486949526,1.0
Fryl,0.017696934963103757,0.08866317838110109,1.0
Ppp3ca,0.01769654701822862,0.088670170071779,1.0
Tra2a,0.01769386706335309,0.08871848137747237,1.0
Ctr9,0.01768799191496906,0.08882446636147823,1.0
Etnk1,0.017687193653167295,0.0888388745065843,1.0
Kidins220,0.01767773983894366,0.08900965339726383,1.0
Cuedc2,0.017677224594403778,0.08901896865134117,1.0
Mkrn1,0.017673957808350623,0.08907804808942543,1.0
Cmtm8,0.017658961453666046,0.08934966075228727,1.0
Fam131a,0.017647727544500395,0.08955356492581008,1.0
Nsmce1,0.01762347942892696,0.08999496410787132,1.0
Tor1a,0.017615258988855315,0.09014500120314539,1.0
Reep5,0.017613592542510523,0.09017544122301296,1.0
Fam20b,0.017599859232883003,0.09042661476259142,1.0
Dmxl1,0.017599535408681297,0.09043254408700493,1.0
Shisa4,-0.017594418490008715,0.09052627802291449,1.0
Tcf7l2,0.017590819180273467,0.09059225854677348,1.0
Malsu1,0.01758015053927696,0.09078805734265603,1.0
Cask,0.017579088762026816,0.09080756247006344,1.0
Taf1d,0.017574971450076186,0.09088323044527961,1.0
Tet2,0.017572838674839147,0.0909224465256715,1.0
Akap13,0.017553598091611913,0.0912768451836123,1.0
Arhgef2,0.017549247107218224,0.09135714113823505,1.0
Nin,-0.01754671530543059,0.09140389081232854,1.0
Sppl2a,0.017522322949723033,0.09185528082223735,1.0
Srcin1,0.017513951084270285,0.09201061760227032,1.0
2310011J03Rik,0.017500674401239785,0.09225739398356984,1.0
Naa15,0.01748758404041073,0.09250122725395496,1.0
Ganab,0.017462508100276778,0.09296975983953233,1.0
Ruvbl2,0.01745910437940044,0.09303350336694269,1.0
Tmbim4,0.017457750887237757,0.0930588607725272,1.0
Ptrhd1,0.017452895660917365,0.09314986810265491,1.0
Gpr137,0.017410776242960193,0.09394236306928967,1.0
Mbd3,0.01740643738097895,0.09402430683090372,1.0
Las1l,0.017389760198721196,0.09433980572738347,1.0
Zc3h7a,0.01738374586049352,0.09445379292475262,1.0
Ybx1,0.017364847558143878,0.09481268286612068,1.0
Slc30a9,0.017361775522402347,0.09487112573595081,1.0
Tmed1,0.01734882758652631,0.09511776642906715,1.0
Clasp2,-0.017344277964975816,0.0952045524043804,1.0
Rpp25l,0.017330066290261174,0.09547605465887671,1.0
Tuba4a,0.017322580735407267,0.09561930902457336,1.0
Atp2b1,0.017318129037925283,0.0957045846834218,1.0
Nrcam,0.017272057864871855,0.09659069264970863,1.0
Aktip,0.017263970042700947,0.09674692439598806,1.0
Cep164,0.01726093875339597,0.09680553158123323,1.0
Macf1,-0.017253472764683208,0.09695000066858371,1.0
Tbc1d17,0.017234716694031392,0.09731369673568871,1.0
Pcsk6,-0.017234245263514976,0.09732285220195214,1.0
Rbm42,0.01722910100062125,0.09742280165503865,1.0
Kdm1a,0.017226743273953776,0.09746863805272153,1.0
1700021F05Rik,0.017220203225524852,0.097595872883615,1.0
Slc9a3r1,-0.017208563942037024,0.09782264016901139,1.0
Celf2,-0.01719739672798773,0.09804060564792037,1.0
Cxx1b,0.017181439034486132,0.09835274636218738,1.0
Sall2,0.01717389606179655,0.09850056674425373,1.0
Tspan13,0.017169680794309933,0.09858325098602823,1.0
Ptp4a2,0.017137293190311962,0.09922039731605307,1.0
Dnajc7,-0.01712319694500006,0.0994987304357883,1.0
Psmd9,0.01709465643223097,0.10006417530316948,1.0
Zfp871,0.01708973360739855,0.10016196489826076,1.0
Dnttip1,0.017082174848542644,0.10031226435720693,1.0
Pon2,-0.017049220646678367,0.1009696319109751,1.0
Pmepa1,0.017049056205471765,0.10097292075359,1.0
Faf2,0.01704842328331463,0.10098558006418454,1.0
Mxd4,0.017007947608305565,0.10179777806664478,1.0
Ldha,0.017004508261675676,0.10186703210825573,1.0
Trp53inp1,0.017001455251292107,0.10192853836817795,1.0
Ntan1,0.01698347425901625,0.10229138515572887,1.0
Rps6kb1,0.016966254768450522,0.10263982783146748,1.0
Cul9,0.016960311044500777,0.10276032018821915,1.0
Ppid,0.016956688788327616,0.10283380643718527,1.0
Cpsf7,0.016948249812471738,0.1030051736192382,1.0
Zfp622,0.01694711150239347,0.10302830623297628,1.0
Smap2,0.016938296945484696,0.10320757455848717,1.0
Plekha5,0.016907923297752935,0.10382720648497988,1.0
Tm9sf2,0.01689763839318721,0.10403769034669183,1.0
Nelfb,0.016881735099635153,0.10436382344262825,1.0
Cwc15,0.01685821438577341,0.10484765670348846,1.0
S100a10,0.01684085545323401,0.10520587951506416,1.0
Atp5o,0.016826386623436742,0.10550520301833909,1.0
C1galt1c1,0.016811256613118997,0.10581892684449544,1.0
5330429C05Rik,-0.016809632443348484,0.10585264825871145,1.0
Abhd17b,0.016786039512390154,0.10634345213077766,1.0
Plekha1,0.016784710761190428,0.10637114771790815,1.0
Dnm2,0.01678167256900457,0.10643449521317148,1.0
Aatk,-0.016777345720842406,0.10652476330077822,1.0
Efcab14,0.01677307535727095,0.10661391247023955,1.0
H1fx,0.016755428091768488,0.10698294834447493,1.0
Ctsd,-0.016749397419868556,0.10710929222541272,1.0
Chchd3,0.01674327838762694,0.10723760804706388,1.0
Ythdf1,0.016739300632985583,0.10732108665439108,1.0
Lhfpl4,-0.01673265201934398,0.10746073177287323,1.0
Sdhd,0.016731263194852127,0.10748992030846805,1.0
C2cd5,0.016729672627526924,0.10752335652841946,1.0
Hook3,0.016728919738334156,0.1075391863116499,1.0
Ruvbl1,0.016720532505042136,0.10771565590673289,1.0
Max,0.016718580127331236,0.10775676732424579,1.0
Zmym3,0.01671733283403748,0.10778303820905707,1.0
Pip5k1a,0.016699945362193228,0.10814978685697309,1.0
Herc1,0.016681157230918127,0.10854718855661706,1.0
D17Wsu92e,0.016680486856746304,0.10856138945403856,1.0
Ergic1,0.016678952235712054,0.10859390369179177,1.0
Eif3d,-0.016675881572358355,0.10865898540777588,1.0
Mapre2,-0.01666776018097334,0.10883126438453411,1.0
Gclm,0.016652301380902134,0.10915978862122219,1.0
Ak3,-0.01665165047923523,0.10917363850659204,1.0
Bola1,0.016635113909907216,0.10952596986106614,1.0
Chd3os,-0.016619263673267333,0.10986452103406937,1.0
Dpy19l4,-0.016608551171290672,0.11009380129388907,1.0
Shisa5,0.01659871187489601,0.11030472517108111,1.0
Ppm1g,0.016597357369290404,0.11033378653022163,1.0
Pgm2,-0.016589885663879807,0.11049420310240664,1.0
Vimp,0.016581604861130132,0.11067220601207249,1.0
Slc4a3,0.016577921106443634,0.11075146418631013,1.0
Topors,0.016560794501406437,0.11112054194354144,1.0
Cdc123,0.016560294219010913,0.11113133758655594,1.0
Cnot6,0.016556842719752198,0.11120584038559897,1.0
Lsm12,0.016554679706225168,0.11125255049144905,1.0
Zfp638,0.016552397156619665,0.11130185875817092,1.0
Chchd6,0.01652130032323284,0.11197534039950412,1.0
Tmem141,0.016520829819100726,0.11198555499906766,1.0
Myo18a,0.016519925860349186,0.11200518191896369,1.0
Dap3,0.016513424813586683,0.11214641376962281,1.0
Pim1,0.01650799024507005,0.11226458466290849,1.0
Sf1,0.016490659547429135,0.11264208439799728,1.0
Actr2,0.016482946912396157,0.11281040348627354,1.0
Arpc4,-0.016478596770744185,0.11290542754269564,1.0
Nckap1,0.016476188033889342,0.11295807087227917,1.0
Nptxr,-0.016465640519925728,0.11318881627739961,1.0
Purb,-0.016413178054050567,0.11434204629542255,1.0
Scyl1,0.016405086149699922,0.11452074276108154,1.0
Psmd7,0.016404353532137945,0.1145369322629367,1.0
Tnpo2,0.016402536050020254,0.11457710305297206,1.0
Syt7,0.016401385748298792,0.11460253325566845,1.0
Pttg1ip,0.0164011008119361,0.1146088331495485,1.0
Anapc2,0.01638993898059588,0.11485583377965905,1.0
Map1lc3a,0.016389726288608533,0.11486054451178254,1.0
Tmem248,0.016385797666139217,0.11494758352776462,1.0
Ppfibp1,0.016378236469454736,0.11511524857873429,1.0
Abhd17a,0.016378185660624593,0.11511637588457625,1.0
Ogt,0.016368704990942964,0.11532687741984306,1.0
Mtpn,0.01636061693464743,0.11550669756120398,1.0
Arcn1,0.01635373299173678,0.11565992046332808,1.0
Rere,0.01635253091736836,0.1156866926295588,1.0
Zfp395,0.016340236923975765,0.11596077974347625,1.0
Ptpn11,0.01632451177070146,0.11631210597017012,1.0
Tubg1,0.01631746378277095,0.11646984093360507,1.0
Frmd4a,0.016308695193562553,0.11666631769056982,1.0
Otulin,0.016308006251882997,0.11668176574863852,1.0
Zfp329,0.016306784521106427,0.11670916442389383,1.0
Chmp1a,0.016292915912612914,0.11702053774363072,1.0
Snrk,-0.016288611277206568,0.11711731648146458,1.0
Gcsh,-0.01628028030217163,0.11730479564400462,1.0
Tcf25,0.016264297342622587,0.11766513341754674,1.0
Trp53i13,0.016261287290995467,0.11773309247918955,1.0
Ppp2r3c,0.016257662912399495,0.11781496229005674,1.0
Agpat1,0.016247651500985484,0.11804133861833953,1.0
Eed,0.01624420660788099,0.11811931280197056,1.0
Arhgap35,0.016225139184072323,0.1185516293956272,1.0
Nsd1,0.016197075473579993,0.11919017453897496,1.0
Smim12,-0.01619165303039093,0.11931386370818363,1.0
Slc35b1,0.016185212758957287,0.11946090077244668,1.0
Zfpl1,0.016169394457203744,0.11982264900694613,1.0
Sesn1,0.01614738961113367,0.12032730315274204,1.0
Ctdspl2,0.016091451897511454,0.121617656627873,1.0
Fam126b,0.01608205914477643,0.12183538261522583,1.0
Cep290,0.016073679193291827,0.1220298887330037,1.0
Abhd14b,-0.01607345967551965,0.12203498719561973,1.0
Micu3,0.016072513113113075,0.12205697371433424,1.0
Cpne3,0.01606136828378713,0.12231607593989208,1.0
Srebf1,-0.016061335736919684,0.12231683323947057,1.0
Lzts2,0.01604405450926547,0.12271945000439767,1.0
Frg1,0.016039244762944244,0.12283169106360259,1.0
Snapc1,0.016036500732932495,0.12289576212505111,1.0
Rif1,0.01603601660739229,0.1229070688047696,1.0
Stip1,0.016023507709285536,0.12319949401662963,1.0
Lpin1,-0.016009804345359643,0.12352046589389974,1.0
Gsr,0.01600978303945475,0.12352096544668573,1.0
Tsr3,0.01600022520242596,0.12374522408653701,1.0
Prkar1b,-0.01599075523451102,0.12396773426384507,1.0
Shoc2,0.015982545459402905,0.12416088695636175,1.0
Cdhr4,-0.015970535373789303,0.12444387299326251,1.0
Akirin2,0.015934010515205998,0.12530757670505208,1.0
Mpnd,0.015933090934957136,0.12532938216376988,1.0
Uty,0.015930907418071877,0.1253811704455707,1.0
Nrsn1,-0.01593060866775148,0.1253882574515026,1.0
Taf15,0.01592924700200382,0.12542056307183294,1.0
Kazald1,0.01591507738487935,0.1257571233046491,1.0
Paip2b,0.015914108391342455,0.12578016475361528,1.0
Dek,0.015911047917807113,0.12585296056574405,1.0
Utp3,0.015903290797596153,0.126037616877868,1.0
Srpk2,0.01590263847261526,0.12605315492435387,1.0
Cdip1,0.015867136884363017,0.12690103653421306,1.0
Uhmk1,0.015852524190304793,0.1272513170274833,1.0
Abhd3,-0.01580214949523803,0.1284646156476502,1.0
Ubl7,-0.01579846766182541,0.12855364571347985,1.0
Zfp148,0.015774434129821994,0.12913597670124216,1.0
Gigyf2,0.015762128463502348,0.1294349342260872,1.0
5930430L01Rik,0.015761992858761703,0.12943823163907267,1.0
Nipa2,0.015760934951324662,0.1294639583309557,1.0
Fcgrt,-0.015717206160074392,0.13053085337826573,1.0
Blmh,0.015716438685606567,0.1305496389361761,1.0
Ggh,0.015709343747238626,0.13072340185038808,1.0
Slc2a13,0.01570601094894482,0.13080508767449625,1.0
Sirt7,0.015682718830057937,0.13137707557508638,1.0
Sf3b4,0.01567746733298193,0.13150630478057543,1.0
Ubxn6,0.0156615210954174,0.1318993147203802,1.0
Ccng1,0.015657243538417923,0.132004893751066,1.0
Hk2,0.015649902653261993,0.13218623468388635,1.0
Tppp,-0.015647527567586954,0.1322449474130416,1.0
Rnf146,0.015647027281272763,0.13225731719447867,1.0
2700062C07Rik,0.01562302842260409,0.13285175190083648,1.0
Tmem123,0.01561838454927899,0.13296701580771733,1.0
Rab10,0.015615961844116363,0.1330271796176099,1.0
Napb,-0.015599823944323299,0.13342847499115962,1.0
Atp6v0e2,0.01559798371720295,0.13347429468953442,1.0
Rhoa,0.015593492214986343,0.1335861794351262,1.0
Fam92a,0.01559322922061752,0.13359273295621263,1.0
Idh3b,0.015569221129248766,0.13419203568508212,1.0
Btbd2,0.015559115647075966,0.13444491488367558,1.0
Cacnb4,-0.015558656754129626,0.13445640694116903,1.0
Plpp1,-0.015557889316697767,0.1344756275760078,1.0
Prosc,0.015546022155977161,0.1347731135825082,1.0
Pitpna,-0.015542694566049751,0.13485662084448008,1.0
BC004004,0.015541507335194422,0.13488642457549052,1.0
Nalcn,0.015521053016477245,0.1354007005617215,1.0
Sirt2,-0.015516130391986939,0.13552469424448127,1.0
Arfrp1,0.015506805142969577,0.13575982396140193,1.0
Snrpb2,0.015504234597302194,0.1358246938452382,1.0
Hif1a,0.015492010456191405,0.1361335078979802,1.0
Bzrap1,-0.015480636993941243,0.13642131799689056,1.0
Adprh,0.01548012155718656,0.13643437244780932,1.0
Prnp,-0.015472672846171317,0.13662313336606596,1.0
Bag2,-0.015472167474643372,0.13663594749405394,1.0
Usp40,0.015468248008890054,0.13673536039162865,1.0
Cir1,0.015463548632485224,0.13685462840767706,1.0
Cd302,-0.015461203113555609,0.13691418661625507,1.0
Zc3h7b,0.015454201273167722,0.13709209863890803,1.0
Asf1a,0.015445245467777384,0.13731991940277494,1.0
Sdcbp,0.015437484471384011,0.13751758222557117,1.0
Slc35a2,0.01541853594936866,0.13800109877703312,1.0
Dgat2,-0.015418404685580825,0.13800445284772395,1.0
Cited2,-0.015416985533041772,0.13804071924333575,1.0
Dcaf7,0.015416490594093306,0.1380533691187454,1.0
Gstp1,0.015403613470905221,0.1383828025585696,1.0
Tmem14c,0.015400602580044068,0.1384599169947804,1.0
Dctn5,0.015399219700716801,0.13849534616155118,1.0
Cdk2ap2,0.015396833522496062,0.13855649611973436,1.0
Ctage5,0.015380725133159188,0.13896984575148827,1.0
Ywhab,0.015376808151874123,0.13907050088978373,1.0
Peli1,-0.015362458823879795,0.13943971678317174,1.0
Elof1,0.01536209127010869,0.13944918403866935,1.0
Pbxip1,0.015348913221027908,0.13978894418994642,1.0
Scarb2,-0.015347467426705305,0.13982625880321592,1.0
Nacc2,0.015342329037252777,0.13995893789899203,1.0
Ipo5,0.015332142612766553,0.1402222493260224,1.0
Pdxk,-0.015320270320747342,0.14052961978783252,1.0
Cdc34,0.015305704617223723,0.14090742933904726,1.0
Mrpl44,0.015288601346517303,0.1413520551361849,1.0
Add1,-0.01528212135144189,0.14152079386820582,1.0
Gm16286,0.015278474013567404,0.14161583839608313,1.0
Hsph1,0.015275950508789517,0.14168162609769971,1.0
Cnot3,0.01527494145322158,0.14170793871852155,1.0
Npepl1,0.015272090917748945,0.141782290938981,1.0
Ppp2r4,0.01526687517284802,0.14191841389743862,1.0
Col1a2,-0.01524685214549169,0.14244191664188446,1.0
Osbpl9,-0.015234880782833034,0.1427556156585785,1.0
Arl8a,-0.015229673554220205,0.14289223184815134,1.0
Ctxn1,-0.015202640092972832,0.14360309116450276,1.0
Usp47,0.01519832629169385,0.1437167753400158,1.0
AY036118,0.015190178336045024,0.14393169152363278,1.0
Ahdc1,0.015182822038666739,0.1441259379372433,1.0
Hspa13,0.015176982487187482,0.14428027699166088,1.0
Vmac,0.015167959271167257,0.14451900917645788,1.0
Atrx,0.01516559241731139,0.14458168041179603,1.0
Anapc1,0.015159183950108523,0.14475147287110898,1.0
Prkcz,0.01514633060200934,0.14509248295868216,1.0
Fnip1,0.01513324553171744,0.1454402724806571,1.0
Ncoa2,0.015118881112552421,0.14582280049042196,1.0
Serpinb6a,-0.015104943713352055,0.14619469242987332,1.0
Bhlhb9,0.015098098755629641,0.14637760209682024,1.0
Vcpip1,0.015093754707192637,0.14649377371207464,1.0
Nfu1,0.015072374405106526,0.1470665688343375,1.0
Brix1,0.01507124800126887,0.14709679349423704,1.0
Sec23a,0.015070088487811092,0.1471279115407396,1.0
4921524J17Rik,0.015063724930191588,0.14729878095248275,1.0
Yipf4,0.015058847946700699,0.14742983664571724,1.0
Cstf3,0.015058681404495022,0.14743431358853468,1.0
Prepl,0.015047623074312864,0.1477318132109948,1.0
Crebrf,0.015013819829329183,0.14864405815742884,1.0
Senp7,0.015009293607819106,0.1487665326493661,1.0
Ccdc113,-0.015005810149742446,0.1488608435765366,1.0
Szrd1,0.015002116677975871,0.14896089024322728,1.0
Sox11,0.014971208016138715,0.14980013933711542,1.0
Trp53bp2,-0.01497098682569805,0.14980615819194248,1.0
Ppp1cc,0.014968732620580946,0.14986750831164078,1.0
Fam193a,0.014966294688254821,0.1499338802905483,1.0
Vapa,0.014957214609179289,0.15018127996701996,1.0
Pja2,0.014957064291496345,0.15018537820363506,1.0
Slc1a4,-0.014950637616271098,0.1503606737875456,1.0
Gps1,0.014944638084057937,0.15052445924457428,1.0
Gps2,0.014941903781772833,0.15059914998579793,1.0
Snx1,0.014940193133608937,0.15064589275131282,1.0
F11r,0.014940192465688357,0.15064591100413038,1.0
Nr1d1,0.014931280782551144,0.15088959800664292,1.0
Ccnt2,0.014916826886717213,0.15128547346236262,1.0
B230118H07Rik,0.014904592814995744,0.15162116831035982,1.0
Vta1,0.014901895984390857,0.1516952438047794,1.0
Tmem230,0.014889773920378293,0.15202854830211335,1.0
AI480526,0.014884429900771358,0.15217566273526326,1.0
Rcan3,0.01486752076326522,0.152641864814817,1.0
Mzt1,0.014854659116326815,0.15299720048797366,1.0
Adrm1,0.014853756585398628,0.15302215880161243,1.0
Dusp11,0.014849438951369868,0.15314160017284076,1.0
Zfp106,0.01483901923044581,0.15343013933735855,1.0
Pank3,0.014814243159416728,0.1541178891034049,1.0
Ppp2ca,0.014803010193166478,0.15443047154759523,1.0
Ube2l3,0.014799996677269141,0.154514411252199,1.0
Ivd,0.014798901713185049,0.15454491941211626,1.0
Elavl1,0.014794078977777759,0.154679346116038,1.0
Kars,0.014789026731141153,0.15482026533436927,1.0
1700007K13Rik,-0.014757300453738121,0.15570741617886022,1.0
Mut,0.014748932629951254,0.15594204435396192,1.0
Tmem205,0.014747204113900186,0.15599054419424566,1.0
Ahnak,0.014741029328150156,0.15616389384925003,1.0
1110004E09Rik,-0.014738063919725758,0.15624719602880904,1.0
Jagn1,0.014726687563592281,0.15656708534126348,1.0
Polr2d,0.014724521930854611,0.15662803652567978,1.0
Tmem50b,0.014713371500320942,0.15694214737871798,1.0
Sfxn1,0.01471272261028882,0.15696044148979482,1.0
Mllt10,0.014696444243997677,0.1574199053850692,1.0
U2af2,0.01469565217339819,0.15744228788970518,1.0
Smg7,0.014680869759913007,0.15786045511096058,1.0
Celf1,0.014676177259179858,0.15799337304540056,1.0
Cdk9,0.014660584359203487,0.15843566017263735,1.0
Tnik,-0.014658166624900257,0.15850432220499905,1.0
Fis1,0.01461536832909336,0.15972349648084147,1.0
Ythdf3,0.014611991796453453,0.15981998308044218,1.0
Exoc4,0.014607945807225933,0.15993565786856168,1.0
Acly,0.01459205754628118,0.16039051544214694,1.0
Cul1,0.01458972675946565,0.16045732458941325,1.0
Trove2,0.014579288338869572,0.16075678712395783,1.0
Sdha,0.014568042988150358,0.16107987150665246,1.0
Tnrc18,0.01452707580749383,0.16226102674616566,1.0
Itgb5,-0.014516047647808417,0.16258010140684667,1.0
Ckap5,0.014513168336079706,0.16266348558835286,1.0
Zdhhc20,0.01450215956087885,0.1629825945328323,1.0
Ube2h,0.014498977997037034,0.1630749056876689,1.0
Akap11,0.014498432636471126,0.1630907329522243,1.0
Klhdc2,0.01447909286837098,0.16365275402513108,1.0
Cyr61,-0.014469030369729309,0.16394575072786383,1.0
Ankhd1,0.014457343318214688,0.16428654651177155,1.0
Smc6,0.014450276866263968,0.16449286374893224,1.0
1110008F13Rik,0.014445541032946204,0.1646312437176897,1.0
Sema4b,0.014439835684487182,0.16479806907946182,1.0
Wsb1,-0.014427928282076317,0.16514665348267854,1.0
Dars,0.014407239283026464,0.16575363483491676,1.0
Gadd45g,0.014390596353292283,0.16624312784110876,1.0
Gabrb3,0.014381978597547534,0.16649701540888726,1.0
Paf1,0.014375119440545371,0.16669930115938725,1.0
Eml2,-0.014371444125461874,0.1668077671126423,1.0
Hnrnpdl,0.01436477405790847,0.1670047497033151,1.0
Meaf6,0.01436073804718842,0.16712402732452103,1.0
Lgals8,0.01434136636756475,0.16769741624082443,1.0
Dpm2,0.014339973298349741,0.16773870703619026,1.0
Kcnc3,0.014337257433528233,0.16781922765480403,1.0
Necap1,0.014336397287484409,0.16784473552374446,1.0
Strn4,-0.014310988155337616,0.1685995641491561,1.0
Serp2,-0.014307805429728348,0.16869429254381957,1.0
Tubb4a,-0.014298723245860429,0.1689648278002113,1.0
Tnfrsf1a,0.014298365313217366,0.16897549636888406,1.0
Chmp2b,0.014298259412921545,0.16897865293834005,1.0
Pdpn,-0.014297026994381616,0.16901539088263323,1.0
Arhgap21,0.014294556812485443,0.16908904413584755,1.0
Ahsa1,0.014293675186698229,0.1691153373430856,1.0
Ppp1r13b,0.01429239718964562,0.1691534571912004,1.0
Snf8,0.014259837802134356,0.1701268070474256,1.0
Cd151,0.014255225660892967,0.17026502384956269,1.0
Cml1,0.014244858859844004,0.17057600355701205,1.0
Fbxl3,-0.014240847481848956,0.17069644958247954,1.0
Lasp1,0.014239981734006766,0.1707224529667786,1.0
Hsd17b12,0.01423847578552692,0.17076769232503414,1.0
Gdi2,0.014217969137601967,0.17138461489902906,1.0
Smarcad1,0.014215809885966796,0.1714496708402312,1.0
Gmppa,0.014213311178716416,0.17152497728464558,1.0
Nr1d2,0.014211670906908605,0.17157442552037783,1.0
Hspa2,-0.014199943863069856,0.17192826413042003,1.0
Brd3,0.014192801463523922,0.17214403820671165,1.0
Raf1,0.014168736596622416,0.17287253630587698,1.0
Nap1l3,0.014167581959273796,0.17290754765136457,1.0
G3bp1,0.014140717045069782,0.17372365274476428,1.0
Pcmtd2,0.014140437418867292,0.17373216236282107,1.0
Cdkl2,0.014138272407400624,0.17379805878954788,1.0
Abcd3,0.014116252186734053,0.17446934892201085,1.0
Lrrc49,-0.014104119030387786,0.1748400563617855,1.0
Mkks,0.014098120335917985,0.17502355302625933,1.0
Efcab10,0.014062436833416818,0.17611806190832222,1.0
Hmg20b,0.014055497790796033,0.17633149228359143,1.0
Akr7a5,0.01405061630563037,0.17648175198152113,1.0
Atp1b1,0.01405010560068058,0.1764974777854255,1.0
2700029M09Rik,0.014015837672214981,0.17755505506756694,1.0
Clint1,0.014011212121618155,0.17769816952682996,1.0
Jkamp,0.01401058240814164,0.17771765949069548,1.0
Gnai2,-0.013996383952147159,0.17815753173203897,1.0
Smarcd3,-0.013987548145126441,0.17843167623363013,1.0
Eif1ax,0.013958245553296991,0.1793430804374428,1.0
Supt20,0.013950871272051137,0.17957298823740106,1.0
Lnp,0.013934489285002079,0.18008451278139453,1.0
Ppib,-0.013930667154686218,0.18020401368997363,1.0
Atp1b3,-0.0139176166412032,0.1806124887746332,1.0
Mrpl1,0.013916094372729098,0.18066017981951518,1.0
Dnmt3a,0.013911906673622094,0.18079142420045757,1.0
Ift20,0.013907982485145912,0.18091447427373258,1.0
Map3k2,0.013894717161737688,0.18133089295077925,1.0
Setd7,0.013883655235617515,0.18167868717096386,1.0
Aars,0.013880319454399468,0.18178366337837476,1.0
Stau1,0.013874155266770837,0.1819777672187512,1.0
Ubtf,0.0138713187336959,0.18206713831278934,1.0
Tmx1,0.013868607139243967,0.1821526033734067,1.0
A430005L14Rik,0.013865320717707432,0.1822562259263831,1.0
Klf7,0.013861197089129255,0.18238630786871363,1.0
1810026J23Rik,0.013858220842909687,0.18248023781756087,1.0
Plaa,0.013841429485074502,0.18301084291223516,1.0
Rtn3,-0.013825011322401975,0.18353075968389257,1.0
Ndn,-0.013819130000469021,0.18371727040523275,1.0
Cd59a,0.013803094927037799,0.18422649375095018,1.0
Ddx1,0.013787000419084167,0.18473865440671963,1.0
Pmm1,-0.013785416870749951,0.18478910307212684,1.0
Rapgef3,0.013759150116687813,0.18562739634857825,1.0
Glyr1,0.01373701544914709,0.18633599587192082,1.0
Srrt,0.013737010915875768,0.18633614120044714,1.0
Ccpg1os,0.013712689394595055,0.18711705150478547,1.0
Trim8,0.01370977482810664,0.18721079369252638,1.0
Dlat,0.01368230118956322,0.1880961420212098,1.0
Bag5,0.013663948090225345,0.18868929607606275,1.0
Mprip,0.01365207942992724,0.18907361312439566,1.0
Bzw1,0.013648047974840939,0.1892042861683799,1.0
Ddr1,0.013644586285037797,0.1893165443051485,1.0
Hmgb1,0.013621177417320345,0.19007695219198043,1.0
Nub1,0.013616682091685903,0.1902232343368804,1.0
Zfp771,0.013609583540667025,0.1904543966792634,1.0
Dusp26,-0.013604196937257578,0.19062994788803564,1.0
Smpd1,0.013603018239515761,0.19066837792101085,1.0
Nabp2,0.013597209290733802,0.1908578550702088,1.0
Ebna1bp2,0.013579557332489646,0.1914344795680098,1.0
mt-Nd4l,-0.013577180604699857,0.19151221630052995,1.0
Arf6,0.013569542078431158,0.19176221032758795,1.0
A730017C20Rik,0.013565746783458019,0.19188651211466595,1.0
Hdac3,0.013558516857215234,0.19212346730634838,1.0
Atxn10,0.013551723796106162,0.19234630052714122,1.0
Rnf6,0.013540648727409016,0.19271000394568813,1.0
Vamp3,0.013520659410514543,0.19336772845294925,1.0
Jam3,-0.013513613115966041,0.1935999708576408,1.0
Dcun1d5,0.01351310900784915,0.19361659385984129,1.0
Wbp2,0.013493166138380636,0.19427505245353413,1.0
4933434E20Rik,-0.013483984227254357,0.19457876567578672,1.0
Abhd11,0.013483486083524704,0.19459525290194205,1.0
2410089E03Rik,0.013479706569227147,0.19472037810999276,1.0
Ccnc,0.013464720684671307,0.19521708410951985,1.0
Eef1d,0.013464162006774718,0.19523561939057116,1.0
Prdx3,0.01344628381210464,0.1958294465187815,1.0
Slc25a46,0.013442479564530235,0.195955975818128,1.0
Efhd2,-0.013441983826763731,0.19597246846995994,1.0
Ing3,0.013430046204448183,0.19636992724957883,1.0
Prdx4,0.013424728035384345,0.19654718372795607,1.0
Hipk1,-0.013412919851931998,0.19694117356744917,1.0
Rab9,0.013410903544382503,0.19700850709346215,1.0
Soat1,0.013408526056614644,0.19708792369084466,1.0
Agfg1,0.01340629201696928,0.19716256996060055,1.0
Spg7,0.013399897589638379,0.19737634220450456,1.0
Anapc4,0.013398831387859,0.1974120029125636,1.0
Psmd6,0.013396511466281466,0.1974896124381461,1.0
Tcf12,0.01339542841105219,0.19752585208312695,1.0
Phb2,0.013391828033244527,0.1976463577486911,1.0
Nipbl,0.013385899941499814,0.1978448898342223,1.0
Hbp1,0.013362209375973003,0.19863974441959342,1.0
Txndc11,0.013359326579197337,0.19873662572856227,1.0
Nr2f2,-0.013356730808692967,0.19882389057574043,1.0
Avpi1,0.013344717846149295,0.19922810815130107,1.0
Nras,0.013342697776341164,0.19929613929901088,1.0
Ino80b,0.0133361086383913,0.19951816376022402,1.0
Ing4,0.013318668400752565,0.2001066935497338,1.0
Ankrd46,-0.013315836700924623,0.20020237018913445,1.0
Whsc1l1,0.013309033060466735,0.2004323860847043,1.0
Mapre3,0.013288378781207694,0.201131842569969,1.0
Aco2,0.013281698212735482,0.20135846041942523,1.0
Mrpl42,0.013268160553654847,0.20181825495060238,1.0
Myl6,-0.013261811757278131,0.202034149598938,1.0
Slc29a1,0.013256526406823897,0.20221400948042392,1.0
Iqgap1,0.013249288969608175,0.20246048789450138,1.0
Uchl1,-0.013242778309413577,0.20268240211433297,1.0
Fgd4,0.013233331803673662,0.2030046988429354,1.0
Sh3bp1,-0.013232466842566671,0.20303422830341242,1.0
Tram1,0.013230344267779505,0.2031067054969953,1.0
Tmem246,0.013208032863258747,0.20386968814060658,1.0
Adam15,-0.01319972159163352,0.20415444102160996,1.0
Cr1l,0.013187331590758048,0.20457947242955724,1.0
Igf2bp3,0.013183916654452706,0.2046967327723175,1.0
Cript,0.013182348546791976,0.20475059402391735,1.0
Phb,0.01316144001031566,0.20546974388143938,1.0
Mtx2,0.01315788853352497,0.20559207918315864,1.0
Dram2,-0.013151771113002255,0.2058029258704552,1.0
Crispld2,-0.013133444969397763,0.20643550576397926,1.0
4930402H24Rik,0.013124464356100813,0.20674601250239005,1.0
Mapk8ip2,0.013123484508380816,0.2067799114589923,1.0
Smarce1,0.013122392318586562,0.2068177017728307,1.0
Nfib,0.013104098270450143,0.2074514302813594,1.0
Sik3,0.013066476505583017,0.20875911933356195,1.0
Dcaf8,0.01306023142204822,0.20897676793666442,1.0
Psmb5,0.013058538114314103,0.20903581004628496,1.0
Ift22,0.013032885595493728,0.209931738375653,1.0
Aip,0.01301049609785141,0.21071597261032102,1.0
Upf1,0.012999320653306272,0.2111082054035712,1.0
Prkca,0.01299674273443646,0.21119875940241173,1.0
Rpa3,0.012980801447737169,0.21175934933872387,1.0
Dcaf6,0.012973561883534697,0.21201428997587066,1.0
Slc25a51,0.012972958558471763,0.21203554602212235,1.0
Plekhb2,0.012971603070088827,0.21208330752461524,1.0
Dpf2,0.012965595483993323,0.2122950822309156,1.0
Ap1s2,0.012963163121715178,0.2123808693811903,1.0
4931406P16Rik,-0.012934800922711338,0.21338302620978317,1.0
Brd9,0.012925385559285373,0.21371646417495563,1.0
Ube3a,-0.012899635105878068,0.21463031630953178,1.0
Drg1,0.012896900321218078,0.21472753567910702,1.0
Slc3a2,-0.01288148802041104,0.21527602392471856,1.0
Camta1,-0.012881242573705272,0.2152847669641242,1.0
Ina,0.012869403872703224,0.21570677624308468,1.0
Zmym5,0.012866006819024094,0.21582797953059887,1.0
Nbeal1,0.012865754281833603,0.21583699174865734,1.0
Matk,-0.012860590898951888,0.21602131523647028,1.0
Prps1,-0.012859880208563584,0.21604669447563296,1.0
Cops6,0.012855057087323964,0.2162189881455686,1.0
Nmt2,0.012828564532226472,0.21716713064269827,1.0
Gna11,0.012828116756815066,0.21718318174087692,1.0
Ppp2r2b,-0.012824672017030815,0.2173066914961292,1.0
Fam76a,0.012824247948741334,0.21732189978458505,1.0
Actr6,0.012819066420964243,0.21750778583995817,1.0
Fam103a1,0.012816671680670718,0.2175937351833498,1.0
Aida,0.012783544759816185,0.21878519545347594,1.0
Eps15,-0.01277741145097949,0.21900630232744508,1.0
Rnf208,0.012769143461452368,0.2193046186821094,1.0
Nap1l4,0.012761939577294407,0.219564778877485,1.0
Cnih1,-0.012752743036143719,0.21989722341297885,1.0
Azi2,0.012751167920131591,0.21995419827536217,1.0
Appl2,-0.012746316593920679,0.22012974626699058,1.0
Rnf4,0.012726711016304503,0.22084020894828052,1.0
Api5,-0.01272258394964132,0.22098997389418548,1.0
Ddrgk1,0.012722356750346955,0.22099822072318692,1.0
Dzip3,0.012717724921015977,0.22116639391498288,1.0
Rpap3,0.012671199806290738,0.22286072417419409,1.0
Atf7ip,0.012666523463692828,0.22303153739510678,1.0
Ctsa,-0.012662571294399658,0.22317597168602557,1.0
Adipor2,0.012643976859069999,0.2238564139796777,1.0
Ccdc124,0.012639532348255073,0.22401927522335316,1.0
Lsr,0.012630068255181537,0.22436635235208516,1.0
Ddb1,0.012624286719524747,0.2245785678690056,1.0
Zfp462,0.012624065466583354,0.22458669196911052,1.0
Haghl,0.01262280542907097,0.22463296279614406,1.0
Scamp2,0.012602405172843965,0.2253830445865215,1.0
Irf2bp1,0.012601587671813083,0.2254131398935886,1.0
Rabl6,0.012601241226180445,0.2254258947341305,1.0
Chd1,0.012581383321049171,0.226157850423994,1.0
Phf14,0.012571865182583955,0.2265092863455893,1.0
Abhd12,-0.012561819279360727,0.2268806311343449,1.0
Mtx1,0.012549565997673652,0.22733415860675446,1.0
Ssbp2,0.012545293249218437,0.22749245655827258,1.0
Lifr,0.012534977922759236,0.22787494529009103,1.0
Man2a2,0.012522231099138135,0.22834822566267157,1.0
Clpx,0.012488750330461748,0.229594675175431,1.0
Stk19,0.012484930589420273,0.2297371866059872,1.0
Cnrip1,0.012462773224602904,0.23056510086582338,1.0
Rnmt,0.012461870615236738,0.23059887193205061,1.0
Clpp,0.012459489504233055,0.2306879779020362,1.0
Akap8,0.012455999171232277,0.23081863740923778,1.0
Fry,-0.012452673372613823,0.2309431865395645,1.0
Ccdc88a,-0.012447132214884905,0.23115080555288378,1.0
Bmpr1a,0.012423364191817672,0.23204286230518895,1.0
Med30,0.012422855476052186,0.23206198199684042,1.0
Borcs8,0.012411276124259019,0.23249748546660856,1.0
D430019H16Rik,0.012409064944647073,0.23258071459864138,1.0
Clptm1,-0.012407438347819814,0.23264195343898458,1.0
Rev3l,0.012398983651916691,0.23296044383094894,1.0
Sh3glb1,0.012397382016198373,0.23302081264748142,1.0
Smpd2,-0.01239032736873019,0.23328684830290752,1.0
S100a1,0.01239000332915192,0.23329907323102828,1.0
Ddx46,0.01238977499667451,0.23330768772351596,1.0
Cx3cl1,-0.012386678006354256,0.23342455277024826,1.0
Ube2e1,0.012379253723541796,0.23370487732618356,1.0
Pfdn4,0.012376733148073572,0.23380010292962347,1.0
Tmem33,-0.01237255737697281,0.23395792118601982,1.0
Dnajc8,0.012370211409933905,0.23404661730224224,1.0
Trp53bp1,0.012368596842897268,0.2341076745500122,1.0
Agpat3,-0.012355370957871918,0.2346082558696565,1.0
Abca2,0.012347201027833795,0.23491785480546737,1.0
Phf1,0.012328649418693874,0.23562194053981594,1.0
Smim20,0.012315250590261137,0.23613139146127315,1.0
Grn,-0.01231391727861621,0.23618212928460705,1.0
Ppp1r9b,-0.012302182623092562,0.23662901223563038,1.0
Psmd10,0.01229477899918083,0.23691126676070867,1.0
Thap7,0.01227769157213887,0.2375636130151534,1.0
Slf1,0.012272379193099302,0.23776668184972938,1.0
Pcyox1,0.012261707417970431,0.23817498714378108,1.0
Tmem30a,0.01225950183082009,0.23825943524500762,1.0
Plxnb2,0.012258518415334426,0.2382970953275285,1.0
Zfp512,0.01225763998850693,0.23833073840190316,1.0
Atxn2l,0.012237840924992518,0.2390899168074929,1.0
Dst,-0.012230986728787583,0.2393531322021128,1.0
Clasp1,0.012220089722716083,0.23977202044805088,1.0
Fbxw11,0.01221329294573511,0.24003355465095821,1.0
Etfa,-0.012210586817166776,0.24013774011360306,1.0
Rock2,-0.012199387919922793,0.2405692344207204,1.0
Esyt2,0.012198746912791313,0.2405939489848547,1.0
Tecr,0.0121899705783703,0.240932507746463,1.0
Cmip,0.012184132729227333,0.24115789623879763,1.0
Acot13,-0.012179579053675107,0.24133380819853598,1.0
Rragd,0.01216531590460046,0.24188538898185882,1.0
Rbms1,-0.012156662127961652,0.2422204775657941,1.0
M6pr,0.01214951758231743,0.24249737216213593,1.0
Chic2,0.012109197116767365,0.2440642078284994,1.0
BC005624,0.012107461228421589,0.2441318229309083,1.0
Letm1,0.01210374298045411,0.2442766977662724,1.0
Rasgrf1,-0.01209773018291277,0.2445111032899623,1.0
P4ha2,-0.012069344625741682,0.24561983000818577,1.0
l7Rn6,0.012053986246009783,0.2462211887046611,1.0
Atn1.1,0.012038598838371882,0.2468247179680958,1.0
S100a13,-0.012036491646720647,0.2469074474303476,1.0
Crk,-0.012018428862262303,0.24761739869790717,1.0
Cd9,-0.012014512224901705,0.24777152903308228,1.0
1110051M20Rik,0.011996581906418936,0.24847799303816467,1.0
Csnk1e,-0.011996406632627708,0.2484849058637233,1.0
Wdfy3,0.01199509710426594,0.24853655812225098,1.0
Med1,0.011988568880142941,0.24879416553257802,1.0
Metap1,0.011985096882352669,0.24893124854686507,1.0
Lrrc16a,0.011976033359647632,0.24928934752552215,1.0
Fasn,0.011974867693864438,0.24933542899223163,1.0
Bccip,0.011962638625980333,0.24981923118472485,1.0
Ddt,-0.01195777027012128,0.2500120137781943,1.0
Arfgap3,0.01195387008879389,0.25016653245763515,1.0
Rnf115,0.01192977401139263,0.2511226575935403,1.0
Satb1,-0.011910748786757167,0.25187937187908593,1.0
Selt,0.011896697305932036,0.2524392789103965,1.0
Pcm1,0.011895412332893008,0.2524905242692533,1.0
Thrb,-0.011864047117438516,0.2537436329944525,1.0
Mboat7,-0.01185878261408911,0.2539543849068549,1.0
Ppa2,0.011855840880507552,0.25407220327535585,1.0
2610507B11Rik,0.01184907417240936,0.25434335874483993,1.0
Hist1h2bc,0.011846521394714593,0.2544457059118077,1.0
Capza1,0.01184400905094487,0.2545464599500402,1.0
Rnps1,0.011840418238605203,0.25469051263222614,1.0
Pfn2,-0.011828819568131737,0.25515620398338046,1.0
Ptprg,-0.011827256335407262,0.2552190136505062,1.0
Calm3,-0.01180663572470658,0.2560485422821785,1.0
Abcg1,0.01180105950553821,0.2562731844846996,1.0
Cep170b,0.01179621399491758,0.25646850064984733,1.0
Rnf149,0.011783424344353982,0.2569845310061743,1.0
Picalm,0.011781324957035912,0.2570693048229867,1.0
Srsf5,0.011778240564282972,0.25719388861698145,1.0
Ski,0.011774868948096406,0.2573301217667017,1.0
Sin3b,0.0117676663370179,0.25762131735773114,1.0
Mark3,0.01176741877476203,0.2576313301555129,1.0
Camsap1,-0.011738872106017904,0.2587877270182533,1.0
Fbxo44,0.01171953553485587,0.2595730721694785,1.0
Pdpk1,0.011712351246844914,0.25986527842187473,1.0
Serpini1,-0.01170953658472527,0.25997982111034673,1.0
Eci1,0.011691353987735414,0.26072060392298657,1.0
Rprd2,0.011686601103836479,0.26091448308070664,1.0
Lpp,0.0116858316477026,0.2609458800314087,1.0
Tprkb,0.011682039040649376,0.2611006720511433,1.0
Lpin2,0.01168077214419574,0.26115239349098346,1.0
Arpc1a,0.011651461447630771,0.26235098970230386,1.0
Psmb8,-0.011643039645580602,0.2626960822070752,1.0
Jun,-0.01163841456894534,0.26288573300730783,1.0
Fbxw7,-0.011626297662580665,0.26338303357663434,1.0
Ppil4,0.011624342072868976,0.26346335543736865,1.0
Oat,-0.011621581141181175,0.26357678384630956,1.0
Aldh7a1,-0.011619732037121687,0.26365277012637633,1.0
Hist3h2a,0.011616927130275557,0.2637680625935784,1.0
Smc1a,0.011606547054665057,0.2641950260706398,1.0
Wls,0.011589324796442865,0.2649044795767266,1.0
Bin1,-0.011571684739338856,0.26563250349535766,1.0
Ube2g1,0.011567777400275028,0.2657939497220938,1.0
Dpcd,0.011563125018559047,0.26598626823562854,1.0
Ccnd3,0.011562817657899745,0.2659989771740919,1.0
Ginm1,0.011560987010022072,0.2660746805916557,1.0
Thrsp,0.011557353007250212,0.26622500270091876,1.0
Gm42418,0.0115484489564806,0.26659356963243047,1.0
Mgat4c,-0.011512193940385435,0.2680979032483115,1.0
Isyna1,-0.011503580426896209,0.26845616038648,1.0
Ifngr1,-0.011491706435088516,0.2689505675811619,1.0
Dohh,0.011484565107742328,0.269248217721371,1.0
Dtnbp1,-0.011479971934549417,0.2694397803430846,1.0
Arhgef12,0.011471877298224332,0.2697776023511778,1.0
Man2a1,0.011463651933585587,0.27012117765685356,1.0
Mrpl35,0.011454266383200492,0.2705135805205656,1.0
Usp14,0.011447213688017271,0.2708087054414408,1.0
Dhx9,0.011380741423574998,0.2736011229055679,1.0
Arhgef4,-0.011368954477590005,0.2740983247747901,1.0
Dab2ip,0.011365296690409199,0.2742527444969874,1.0
Ppp2r2a,0.011364754409481728,0.2742756428677924,1.0
Tm7sf3,0.011338100841200653,0.2754027269159756,1.0
Arid5b,-0.01132932266940808,0.27577461521419017,1.0
Ctso,0.011328347718985127,0.27581594022974176,1.0
Tmed9,0.011327844010521629,0.2758372924676358,1.0
Rabggtb,0.011320074119407025,0.2761668015364734,1.0
Flna,-0.011318215720323502,0.2762456531252848,1.0
Lonrf2,-0.011311654546263044,0.2765241654909415,1.0
Ctnnbip1,-0.011303073156015154,0.27688872189297564,1.0
Pkig,-0.011294608552948893,0.27724863760981094,1.0
Sf3a3,0.011286474141682809,0.2775948136819067,1.0
Pdlim7,-0.011286180000750263,0.2776073369465492,1.0
Rc3h1,0.01128467947325815,0.27767122898544166,1.0
Grb10,-0.011272711041710305,0.27818119984865997,1.0
Ddx42,0.011262621683016406,0.2786115989147749,1.0
Ppil2,0.011262309402764976,0.27862492761240015,1.0
Pdcd10,0.011259105200217582,0.2787617139518888,1.0
Ap2a1,0.011256121254408826,0.2788891386732703,1.0
mt-Atp8,0.011230950960923447,0.2799655729212304,1.0
Clptm1l,0.011226852900802331,0.280141097655855,1.0
Usp53,-0.011204912236416925,0.28108211350392553,1.0
Ankrd44,-0.011200655524187603,0.2812649283590476,1.0
Chtop,0.011200509838042475,0.28127118663242134,1.0
Bri3,0.011198026805637603,0.2813778653588488,1.0
Gtf2f1,0.011197261877443633,0.28141073456277443,1.0
Cul3,0.011193961952658857,0.2815525632251979,1.0
Ncor2,0.011188019134382058,0.28180810405018814,1.0
Rnf181,0.011185080026565175,0.28193454362856346,1.0
Ddx3x,0.011171437243288517,0.28252195598897567,1.0
Riok3,0.011169403906699684,0.28260957560398925,1.0
Larp4b,0.01114272332223045,0.2837609895434196,1.0
Setd1b,0.011138453316783727,0.28394555816012357,1.0
Lurap1l,0.011137998465164436,0.2839652236571141,1.0
Fam134b,0.01113271563808038,0.2841936940720057,1.0
Ulk2,0.01112212507158955,0.28465208688106275,1.0
Acaa1a,0.011096995792170784,0.28574176102374654,1.0
Ppp6c,0.01109406925592731,0.28586884663415335,1.0
Tial1,0.011090258500939141,0.2860343869116126,1.0
Fam114a1,0.011087083205730779,0.28617237208904883,1.0
Fam20c,-0.011050831605790123,0.28775090340369147,1.0
Rnaseh2c,0.011045107559589233,0.28800068579006044,1.0
Bst2,-0.011043891548855343,0.28805376813785327,1.0
Stox2,-0.011043295066644653,0.28807980870454164,1.0
Bsdc1,-0.011035469346278855,0.2884216024514142,1.0
Srsf9,0.011027611728505903,0.28876506425057685,1.0
Pclo,0.011016567659723213,0.28924827371568285,1.0
Wwc1,-0.011009790825162655,0.28954504899630995,1.0
Tacc1,0.011001636515948142,0.28990241917685466,1.0
Apbb2,-0.010986398520007863,0.2905710340097876,1.0
Zcchc10,0.01098556623441844,0.29060758300056494,1.0
Arpc5,0.010979164776313461,0.29088880000256323,1.0
Exoc5,0.01095687136325284,0.29186958096317533,1.0
Cbr1,0.010949640506987936,0.2921881733540315,1.0
Ppia,0.010944588536024107,0.2924109023519992,1.0
Ei24,0.010941153163608488,0.29256242459543824,1.0
Snx3,0.010936913943042375,0.2927494744159373,1.0
Nemf,0.0109322896864075,0.29295360495734596,1.0
Usp19,0.010925840058053915,0.29323847316914403,1.0
Maob,0.010903866510241214,0.29421039927224,1.0
Ift122,0.010860233904509072,0.2961467360077977,1.0
Lsm2,0.010843987534893896,0.2968698945127792,1.0
Cox19,0.010831926354718694,0.2974075249088681,1.0
Ppp3cb,0.010825126690525632,0.297710908451167,1.0
Ckap4,-0.010823308166006825,0.29779208137442503,1.0
Psme1,0.0108211990589553,0.2978862434587079,1.0
3222401L13Rik,0.010818536460123342,0.2980051448470511,1.0
Slc24a2,0.010818271952609655,0.29801695846259,1.0
Nrbp1,-0.010802229477510174,0.29873404328764924,1.0
Hdac11,0.010801291545729848,0.29877600363647266,1.0
Fhad1,-0.01078420793897008,0.2995409630270382,1.0
Csrnp3,-0.01078375754023985,0.2995611483661546,1.0
Ept1,0.010774532639364811,0.29997477662281324,1.0
Hk1,0.010772396433667276,0.3000706145819776,1.0
Kdm7a,0.010764036246542347,0.30044587922363597,1.0
Dnaja3,-0.010760234314389633,0.30061664037684727,1.0
Rbm27,0.010755786722779943,0.30081648293187685,1.0
Vamp7,0.010750515366687684,0.30105345407416934,1.0
Neo1,0.010747162306849325,0.3012042538560328,1.0
Arhgap32,0.010732326857879698,0.30187206361961316,1.0
Dazap2,-0.010722898127800152,0.3022970045613676,1.0
Csnk1g3,0.01071735874772648,0.30254684288544686,1.0
Gmps,0.010716098641680966,0.30260369562857575,1.0
Arl5a,-0.010715003218533414,0.3026531240750991,1.0
Sccpdh,0.01069782585240731,0.30342891532635796,1.0
Kpna4,0.010684933147410626,0.3040120632945745,1.0
Mtmr6,-0.010683157224373041,0.30409244808116387,1.0
Dapl1,-0.010681234263076574,0.30417950427251356,1.0
Gdi1,0.01066454101821418,0.3049359352058976,1.0
Ubqln1,0.010659824976370065,0.30514986193507315,1.0
Nf1,-0.010648589805676657,0.305659907148375,1.0
Fdft1,0.010642519659349411,0.30593570982022994,1.0
Ormdl3,0.010636454678786529,0.30621144248406906,1.0
H2-T23,-0.010635913862300771,0.3062360376591872,1.0
Samm50,0.010633077951188882,0.3063650302512998,1.0
Tmem179,-0.010608463656460997,0.307486133789644,1.0
Jade1,0.010605885706747104,0.3076037081638285,1.0
Adgrl3,-0.010605785416099207,0.30760828279145075,1.0
Fem1b,0.010600322031681153,0.30785755600778203,1.0
Cyb5b,0.010596637211254634,0.3080257556396025,1.0
Armcx3,0.010592775660821332,0.3082020876248407,1.0
Vezf1,0.01057814452856202,0.30887080224300684,1.0
Trps1,-0.01055885692847734,0.30975380470783015,1.0
Ola1,0.010558500455343905,0.3097701400212815,1.0
Ppp1cb,-0.01053136813394197,0.3110151431044258,1.0
Thyn1,0.010516896627683224,0.3116805354864542,1.0
Spred1,-0.010511199813645634,0.31194272927621464,1.0
Ids,0.010510959845420997,0.3119537769157715,1.0
Rab1b,0.0104998577147041,0.3124651779129358,1.0
Ube2q2,-0.010498000716427577,0.3125507712962908,1.0
Tardbp,0.010476290086085324,0.3135526104737144,1.0
Snx5,0.010473089324091961,0.3137004884730548,1.0
Gadd45a,0.010470700891492763,0.31381086603371633,1.0
Gnpda2,0.010464868541893445,0.314080506014993,1.0
Dlk1,0.010455375023594084,0.31451973415505896,1.0
Pitpnm1,0.010449160264058505,0.3148074854675817,1.0
Mbtps1,0.010442723151947074,0.31510571433782486,1.0
Tmem138,-0.010426567781189985,0.3158550035320851,1.0
Slc22a17,0.01042406388955757,0.31597123911645225,1.0
Ube2m,0.01042294438957466,0.3160232175945185,1.0
Nt5c2,0.010419798205905316,0.3161693252156856,1.0
Txndc15,0.010403463534542023,0.3169286138928101,1.0
Ppp1r1a,0.010395155375395496,0.31731526258452203,1.0
Tmem160,0.01038467130451619,0.3178036159350264,1.0
Txnip,0.010376266584967452,0.31819546750764965,1.0
Lamtor3,0.01037255265054532,0.31836872231136953,1.0
Glrx3,0.01035587497069203,0.31914749648177343,1.0
Acaa2,-0.01035335785611854,0.319265142823152,1.0
Sh3gl2,-0.010342253257558545,0.31978449458940483,1.0
Sdhc,0.010333881228579835,0.3201764117044136,1.0
Gns,0.010326526148011814,0.32052098173249177,1.0
Gnaq,0.010319813631537124,0.3208356604106148,1.0
Zc3hav1,0.010315925047921911,0.3210180471357597,1.0
Arl8b,0.01031273720819048,0.32116761728976007,1.0
Limk2,0.010303665039113523,0.3215935231345541,1.0
Hnrnpu,0.010302088519827739,0.3216675726549013,1.0
Dazap1,0.010299053856440239,0.3218101429120691,1.0
Fyttd1,0.010273790954171608,0.3229986093080241,1.0
Ghitm,-0.010266986635724076,0.32331919973414697,1.0
Kansl1,0.01023944744437921,0.3246188461506719,1.0
Atf2,0.010238769228793123,0.3246508957582567,1.0
Tab2,0.010216978734805036,0.3256817185648756,1.0
Ednrb,-0.010213690327519486,0.3258374648200388,1.0
Thra,-0.01021092642857848,0.3259684066413515,1.0
Ddx6,0.010200459066236057,0.3264646159207333,1.0
Rnf167,0.010193071062087186,0.32681514232156583,1.0
Pgp,0.010182031898846167,0.3273393545183154,1.0
Chp1,0.010178448751738596,0.32750962321336463,1.0
Hspbp1,0.010168996535333194,0.32795906181795076,1.0
Coa6,0.010155585883742685,0.32859740421072264,1.0
Fam136a,0.01014612634987473,0.3290481589062773,1.0
Tex264,-0.010142663118865903,0.32921328490951,1.0
Tacc2,0.010135258704985288,0.3295665056087238,1.0
Grin1,0.010131214882202342,0.32975951601694925,1.0
Cd2ap,0.01012091447783945,0.33025148173012275,1.0
Tgfbr3l,0.01011468907370027,0.3305490483465535,1.0
Arhgdia,-0.01010420840817664,0.3310504029399441,1.0
Vps41,0.010101377485269422,0.33118590767837686,1.0
Pcmtd1,0.010071248084440853,0.33263030090532564,1.0
Pkd1,-0.010051637031934206,0.33357263010575927,1.0
Tm9sf4,0.010050830556767414,0.333611418812497,1.0
Babam1,0.010038658520107522,0.3341972056015444,1.0
Fbxo3,0.0100367170192894,0.3342907028102939,1.0
Bag6,0.010029421164210937,0.3346422013492026,1.0
Ctnnd2,-0.010022632189207605,0.33496949333448817,1.0
Txndc12,0.010022145831109153,0.33499294824857606,1.0
Ist1,0.010021557357466494,0.33502132916105365,1.0
Phyhipl,0.010001255112996984,0.3360014143605154,1.0
Armc1,0.01000113607190364,0.33600716647157375,1.0
Gnai3,0.009998888658681577,0.33611577422688443,1.0
Mbtd1,0.009985298146068635,0.33677302611040943,1.0
Mospd3,0.009969148430134259,0.33755511753824735,1.0
Hexa,0.009964010525032407,0.3378041782578424,1.0
Rfwd2,-0.009950709293873893,0.33844950561668036,1.0
Psmc1,0.009944537301064703,0.3387492168741739,1.0
Slc25a17,-0.009940655742166368,0.33893779213494263,1.0
Tusc2,0.009936900967985956,0.33912027197089617,1.0
Trmt1l,0.009933171250277994,0.3393015964566742,1.0
Pisd,0.009920773220150197,0.33990478764340926,1.0
Ctsz,-0.009915439268182367,0.3401645073607052,1.0
Ptprk,-0.009913010407613904,0.3402828150771701,1.0
Arl6ip5,0.009906503168365484,0.3405999070363183,1.0
Syt13,0.009905970601868735,0.34062586690210417,1.0
Kbtbd2,0.009890946685978669,0.34135872730367406,1.0
Kansl3,0.009889136099680469,0.3414471150406649,1.0
Tmco1,0.009887298949672173,0.3415368145120339,1.0
Clstn3,-0.009864724290260909,0.34264026073700576,1.0
Dusp18,-0.00984889795511988,0.34341520700360323,1.0
Sart1,0.009846535006351296,0.3435310062170184,1.0
Cacna2d2,-0.009839279946727085,0.3438867051385501,1.0
Fdps,0.009823687920297738,0.3446519416808939,1.0
Rbm7,0.009822526061490618,0.34470900766475693,1.0
Psmb10,-0.009801769116633413,0.3457295235005136,1.0
Cops2,0.009798085428068721,0.3459108330906308,1.0
Ankrd40,0.00976485526474121,0.34754914462518866,1.0
Sirpa,-0.00976450026001573,0.34756667364618504,1.0
Dgcr2,0.009762969498152111,0.34764226430966366,1.0
Klhdc10,0.009734706349929966,0.34903980700407994,1.0
Sept7,0.00971116767435801,0.35020645518372184,1.0
Nudt19,0.009707342616659845,0.35039626998706447,1.0
Snd1,0.009699887920640044,0.3507663895241955,1.0
Ube2a,0.009668933269271455,0.35230591219447466,1.0
Sec23b,-0.009666669574692095,0.35241866408697053,1.0
Mrpl10,0.00960828076106151,0.35533482778513986,1.0
Cotl1,0.009607354816856288,0.3553811953134731,1.0
Cdk13,0.00960005588939399,0.3557468296016261,1.0
Opa1,0.009597268725780945,0.35588651303578883,1.0
Tbpl1,0.009584934304785771,0.3565050885476207,1.0
Qrich1,0.009581124667281006,0.3566962800516368,1.0
Smarcc2,-0.009559293486289516,0.3577931509791091,1.0
Ccnh,0.009557812440662465,0.3578676404239999,1.0
Ncstn,0.009544396330880707,0.3585428504644578,1.0
Dynll1,-0.009540796875009581,0.3587241411685198,1.0
Ythdf2,0.00953819734176729,0.358855105458646,1.0
Zmiz1,-0.009526208644775276,0.3594594839553488,1.0
Rpgrip1,0.009510059962271047,0.3602745871834233,1.0
Nck1,0.009507806920771914,0.3603884013864115,1.0
Cald1,-0.009501126807006611,0.3607259853137833,1.0
Rcn2,0.009499766465764711,0.3607947553545601,1.0
Supt6,0.009498859035127389,0.36084063374161646,1.0
Epm2aip1,0.00949259922299297,0.361157220518689,1.0
Pdgfa,-0.009491105725386273,0.36123277911824286,1.0
Timm22,0.009485633916421186,0.3615096919671643,1.0
Elavl2,0.009476635562695205,0.36196536255716916,1.0
Vmp1,0.009471335525495943,0.3622339212010244,1.0
Prkar2a,-0.009469279532467425,0.36233813419029015,1.0
Mettl10,0.00946564019758235,0.36252264872834816,1.0
Mapk8,-0.009440802900494552,0.36378347185771814,1.0
Tle1,0.009440022002578574,0.36382315722192016,1.0
Socs6,0.009437161866420758,0.3639685329392839,1.0
Mapt,-0.009425513639707884,0.36456096698455803,1.0
Smchd1,0.00942016725061438,0.36483308835908107,1.0
Ppp2r1a,-0.009411737480958835,0.36526240579151925,1.0
Tpd52l2,0.009410270080439029,0.3653371708503485,1.0
Psmc6,0.00940178999304241,0.3657694242148497,1.0
Suds3,0.009376769400761624,0.36704665148482724,1.0
Ehmt1,0.009334900186702197,0.3691901589869276,1.0
Smndc1,-0.009333755222907043,0.3692488848837692,1.0
Tgfbr1,0.009332035477988901,0.36933710256965757,1.0
Acadsb,0.009331333978970735,0.36937309109851874,1.0
Klf3,0.009325322698139375,0.3696815731361383,1.0
Dync1h1,0.009307600787865343,0.3705919431158685,1.0
Cbfb,0.009306114154861033,0.3706683742935103,1.0
Trnau1ap,0.009293625846960292,0.37131081285393563,1.0
Dnajc10,0.009292994088541562,0.3713433308754462,1.0
Mecom,0.009288137765484414,0.371593355684817,1.0
Pde6d,-0.009286644035741145,0.37167028043235023,1.0
Prpf19,0.00927463607169737,0.37228903052970835,1.0
Acadvl,0.009253266984478682,0.3733917211469267,1.0
5031425E22Rik,0.009247865608727238,0.37367076344467,1.0
Rnf103,0.009246908023118373,0.37372024706095375,1.0
Hs2st1,0.009220730159018208,0.37507456868159533,1.0
Ifnar2,-0.009209037803779935,0.37568045549444573,1.0
Ring1,0.009202974149127038,0.37599490618266346,1.0
Casd1,0.009199663598120094,0.3761666541969955,1.0
Il6st,0.009193436316167918,0.37648985040313093,1.0
Nus1,0.009190248068435668,0.37665538688434175,1.0
Ryk,0.009168462352270325,0.3777877204975204,1.0
Dmd,0.00914256494932131,0.37913648788638854,1.0
BC026585,-0.009141086798968471,0.3792135609614271,1.0
Mllt4,0.009138695812211281,0.3793382511570339,1.0
Sox2,0.009136834698524754,0.3794353258699801,1.0
Dmxl2,0.009132030324075483,0.379685990128835,1.0
Myl12b,-0.009124565628253338,0.38007565636683965,1.0
Pla2g16,-0.009118367809892584,0.3803993767117749,1.0
Psph,0.009096799308416921,0.38152724813044925,1.0
Trappc3,0.009070463613090425,0.38290718700172127,1.0
Gtf3c2,0.00906231902652753,0.38333456565649804,1.0
Anp32a,0.009058393672333546,0.3835406487823256,1.0
Agpat5,-0.009043245784798572,0.38433655642659303,1.0
Sike1,0.009039046551314036,0.38455737330934137,1.0
Atp2c1,0.009038657657236476,0.3845778272464992,1.0
Mcmbp,0.009037450503426376,0.3846413219035528,1.0
Adgrg1,-0.009023802678773705,0.38535962484476777,1.0
Zfp414,0.009019764757454625,0.38557230296371353,1.0
Pole3,0.009016294803448576,0.38575512340002477,1.0
Emc1,0.00901529006760029,0.3858080695015957,1.0
Cry2,0.009009093784071172,0.3861346902643285,1.0
Arf1,0.008991814936073986,0.3870463905191886,1.0
Wdr47,0.008990684673405518,0.38710607335142955,1.0
Copg2,0.00898845324540616,0.387223919025028,1.0
Rpl7a-ps5,0.008975142447133058,0.3879273402368483,1.0
Ivns1abp,-0.008974944475464243,0.38793780810158,1.0
Uggt1,0.008971362452244938,0.38812723934524657,1.0
Ndufa9,0.008955715934978218,0.38895534809211973,1.0
Zscan26,0.008951555658271167,0.389175716041699,1.0
Kdm2a,0.008935828068664322,0.3900094854375867,1.0
Ly6e,-0.008933156155956738,0.39015123982895783,1.0
Usp4,0.00891844745740458,0.39093214868159254,1.0
Actl6a,0.008901588789822423,0.391828369369055,1.0
Gtf3a,0.008895655731357685,0.3921440719366589,1.0
Mcfd2,-0.008890748948785799,0.392405282086834,1.0
Cep19,0.00888908360414597,0.39249395985823426,1.0
Nicn1,0.008884622980756894,0.3927315429907723,1.0
Ppp1r37,0.008881522151861889,0.3928967516606475,1.0
Ablim1,-0.008877312419590448,0.3931211088341155,1.0
Myo1b,-0.008871543383201348,0.3934286949569717,1.0
Gm2a,-0.0088633850196327,0.3938639208738191,1.0
0610010K14Rik,0.008862185146298508,0.39392795533887115,1.0
Nudc,0.008858204900859772,0.39414041694796653,1.0
Mpst,-0.008854723647677368,0.3943262996701195,1.0
Ece1,0.008807913020345524,0.3968309172200663,1.0
5330434G04Rik,0.00880771612631488,0.39684147232601397,1.0
Copb1,0.008807191701028885,0.39686958657170174,1.0
Tpm3,0.008786639218543273,0.3979723435929028,1.0
Mapk1,-0.008780209151273435,0.398317731894797,1.0
Preb,0.008758155879060193,0.3995036846307148,1.0
Adgrl1,0.008735498795387804,0.4007243176101593,1.0
Adss,0.008726709999581547,0.40119840960693764,1.0
Fam216a,0.008720119784280929,0.40155412488796116,1.0
Igsf8,0.008709582815938054,0.40212326426365885,1.0
Trim32,-0.008705798121025362,0.4023278072095628,1.0
Zc2hc1a,0.00869890413189952,0.40270055149492606,1.0
Kras,0.008691771564128788,0.4030864130040507,1.0
Bmp2k,0.008676422774940426,0.40391751088252253,1.0
Mgat2,-0.00866464955047746,0.4045556955099601,1.0
Dynlt3,0.008654115752998275,0.40512720604040786,1.0
Sec24c,0.00865057105300783,0.4053196319754091,1.0
Cd24a,0.008646600842847093,0.4055352217857708,1.0
Tmem50a,0.008641160486433163,0.40583075450243594,1.0
Rab14,0.008639737461194414,0.4059080777332789,1.0
Prrt1,0.008627619839309061,0.4065668719180316,1.0
Ptdss1,-0.008617136920132287,0.40713730721268343,1.0
Taf11,0.00860666823555334,0.4077074439317222,1.0
Oxr1,0.008605773071298024,0.40775621768746484,1.0
Xpo1,0.008593764635274444,0.40841084323161214,1.0
Fam208a,0.008591975835255302,0.4085084110510599,1.0
Lpar6,0.008569910724027031,0.4097130653902238,1.0
Mfap1b,0.008568614131425388,0.4097839190672289,1.0
Tle4,0.008565452759827907,0.40995670609929985,1.0
Glo1,0.008538490183468934,0.41143212386811856,1.0
Adrbk2,-0.008531780845262427,0.41179975420569453,1.0
Scn3a,0.008518377790671935,0.41253474201600776,1.0
Tmpo,-0.008516216310863084,0.4126533445637433,1.0
Mib1,0.008515726471946802,0.4126802253204009,1.0
Atp2b4,-0.008511734514098644,0.41289932958173625,1.0
Cab39,0.008511504127693874,0.41291197676882374,1.0
Ptp4a3,0.00849834599842707,0.4136346801854466,1.0
Ech1,-0.008481166768114768,0.4145793664428388,1.0
Mydgf,0.008471444980421494,0.4151145324759326,1.0
Glmp,0.00846208546657216,0.4156301414665654,1.0
Dhx36,0.008448331930834638,0.4163884997945332,1.0
Camk2b,0.00844484274028692,0.4165810205554756,1.0
Abi1,-0.008436862479831851,0.4170215394338598,1.0
Ylpm1,0.008434582954439739,0.4171474220738153,1.0
Zfp36l2,0.008425411889685994,0.4176541037201452,1.0
Ap1g1,0.008412384353600427,0.4183744700960456,1.0
Atp6v1c1,0.00840403283077935,0.41883665762929567,1.0
Git2,0.008398740492760931,0.4191297000769194,1.0
Prpf8,0.008389051063294416,0.4196665265683452,1.0
Nme5,-0.008385983543047865,0.41983656153461474,1.0
Polr1c,0.008367308836808312,0.4208725877033686,1.0
Lsm14b,0.00836231967841868,0.4211496275540455,1.0
Cdc16,0.008353824127224525,0.42162161782904933,1.0
Fus,0.008348146921115414,0.42193720115875866,1.0
Myh10,0.008347434244338184,0.4219768270638752,1.0
Pts,0.008338392915367962,0.42247972795296274,1.0
Nsun2,0.008335700847200684,0.4226295351922264,1.0
Camk2a,0.008334790108550146,0.42268022269077604,1.0
Pfkl,-0.008319252647807958,0.42354551420405173,1.0
Evl,-0.008312350354094146,0.42393023974897087,1.0
Tspan31,0.008307617958490974,0.42419413583890464,1.0
Pgrmc2,-0.00829266486760671,0.42502860704177975,1.0
Capns1,0.008290945111847962,0.4251246410536752,1.0
Lpgat1,-0.0082893906871211,0.4252114536085707,1.0
Lsm14a,-0.008285856471540832,0.4254088733704984,1.0
Sgce,-0.008284477202487296,0.4254859332602961,1.0
Unc80,0.008278836835044113,0.4258011458927142,1.0
Emb,-0.00826590456522897,0.42652438154907807,1.0
Inpp5a,0.008229655538605949,0.4285554172771365,1.0
Lgr4,0.008226284447210321,0.42874458524139064,1.0
Tmem128,0.008205988509833045,0.4298845124556815,1.0
Vps4a,0.008205287557205596,0.42992391307885325,1.0
Azin1,-0.008200286905351843,0.4302050610960893,1.0
Secisbp2l,-0.008192597058279178,0.4306376099601502,1.0
Tmem109,0.008185255757370521,0.43105078865556595,1.0
Spa17,0.008183280899475122,0.4311619756482427,1.0
Atp6ap1,0.008182472021800065,0.43120752128241024,1.0
Rab3a,0.008178343428694695,0.43144003423461996,1.0
Jam2,-0.008174737837443763,0.43164315234485323,1.0
Kdm5a,0.008173032496697978,0.4317392406559656,1.0
Bcl7c,0.008157612474253,0.4326086523579937,1.0
Hmcn1,-0.00815065698526086,0.433001148134249,1.0
Slmap,0.008149341620078196,0.4330753968819311,1.0
Rbmxl1,0.008139237674978136,0.43364598232269735,1.0
Rpn2,0.008137660500786256,0.4337350869893812,1.0
Eif4e2,0.008135636331365884,0.4338494607836586,1.0
Ddhd1,0.008119265597379107,0.4347751140825334,1.0
Cgrrf1,0.0081102052832417,0.43528790275254253,1.0
Stk25,0.008103311372217117,0.4356783126602096,1.0
Alg2,0.008100764173112597,0.43582261447199266,1.0
Notch2,0.008087703678963628,0.4365629395058298,1.0
Trim35,0.008086670672083109,0.43662152568170143,1.0
Sdhaf2,0.0080863661440234,0.43663879761628244,1.0
Abcf3,0.008065914634120326,0.4377996474144097,1.0
Wrnip1,-0.008060544520595726,0.4381047548579633,1.0
Zfp9,0.008039616595437157,0.4392949582264932,1.0
Slc25a1,0.008027444530071188,0.43998805536647484,1.0
Asah1,0.008010035284171683,0.4409804554807236,1.0
Cxcl14,0.00800923104824043,0.44102633127649493,1.0
Spag9,0.008006539170326864,0.4411799031749268,1.0
Rsl24d1,0.007994701528146547,0.4418556052551803,1.0
Becn1,0.007993656327598204,0.4419152945832241,1.0
Mitd1,0.00799201124064367,0.4420092515799125,1.0
Emc3,0.007986058770273821,0.44234931466303057,1.0
Pds5b,0.007985265367883524,0.4423946528355014,1.0
Pias2,0.007983433715588054,0.44249933089291554,1.0
Akirin1,0.007978124283482477,0.44280284244191653,1.0
Tmem9b,-0.007974064929058087,0.44303497406290254,1.0
Fem1c,0.007961497472530953,0.4437540769398912,1.0
Got1,-0.007958630002295148,0.4439182453288922,1.0
Ndufs2,0.00794622535460859,0.4446288354637011,1.0
Gabarapl1,0.007939847643484143,0.44499442984742904,1.0
Fads1,-0.007929410114794588,0.4455931178566739,1.0
Gpr19,0.007921318827733077,0.4460575429796271,1.0
Sfswap,0.007888129680059607,0.44796542094188946,1.0
Sympk,0.007882359806877204,0.4482975744303495,1.0
Mmd,0.007877603455744897,0.4485714877609563,1.0
Snx15,-0.007874561934710322,0.4487466955917147,1.0
Birc2,0.00787367649975244,0.4487977086648697,1.0
Cbl,-0.0078659743288266,0.44924159706264183,1.0
Iqsec1,-0.007859107892331556,0.44963753060889045,1.0
Vamp4,0.007857352662419785,0.44973877269077916,1.0
Chn1,-0.007846807048487099,0.4503473181865705,1.0
Dnal1,0.007844468873260261,0.4504823081314573,1.0
Rab18,-0.00784416930468787,0.4504996047891724,1.0
Nip7,0.007842056290549071,0.45062161786206284,1.0
Ank,0.007833634244369315,0.45110812311379217,1.0
Akt1s1,0.007827940515678797,0.45143719355612016,1.0
Atp1a1,-0.007827183346086489,0.4514809645841084,1.0
2810001G20Rik,-0.007823134956789851,0.4517150376338706,1.0
Cdk14,0.007822681298995755,0.45174127186224544,1.0
Ccny,0.007815651564197055,0.4521478990831384,1.0
Tuba1b,-0.007809376896096038,0.4525110249529993,1.0
Tgs1,0.007806553970348073,0.45267444624845277,1.0
Phtf1,0.007786379899618448,0.4538433081518677,1.0
Lrp10,-0.007773129089698449,0.45461196964615136,1.0
Amfr,0.007770525925659062,0.4547630618078918,1.0
Podxl2,-0.007769398940156291,0.4548284827761315,1.0
Sms,0.007758508924792628,0.45546091595879035,1.0
Dnajc18,0.007758313003956255,0.45547229851122617,1.0
Stx5a,0.007754354003977436,0.45570234165276396,1.0
Rfx3,0.0077436665969256736,0.4563236744409225,1.0
Cyb5a,0.007738730088185449,0.4566108285038565,1.0
Chtf8,0.0077155954292113214,0.4579579114062157,1.0
Ddah1,-0.007702973926193258,0.45869377412928997,1.0
Ubr5,0.0076990779750145,0.4589210508477507,1.0
Dnajc6,0.007691137517639962,0.4593844657861602,1.0
Etf1,0.007682944358971436,0.4598629032534959,1.0
Trio,-0.007679691541185163,0.4600529280471024,1.0
Chic1,0.007673228496400683,0.46043061988031575,1.0
Mapk8ip3,0.007661597672588626,0.461110746543447,1.0
Rnf13,-0.007656178533578112,0.4614278289413755,1.0
Aak1,0.0076457347691926475,0.4620392534919327,1.0
Trim37,-0.007641499523444705,0.4622873324718947,1.0
9030624J02Rik,0.007637401688273112,0.46252743336566954,1.0
Ensa,0.007624072224944064,0.4633089159071469,1.0
Wasf3,-0.007618447598220598,0.4636388982832293,1.0
Plxnb1,0.007608400062960066,0.46422868695591074,1.0
Vps35,-0.0075865252543763926,0.46551417757567937,1.0
N4bp1,0.00758340193694299,0.46569788304367077,1.0
Atp6v0a1,-0.0075829844154315625,0.4657224436321682,1.0
Gart,0.007578045416130917,0.4660130335032723,1.0
Hras,0.007566916540641051,0.4666681784191679,1.0
Ep300,0.007564278529160478,0.46682355019904764,1.0
Rora,0.007517268673507294,0.4695971106559942,1.0
Dtna,-0.007496843350237502,0.4708050279539884,1.0
Psd3,-0.007492796179589554,0.471044573789625,1.0
Gipc1,0.007485287981287385,0.47148915057043783,1.0
Rrp7a,-0.0074773474564244335,0.47195957794284377,1.0
Snx6,0.0074749337201417115,0.47210262824510907,1.0
Adipor1,0.007474738973344766,0.4721141709731405,1.0
Klhdc3,-0.0074591973325180486,0.4730358319391294,1.0
Aup1,-0.0074558474038554255,0.4732346213022019,1.0
Eif2b4,0.007430849732748829,0.4747194673290234,1.0
2810403A07Rik,0.007427799700393292,0.47490081226081726,1.0
Tsku,-0.007424863385216155,0.4750754318588831,1.0
Cmpk1,0.007422157939958704,0.47523635304612566,1.0
Cfl2,0.0074205073120181,0.47533454787807333,1.0
Pid1,-0.007420132274858928,0.475356860157562,1.0
Dirc2,0.0074187742779560735,0.4754376569752897,1.0
Fdx1l,0.007412572350491724,0.4758067491366832,1.0
BC029214,0.007403429644388194,0.4763511407177765,1.0
Ccdc90b,0.007395643398992197,0.4768150323659277,1.0
Aplp2,-0.007381410944127309,0.4776636174125884,1.0
1500011B03Rik,0.007378704470293111,0.47782507955751663,1.0
Taok1,0.0073716731937596295,0.47824468914302126,1.0
Lcmt1,0.007367791044567461,0.47847645267487227,1.0
Cnpy3,0.007363051735402181,0.47875947164022814,1.0
Bod1,0.007361788574059778,0.47883491971016867,1.0
Gng3,0.007357378062969777,0.47909840849551677,1.0
Mrps25,0.007355259993126654,0.47922497244211526,1.0
Dync2h1,0.007348274046485972,0.4796425426521544,1.0
Parp6,0.0073456283136098775,0.47980073754647157,1.0
Plod2,-0.007341946176607638,0.4800209489465802,1.0
Dbp,0.007340723686550376,0.48009407254352265,1.0
Timm44,0.007335835183436567,0.48038654045407997,1.0
Nfia,-0.007335225457239125,0.48042302578022633,1.0
Emsy,-0.0073286429297767285,0.48081701290404266,1.0
1700088E04Rik,0.007325639100973983,0.48099686093998095,1.0
Ecel1,-0.007316226300227693,0.48156067005534847,1.0
Fuca1,-0.0073014631334313,0.48244567979644554,1.0
Pik3ip1,-0.007299557340565684,0.48255999102087455,1.0
Aldh6a1,-0.00729066545853917,0.4830935288108521,1.0
Tollip,0.0072875857908753896,0.4832783921304265,1.0
Snx2,0.007270255165112119,0.48431941390272465,1.0
Clk4,0.007266545551897043,0.4845424020107257,1.0
Scn2b,0.007263167276097202,0.4847455215283536,1.0
H2-D1,-0.007242094843387434,0.4860135464231775,1.0
Ap3m1,0.007241246460118635,0.4860646350721886,1.0
Gle1,-0.007236774272154233,0.4863339930035939,1.0
Brcc3,0.007230222693567773,0.4867287373730061,1.0
Phf23,0.007223462055636573,0.4871362593614639,1.0
Fam155a,0.007221795957190815,0.48723671778322675,1.0
Nr1h2,0.007221043831298795,0.48728207133673457,1.0
Spr,-0.007204542819044055,0.4882776636132414,1.0
Arpc2,0.007204329839190857,0.488290520965747,1.0
Nlgn3,-0.0071986512415461125,0.4886333987796379,1.0
Man1b1,0.007189675305058022,0.48917563681789816,1.0
Arl6ip1,-0.007182681909772466,0.4895983336408381,1.0
Srp68,-0.007177279362157584,0.4899250105282028,1.0
Marcks,-0.007158427708502865,0.4910658349682643,1.0
Ap2m1,0.007127628901918427,0.4929327175016016,1.0
Mvb12a,0.0071254229809760575,0.49306657609227994,1.0
Fstl1,-0.007123855374414553,0.49316171264276276,1.0
Dctn1,0.007117938277812951,0.493520904179944,1.0
Rabl2,0.007113276004626747,0.4938040215119578,1.0
Slc38a2,-0.0071098272613838165,0.49401350294083984,1.0
Laptm4b,0.007091857722413397,0.495105766310969,1.0
Hist1h1c,0.007087440660023985,0.4953744511275526,1.0
Enah,0.007085415005196322,0.4954976954116622,1.0
Chpt1,-0.007066400238704866,0.49665538373185936,1.0
Kifap3,0.0070461200592146205,0.49789170205960204,1.0
Creb3,-0.007034076421630803,0.49862667939542527,1.0
Rac1,-0.0070327945067553575,0.4987049437240734,1.0
Snrpa1,0.0070005648239471795,0.5006747957738356,1.0
Tmem192,0.006999439762892599,0.5007436330098154,1.0
Plgrkt,0.0069928638554699815,0.5011460824205891,1.0
Camk2d,-0.006981733350669957,0.5018276661085149,1.0
Efnb2,0.006958142575215805,0.5032738826764684,1.0
Pcyt2,0.0069569335346705554,0.5033480613409531,1.0
Cog7,0.006953610384926232,0.503551977385882,1.0
Caprin1,0.006910590952370129,0.5061956794677791,1.0
Ywhag,-0.006907689513454693,0.506374245951148,1.0
Prrc2b,0.006903482503563995,0.5066332214608381,1.0
Actr3,-0.006901376300727013,0.5067629014392349,1.0
March6,0.006892557824501671,0.507306048858884,1.0
Cntn1,0.00689140102002162,0.5073773214123833,1.0
Ncoa1,0.006890559947546931,0.5074291445184939,1.0
Tcf4,0.006882900810794,0.5079011939582135,1.0
Lap3,-0.006876856177608766,0.508273900600357,1.0
Cdpf1,0.006873534661878817,0.5084787633126354,1.0
Rnf130,-0.006855813883542053,0.5095724673344219,1.0
Il10rb,-0.006849641776530236,0.5099536908969309,1.0
Fam214a,0.006840041025961571,0.5105469829170202,1.0
Pappa2,-0.006837772022031307,0.5106872519302333,1.0
Stk32c,-0.006835213064087083,0.5108454699584903,1.0
Zeb1,0.0068306623045158886,0.5111269025172543,1.0
Ing1,0.0068164899762622605,0.512003880104387,1.0
Atp6v1h,-0.006804474513726033,0.5127480060853029,1.0
Cacfd1,0.006803048321840679,0.5128363685422966,1.0
Fbxl5,0.006791397414141844,0.5135585199218754,1.0
Ahsa2,0.0067791723820054845,0.5143168255313546,1.0
Cnot1,0.006778169993602288,0.5143790284185141,1.0
Prpf6,0.006774414450231617,0.5146121122122771,1.0
Usp33,0.006770635628292226,0.5148466961503737,1.0
Stoml2,-0.006759964510723393,0.5155094438886789,1.0
Fam96b,0.006751173262543365,0.5160557716179741,1.0
Psmc3,0.006745674230221184,0.5163976588152541,1.0
Trafd1,0.006734857532236945,0.5170704996552415,1.0
Ninj1,0.006729073500006354,0.517430475221542,1.0
Plcb4,0.0067219999910607805,0.5178708790094212,1.0
Nudt11,-0.006718181623297797,0.5181086949786686,1.0
Sh3bgrl,0.006699298612018523,0.5192855981252332,1.0
Cebpg,0.006698985040649898,0.5193051534246131,1.0
Anxa5,-0.006681735945799608,0.5203814465797374,1.0
Yif1a,-0.006681326693982065,0.5204069966511398,1.0
Arl4c,-0.006678907968932167,0.5205580136941286,1.0
Pak1ip1,0.006669845875789033,0.5211240209450732,1.0
Eea1,-0.006666834702094089,0.5213121652661682,1.0
Zyg11b,0.00666399332581416,0.5214897323449362,1.0
Msrb1,0.0066571228260495,0.5219192213357394,1.0
Akr1b10,-0.006655651138285545,0.5220112431921369,1.0
Rab5a,0.0066482237589720935,0.5224757904301572,1.0
Spata7,0.006646886907008788,0.5225594267075345,1.0
Mfsd6,0.006645609561074717,0.5226393465864785,1.0
Pdcd6ip,0.006639425694543061,0.5230263421572718,1.0
Morn5,-0.006638430867556009,0.5230886136430004,1.0
Rnf14,0.006634995365182465,0.5233036891748648,1.0
Ift46,0.006630641606054006,0.5235763162484967,1.0
Myl12a,-0.006621906033790783,0.5241235467349652,1.0
Hdhd2,0.006619325979309337,0.5242852275123436,1.0
Rapgef6,0.0065775447880743005,0.5269070256330001,1.0
Tmx3,0.006576354952864589,0.5269817864718849,1.0
Nbr1,-0.006575753384769072,0.5270195868213265,1.0
Capza2,0.006570137489666379,0.5273725359631573,1.0
Plppr2,0.006559955480940681,0.5280127646079699,1.0
Gad2,-0.006547618529051992,0.5287890229387286,1.0
Stx8,0.00651984192321862,0.5305388893709978,1.0
Ppp1r12a,-0.006504463278699967,0.5315089735134774,1.0
Ralgapa1,0.006482260692643649,0.5329110957525847,1.0
Osbpl1a,-0.00645407145682992,0.5346939741550284,1.0
Khk,-0.006439357681331021,0.5356257666810637,1.0
Kdelr1,-0.006438443298144403,0.5356836996317648,1.0
Sap30bp,0.0064279538639440545,0.536348508692808,1.0
Tspan7,-0.0063985985089858735,0.5382112233275984,1.0
Cryab,-0.006393409933788231,0.538540796380518,1.0
Tmem9,-0.006389501393188251,0.5387891297426521,1.0
Pip5k1c,-0.006384366596049292,0.5391154618586086,1.0
Fcho2,-0.006375667107109798,0.5396685669921497,1.0
Lamp1,0.00637361485167394,0.5397990888154188,1.0
Mfap1a,-0.006350180785077325,0.5412905962033234,1.0
Ubxn2a,0.00634410342425151,0.5416777375874372,1.0
Ankrd10,0.00633843810939049,0.5420387551289069,1.0
Scmh1,0.006333213381335563,0.5423718029738804,1.0
Stxbp1,0.006328255339924481,0.5426879453089182,1.0
Hap1,0.006313607246901022,0.5436224957747994,1.0
Kpnb1,0.0062975825595372225,0.5446457894450913,1.0
Usp5,-0.006297067831353027,0.5446786744638971,1.0
Rnf126,-0.006284125898365895,0.5455058343008731,1.0
Plppr4,0.006275316494579884,0.5460692273534284,1.0
Atg12,0.0062745968162203165,0.5461152661118459,1.0
4932438A13Rik,0.006264158975360189,0.546783204525788,1.0
Matr3,0.006241434125235478,0.5482388107285797,1.0
Nrbp2,-0.006240373142386702,0.5483068171335496,1.0
Iqcb1,0.006240290758525329,0.5483120979118289,1.0
Cs,-0.006239417260775702,0.5483680903738535,1.0
Atxn2,0.006229732895908715,0.5489890612204668,1.0
Map1a,-0.006223308550854048,0.5494011877580957,1.0
Pak1,0.0062200627715375935,0.5496094649137109,1.0
Hnrnpul2,0.006202557654577781,0.5507334144367015,1.0
Rbm17,0.0061954393431697145,0.551190782440996,1.0
Nek7,-0.006192672465325939,0.5513686111408439,1.0
Gm10020,0.006189337045692122,0.5515830178001908,1.0
Smg6,0.006179893961479904,0.5521902579892525,1.0
Pum2,0.006175023204541845,0.5525036016153863,1.0
Cd2bp2,0.006174497803088744,0.552537406747521,1.0
Slc25a33,-0.006165654116457582,0.5531065752946879,1.0
2310061I04Rik,0.006151008039376877,0.5540498099746619,1.0
Mzt2,-0.0061107697593077385,0.5566452754874901,1.0
Coro1b,0.006101612777190534,0.5572367494044244,1.0
Bscl2,0.006095821815076309,0.5576109609917583,1.0
Polr2b,0.006092021219666308,0.5578566216599599,1.0
H13,-0.006090943980973915,0.5579262611599527,1.0
Pole4,0.006090600515192875,0.5579484658421672,1.0
Ubl4a,0.006084753777054071,0.5583265168994921,1.0
Ppt1,0.006081070680857848,0.55856473041077,1.0
Fbxo25,0.00607625934768962,0.5588759898535822,1.0
Hsbp1l1,0.006057513510959942,0.5600895165023665,1.0
Celf6,0.006041309137757793,0.5611395475300888,1.0
Rab34,-0.006031135130882854,0.5617993017746976,1.0
Zfand5,0.006017567141359195,0.5626797286773111,1.0
Klf6,0.006008653208796903,0.5632585160130615,1.0
Ube4a,0.006004000926981607,0.5635607056023865,1.0
Slc38a10,0.006003693134195281,0.5635807010792752,1.0
Jup,0.005983466553563529,0.5648954512519675,1.0
Agfg2,0.005980503391347683,0.5650881838673366,1.0
Nsf,-0.005972604842142176,0.565602082653586,1.0
Apbb1,0.0059476208872751325,0.5672290756533257,1.0
Dnajc30,0.005947075679629867,0.5672646053809624,1.0
Zfp706,0.0059468796174680615,0.567277382489534,1.0
Abat,0.0059443972240672185,0.567439168663516,1.0
Nolc1,0.005913291055167563,0.5694683360741657,1.0
Nav2,0.005887690755573368,0.5711409291446214,1.0
Dalrd3,-0.005867374301020788,0.5724699642950639,1.0
Adh5,0.005866396616510993,0.5725339581915918,1.0
Vat1,0.0058354246289068585,0.5745629713969014,1.0
Paics,-0.005827953073522278,0.5750529510970084,1.0
Sf3a1,0.005813538811291733,0.5759987866918774,1.0
Zfp91,0.00581230086284777,0.5760800526648923,1.0
Colgalt1,0.005797734935007008,0.5770366490962411,1.0
Leprotl1,0.005793454786946463,0.5773178838833778,1.0
Myh9,0.005786402073130631,0.5777814358203328,1.0
Esr1,-0.005784946802049409,0.5778771078477279,1.0
H2afv,-0.005781113431737288,0.5781291558810986,1.0
Rasal2,-0.0057803211144390465,0.578181258003097,1.0
Htt,0.005772832465302248,0.5786738143188842,1.0
Actr1a,-0.005764873303880856,0.5791975339884673,1.0
Camk1,0.005760796138470042,0.5794659011301143,1.0
Snrpn,0.005738216476764041,0.5809531945748634,1.0
Bmpr2,-0.005734609337496764,0.5811909576180407,1.0
Nsg2,-0.005726183626618502,0.5817465120203538,1.0
Sgms1,-0.0056814595353587745,0.5846995690567505,1.0
Ggact,0.0056702334152379215,0.5854419038386605,1.0
Lancl1,0.005655674968461243,0.5864052422021141,1.0
Usp22,-0.005652018168337744,0.5866473295743269,1.0
Idh3g,0.005650545382732386,0.5867448439625138,1.0
Pogz,0.005649651987886896,0.5868040000544201,1.0
Pnmal2,-0.005649359518456593,0.5868233665023556,1.0
Dusp3,-0.005646225213305956,0.5870309293681587,1.0
Riiad1,-0.005646152681792165,0.5870357330198291,1.0
Bcap29,0.005634504776829688,0.5878073920699144,1.0
Nt5c,-0.005625470527795557,0.5884062224927342,1.0
Cse1l,0.005621923784254119,0.588641393522149,1.0
Ubp1,0.005618667890493103,0.5888573176114772,1.0
Ass1,-0.0055965113781843625,0.5903276612256392,1.0
Ugdh,0.0055962654179365036,0.590343993044768,1.0
Gsk3a,0.005576500234891805,0.5916570852792545,1.0
Chd6,0.005576399882352806,0.5916637555823635,1.0
Ccdc85b,0.005569581835658005,0.5921170231628912,1.0
Tmem222,0.005553999166440851,0.5931535655773366,1.0
Rbfa,0.005543283044075565,0.593866872480467,1.0
Fam168b,-0.00553996807905122,0.5940876089250575,1.0
Tprgl,0.005526564134888399,0.5949805312586104,1.0
Pou1f1,0.005522458604480787,0.5952541493856399,1.0
Pnpla2,0.005519416320908964,0.5954569431496717,1.0
Cand1,0.005514449329471675,0.5957881025757596,1.0
Epn2,0.005504616188428445,0.5964439456038407,1.0
Dnajb11,0.005496010988256916,0.5970181579753143,1.0
Metrn,-0.00547105003218186,0.5986851866946453,1.0
Rragc,0.005450276238914247,0.6000741811213759,1.0
Rc3h2,0.005447830196534911,0.6002378262952138,1.0
Gnl2,0.005439068369832353,0.6008241757324889,1.0
Ubr2,-0.005418825385324322,0.6021798431032674,1.0
1700025G04Rik,-0.00541790319259634,0.6022416349214232,1.0
Cyfip1,0.005416701625773555,0.6023221505756442,1.0
Sf3b3,0.005414665609529214,0.6024585928244023,1.0
Ccar1,0.005412584481236687,0.6025980726103042,1.0
Ostf1,-0.005411857976207518,0.6026467672971811,1.0
Tbc1d9b,0.005409048736424308,0.6028350759177931,1.0
Slc25a23,0.005406725041440332,0.6029908575663636,1.0
Brox,0.005395122219281812,0.6037689872972585,1.0
Rap1a,-0.005389667116974479,0.6041349832105256,1.0
Tpm1,-0.005363812535211333,0.605870982278553,1.0
Snrnp200,-0.005361701346830327,0.6060128360036355,1.0
Stx16,-0.0053420725744243135,0.6073324315666994,1.0
Nphp1,0.005330735633774741,0.6080951708051843,1.0
Dcun1d1,-0.005322144137285747,0.6086734832000228,1.0
Hdac5,-0.005321812061696417,0.6086958408472434,1.0
2610524H06Rik,0.005319003257486301,0.6088849637792394,1.0
Elp5,0.005299705888234476,0.6101850041522325,1.0
Fam192a,0.005296971036606529,0.6103693474371957,1.0
Ttc30b,-0.00529331120023478,0.6106160781826596,1.0
Commd7,0.005292139999956348,0.6106950449125376,1.0
Jund,-0.00525923064545681,0.6129157660824222,1.0
Dync1li1,0.005256850313971653,0.6130765289215853,1.0
Ncoa7,0.005220460071420215,0.615536566984762,1.0
Nudt3,0.005217266474410481,0.6157526660986604,1.0
Tmem107,0.005216399291985009,0.6158113509369206,1.0
Psmd8,0.005192670871332334,0.617418076460398,1.0
Cdc42,0.005182719108197444,0.6180924873180629,1.0
2810474O19Rik,-0.005179061351028641,0.6183404470495417,1.0
Clstn1,0.0051773551034060014,0.6184561286176159,1.0
Tomm40,0.005163689337092148,0.6193829923292095,1.0
Clic1,0.005160730601650589,0.6195837446634078,1.0
Capn2,-0.00515713859958415,0.6198275027126751,1.0
Syngr2,0.005151827539531782,0.6201879948831404,1.0
Lamp2,0.005148534160483292,0.6204115812991478,1.0
Mpp5,-0.005145392205015048,0.6206249203156713,1.0
Hmgcs1,-0.0051448365792619724,0.6206626506679749,1.0
Bnip3l,-0.0051424640629387786,0.6208237701162066,1.0
Rab11a,0.005135479791657456,0.6212981830288324,1.0
S100a16,-0.005129137136592942,0.6217291500157588,1.0
Mdm4,0.005128380093690038,0.6217805977898053,1.0
1700020I14Rik,0.005111719122225042,0.6229133259783179,1.0
Slc12a5,-0.005103585365466806,0.6234666395744124,1.0
Hlf,-0.005092064586329718,0.6242507252145056,1.0
Nptn,0.005090576780570212,0.62435201392701,1.0
Psmd5,-0.005088054595982086,0.6245237385977059,1.0
Mcf2l,0.00508240551057853,0.6249084344280255,1.0
Mef2a,-0.005072178322460416,0.6256051534222873,1.0
Pik3ca,0.005057933295625109,0.6265761417296295,1.0
Nudcd2,0.005052356165882635,0.6269564738589244,1.0
Gna13,0.005039983860992518,0.6278005565660277,1.0
Actr1b,-0.00503929366504122,0.6278476585457545,1.0
Rsph9,-0.0050350204911250905,0.6281393122942834,1.0
Ndrg3,0.0050262962459228,0.6287349419334695,1.0
Appbp2,-0.005019534615804013,0.6291967443993828,1.0
Phyhip,-0.005018269369746915,0.6292831736618518,1.0
Uqcrc2,0.004996341449385898,0.6307818808670574,1.0
Aftph,0.004983862823164212,0.6316354362563443,1.0
Bdp1,-0.004968576463216721,0.6326817139765802,1.0
Fbxl16,0.004960027700891343,0.6332671563737888,1.0
Epdr1,-0.004951366838266906,0.6338605099622221,1.0
Snap23,-0.0049362850743731295,0.6348943197761155,1.0
Rtfdc1,-0.004921477436389804,0.6359100321272264,1.0
Flywch1,0.0049193902760503345,0.636053253537463,1.0
Exosc7,-0.004915707774489522,0.6363059807983534,1.0
Svbp,-0.0048912736971741646,0.6379839439072168,1.0
Ano6,0.004881305513823557,0.6386690232446034,1.0
Srek1ip1,0.004879564165754222,0.6387887318403996,1.0
Rabgap1,-0.004859632468662874,0.6401596017643935,1.0
Zcchc18,-0.004854318889376851,0.6405252688327817,1.0
Thap3,0.004852815998535317,0.6406287098109307,1.0
Tmed2,0.0048447285879928545,0.6411854699487918,1.0
Immt,0.00484293451950827,0.6413090060474681,1.0
Eif2a,0.004837961349824972,0.6416515008404695,1.0
Stx6,0.0048106709123565084,0.6435323082909915,1.0
9330159F19Rik,0.004804836903850594,0.64393467449692,1.0
Mapk3,-0.004796382884233881,0.6445179256350521,1.0
Atp2a2,-0.004794461155116683,0.6446505381592694,1.0
Emg1,0.004793766958968415,0.6446984452470024,1.0
Lmbrd1,-0.004761553992111184,0.6469231099893687,1.0
Ubc,-0.004757204953254268,0.6472237020787159,1.0
Tmf1,0.004751423550006832,0.6476233838444727,1.0
Naa35,0.004749766674551943,0.6477379462075474,1.0
Map2k1,-0.004729624422858911,0.6491313207915272,1.0
Lypla2,0.004718695433884333,0.6498878666917243,1.0
Map4k4,0.00471249533059737,0.6503172218243146,1.0
Pex2,0.004703986013606115,0.6509066782164524,1.0
Plk2,-0.004696184238275206,0.65144731373942,1.0
Clip4,0.004680731972724038,0.6525186420744106,1.0
Gstm5,0.004663873334383977,0.6536882942844661,1.0
Klf4,-0.004661818561169219,0.6538309126801899,1.0
Kif2a,0.004655337523060614,0.6542808335604465,1.0
Ergic3,0.004621381505223129,0.6566401480070522,1.0
Mat2b,0.004599334951232598,0.6581738118725386,1.0
Mecp2,0.004577579041723693,0.6596886683079222,1.0
H2-Aa,-0.004574496007716667,0.6599034519888515,1.0
Mrps9,0.004537480549934781,0.6624843672815278,1.0
Hmox2,-0.00453600364082744,0.6625874287131299,1.0
Sgk1,0.0045332398808776726,0.6627803061224466,1.0
Rbm33,0.004527226544968238,0.6632000423261846,1.0
Atp9a,0.00452158814749804,0.663593703547473,1.0
Psme4,0.004521354484297617,0.663610019432352,1.0
Zfp467,0.004504505697908918,0.6647869312621126,1.0
Papss1,-0.004501574447154376,0.6649917678154829,1.0
Csad,0.004499578669206014,0.6651312476009822,1.0
Akap7,0.0044405122125054175,0.6692644792805172,1.0
Arap2,-0.004438694566842169,0.6693918306005996,1.0
Glrb,-0.004438525477852932,0.6694036781157783,1.0
Capzb,0.004416627247109133,0.6709387101724514,1.0
Tspan5,-0.004409862975128888,0.6714131532277391,1.0
Aldh2,-0.004395189533912008,0.6724427918722826,1.0
Gid8,0.004393265399998706,0.6725778543924037,1.0
B4gat1,0.004383408835825089,0.6732698909393019,1.0
Sec23ip,-0.004380195903758074,0.6734955330604238,1.0
Epn1,-0.0043798931132269635,0.673516799356982,1.0
Fbxo9,0.004375434173613843,0.6738300002959592,1.0
Lmo7,0.004370214609757926,0.6741967001651329,1.0
Grb2,-0.004338978193601592,0.6763928260006038,1.0
Hmgn5,0.004329907095337909,0.6770311010090698,1.0
Rbp1,-0.004326263987964437,0.6772875084279573,1.0
Poldip2,-0.004325182904073994,0.6773636039465196,1.0
Slc27a1,-0.004316204310622986,0.6779957178699592,1.0
Fkbp9,-0.0043138705841815304,0.6781600547889198,1.0
Dtx3,0.004306060555888037,0.6787101345676996,1.0
Rbpj,0.004299220268245204,0.6791920537245084,1.0
Utp11l,0.004293540703916755,0.679592296035851,1.0
Ap1m1,-0.00428109199541742,0.6804698797796114,1.0
Slc38a1,0.0042569694532841465,0.6821716527597066,1.0
Gnaz,-0.0042519731573798574,0.6825243289175484,1.0
Gpx4,-0.004241601009594095,0.6832566944190084,1.0
Akt1,0.00423800848151056,0.683510428274117,1.0
Rgl2,-0.0042199637013581315,0.6847854390981809,1.0
Atp6v1a,-0.004204727892336634,0.6858626730128617,1.0
Tpi1,0.004190272112097495,0.6868853462098767,1.0
Morc4,0.0041897198823278425,0.686924425046998,1.0
Fsd1l,0.004182420838031005,0.6874410244146197,1.0
Idh3a,-0.004172868149087093,0.6881173488599737,1.0
BC003331,0.004170046863768735,0.6883171418515702,1.0
Rfk,0.004163961195472445,0.6887481804099692,1.0
Fxr2,0.004163354624307717,0.6887911484569683,1.0
Tipin,0.004158509926897539,0.6891343712277415,1.0
Tjp1,-0.004150864316088315,0.6896761549519447,1.0
Dnajc5,0.00414570356777218,0.6900419461616921,1.0
Dpysl2,-0.004115485598942733,0.6921852313127129,1.0
Ezr,-0.004073368087175352,0.6951766343619278,1.0
Alkbh7,0.004064300076060415,0.6958213144356646,1.0
Fam162a,0.004059635740802795,0.6961530057751429,1.0
Myo5a,-0.004055759054817267,0.696428729834539,1.0
Supt4a,-0.004050891706018984,0.69677497024398,1.0
Mbnl1,0.0040486478527746225,0.6969346087370514,1.0
Snapin,-0.004027718132708468,0.6984242949765506,1.0
Tm9sf3,0.004015617573243488,0.6992860906425771,1.0
Ugp2,0.004003984100095747,0.7001149860496152,1.0
Mllt11,0.003983804244576482,0.7015536658139478,1.0
Ccdc92,0.003980046343769021,0.70182169571185,1.0
Tspyl4,-0.00397760099590304,0.7019961285251654,1.0
Cox5a,-0.003972917659706824,0.7023302464909281,1.0
Xiap,-0.003962776095105066,0.7030539617569643,1.0
Abhd14a,-0.003953343212374768,0.7037273461692591,1.0
Wasf2,-0.0039466860221067076,0.7042027223517362,1.0
Igfbp5,0.003944667633234284,0.7043468741646594,1.0
Slc6a17,-0.0039398081851858505,0.7046939758354618,1.0
Mical3,-0.0039368016424219,0.7049087585949728,1.0
Srsf4,0.003929977899206329,0.7053963234968977,1.0
Fam21,-0.0039259180657219865,0.7056864610422827,1.0
Clip3,-0.003922677025063398,0.7059181139628223,1.0
Tmod2,-0.003903872116272317,0.7072627292780186,1.0
Caml,0.0039003640815564226,0.70751366698761,1.0
H2afx,0.0038956734685181636,0.7078492468510489,1.0
Map1lc3b,-0.0038945943815422114,0.7079264558476827,1.0
Ctdsp1,0.0038778912492211447,0.709121952426068,1.0
Slc39a14,-0.0038666930657892578,0.7099238436692441,1.0
Bax,0.0038482060431739113,0.7112483844533695,1.0
Elovl5,0.003846064661900107,0.7114018645508882,1.0
Exosc5,0.0038380914360569337,0.711973435634828,1.0
Setd2,0.0038296521342351796,0.7125785942986314,1.0
Acot7,0.0038174937644164363,0.7134507550028538,1.0
Zfp24,-0.003815660747320198,0.713582275997346,1.0
Fnbp1l,0.0038111852472767784,0.7139034338047171,1.0
Pigt,0.0037770341243256764,0.7163557526046042,1.0
Xpot,0.003767720153093977,0.7170250780845219,1.0
Klc1,-0.0037644988558996322,0.7172566192404211,1.0
Arl4a,0.003760404594339577,0.7175509450255738,1.0
Nat14,-0.003752731762137117,0.7181026378055135,1.0
Mark2,0.0037503824244375056,0.7182715895359894,1.0
4833439L19Rik,0.003748669144097272,0.7183948081276377,1.0
Maz,0.003746065554301302,0.7185820715169058,1.0
Snrnp40,0.003741585598195558,0.7189043322424062,1.0
Setx,-0.0037406570317925847,0.7189711339027258,1.0
Cept1,-0.003706737653358693,0.7214127834088084,1.0
Coro1c,0.0036968764584745023,0.7221231650020856,1.0
Ilk,-0.0036928648493186477,0.7224122222490608,1.0
Prkcsh,0.0036820733862958236,0.7231899996812139,1.0
Ttll7,0.00367703391538141,0.7235533094896912,1.0
Sppl3,0.003671600035543186,0.7239451231550017,1.0
Efna5,0.0036684098584616994,0.7241751867845831,1.0
Evi5,0.00366096148482616,0.7247124325591474,1.0
Glrx5,-0.003639861078799694,0.7262351246567598,1.0
Rad21,0.0036335017281087616,0.7266942540802777,1.0
Pigs,0.0036265009358528136,0.7271998075134495,1.0
Prmt2,0.003625710495550859,0.7272568956341452,1.0
Ppp2r2c,0.0036237466292008223,0.7273987388800695,1.0
Ociad1,0.003616691582627357,0.7279083774032702,1.0
Trappc2,-0.003615800713680911,0.7279727400585523,1.0
Med19,-0.003608766799391616,0.7284809869617217,1.0
Habp4,-0.0035945855238266487,0.7295060408153565,1.0
Cnot6l,-0.003588838936076121,0.7299215546163925,1.0
Map2k4,-0.003567741442291953,0.7314477128441672,1.0
Rab7,0.003549843972475344,0.7327432203230294,1.0
Pdha1,-0.0035354840363892256,0.7337832145371886,1.0
Rhoc,0.003532495906894539,0.7339996862646317,1.0
Disp2,0.003527730382564446,0.7343449631287651,1.0
Cd82,0.003527288505622585,0.7343769811913444,1.0
Galk1,0.003480698544532387,0.7377554346423102,1.0
Tmbim6,-0.003471144987956291,0.7384488359150427,1.0
Impa1,-0.0034667276101112768,0.7387695230814071,1.0
Uba2,-0.003464289396020553,0.7389465489058331,1.0
Hiatl1,-0.0034616703261153713,0.7391367211262251,1.0
Apc,0.0034455750430350657,0.740305759037997,1.0
Dido1,-0.0034426549395721166,0.7405179173301727,1.0
Tango2,0.0034352633248441126,0.74105503864239,1.0
Mia,0.0034254556575948943,0.7417679203362227,1.0
Adar,0.0034172384257073734,0.7423653700372852,1.0
Ppm1k,0.0034153426267115984,0.7425032298126886,1.0
Cd63,0.0034106853740648786,0.7428419335813585,1.0
Scoc,0.003400996725162237,0.7435467105517475,1.0
Smad5,0.003388716683766686,0.7444403007335981,1.0
Carkd,0.003383669870504827,0.744807645484984,1.0
Fchsd2,-0.0033768317340028687,0.7453054687050453,1.0
Atox1,-0.003375468029925794,0.7454047604620105,1.0
Hspa9,0.003355184358875071,0.7468821198323764,1.0
Cd74,0.0033399628239417266,0.7479913904040761,1.0
Arhgef9,0.0033361003884988397,0.7482729487955551,1.0
Nim1k,0.0033325246277593015,0.7485336395020492,1.0
Ltbp4,-0.0033314274950839457,0.7486136316835588,1.0
Derl1,0.0033234346861129214,0.7491964707089278,1.0
Crebl2,0.003322315619938041,0.749278084929927,1.0
Tef,0.0033169783469586644,0.7496673743163473,1.0
Zc3h14,0.003306328885061295,0.750444313978359,1.0
Cby1,0.0032831161003325196,0.7521386967585338,1.0
Fermt2,-0.0032670175041007643,0.7533144922045374,1.0
Sash1,0.0032614695526107665,0.7537198314461073,1.0
Dhx40,-0.0032459581128802244,0.7548534735309418,1.0
Xrn2,0.003237618948504302,0.7554631536517146,1.0
Msl2,0.0032145813193793144,0.7571482357876329,1.0
Sptan1,0.0032119482119022788,0.757340907523567,1.0
Med31,0.00319778706465937,0.7583773760279177,1.0
Rprd1a,0.0031879840953296782,0.7590951196504728,1.0
Naa20,0.0031848852841306805,0.7593220483927263,1.0
Ppp1r35,-0.0031637858793760304,0.7608677268127041,1.0
Slain2,0.003130739737168109,0.763290503840655,1.0
Wnk2,-0.0031191508617834695,0.7641406925779691,1.0
Scrn1,0.0031185586148709484,0.7641841489315142,1.0
Fam168a,0.003093793548769638,0.7660019587289296,1.0
Scn1b,-0.003091085308238818,0.7662008278445482,1.0
Rb1cc1,-0.003090309214775881,0.7662578200911878,1.0
Ngdn,0.003064655358538421,0.7681424152523225,1.0
Stk38,-0.00305836690022205,0.7686045904956065,1.0
Msmo1,-0.0030548959072235807,0.7688597291226639,1.0
Mettl23,-0.0030538011667770866,0.7689402042494715,1.0
Mpp2,0.0030329479882870484,0.770473610180967,1.0
Atp11b,0.003021357282149314,0.7713263031139839,1.0
Ttc33,-0.003019765089200465,0.771443457505491,1.0
Mras,-0.0030181141022134136,0.771564943496998,1.0
Zmat5,0.003018057419257819,0.771569114547,1.0
As3mt,-0.003015458884993606,0.7717603363689989,1.0
Rock1,-0.0029992552909133903,0.7729530442789203,1.0
Ccdc53,0.002986941474791788,0.7738597937658671,1.0
Pnmal1,0.002973233650729334,0.7748695564262197,1.0
Ttc8,0.0029591144164982956,0.7759100230260866,1.0
Oaz2,0.0029489240214595537,0.7766612178817504,1.0
Sacm1l,0.0029346336545771397,0.7777149978437221,1.0
Rbl2,0.0029296386373667245,0.7780834298643202,1.0
Leprot,-0.0029271279522529534,0.7782686366165628,1.0
Vps72,0.002908468747819028,0.7796454718229199,1.0
Vegfb,-0.0029043013842747975,0.779953070049655,1.0
Slc25a12,0.0028958341918374477,0.7805781499806457,1.0
Rab4a,0.002893252611057091,0.7807687601941872,1.0
Psd,-0.0028608114540421307,0.7831651621997968,1.0
Sft2d1,0.002842580119072065,0.7845128010596363,1.0
Derl2,-0.0028399311350414355,0.7847086647147475,1.0
Eci2,0.002839127200812823,0.7847681096337408,1.0
Phyh,-0.002839061204721716,0.7847729896064778,1.0
Nudt18,0.002809646898900795,0.7869488216499304,1.0
G6pc3,0.002808907472017968,0.7870035399730317,1.0
Igf1r,-0.002798257951774339,0.7877917315396964,1.0
Slc16a2,-0.0027930335007599434,0.7881784827664393,1.0
Eif1a,0.0027914736196893593,0.7882939664457603,1.0
Maea,0.0027822748205468717,0.7889750816007098,1.0
Wdr82,-0.0027703169596742737,0.7898607295593462,1.0
Gga1,0.0027574398899156537,0.7908147614403798,1.0
Eftud2,0.0027572319591026104,0.7908301691217744,1.0
Snap91,-0.0027292147087380728,0.7929069935531893,1.0
Ppp2r5c,0.002697827400591031,0.7952353739644829,1.0
Rae1,-0.002697494629643188,0.7952600694656404,1.0
Dync1li2,0.0026800213050487028,0.7965570823275802,1.0
Cers5,0.0026792349783639454,0.7966154631580837,1.0
Kcnmb4,-0.0026772685475804,0.7967614658066561,1.0
Kif1a,0.0026629414653051766,0.7978254307819675,1.0
Setd3,-0.0026545928308088266,0.7984455946066008,1.0
Tmem5,-0.0026308067795955247,0.8002131962066787,1.0
Reep2,-0.0026307643690007937,0.8002163487619973,1.0
Wipi2,-0.0026229814612027495,0.8007949396083276,1.0
Actn4,-0.002620437294662504,0.8009840997655153,1.0
Gtf3c1,-0.002598171214801545,0.8026400915804109,1.0
Tns3,-0.002579904345423527,0.8039993130652454,1.0
Samd8,0.0025461286567653825,0.80651409037859,1.0
Ptprd,-0.002525223093774877,0.8080716237663413,1.0
Zcchc12,-0.0025251480033084916,0.8080772196287707,1.0
Trim28,-0.0024817630686940133,0.8113119673272716,1.0
Ube2e2,0.0024634444852496425,0.8126787580657716,1.0
Cyfip2,-0.002459757629997353,0.8129539117609246,1.0
Cacna1a,0.0024564834350381303,0.8131982875627533,1.0
Nt5dc2,-0.0024525208670470996,0.8134940657227674,1.0
Inafm1,0.0024512298834493108,0.8135904344216146,1.0
Tmem106b,-0.0024507582684126193,0.8136256400090545,1.0
Rap2b,-0.002444343377429042,0.8141045425180519,1.0
Prpsap1,0.0024317427524053205,0.8150454419885219,1.0
C77370,-0.0024173538934546997,0.8161201966000613,1.0
Pcca,0.0023754662623720955,0.8192508937061618,1.0
Actn1,0.0023704350971578423,0.8196271197805718,1.0
Dld,0.0023694686412335762,0.8196993952537343,1.0
Kif5b,0.0023431825628131495,0.8216657594906417,1.0
Fam49b,-0.0023373478380021603,0.8221023860918317,1.0
Mgst3,0.0023313860502034963,0.8225485780321199,1.0
Med13,0.002328383128660763,0.8227733443339991,1.0
Irf2bp2,0.0023269726022379566,0.82287892614104,1.0
Exoc3,0.0023228098112760233,0.8231905412544394,1.0
Tln1,0.0023129597321424576,0.8239280021051096,1.0
Snw1,0.0023098295411504086,0.8241623874551001,1.0
Glrx2,0.002306162729763962,0.8244369743061637,1.0
Ctdsp2,-0.0022969291336289543,0.8251285214044579,1.0
Neat1,0.002283062880922614,0.8261672845340077,1.0
Aph1a,0.002272409182547403,0.8269655922604987,1.0
Adam22,-0.002258061552785428,0.8280409777616645,1.0
Znrf1,0.0022558122429678744,0.8282095976201543,1.0
Bod1l,-0.0022296539869174035,0.8301711347049295,1.0
Pi4ka,0.0022173245617582854,0.8310960529006968,1.0
Klf15,-0.002212324577218659,0.8314712041853569,1.0
Jarid2,0.0021906115876263095,0.8331007847478987,1.0
Zfp639,0.002186410147154346,0.8334161898960329,1.0
Ppp2cb,-0.0021796384077971327,0.8339246056265666,1.0
Pnck,0.0021774242449970316,0.8340908579302799,1.0
Spop,-0.0021704149924009907,0.8346172025067603,1.0
Nudt9,-0.0021519503537227873,0.8360041184479692,1.0
Cds2,-0.002150571115530109,0.8361077363079205,1.0
Ccdc50,-0.0021459922699624983,0.8364517510626769,1.0
Tubgcp5,0.002129421499764075,0.8376969960008298,1.0
Sugt1,0.0020984113178063963,0.8400284105742184,1.0
Rsf1,0.0020959989091012786,0.8402098399542397,1.0
2410004B18Rik,0.002083802048808508,0.8411272557288412,1.0
Mff,0.0020834223297224275,0.8411558206698206,1.0
Emc4,0.0020742998759088536,0.8418421337809888,1.0
Zbtb38,0.0020709586067481607,0.8420935388751968,1.0
Hexim1,-0.0020651004992084726,0.8425343557501412,1.0
Smc5,0.002051925671041764,0.8435259287771911,1.0
A230050P20Rik,0.0020379333402095077,0.8445793008251918,1.0
Htatsf1,-0.002035108662362931,0.8447919822825141,1.0
Gaa,0.0020280600690076285,0.8453227487781152,1.0
Slc25a4,-0.002015049046366639,0.8463026766944638,1.0
Rfxap,0.00200414782660971,0.8471238874533982,1.0
Lrrc8d,-0.0020031033871996938,0.8472025758984366,1.0
Pias1,0.002000148808988976,0.8474251831417721,1.0
Ctdnep1,0.0019666377094343245,0.849950862840464,1.0
Fam63b,-0.001939498560848695,0.8519974286036598,1.0
B4galt6,0.0019236323295678658,0.8531943652425157,1.0
Kif1b,0.00191717685987054,0.8536814579561277,1.0
Agtrap,0.001906555756901027,0.8544829867570399,1.0
B3gat3,-0.001902708054017485,0.8547733933874868,1.0
Bcam,-0.0018869183554497985,0.8559653316167586,1.0
Tcta,0.0018829023332754206,0.8562685470125411,1.0
Acadm,0.001873136624984749,0.8570059603286826,1.0
Insr,-0.0018630406194429304,0.8577684457572065,1.0
6430548M08Rik,0.0018514213978126845,0.8586461339599457,1.0
Slc35a5,-0.0018489185737679402,0.8588352142055544,1.0
March2,-0.0018442759967187388,0.8591859672838907,1.0
Zfyve27,0.0018432864819726243,0.8592607300779669,1.0
Sypl,-0.0018263264212658294,0.860542343175317,1.0
Map7d2,-0.0018181328203473136,0.8611616370460485,1.0
Cep170,0.0018048129738622164,0.8621685680273815,1.0
Rnf187,-0.0017972832832200403,0.8627378839068855,1.0
Endog,-0.0017900299023231932,0.8632863755689808,1.0
Gtf2b,0.0017799941355712352,0.8640453763962465,1.0
Pacsin1,-0.0017789072374748902,0.8641275855845651,1.0
Polr3h,0.001765175868923811,0.8651663048595609,1.0
Ncaph2,0.0017465474100262278,0.8665758401315268,1.0
Cdk17,0.0017413898685356617,0.8669661642849402,1.0
Flot1,0.0017363867675569352,0.8673448313320209,1.0
Atp6v1b2,-0.0017352542110245638,0.8674305547647778,1.0
Pcdh7,-0.00172600938288284,0.8681303558771866,1.0
Pten,-0.0017118829664020435,0.869199875506415,1.0
Ptprs,-0.0016904408839297689,0.8708237253654771,1.0
Cib1,-0.0016850386678468295,0.871232931669833,1.0
Calml4,0.0016842591625133366,0.8712919803781162,1.0
Clcc1,0.0016747713411120145,0.8720107546018371,1.0
Ssbp4,-0.001672012675998583,0.8722197642030901,1.0
Nampt,0.001669634339044081,0.8723999654929345,1.0
Nipal3,0.001661750511585619,0.8729973528235576,1.0
AI314180,-0.001651135909891482,0.873801775534351,1.0
Ccs,0.0016510159102359465,0.8738108704003449,1.0
Asna1,0.0016468687327807362,0.8741251983985195,1.0
Bcl2l1,-0.0016435091275782483,0.8743798483126498,1.0
Pkp4,-0.001635292973321138,0.8750026676067496,1.0
Fxyd6,0.001634690446289891,0.8750483447596862,1.0
Fubp3,-0.0016164539922917075,0.8764310338489586,1.0
Terf2ip,0.001608690289263172,0.8770197930033709,1.0
Grsf1,0.0016070940067823346,0.8771408552683101,1.0
Fam8a1,-0.0015941987503566909,0.878118938268176,1.0
Efcab2,-0.0015919312831637721,0.8782909410262297,1.0
1810043G02Rik,-0.0015651642897091755,0.8803218309174865,1.0
Zfp422,-0.0015641552875004065,0.8803984023408192,1.0
Tubb4b,-0.001564130487136468,0.8804002844114011,1.0
Ppp1r21,-0.0015532631033663244,0.881225062292527,1.0
Chchd4,0.0015357408831694031,0.8825551785496445,1.0
Sv2a,-0.0015346313078578562,0.8826394178871505,1.0
Add3,0.0015160733466971323,0.8840485406439715,1.0
Ube2z,0.0015003573186488574,0.8852421599134865,1.0
Herc3,0.0014949834959224065,0.8856503571667992,1.0
Tom1l2,0.001470728686811533,0.8874931360215557,1.0
Wdr18,0.001469831503240782,0.8875613120002508,1.0
Snap47,0.001466149172938691,0.8878411368797424,1.0
Dlgap4,-0.001463725904942259,0.8880252916698507,1.0
Oard1,-0.0014576013307613914,0.8884907519085912,1.0
Xpr1,0.0014411376838987,0.8897421593191382,1.0
Klf9,0.001435922436937978,0.8901386294633712,1.0
Dlg4,0.0014346067536630998,0.8902386538326934,1.0
Mapre1,0.0014252233785230861,0.8909520722660805,1.0
Chpf2,0.0014152788580033527,0.8917082509495303,1.0
Ctnna1,0.0014109028828326,0.8920410301722385,1.0
Pnp,-0.0014039818449496323,0.8925673922387584,1.0
Grhpr,0.0013862751036448526,0.8939142486221935,1.0
Zfp292,0.00137584891481793,0.8947074559583434,1.0
Kif1bp,-0.0013617254917137553,0.8957821105636061,1.0
Ptpra,-0.0013590666808890467,0.8959844415567729,1.0
Extl2,-0.0013524344305989957,0.8964891740061006,1.0
Kif3a,-0.0013397411652222978,0.8974552829671588,1.0
Napg,-0.0013285354213583627,0.8983083001750433,1.0
Cbx6,0.001320307592883336,0.8989347037663563,1.0
Snx27,0.0013194618407757366,0.8989990964034394,1.0
Leng8,0.0013150596365082215,0.8993342757207939,1.0
Erbb2ip,0.0013080008976102586,0.8998717583080872,1.0
Sac3d1,0.0012971040043156124,0.9007015844612248,1.0
Itgb8,-0.0012947646288042974,0.9008797480400298,1.0
Gmcl1,0.0012946425500272455,0.9008890455267127,1.0
Txndc5,-0.0012927071449735624,0.9010364472682632,1.0
Slc30a5,-0.001286232128443801,0.9015296136260752,1.0
Actr8,-0.001267393056958877,0.9029646974224853,1.0
Isca1,0.0012643781249845817,0.9031943922211989,1.0
Prkacb,-0.0012438958631812514,0.904755061817935,1.0
Maf1,0.0012436360155056855,0.9047748635877926,1.0
Tubb5,0.0012430114518139402,0.9048224588929232,1.0
Jak1,0.001241326151409769,0.9049508900731696,1.0
Bphl,0.0012389963132546397,0.905128443440653,1.0
Rit1,0.001227987656253489,0.9059674601803679,1.0
Tbc1d20,0.0012196937630328999,0.9065996425514955,1.0
Zmpste24,0.001215208241676312,0.9069415654745476,1.0
Zmym1,-0.0012139995726098344,0.9070337030140544,1.0
D10Jhu81e,0.0012134444506508135,0.9070760207001598,1.0
Zswim8,0.0012080740118962936,0.9074854299972129,1.0
Nlgn2,0.0012034161760581723,0.907840534725217,1.0
Ebp,-0.0012027483087373812,0.9078914531969808,1.0
Ahcyl1,-0.0011659558482108978,0.9106971039851196,1.0
Drosha,0.0011226164958876219,0.9140034214720713,1.0
Aebp2,0.001098087505646414,0.9158753778736102,1.0
Degs1,-0.0010970949555497796,0.9159511352977628,1.0
Adcy5,-0.001093920344774477,0.9161934459064479,1.0
Dnlz,0.0010773579499308223,0.9174577404883182,1.0
Meis2,0.0010768790263096099,0.9174943023641033,1.0
Nadk,0.0010701679959791365,0.9180066525975338,1.0
Pi4k2a,0.0010649359259748675,0.9184061159777503,1.0
Rcc2,0.001052241384389652,0.9193754170962363,1.0
Impdh2,0.0010338621922201382,0.9207789858194783,1.0
Cnih4,-0.0010274295684685512,0.921270286252981,1.0
Rab11b,0.0010062832517554444,0.9228855758122513,1.0
Erlin2,0.0009972160117489794,0.9235782868227181,1.0
Rab5b,-0.0009884704219233025,0.9242464795970831,1.0
Cpd,-0.0009772041220659322,0.9251073418867088,1.0
Plin3,-0.000976812915191978,0.9251372357350133,1.0
Ip6k1,0.0009624052776055828,0.9262382603499104,1.0
Wdr37,0.0009507980888402805,0.9271253788759882,1.0
Acox1,0.0009398912009581882,0.9279590571183451,1.0
Atp2b2,0.0009278800778370875,0.9288772300727345,1.0
Prkce,-0.0009171689832093786,0.9296961041271206,1.0
Lims1,-0.0009046308194806355,0.9306547539648342,1.0
Magee1,0.0008952749882989814,0.9313701528858407,1.0
Trip4,-0.0008863536151220039,0.9320523823782171,1.0
Smg1,0.0008708632223163035,0.9332370719835832,1.0
Atf3,0.000863508209489166,0.9337996278738352,1.0
Ift80,-0.0008577676956384204,0.9342387200953174,1.0
Cnep1r1,0.0008536039617532771,0.9345572168546125,1.0
Sqstm1,-0.0008404338367459066,0.9355647087752101,1.0
Glod4,-0.0008151423730051034,0.9374997502115197,1.0
Mcl1,0.0008092097938460799,0.9379537037281115,1.0
mt-Nd5,-0.0007867776995633354,0.9396703604771607,1.0
Sgpp1,0.0007791645370288863,0.9402530356783889,1.0
Alas1,-0.0007774994471352321,0.9403804780013096,1.0
Mettl7a1,0.000773833449961313,0.9406610707478016,1.0
Wasl,0.0007682056698062405,0.9410918312498568,1.0
Rdh14,0.0007600271413983795,0.9417178613310222,1.0
Herpud1,0.0007600167547460708,0.9417186564061686,1.0
Actg1,-0.0007572840289211873,0.941927842508722,1.0
Tspyl1,0.0007385397780319059,0.943362794269677,1.0
Cdkn1c,-0.0007382407681806156,0.9433856862413865,1.0
Polr2h,-0.0007254284825342747,0.944366628970618,1.0
Zkscan1,0.000723366184335531,0.9445245319366705,1.0
Actr10,0.0007093024262587021,0.945601402532708,1.0
Serinc1,0.0007053712045305073,0.9459024364543717,1.0
Tmem35,-0.0006904576822133767,0.9470445116311127,1.0
Srgap3,-0.0006783612364426779,0.9479709355611747,1.0
Zhx1,-0.0006772526033819123,0.9480558453774489,1.0
Pfkp,-0.0006765859604480385,0.9481069036093711,1.0
Usp3,0.0006718214332786773,0.9484718252906095,1.0
Ncald,-0.000669253441750078,0.94866851577668,1.0
Card19,-0.0006677374262483879,0.9487846336045005,1.0
Abi2,0.0006640464818417497,0.9490673426748142,1.0
Smad4,-0.0006627660443891338,0.9491654196916457,1.0
Ikbkb,-0.0006619041895057349,0.9492314351858404,1.0
Mapk10,0.000657829420874693,0.9495435549285764,1.0
Ddi2,-0.0006451640850837571,0.9505137454388888,1.0
Ttc14,-0.0006335014073591411,0.9514071952022778,1.0
Cnih2,0.0006324979915680089,0.9514840673483366,1.0
Cpsf6,-0.0006247223427101721,0.9520797786370536,1.0
Col4a3bp,-0.0006225211616933795,0.9522484213219924,1.0
Suz12,0.0006100954720018165,0.9532004509106697,1.0
Rcn1,0.0006024705951062472,0.9537846857070478,1.0
Yif1b,-0.0005873203471023925,0.9549456043284438,1.0
Tmx2,0.0005728727483869661,0.9560527700818986,1.0
Tmem29,0.0005639618799848798,0.9567356808704629,1.0
Ptbp2,-0.0005563908198926696,0.9573159364514159,1.0
Rab3c,0.000547325947100079,0.9580107094411238,1.0
Cmas,0.0005280770740629302,0.959486135539027,1.0
Srebf2,0.0005277759350442871,0.9595092189600644,1.0
Nudt21,-0.000509173589377949,0.9609352227007708,1.0
Flnb,-0.0005060291066648176,0.9611762824148719,1.0
Pef1,0.0005023081100309359,0.9614615429416167,1.0
Luzp1,-0.0004908673072268118,0.9623386530681223,1.0
Arxes1,0.0004856986754107785,0.9627349216777921,1.0
Capsl,-0.0004770905714046166,0.9633949080859434,1.0
Ccdc191,-0.0004687890907189665,0.9640314093333655,1.0
Slc25a5,0.00046801076732498636,0.9640910870748424,1.0
Abracl,-0.0004618098312502589,0.9645665493736227,1.0
Sucla2,-0.0004613827984656452,0.9645992929584464,1.0
Agtpbp1,-0.0004490366906769789,0.9655459808205462,1.0
Tmem52,0.00044148644465373375,0.9661249505540299,1.0
Tmem65,-0.00042307225356404723,0.9675370661321452,1.0
Fam101b,0.0004048824112438157,0.968932077191755,1.0
Mink1,0.00038533418122914924,0.970431371249454,1.0
Igsf1,-0.0003787425146393291,0.9709369572902833,1.0
Lmna,0.00037200896740028386,0.971453437745547,1.0
Zmym2,-0.00036349264378461365,0.97210667886684,1.0
Mrpl15,-0.0003616902710252443,0.9722449315460756,1.0
Fam50a,0.0003576057638473452,0.9725582405484589,1.0
Vldlr,0.000352669652761181,0.9729368789087024,1.0
Zer1,0.00035217966668556997,0.9729744650104422,1.0
Ncoa3,0.00033240340054681663,0.9744915220921043,1.0
Zbtb4,0.0003265005236060158,0.974944355793459,1.0
Yipf2,0.0003145616807704558,0.9758602575205103,1.0
Sec63,0.0003125936916877519,0.9760112370992284,1.0
Il11ra1,0.0003022101400677869,0.9768078533065181,1.0
Slit2,0.0002903107200434998,0.9777207938885158,1.0
Spcs3,0.00028882148575976946,0.9778350521590455,1.0
Osgep,0.00026794873405374596,0.9794365155413054,1.0
Ypel3,-0.0002625943213198006,0.9798473468584972,1.0
Dhrs7,-0.00025285696455129434,0.9805944846377044,1.0
Cluap1,-0.0002516615211324672,0.9806862110181797,1.0
Camsap2,-0.0002467536794501242,0.9810627924015751,1.0
Stag1,0.00022555142117713033,0.9826897007255293,1.0
Scaf1,0.00021309426859468522,0.9836456067402823,1.0
Mgat5,0.00020845942617689348,0.9840012698244096,1.0
Plec,0.00019979127545265515,0.9846664446539152,1.0
2610301B20Rik,-0.0001819397769250045,0.9860363624664976,1.0
Isg20,0.00016996558690876966,0.9869552809756164,1.0
Cdh2,0.00016316467132299861,0.9874772019067702,1.0
Uxs1,-0.00016102836220029205,0.9876411492496933,1.0
Gde1,0.00015478671305539752,0.9881201567650136,1.0
Raph1,0.0001346579146946171,0.989664944381802,1.0
Poldip3,0.00012607425923872941,0.9903237104125026,1.0
Mkl2,-0.0001256438819823745,0.9903567405639295,1.0
Sel1l,0.0001239266326887181,0.9904885344120727,1.0
Mta1,-8.717488237993416e-05,0.9933091798317998,1.0
Asrgl1,-7.719626144898967e-05,0.9940750409379182,1.0
Pdcl3,7.678640906344674e-05,0.9941064973101066,1.0
Fbxo11,-7.592802856408077e-05,0.9941723784652736,1.0
Olfm1,-7.196786259779511e-05,0.9944763237951848,1.0
Dag1,-7.028033178516111e-05,0.9946058431356652,1.0
Golim4,5.4637401453162656e-05,0.995806456875423,1.0
Snx10,5.3208079840743225e-05,0.9959161595447452,1.0
Irf2,-4.746983687849319e-05,0.9963565794231776,1.0
Abcc5,4.494073522219958e-05,0.9965506926245704,1.0
Nrp2,3.394549364996668e-05,0.9973945998516746,1.0
Khdrbs3,3.0063859778327923e-05,0.997692523916634,1.0
Ctsf,-2.4831796009158128e-05,0.9980940969922808,1.0
Commd8,-2.4502157211236806e-05,0.9981193975547187,1.0
1500009L16Rik,1.61754306911134e-05,0.9987584941955584,1.0
Nars,-9.735044969230448e-06,0.9992528101305874,1.0
Nrxn2,-8.66191224074171e-06,0.9993351758216313,1.0
Abhd2,6.905579792038149e-06,0.9994699788594754,1.0
Ildr2,-5.619423626379927e-06,0.9995686946667443,1.0
Atp8a1,4.436446104740026e-06,0.9996594912524849,1.0
Ccdc34,-2.3381618969923387e-06,0.9998205400048401,1.0
