TF,target,importance
Egr1,Sox10,0.9752120330653257
Scg2,Cga,0.8612444887382193
Pomc,Pcsk2,0.7660994415401268
Apoe,Mt3,0.7348254034318078
Fos,Junb,0.6142454464285043
Apoe,Meg3,0.6039466157836786
Junb,Fos,0.5944460616332407
Fos,Jun,0.5511270118129283
Per1,Nr5a2,0.5260874912433176
Pcsk2,Pomc,0.5095496592851422
Mecp2,Neurod2,0.5052230082387597
Pomc,Malat1,0.48230482570092664
Ctcf,Lhx6,0.468200813229328
Ctcf,Fezf2,0.45880188440425174
Apoe,Mt1,0.4587161014969779
Scg2,Nr5a1,0.4585848499286119
Hdac2,Neurod6,0.45797558690262885
Mef2c,Fezf2,0.4569450091009191
Fos,Fosb,0.4311883890588434
Apoe,Gnas,0.4216996224566349
Apoe,Olig2,0.40626387311723106
Apoe,Tsc22d3,0.37211093640403153
Scg2,Esr1,0.36779063867245504
Pomc,Ccnd2,0.36202604101088093
Junb,Egr1,0.3534032759885371
Apoe,Sox9,0.3531175266594052
Fos,Atf3,0.34157760197186154
Junb,Cebpb,0.3366600735340147
Ppard,Satb2,0.33163081634469105
Ppargc1a,Ppara,0.3295357109162781
Ppargc1a,Tbr1,0.32058423980448375
Clock,Tbr1,0.3177050031925631
Ppargc1a,Sim1,0.31291296717046474
Apoe,Mafb,0.2948184578706221
Apoe,Olig1,0.2913477568100155
Apoe,Srebf1,0.2803697566103039
Sox9,Sox2,0.2714953060301311
Pomc,Crem,0.26943059954000664
Jun,Jund,0.26176915639432696
Pomc,Rorb,0.2521597267519976
Rorb,Dlx2,0.2518833214143059
Nr4a1,Pparg,0.25168931999668587
Mef2c,Neurod2,0.24860876950976515
Rorc,Dlx1,0.24717475533436814
Ppargc1a,Dlx2,0.24449949205672777
Ar,Stat5a,0.24210696109713864
Zic1,Arntl,0.24180953182441808
Ar,Dlx2,0.22871884691645125
Sox9,Apoe,0.22027980252275514
Tsc22d3,Apoe,0.21275284714442594
Fos,Arc,0.2108561367223396
Apoe,Scg2,0.20890953251980296
Junb,Nr4a1,0.20877963851943912
Arntl,Zic1,0.20789317385942216
Pomc,Gnas,0.20625208379467486
Pomc,Cux2,0.198443258096395
Fos,Jund,0.19836685808444832
Sim1,Ppargc1a,0.19794185708167542
Mef2d,Satb2,0.19737548597045468
Pomc,Nr4a2,0.19319906780305673
Arntl,Nr5a2,0.19297002844393565
Scg2,Gnas,0.19196139606109203
Sox2,Sox9,0.1890450994982864
Pomc,Pparg,0.1828542219759888
Jun,Fos,0.1811813713616822
Ppargc1a,Dlx1,0.17995569010089815
Junb,Nfil3,0.17675241236344755
Nr4a1,Nr4a2,0.17505717820170238
Jun,Klf4,0.17346660778043604
Junb,Egr2,0.17300027022436182
Scg2,Neurod1,0.17251080730803853
Junb,Mt1,0.16789369458262068
Tsc22d3,Olig1,0.16666406133144906
Pomc,Homer1,0.16628987087197716
Nr3c1,Neurod6,0.16599198823491385
Scg2,Rorb,0.16504420664447758
Pcsk2,Pparg,0.16483922332390932
Bdnf,Satb2,0.16219138984351528
Tsc22d3,Nr1d1,0.16036005837127792
Apoe,Dbp,0.15994471264138493
Apoe,Mef2c,0.15919693161073933
Apoe,Ccnd2,0.15860846937366838
Nfil3,Bdnf,0.1580398715929582
Apoe,Tbr1,0.15717908271095368
Atf4,Stat5a,0.1563770084710714
Fos,Egr1,0.1530420774426918
Dlx1,Nr4a3,0.15148498777607322
Klf9,Sim1,0.15091128551732086
Atf3,Klf4,0.14952011982126848
Jun,Fosb,0.148337671341774
Mef2c,Nr5a2,0.1477595699725654
Junb,Pomc,0.14434311540256073
Arc,Npas4,0.1437860563993575
Junb,Crem,0.14235845894773516
Rbm3,Nr4a3,0.14120756471464024
Nr4a3,Dlx1,0.13635735088803594
Scg2,Ar,0.1354169223720705
Scg2,Clock,0.1352738274288947
Fos,Npas4,0.13265541891075902
Scg2,Neurod6,0.13187625599040592
Apoe,Foxo1,0.1296403753065042
Pomc,Scg2,0.12932599194783775
Nr5a1,Scg2,0.1282771433284234
Esr1,Ppard,0.12766155311407051
Apoe,Mef2d,0.12724348511056777
Cry2,Zic1,0.1264797546445458
Apoe,Pparg,0.12486010013381549
Atf3,Lhx6,0.12465311435470644
Sox9,Rest,0.12421585279758895
Sox9,Srebf1,0.12349081605949755
Cux2,Nr1d2,0.12313250042656271
Sox2,Dbp,0.12076355351750426
Sox9,Dbp,0.1196636719487866
Apoe,Stat5a,0.11936318590925393
Tsc22d3,Rest,0.11934217085724161
Egr1,Nr4a1,0.11886916505301098
Mecp2,Sim1,0.11809324246616626
Mef2c,Bcl11b,0.11756259633748428
Pomc,Junb,0.11717434752782971
Fos,Nr4a1,0.11684643683470163
Apoe,Atf4,0.1161602400381018
Rxrg,Thrb,0.1147394072588754
Scg2,Pomc,0.11355716553289587
Junb,Klf4,0.11324693173876366
Apoe,Nkx2-1,0.11270027589570565
Fos,Egr2,0.11238020578881112
Rxrg,Mef2d,0.11171348990480749
Scg2,Thrb,0.11163808998697698
Tef,Dlx2,0.11151299998928242
Scg2,Bdnf,0.11093393504177444
Apoe,Thrb,0.11055445819027185
Pomc,Neurod1,0.10945993787994901
Sox9,Tsc22d3,0.10836688638822957
Scg2,Apoe,0.10829241543985757
Rorb,Hlf,0.10810295941865111
Per1,Bcl11b,0.10745854041723481
Pomc,Bdnf,0.10719375972425273
Scg2,Neurod2,0.10630941688406634
Nr1d2,Cux2,0.10606558124913633
Satb2,Ppard,0.10599079447296224
Ppargc1a,Nkx2-1,0.10573952728807423
Fos,Cebpb,0.10529970299612414
Stat3,Rxrg,0.10509233688760754
Rela,Olig2,0.10415430881970368
Mafb,Mef2c,0.10408490879966042
Atf3,Arc,0.10393237070341936
Mef2c,Mafb,0.10300462583470686
Neurod1,Clock,0.10292963938680501
Sox2,Dlx1,0.10242176963680309
Nkx2-1,Sim1,0.10143809353135463
Apoe,Rnaset2a,0.09997972176416053
Nr1d2,Sim1,0.0998945968664356
Srebf2,Hdac1,0.09902818593641904
Ctcf,Zic1,0.0987916040914241
Jun,Atf3,0.09866567403782255
Apoe,Ppargc1a,0.09831156373408957
Egr1,Arc,0.09807994661246962
Bcl11b,Mef2c,0.09672038926421282
Sox9,Rela,0.09606102629637667
Bcl11b,Mecp2,0.09551458286353205
Mafb,Nfkb1,0.09438779674987931
Sox9,Foxo1,0.09366125306284069
Neurod1,Rcor1,0.0935774339531116
Egr2,Npas4,0.09291292220509666
Apoe,Srebf2,0.09239894125479821
Dbp,Ppara,0.09167097788835753
Yy1,Nfkb1,0.09149213064988937
Srebf1,Hlf,0.09099727669128865
Crem,Neurod1,0.09092734056166837
Atf4,Ppard,0.09083281940608792
Atf3,Mafb,0.09054198340265222
Atf3,Egr2,0.09041005410154802
Rorb,Scg2,0.0903381846684347
Junb,Arc,0.09011974663955834
Pomc,Rxrg,0.0899191514919168
Egr1,Homer1,0.08915121252998447
Scg2,Sp1,0.08892506710411949
Atf3,Egr1,0.08779189363292914
Homer1,Bcl11b,0.0876628010255416
Jun,Egr2,0.08670060504677139
Apoe,Sox2,0.0866224920549783
Cebpb,Mafb,0.08657300530087575
Apoe,Rest,0.08640822157788136
Pcsk2,Bcl11b,0.08607783808176249
Rora,Cry1,0.08601836813789328
Hdac1,Srebf2,0.08596674159931428
Nr4a2,Nr4a1,0.08581449608403238
Fos,Klf4,0.08527373119177124
Dbp,Per2,0.08507831395309198
Egr1,Egr2,0.08431160664809297
Nkx2-1,Ppargc1a,0.08399934307851409
Pomc,Thrb,0.08395979448560842
Fos,Klf9,0.08360588019548965
Pomc,Apoe,0.08347545367693782
Rxrg,Srebf2,0.08327910516786477
Apoe,Rxrg,0.08320469071470503
Junb,Homer1,0.08303858924048202
Junb,Jun,0.0829476763703411
Jund,Klf9,0.08253587635294107
Mef2d,Rxrg,0.08223516233405914
Pomc,Mt1,0.08220991419499733
Zic1,Lhx6,0.0819927117299975
Mef2c,Rorb,0.0816731397026542
Srebf1,Rela,0.08138814021519272
Crem,Hdac1,0.08102198621488044
Srebf1,Sox9,0.0809049495003003
Cebpb,Nr4a2,0.08087827858593466
Scg2,Cux2,0.08065875478202124
Ppard,Cry1,0.08062907655621557
Egr1,Atf3,0.0803240458137015
Junb,Atf3,0.08029214965112161
Dbp,Olig1,0.08004294601277993
Jun,Rela,0.07985400947709392
Tsc22d3,Klf9,0.07950261584434223
Jund,Mafb,0.07874772118797374
Junb,Npas4,0.07823046524675518
Nr4a2,Homer1,0.07820162495475447
Scg2,Meg3,0.07808416842028361
Arc,Foxo3,0.07806551365379688
Hdac2,Sp1,0.07766153890978113
Stat5a,Srebf2,0.07683844865693927
Per1,Ppara,0.07640014425763533
Junb,Pcsk2,0.07616057674134756
Fosb,Atf3,0.07609077028022632
Sox2,Nr1d2,0.07552035091207267
Klf4,Atf3,0.07532788438595527
Tsc22d3,Neurod6,0.07521381784026249
Mef2d,Nkx2-1,0.07498257623640689
Apoe,Klf9,0.07482730024890656
Stat3,Dlx1,0.07444478018276043
Fos,Rnaset2a,0.074332679605747
Esr1,Scg2,0.07414383310392278
Sox9,Neurod6,0.0740629369771537
Dbp,Rbm3,0.07378714846078666
Ctcf,Mef2d,0.07361322622341991
Nr3c1,Cry1,0.07346105409269975
Apoe,Malat1,0.07326040093460237
Ar,Bcl11b,0.073109695782283
Sox2,Nr4a3,0.07300067794223357
Tsc22d3,Meg3,0.07295892266217033
Nr3c1,Olig1,0.07272458123956699
Fosb,Ppara,0.07243984801926902
Homer1,Ppard,0.07218806387478195
Pomc,Esr1,0.07217695680741788
Yy1,Mef2c,0.07196917852223891
Junb,Ccnd2,0.07192507869991399
Ctcf,Mecp2,0.07169470690597411
Dbp,Nr1d1,0.07157823456777358
Pomc,Foxo1,0.07133657613626654
Pcsk2,Scg2,0.07131985211657942
Homer1,Cry1,0.07101912353510967
Atf3,Pparg,0.07068561684880263
Srebf2,Foxo1,0.07060220604103479
Jund,Hdac2,0.07055980194066575
Apoe,Hdac2,0.07035932567437797
Hlf,Rorb,0.07032024791347181
Rcor1,Ppard,0.07016885778464493
Dbp,Rora,0.07006808242301434
Cry1,Ppard,0.06988220415163607
Hlf,Bcl11b,0.06987048395667203
Hlf,Srebf1,0.06983067927947968
Fosb,Foxo3,0.06966043001925164
Bdnf,Dlx1,0.06964948917583055
Cebpb,Rnaset2a,0.06908535839258206
Sox9,Mt3,0.06904914367668272
Nr5a1,Neurod1,0.0688396928198004
Tef,Satb2,0.06872990898151528
Clock,Lhx6,0.06859147562766121
Fosb,Nr4a3,0.06834102429886604
Apoe,Nr1d2,0.06831489463473349
Yy1,Cux2,0.0681636327328959
Apoe,Sp3,0.06786400106469709
Apoe,Nfkb1,0.06733334511138107
Apoe,Foxo3,0.06724009676823832
Junb,Neurod1,0.06698142487688953
Nkx2-1,Mef2d,0.06662399802700585
Mef2d,Bdnf,0.06661160141161147
Apoe,Bdnf,0.06654994740056373
Sox2,Cebpb,0.06654952574265609
Egr1,Nr4a3,0.06640194699396476
Dbp,Sox2,0.0663714419017152
Fosb,Fos,0.0663644171007299
Sp1,Rela,0.06614870791716859
Sox9,Nr1d2,0.06603100940150936
Apoe,Cebpb,0.06595439439757486
Jund,Foxo3,0.0658212858601043
Dbp,Yy1,0.06551375977564407
Sox9,Olig2,0.06531010479565295
Ctcf,Cux1,0.06519175789239955
Rest,Ppara,0.06455859441147832
Atf3,Fosb,0.06428762786163886
Sox2,Per2,0.06421562154441351
Sox2,Srebf2,0.06380595740349006
Sox2,Mef2d,0.06361007991253322
Arntl,Satb2,0.06359964437444053
Nr1d1,Olig1,0.06358635814265454
Egr1,Klf9,0.06356277101794944
Arc,Nr4a1,0.06348366113092672
Ar,Neurod1,0.06323792350696864
Tef,Rora,0.06314765206566017
Apoe,Rorc,0.0631214639907313
Fosb,Jun,0.06251418511336262
Scg2,Hdac1,0.062498533931199675
Bcl11b,Tef,0.06243465253568141
Srebf2,Bdnf,0.06232220105251269
Apoe,Nr1d1,0.0622357634041436
Ctcf,Sp1,0.06197637131352178
Per2,Sp3,0.06194460974058981
Apoe,Cux1,0.06186863258240892
Jun,Tsc22d3,0.06172112556150462
Srebf2,Stat5a,0.061621450802601355
Sox9,Jund,0.06159877150662369
Pomc,Rnaset2a,0.061578872128426464
Pomc,Jun,0.0614968978676147
Ar,Scg2,0.06133185698375407
Sox2,Foxo1,0.061231789591067315
Cebpb,Sox2,0.06120442529398632
Scg2,Mecp2,0.06096218063205533
Scg2,Nfil3,0.06090313434908776
Klf9,Olig2,0.0607562781522829
Foxo3,Rora,0.060742967210096865
Sp1,Ctcf,0.060618409674957394
Jund,Jun,0.0602867767649111
Apoe,Sim1,0.06014387591524235
Klf9,Rela,0.060020448414709875
Srebf1,Foxo1,0.05983439618298802
Jun,Ar,0.05979690694659345
Tsc22d3,Sox9,0.05961470752567685
Tef,Yy1,0.059476487525694434
Junb,Cry2,0.05945874776439445
Apoe,Rbm3,0.05941231103723347
Mecp2,Rcor1,0.05932281016399109
Neurod1,Nr5a1,0.05921952615686613
Sox2,Ar,0.05918599813256113
Junb,Pparg,0.059088712921053346
Apoe,Esr1,0.05907343873183087
Nr4a3,Cry1,0.058957416901106965
Jund,Rnaset2a,0.058838708173668444
Sox2,Tsc22d3,0.05880720625414885
Homer1,Clock,0.05872201403330341
Cebpb,Nr4a1,0.05869500393720876
Srebf1,Srebf2,0.05862209334757261
Sox2,Cry2,0.05856362871849651
Tef,Olig1,0.05853366275620479
Pcsk2,Arntl,0.05820662371133708
Dbp,Arntl,0.058089366788099166
Nr4a2,Per2,0.05790580728370292
Klf9,Mef2c,0.05784201626257388
Sp1,Cux1,0.057632153526206556
Cux1,Sp1,0.057536122162874175
Sox9,Mt1,0.05747520771273214
Ar,Bdnf,0.057455575881616504
Nr4a1,Stat5a,0.057359451690571536
Dbp,Nr1d2,0.05731181192683617
Apoe,Zic1,0.05727625172347229
Nkx2-1,Cux2,0.05725126862724461
Tsc22d3,Ctcf,0.057246772933851935
Foxo1,Srebf2,0.05713122519200369
Cebpb,Egr2,0.05678563137647073
Fosb,Ar,0.056711805605673626
Apoe,Yy1,0.05669673600177892
Egr1,Junb,0.05642237341933961
Egr1,Fosb,0.05633429442507794
Jund,Cebpb,0.05630092611177015
Esr1,Nr3c1,0.05619376430096729
Scg2,Homer1,0.056060571997264025
Mafb,Sp3,0.05591967793590646
Scg2,Arntl,0.05580076862443413
Thrb,Nr4a3,0.05543573019654096
Cux1,Npas4,0.055428683030179615
Tsc22d3,Sox2,0.05540787066844328
Jund,Ppara,0.05534620282536547
Egr1,Rest,0.055322054499072265
Hlf,Rorc,0.055233260061835106
Nr4a1,Rest,0.05515129382996561
Apoe,Sp1,0.05513089832365617
Nr1d1,Rest,0.055122280062353174
Jun,Neurod6,0.05494517762058649
Zic1,Tbr1,0.05494060731873174
Homer1,Nr4a2,0.05491331189730592
Yy1,Ppard,0.05471464977719539
Bdnf,Nfil3,0.054705058884195294
Nfil3,Cry1,0.0546794629384184
Jund,Sox9,0.054522683248129734
Egr2,Homer1,0.05447733290590641
Mef2c,Cry2,0.05430112438944726
Arc,Nfil3,0.054228055597333236
Crem,Rnaset2a,0.054107796398961606
Dbp,Sox9,0.05401028323904102
Esr1,Satb2,0.05394764541128171
Pcsk2,Junb,0.05378890153018715
Pomc,Npas4,0.053455061297510716
Mecp2,Dlx1,0.05340790381014764
Atf4,Lhx6,0.05333023291519147
Pomc,Meg3,0.05303278614945124
Pcsk2,Crem,0.05284854029809035
Nr1d2,Nkx2-1,0.05271536828750631
Fos,Pparg,0.05265791196201221
Jun,Mafb,0.052271236423916054
Scg2,Atf4,0.05222727238597275
Tef,Hlf,0.052183060786054336
Tsc22d3,Dbp,0.05217284515495633
Sox9,Rbm3,0.05215383791553866
Tef,Sp3,0.052096752637253406
Pomc,Bcl11b,0.05198863893848373
Stat5a,Ar,0.05188074760049921
Jun,Klf9,0.05183699363947532
Dbp,Foxo3,0.05161155619279928
Junb,Apoe,0.05155059144287425
Sox2,Sp1,0.051511519940865044
Tsc22d3,Nr3c1,0.051463629920785355
Apoe,Cry1,0.051417916786636306
Rorc,Rxrg,0.05139103904653496
Fosb,Klf4,0.05138088318656306
Jun,Egr1,0.051339817805714436
Apoe,Per2,0.05127443541774121
Zic1,Sp3,0.051255903799528504
Nfkb1,Rcor1,0.051197360142773644
Rxrg,Mecp2,0.05118681282167424
Jund,Fosb,0.051158440911673174
Sox9,Cry1,0.051151387936860034
Apoe,Hdac1,0.05103623612379661
Nr4a2,Nr3c1,0.05090065121617414
Sox2,Cux1,0.05071514372349736
Fosb,Jund,0.0506804106011803
Rbm3,Pparg,0.050676180598278886
Crem,Ppard,0.05047833410399629
Sox9,Ar,0.050459267519785474
Jund,Sox2,0.05029457770592799
Tef,Zic1,0.05027321566448795
Fos,Mt1,0.05019207783198989
Neurod1,Per1,0.0501881478445667
Srebf1,Rora,0.05007887819852184
Homer1,Nkx2-1,0.050049698681307535
Jund,Nr5a1,0.04982398329214062
Nr3c1,Nfkb1,0.0497713966450348
Apoe,Nr3c1,0.049655824157780144
Stat5a,Cux2,0.04955297060032987
Arc,Nr4a3,0.04952583303512097
Apoe,Jund,0.04950663341645195
Scg2,Ctcf,0.049339586445794816
Srebf1,Apoe,0.0492269956348029
Atf3,Nr4a1,0.04913086243036042
Nfkb1,Rela,0.04911929860430406
Nfkb1,Yy1,0.04901338426116382
Rorb,Olig2,0.04886770572135677
Ar,Cux1,0.04884519112888071
Nr4a1,Hdac2,0.048772374746311825
Jund,Mef2c,0.048683981803636596
Sox2,Rbm3,0.04860192607319231
Rorc,Hlf,0.04849636542189998
Scg2,Cux1,0.048440032974111556
Scg2,Ccnd2,0.04841526463954562
Pomc,Stat3,0.04834656694952895
Tef,Bcl11b,0.04834515745022127
Dbp,Apoe,0.0483369993271838
Nr4a1,Egr1,0.0483054150759966
Sox2,Rora,0.048279329366180145
Nr4a2,Nfil3,0.048155871870972464
Nr4a3,Thrb,0.04808835398951647
Stat5a,Sp3,0.04802335061343244
Nr1d1,Fezf2,0.0478677611752529
Ar,Nr5a1,0.047822793229132014
Per1,Neurod1,0.047792904109111876
Tef,Ppargc1a,0.047712569356823005
Rbm3,Dbp,0.04766724180387271
Stat3,Ppara,0.04766486562385125
Ar,Tef,0.04763581726172259
Junb,Fosb,0.04750584777101748
Atf4,Hlf,0.047464694516746
Clock,Neurod1,0.04725115785590274
Bcl11b,Homer1,0.047204314912600805
Egr1,Nr4a2,0.04719066739250864
Bcl11b,Hlf,0.04715023174666198
Hdac2,Nfil3,0.04712747329985741
Srebf2,Olig1,0.047114382398111165
Zic1,Cry2,0.04706110299750131
Junb,Foxo3,0.04686224132960919
Per2,Cry1,0.04684518348205685
Scg2,Rora,0.04676913989765858
Jund,Tsc22d3,0.046732539505387714
Jun,Cebpb,0.046728368953935125
Stat3,Cux2,0.04671402641825469
Nr4a1,Nfkb1,0.04657427009904744
Atf4,Sp3,0.04653232318432209
Nkx2-1,Hlf,0.04621011197453983
Foxo1,Srebf1,0.0460239755114232
Rorb,Lhx6,0.04600634222642463
Scg2,Npas4,0.04599809974118136
Apoe,Tef,0.045977931415896685
Rorb,Nr4a3,0.04594679893928036
Sox9,Ctcf,0.045901532185899936
Sox2,Nr1d1,0.045900605282321844
Bcl11b,Olig2,0.04589195299728357
Junb,Stat3,0.04586199284189458
Jund,Rest,0.04583174190257265
Fosb,Egr1,0.04578428643857889
Srebf1,Nr1d2,0.04576183388382788
Bcl11b,Ar,0.04569433541908967
Crem,Arntl,0.04566304222046631
Mecp2,Tef,0.04566078611789134
Klf9,Nr5a1,0.045647999938886984
Nr3c1,Neurod1,0.045570178376695816
Rorb,Rcor1,0.04551629483848577
Zic1,Olig2,0.04542231865855368
Apoe,Bcl11b,0.045304123373298186
Fos,Nfkb1,0.045289742269374864
Cebpb,Rorc,0.045288758606598846
Rorc,Nfil3,0.04520178884842041
Scg2,Rxrg,0.04516771626276952
Pomc,Mef2c,0.0449313631718148
Sox2,Nfkb1,0.04488946166119558
Arc,Rorc,0.044870851664731676
Tef,Clock,0.044732663865909635
Junb,Nr4a2,0.04470840691307355
Tef,Mecp2,0.04468816860452924
Jund,Rbm3,0.04458931375313406
Arntl,Rxrg,0.044580469218709125
Npas4,Arntl,0.04446128885610883
Cebpb,Cry2,0.04445491491038084
Mef2d,Nr3c1,0.044432701654077485
Apoe,Cry2,0.04441552636043482
Sox2,Klf9,0.04440879621464036
Mecp2,Yy1,0.04436746275440386
Rorb,Zic1,0.044154944822967064
Fosb,Arc,0.043912868915491836
Apoe,Arc,0.04388600465188348
Mafb,Ar,0.04388311473608064
Junb,Jund,0.04366473903391692
Junb,Arntl,0.043641877123369616
Jun,Junb,0.04360225298500646
Clock,Nkx2-1,0.04355243387798682
Stat3,Ctcf,0.04347206190022286
Rora,Arntl,0.04346017244147147
Scg2,Stat5a,0.04331126412514018
Fosb,Egr2,0.04323418681864964
Pcsk2,Ppargc1a,0.0432174390145477
Pomc,Atf4,0.04318588599782242
Rorb,Nr1d1,0.04310344135349402
Cebpb,Nr3c1,0.04299404197342884
Ctcf,Stat3,0.04290206914372752
Pcsk2,Nkx2-1,0.04286170840900114
Sp3,Per1,0.042807294309250024
Cux2,Bdnf,0.042782197928694456
Rorc,Arc,0.04277392902849088
Nr4a3,Stat3,0.042706794066867344
Arc,Atf3,0.04270239843595891
Neurod1,Scg2,0.042670340890759884
Mef2c,Klf9,0.042590389960160555
Rorb,Rbm3,0.04254643036887464
Pomc,Ppard,0.04253979642890963
Fos,Nfil3,0.04250341832262308
Jund,Nfkb1,0.0424986323066817
Scg2,Nr1d2,0.04249117444889011
Rorb,Yy1,0.04241513925769994
Nr1d1,Hdac1,0.04225386130600112
Arc,Egr1,0.04202189296725153
Pomc,Nkx2-1,0.04201637427087805
Apoe,Rela,0.041961358174101605
Rorb,Mef2c,0.04186289777359729
Jund,Npas4,0.041792929462632904
Rora,Esr1,0.041728896394534996
Arc,Mecp2,0.04163813259412691
Klf9,Olig1,0.041626998817730715
Mef2d,Ctcf,0.04160539831323702
Cebpb,Arntl,0.0415805641829181
Cebpb,Dbp,0.0415438093462072
Klf4,Rorc,0.04154070620844723
Cux2,Stat5a,0.04150853053807111
Tef,Cry1,0.04149774820413229
Nr3c1,Rora,0.04120857890086897
Pomc,Cga,0.04117188820775158
Cux1,Ctcf,0.04112126260290913
Cebpb,Per2,0.040967023636007245
Tef,Cux1,0.040929418605756565
Nr5a1,Ar,0.040820605382622145
Crem,Pomc,0.04080262439281584
Sp3,Per2,0.040746706193763416
Pomc,Nr3c1,0.040736919381603884
Sox2,Apoe,0.04062899861201073
Egr1,Mef2d,0.04061636954793028
Foxo3,Hdac1,0.04059120787916469
Pcsk2,Satb2,0.04056624873239975
Apoe,Per1,0.04049952506900757
Junb,Sp3,0.04040404867550752
Yy1,Ctcf,0.040388496070066504
Hdac2,Neurod1,0.040384865211870805
Hdac1,Rest,0.040263776583259296
Cebpb,Klf4,0.04009735146339272
Mef2c,Yy1,0.04007422954686364
Nr4a1,Arc,0.04001544414501876
Atf3,Rest,0.039901870874473326
Fos,Cry1,0.03984260138516098
Mef2c,Nfkb1,0.03982019275633775
Sox2,Jund,0.039676677251825575
Nkx2-1,Homer1,0.0395844976978312
Mef2c,Hlf,0.039563336928339354
Per1,Rela,0.039486618064619616
Pomc,Rcor1,0.039415315662350806
Hlf,Olig2,0.03914250836819614
Srebf1,Nfkb1,0.03906084662570043
Sox9,Ppargc1a,0.03903908895371632
Dlx2,Dlx1,0.03900738402688647
Nfkb1,Thrb,0.03888554909232163
Sox2,Rela,0.038877594066424166
Nr1d1,Dbp,0.03884201351287851
Nr4a1,Esr1,0.03879944213780559
Neurod1,Nfil3,0.038757244533075254
Scg2,Pcsk2,0.0386876199843407
Sp3,Srebf2,0.03865769511985305
Crem,Rorb,0.038640708772381585
Sp3,Stat5a,0.038634284813367246
Dbp,Atf4,0.038576920745045234
Fosb,Rcor1,0.03855627989401658
Srebf2,Lhx6,0.03847909890729045
Junb,Rela,0.03843336274610316
Tsc22d3,Srebf1,0.038361312798485335
Srebf2,Nfil3,0.038311877251474696
Dbp,Hlf,0.03822446142389381
Clock,Tef,0.038176741679631455
Atf4,Rcor1,0.038134191534631025
Junb,Per1,0.038066879343995566
Hlf,Tef,0.038060513060706576
Hdac1,Nr3c1,0.03789137675298139
Pomc,Hdac2,0.037872744464338186
Fosb,Arntl,0.037862935910926716
Apoe,Mecp2,0.03779883592489114
Pomc,Mef2d,0.03767569735134915
Nkx2-1,Clock,0.037650419719503454
Tef,Stat3,0.03764638772117519
Rorb,Malat1,0.037472498809041126
Sox2,Sp3,0.03742842927621639
Jund,Bdnf,0.037427224674927116
Rora,Npas4,0.037409072408533556
Hlf,Ppargc1a,0.03718811025154257
Mef2c,Meg3,0.037132918450896515
Sox9,Nr1d1,0.03712938530288612
Apoe,Dlx2,0.03707349486718771
Pomc,Nr1d1,0.03706498150537743
Jun,Rorc,0.03703515816786361
Nkx2-1,Tef,0.0370099759457169
Sox2,Per1,0.036962672351412235
Arntl,Nr4a3,0.036837523940229974
Per2,Rorc,0.036775507850688574
Apoe,Nr4a2,0.03670495633280188
Foxo1,Clock,0.03666939318318702
Jund,Sp1,0.03661934079137831
Jund,Olig2,0.03659417876691545
Atf3,Jun,0.03652283585044846
Rorb,Homer1,0.036505667999001706
Cry2,Olig1,0.036490561574274744
Stat3,Cux1,0.03647404912296928
Stat5a,Atf4,0.03643351921389456
Ar,Sox2,0.036390409446234534
Mef2c,Nr1d2,0.036381139284112234
Pcsk2,Ccnd2,0.03637847975005758
Rora,Yy1,0.03634484418610332
Pomc,Sim1,0.03633519963379509
Nr4a3,Arntl,0.036326034566866866
Tsc22d3,Tbr1,0.03632193302795291
Hdac1,Per2,0.03628093977271629
Tsc22d3,Rbm3,0.036262529989568824
Cebpb,Foxo3,0.03625370348085343
Cry1,Nfil3,0.03624777460874908
Thrb,Esr1,0.036241097743074886
Mecp2,Ctcf,0.03620209056904569
Jund,Rxrg,0.036132704297330086
Crem,Rcor1,0.03609717184134931
Stat3,Sp3,0.03609277709374366
Jun,Yy1,0.036069211361513386
Sp3,Nr5a2,0.036068755586088894
Hdac2,Lhx6,0.03604746528153923
Sim1,Mecp2,0.03604599032779845
Sox9,Tef,0.0360244225383864
Scg2,Jund,0.036012505801813366
Rorb,Clock,0.03599395298390942
Rora,Tef,0.03593815297767741
Cry1,Nr3c1,0.03587712050711109
Fosb,Stat3,0.03587427599848784
Nr3c1,Nfil3,0.03582666655348913
Pcsk2,Hdac2,0.035803824348772814
Dbp,Mef2c,0.03575924966960551
Esr1,Thrb,0.03573385763819424
Pomc,Ar,0.0356897656828098
Rorc,Rcor1,0.03567805403194823
Bcl11b,Rora,0.035643565486596675
Tsc22d3,Jund,0.03563571381022562
Crem,Rbm3,0.03550585871278116
Apoe,Pomc,0.03550188119689546
Npas4,Rora,0.035433467965653956
Ppargc1a,Tef,0.035421672524582296
Yy1,Rora,0.03533913942990353
Sox9,Per2,0.03531570076247644
Jund,Klf4,0.03530354733370174
Klf9,Bcl11b,0.03529906165776299
Cry2,Bdnf,0.03525576889677701
Npas4,Ppargc1a,0.03514828701639522
Sox2,Hdac1,0.03509393406471473
Bcl11b,Per1,0.03507727818273441
Npas4,Cux1,0.03500989090261538
Rorb,Atf4,0.03499740288951866
Pomc,Neurod6,0.03499373659003275
Cry1,Rora,0.03498623042496246
Scg2,Rcor1,0.034925530091422644
Rxrg,Stat5a,0.0348694899852201
Cebpb,Stat3,0.03480854951378716
Pomc,Ppargc1a,0.03478602759675599
Klf9,Stat3,0.03474651309032702
Ar,Mafb,0.03471757539397093
Jun,Hdac2,0.03470544791872303
Egr1,Ar,0.03468391881534906
Hlf,Nkx2-1,0.03467669574364353
Fos,Yy1,0.03464278736337069
Bdnf,Srebf2,0.034640309764112046
Dbp,Cry2,0.03461795534332985
Pcsk2,Nr4a2,0.03457904143548853
Tsc22d3,Ar,0.03457712300914837
Srebf1,Olig1,0.03453884870332025
Pomc,Cux1,0.034503880175138966
Tsc22d3,Nr5a1,0.03448945369844641
Pomc,Rbm3,0.03447514063697305
Scg2,Crem,0.034418230347061166
Sox9,Per1,0.034364986402262154
Scg2,Per1,0.034278820073665436
Foxo1,Nkx2-1,0.03418963062411141
Jun,Per2,0.03418281744249188
Pomc,Cebpb,0.034171999460444934
Nr4a1,Stat3,0.0340292758182305
Scg2,Rnaset2a,0.03400314307627201
Rxrg,Stat3,0.033989048491557164
Sox9,Srebf2,0.033911732334789675
Tef,Atf4,0.03384338961564995
Rora,Clock,0.03383061964164217
Klf9,Mecp2,0.03382561874705391
Pomc,Nr4a1,0.03382104024262412
Ar,Per1,0.0337277630647012
Egr2,Foxo3,0.03368315627745044
Fos,Mafb,0.033527348802585934
Fos,Apoe,0.033468889093337645
Esr1,Rxrg,0.03344472372180642
Nr3c1,Hdac1,0.03340136411614181
Scg2,Rbm3,0.033361159207135956
Ar,Dbp,0.03336034586111548
Scg2,Dbp,0.03334761018898578
Mecp2,Foxo3,0.033338940827562454
Sp3,Malat1,0.03327465528760556
Jun,Malat1,0.033253019616463576
Cebpb,Klf9,0.03321593216653261
Nkx2-1,Nr1d2,0.033169315225985
Rest,Per2,0.03302583435240134
Scg2,Tsc22d3,0.032984553018837626
Klf9,Rorc,0.03297576373688464
Tef,Rela,0.032949243643091736
Sox2,Rorc,0.03294433254794635
Apoe,Rcor1,0.032919800625783494
Egr2,Rnaset2a,0.032781835856996185
Atf4,Sp1,0.03278140174033992
Sox2,Rcor1,0.03276558432004849
Dbp,Tef,0.03273906723320701
Rorb,Pomc,0.03271177483731818
Rora,Ppara,0.0326272676094237
Neurod1,Nr3c1,0.03262595074677961
Pomc,Srebf2,0.03258896409257388
Rorb,Srebf1,0.03253826135293099
Scg2,Ppard,0.03242510402847299
Crem,Cux2,0.03241051656114648
Jund,Hdac1,0.032404731811247485
Pomc,Per1,0.03239702731019204
Pomc,Sp1,0.03231159812370782
Atf3,Rnaset2a,0.032151262647148744
Rora,Foxo3,0.03214135076513265
Jund,Nr1d1,0.03204024269760064
Rest,Rnaset2a,0.03199440153277119
Rbm3,Foxo3,0.03197029383585201
Rxrg,Nfkb1,0.03194240409537322
Klf4,Nr4a2,0.03185324196405701
Jun,Clock,0.031850895508219616
Rorb,Crem,0.03182612002894012
Nr4a3,Rbm3,0.031739755408385674
Nr1d1,Tef,0.03169193347478442
Klf9,Hdac1,0.031663389819036096
Scg2,Nkx2-1,0.031599974011455347
Hdac1,Hlf,0.03157061408520534
Egr1,Dlx2,0.03150380630885334
Pomc,Nr5a2,0.0314944237729372
Rela,Klf9,0.03146543625068533
Mef2c,Malat1,0.03144804347901276
Scg2,Mef2d,0.031420420116837496
Dbp,Cux1,0.03140500191408475
Esr1,Rcor1,0.03139043105404222
Tsc22d3,Per1,0.031374383574306754
Klf4,Ctcf,0.03136901607022162
Apoe,Ppard,0.03128149398435621
Pomc,Arntl,0.03124762795128759
Atf4,Bdnf,0.031233223209374453
Klf9,Nfkb1,0.031215026532968673
Rbm3,Stat3,0.031214655739215065
Olig2,Sp1,0.031184507212910616
Nr3c1,Nr4a2,0.031172648760739757
Junb,Scg2,0.031144566286185265
Klf9,Clock,0.0311181038921543
Sox9,Rora,0.030995774709949048
Crem,Nr4a2,0.03096432307120861
Foxo3,Zic1,0.030958313871140203
Pomc,Tsc22d3,0.03091731215618656
Sox2,Zic1,0.0308852463574589
Thrb,Hdac2,0.03079401015902325
Rxrg,Rorc,0.030725447356930138
Tef,Nkx2-1,0.030635512837421934
Foxo1,Rcor1,0.03063045770608182
Pomc,Rora,0.0306246982200507
Stat3,Sim1,0.030594591005315672
Mecp2,Bcl11b,0.03058785169223244
Srebf1,Hdac2,0.030484586514894114
Junb,Rnaset2a,0.03046436382494859
Pcsk2,Esr1,0.030459041406983578
Pcsk2,Hlf,0.030438362673214384
Rorb,Sp1,0.030433413537525003
Nr4a3,Per1,0.03041357579203915
Pomc,Cry1,0.030399138089622035
Crem,Atf4,0.030396111671172846
Scg2,Hdac2,0.030354455910532624
Neurod1,Crem,0.030349512422049255
Foxo1,Olig1,0.030285691435518437
Nfil3,Stat3,0.030280742474132618
Jun,Npas4,0.030248528969648837
Rcor1,Mecp2,0.03022998241291441
Foxo3,Mecp2,0.030196416315555266
Atf4,Satb2,0.030187133023973186
Egr1,Cux1,0.030181399024987718
Thrb,Rxrg,0.030173897827160845
Jun,Foxo3,0.030166289329856558
Jun,Mt1,0.030097950587102275
Stat3,Egr2,0.030075378295068303
Yy1,Tef,0.0300742207653145
Cebpb,Ppara,0.030069585501732478
Hdac2,Thrb,0.029981958240168225
Klf9,Klf4,0.0299069373770529
Ppargc1a,Per1,0.029876341564406956
Fosb,Yy1,0.029870786134311766
Egr2,Nfil3,0.0297842173748011
Cux1,Stat3,0.029606081733001832
Nr4a2,Neurod2,0.029582689387146532
Cux2,Arntl,0.029542731232545232
Ctcf,Thrb,0.029536214201197505
Klf4,Nfkb1,0.029461079168968708
Pomc,Clock,0.029403610242287104
Jund,Nr4a3,0.029328086660339762
Srebf1,Rnaset2a,0.02931361476484125
Atf3,Nr1d1,0.02929320671225424
Atf4,Per1,0.029287904139880652
Nr4a2,Atf4,0.02928139585676379
Jun,Pomc,0.02925537766139357
Pomc,Foxo3,0.029243053976991017
Scg2,Malat1,0.02921373315951662
Bdnf,Atf4,0.0292070314401355
Srebf1,Rorb,0.02918762548953807
Jun,Atf4,0.029083015022403555
Cux2,Nr1d1,0.029026406076468284
Hdac1,Cux2,0.029025945369549996
Atf4,Tef,0.029001084712958557
Atf3,Fos,0.028995923046956366
Arntl,Cry2,0.02894293366385199
Crem,Rora,0.028917764097747104
Ppard,Yy1,0.02889294829077965
Nr3c1,Mef2d,0.028827704624923872
Klf9,Foxo3,0.028820111424649894
Rxrg,Rcor1,0.028771114559763427
Junb,Thrb,0.02877054720037411
Fos,Mt3,0.028735535260484415
Egr1,Neurod2,0.02873178984449355
Egr1,Per2,0.028726878940077673
Crem,Homer1,0.02868402905212902
Stat5a,Cry1,0.028605436305389927
Homer1,Rorc,0.028521336812434316
Nkx2-1,Foxo1,0.0284946080065045
Nr4a1,Npas4,0.02847416469476193
Jund,Crem,0.02845459342653399
Mef2c,Hdac1,0.028430945062386845
Sox9,Olig1,0.02835070898200854
Nr4a1,Hdac1,0.02828968155639823
Mecp2,Klf9,0.028285949777999593
Jund,Dbp,0.02821847254953768
Tsc22d3,Sp1,0.028195746571593374
Fosb,Klf9,0.028195664342789348
Nr3c1,Nr1d2,0.028171948935552124
Ppara,Ppargc1a,0.028146401742624325
Apoe,Ar,0.027989085439779557
Per2,Ctcf,0.02794786783096208
Srebf1,Nkx2-1,0.027942802149687182
Mef2c,Nr1d1,0.02791351163005337
Stat3,Hdac2,0.027887050006209498
Klf4,Sp1,0.027863717245800963
Tsc22d3,Tef,0.02785991682273151
Klf4,Rbm3,0.027778022668927937
Cebpb,Ppard,0.02776023951263926
Tsc22d3,Foxo3,0.027726901570406894
Rela,Srebf2,0.027706509553795756
Nr4a1,Cebpb,0.02769084670222361
Nr3c1,Per2,0.027613322552993036
Dbp,Cry1,0.027595268067488195
Egr1,Atf4,0.027592609326105393
Neurod1,Hdac2,0.02759092470941369
Jun,Rbm3,0.027579296310215155
Rorc,Ppara,0.027577644174442216
Nr3c1,Esr1,0.027562936105474067
Olig2,Zic1,0.02750464627428178
Jund,Esr1,0.027503891567831496
Tsc22d3,Scg2,0.027459642834060938
Sp1,Olig2,0.02745015902031964
Cux1,Dbp,0.02744189856632056
Yy1,Bdnf,0.027399368031992777
Hdac2,Srebf2,0.027386036803852657
Pcsk2,Nr3c1,0.027362857522415476
Bdnf,Cux2,0.027329472159002024
Nr1d1,Nr5a1,0.027260097820409352
Sox2,Nkx2-1,0.027259009899512233
Fos,Rorc,0.02723856191484171
Srebf1,Rxrg,0.027235371397919365
Atf4,Bcl11b,0.027235194628791367
Per2,Nkx2-1,0.027218442494916298
Mecp2,Cry2,0.027208830695534404
Sox9,Mecp2,0.027192037725540782
Sox9,Yy1,0.027112577020744585
Tef,Hdac2,0.027112006376895932
Jund,Rcor1,0.02708715634674119
Sp1,Thrb,0.02706336878764367
Mafb,Mef2d,0.027004233349104678
Pomc,Ctcf,0.02696492207850339
Npas4,Nr5a1,0.026927184108534005
Sox9,Arc,0.026924709153474516
Crem,Esr1,0.026890785204184385
Pomc,Yy1,0.02681601881058793
Cry2,Ppargc1a,0.026786986943587787
Stat3,Nr4a3,0.026753535326020133
Nr5a2,Per1,0.02665325559222914
Rela,Rest,0.026650291756789738
Foxo1,Esr1,0.026629328544915152
Nr3c1,Rorc,0.026615560763238948
Klf9,Mef2d,0.026608937088174783
Srebf2,Rela,0.026603668856106762
Tsc22d3,Jun,0.026598937546553115
Rorb,Cux2,0.026530507194710517
Foxo1,Per1,0.026515685140806666
Bdnf,Yy1,0.026359372862412595
Per2,Ppargc1a,0.02633946963605928
Nr4a2,Npas4,0.02632694543149098
Pomc,Sp3,0.02626594775778651
Jun,Sox2,0.02626556572247697
Nr3c1,Sp3,0.026203609930320598
Tsc22d3,Klf4,0.026147304412503847
Cux1,Nfkb1,0.02611693938258063
Rela,Tef,0.026095609297434263
Nr1d2,Yy1,0.026072146365167987
Jun,Hlf,0.02606220013498152
Jun,Nfil3,0.02602779442010568
Fos,Hdac1,0.026024585469694297
Egr2,Rxrg,0.025969786357717167
Srebf2,Srebf1,0.025923663148308383
Stat3,Ppard,0.025901004041155494
Rest,Sp1,0.025896661390342857
Arc,Klf9,0.02586279198728244
Yy1,Mecp2,0.025826659216178723
Atf4,Crem,0.02581241086588662
Apoe,Nr4a1,0.02580707712169367
Ar,Thrb,0.025806786894003158
Cry2,Olig2,0.025794726467895632
Hdac1,Foxo3,0.025780230534602034
Klf9,Tsc22d3,0.025751712657540088
Jund,Egr2,0.025702169064177466
Cebpb,Nr1d2,0.02562113799787935
Jund,Neurod1,0.025566236565687246
Mef2d,Hdac2,0.025566103024319116
Jund,Ar,0.025556723773379638
Nr1d1,Tsc22d3,0.025472800817722383
Srebf1,Bcl11b,0.025464383984942326
Klf9,Ppara,0.025435821416472514
Hdac1,Nfil3,0.025421641773909265
Cebpb,Atf3,0.025406494003453607
Foxo3,Ctcf,0.02532699673533685
Per1,Ppard,0.025299732278225694
Nr3c1,Srebf2,0.02528129237877316
Junb,Hdac2,0.025207115259968757
Mef2d,Per1,0.025140914035630645
Ar,Sp3,0.025123278615509784
Tsc22d3,Nfkb1,0.02511824357647984
Per2,Dbp,0.025111940163955307
Per2,Tbr1,0.025111752140201678
Foxo3,Rbm3,0.02507760067043833
Nr1d1,Per2,0.025007868552840894
Nr4a1,Cry2,0.0249971400439863
Nr1d2,Tef,0.02495727168837289
Scg2,Rorc,0.024924474298999147
Arntl,Npas4,0.02489141520175496
Nr5a2,Arntl,0.024846994599971903
Dbp,Stat3,0.02481049221070176
Fosb,Rorc,0.024797174772594095
Rorc,Per2,0.0247841590558613
Per2,Hdac1,0.024770959977440977
Atf3,Cebpb,0.024766389005257045
Ctcf,Klf9,0.02475310842571466
Egr2,Rorc,0.024748030400182447
Atf4,Nr4a2,0.02474733388580101
Thrb,Rnaset2a,0.024703827849900984
Per1,Foxo1,0.02469771449708916
Egr1,Fos,0.024697416819003996
Cebpb,Jund,0.024674571112926636
Ctcf,Per2,0.024613501836831878
Srebf1,Foxo3,0.024612178374223765
Klf9,Ctcf,0.024605343029133885
Scg2,Egr2,0.024593061091587376
Junb,Mafb,0.024584151639493908
Ar,Rcor1,0.024582447323372395
Jund,Sp3,0.024564858887767316
Rora,Nr3c1,0.024554958922984794
Yy1,Rnaset2a,0.02452544373718975
Rorc,Ppard,0.024487883874972603
Mecp2,Arntl,0.024472443996827617
Apoe,Egr2,0.024462097611956207
Tef,Srebf1,0.02441907597100732
Mecp2,Nkx2-1,0.02441596121445656
Ar,Klf4,0.02440722895843426
Ppargc1a,Per2,0.024389239136446698
Rora,Crem,0.02437129621817069
Ppargc1a,Bcl11b,0.024351406615527513
Cebpb,Rbm3,0.024338334877671317
Sox2,Mt3,0.02430335331339239
Arc,Sp3,0.024300844294644547
Tsc22d3,Rela,0.024293107673273653
Sox9,Sp1,0.02425922517677289
Klf9,Arc,0.024225326089479797
Egr2,Bdnf,0.024215188429722465
Egr1,Cebpb,0.024175306485579733
Nr1d1,Srebf1,0.0241661910339845
Atf4,Mecp2,0.024153701019840164
Cux1,Cux2,0.024148778437095893
Foxo3,Arc,0.02407024818915894
Nfil3,Mef2d,0.024067104411779172
Sp1,Rest,0.024062207079638975
Crem,Nr4a3,0.02405138688244529
Ppara,Stat3,0.024030548777826163
Foxo1,Mecp2,0.024006000632928234
Cux1,Rnaset2a,0.02399677369855758
Rcor1,Rxrg,0.023984243956655504
Scg2,Sp3,0.02398008120957537
Ctcf,Neurod2,0.02397839711414557
Rela,Sp1,0.023970028383798647
Fosb,Hdac2,0.023964204395993595
Nkx2-1,Atf4,0.023959879511929953
Cry2,Sim1,0.023952962632404033
Olig1,Nr3c1,0.023929545706474164
Rela,Npas4,0.02387305257822778
Sox2,Hdac2,0.0238645214289117
Sox2,Arc,0.023857053617042764
Dlx2,Zic1,0.023813405111184037
Nr4a2,Ctcf,0.02380827726712681
Pcsk2,Nr1d1,0.023797144591345996
Egr1,Hdac1,0.023769883538930843
Egr2,Atf3,0.023753719373755748
Rora,Rxrg,0.02373522709517909
Thrb,Olig2,0.023714689270341063
Tef,Nr1d2,0.023670184144951634
Ar,Mef2d,0.02365821274957309
Dbp,Hdac2,0.023626923121839845
Nr1d2,Srebf1,0.023608272835942204
Homer1,Rorb,0.02359292710760159
Ar,Fosb,0.023591845141945886
Dbp,Sp1,0.02358498890784488
Sox2,Foxo3,0.023576635668393985
Cux2,Crem,0.023482408763141456
Scg2,Nr1d1,0.02342935509037784
Scg2,Cry2,0.023423192286975203
Nr1d1,Mafb,0.02341217999278523
Nfil3,Neurod1,0.023402664688941484
Jund,Thrb,0.023388343467148777
Egr1,Ctcf,0.023342630552608636
Rbm3,Hdac1,0.02332422696092347
Sox9,Hdac1,0.023312390639637397
Klf4,Hdac1,0.02328346074427462
Srebf1,Nr1d1,0.023260105153990157
Cry1,Per2,0.023230136187724834
Jund,Fos,0.02321701125519741
Hdac2,Mef2d,0.02320929100529586
Nkx2-1,Rcor1,0.023197624828271094
Apoe,Sox10,0.02318815044937214
Jun,Nfkb1,0.023180639448934788
Jund,Ctcf,0.02316943765367404
Nr4a2,Egr1,0.023132294206966608
Fos,Lhx6,0.023129285779712894
Cux2,Yy1,0.023096126123548187
Nkx2-1,Per2,0.0230852071092998
Homer1,Crem,0.023078886285675965
Junb,Mt3,0.02307607017662534
Nr1d1,Clock,0.023073514932040438
Ctcf,Yy1,0.023036931790693833
Atf3,Npas4,0.022990583695629802
Crem,Ccnd2,0.022973184188378043
Klf4,Meg3,0.0229702951362269
Rela,Cry1,0.02290404035793004
Atf4,Klf4,0.022900424139779108
Fos,Cux1,0.022875992141106107
Homer1,Per1,0.02285298404645689
Scg2,Cebpb,0.022841754223810785
Jund,Nr4a1,0.022838560591736994
Dbp,Nfkb1,0.022834496843195416
Per1,Mef2c,0.02282852410996369
Sp3,Cux1,0.02279589325679789
Stat5a,Rest,0.02278670206934648
Tsc22d3,Cry2,0.02278604117429901
Rest,Hdac1,0.022773426200435893
Sox9,Rorc,0.02276633710903779
Apoe,Ctcf,0.02273905670843845
Tbr1,Clock,0.022708912928475017
Egr1,Klf4,0.02269682364976057
Egr2,Egr1,0.022675646835028238
Klf4,Ppara,0.022659789809292945
Atf3,Sp1,0.022651318522329534
Cry1,Rela,0.022623968477750857
Rorc,Hdac1,0.022605774868340072
Crem,Per1,0.022589748491065573
Tsc22d3,Cebpb,0.022581194880411454
Cebpb,Atf4,0.022572265291396477
Tef,Thrb,0.022568884642131432
Dbp,Foxo1,0.022565850310183672
Foxo1,Sox2,0.022554589231374142
Klf9,Nr3c1,0.022525023785252125
Foxo1,Hdac2,0.02246733088587694
Nfil3,Rorb,0.02246367875716506
Ppargc1a,Nr3c1,0.022407354960940314
Jund,Ccnd2,0.02233241362590154
Egr1,Foxo1,0.022331378573739527
Clock,Nr5a1,0.022302086997652498
Nr4a1,Egr2,0.022216091918410875
Dlx1,Mecp2,0.02220687056353034
Rorc,Nr3c1,0.022198818600545598
Dbp,Tsc22d3,0.022176973917609314
Hdac1,Rorc,0.022119482487133257
Fosb,Nfil3,0.022098117127875114
Rbm3,Rorc,0.022096144016677904
Nr4a1,Per2,0.02209168938874815
Jund,Clock,0.022074668455735334
Egr1,Tef,0.0220517731515306
Jun,Nr1d1,0.021992702873535133
Foxo3,Yy1,0.021988496923535574
Jund,Stat3,0.021958781779481
Jun,Cux1,0.021935501902870413
Tsc22d3,Rorc,0.02193480700535716
Rorc,Nr1d1,0.021909026071639595
Olig1,Rora,0.021895794066749116
Sox2,Rest,0.021850512594273383
Cebpb,Mecp2,0.021792322764850693
Jund,Atf3,0.02178459720832341
Pomc,Per2,0.021745340990509048
Sox2,Mt1,0.021722496129756103
Nfil3,Nr4a3,0.02168356164858244
Mafb,Nkx2-1,0.02165177925383357
Per1,Crem,0.021637788903043815
Nfil3,Arc,0.021634404455944833
Ctcf,Nr1d2,0.021628409246313183
Nr4a1,Cux2,0.021621154631272683
Srebf1,Tef,0.021560652649986946
Rora,Zic1,0.02153486177844509
Nr1d1,Mecp2,0.021488482991092173
Dbp,Mecp2,0.021464071622841068
Cebpb,Junb,0.02145603318693508
Atf3,Ppard,0.02145411230020202
Tsc22d3,Nr1d2,0.021445302168951415
Cebpb,Rela,0.02143533484363043
Hlf,Foxo3,0.02142786202701062
Ctcf,Dlx2,0.02134152852671914
Per1,Homer1,0.021313859885276693
Pomc,Egr2,0.021299422619472083
Hdac1,Nr1d1,0.021286356260729358
Fos,Rbm3,0.021258179098640865
Egr1,Foxo3,0.021233671084739544
Atf3,Clock,0.021176862779797294
Ppargc1a,Cry2,0.02115801796847802
Pomc,Nr5a1,0.021145219005585397
Fos,Sox9,0.021102522086417448
Fosb,Hlf,0.02109639031429315
Fos,Ar,0.021057154033143326
Egr1,Nr1d2,0.02099349403287374
Arc,Rxrg,0.02095922082738141
Per2,Rest,0.020953099490699352
Dlx2,Nr1d2,0.020934577600106932
Per1,Arntl,0.02093128150785417
Rbm3,Hlf,0.020911730168151694
Jun,Arc,0.020876655445389646
Mef2c,Rnaset2a,0.020862346228777716
Cebpb,Yy1,0.020815491890026006
Fos,Thrb,0.020798012949322493
Fos,Cux2,0.020781962934928448
Nr5a1,Hlf,0.020774743812564413
Jund,Cry2,0.020729331807453434
Klf4,Klf9,0.020717779469332693
Egr1,Jund,0.020712300380242077
Nr1d1,Hlf,0.020666650634230486
Cux1,Egr2,0.020654761323349133
Hlf,Atf4,0.02063467056258955
Tsc22d3,Cux1,0.020625781786425233
Fos,Crem,0.02059349854209882
Nfil3,Nr4a2,0.020588919290022777
Rorc,Klf9,0.020587023592704028
Fos,Foxo3,0.0205674416132055
Fos,Stat3,0.02056640972357118
Srebf2,Rora,0.020545938036955973
Hdac2,Stat3,0.0205387721586377
Rest,Rela,0.020532172463997814
Rcor1,Foxo1,0.020527353234895254
Jund,Tef,0.02047491783426672
Pcsk2,Zic1,0.020446282130242265
Per1,Ar,0.020408989093473506
Per1,Sp3,0.020391951675180417
Apoe,Fosb,0.020391163322812537
Cux2,Atf4,0.020340268575587708
Nr5a1,Sp3,0.020333811516488907
Mef2c,Rbm3,0.02031562701481024
Satb2,Mef2d,0.020297695920245995
Esr1,Nr5a1,0.020296129060896173
Pomc,Jund,0.0202908621480959
Klf9,Jund,0.020284362958279446
Tef,Mef2d,0.020278462727700536
Cry1,Foxo1,0.020253783862496596
Junb,Mecp2,0.02024471228392196
Arntl,Per1,0.02023080308630132
Pomc,Arc,0.020221690217837165
Cebpb,Meg3,0.020208753092566707
Nr1d1,Mef2c,0.02019757214363416
Jun,Nr3c1,0.02017621715649769
Sim1,Malat1,0.020141014459174534
Cry1,Tbr1,0.020118372413597565
Sox2,Bcl11b,0.020109064721595106
Thrb,Ctcf,0.020079000177243983
Atf4,Rorc,0.020048691163809664
Jund,Egr1,0.02002565308376973
Fosb,Malat1,0.019986659710225226
Rora,Srebf1,0.019983368889121337
Apoe,Ppara,0.019977150840176792
Foxo3,Srebf1,0.019964693823203938
Cry1,Homer1,0.019926487131513775
Stat5a,Rxrg,0.019912745501094394
Nfil3,Ppargc1a,0.019895765860568158
Rest,Tsc22d3,0.019895738145316318
Ppargc1a,Npas4,0.0198748828998078
Nr4a2,Nr1d1,0.019860989875376177
Tsc22d3,Mafb,0.019857424337755912
Fos,Mef2c,0.019819009372295655
Mef2d,Dlx1,0.01977228391227487
Apoe,Clock,0.01974673154748565
Rorc,Stat5a,0.019733795032100678
Stat3,Sp1,0.019733630383499165
Olig1,Nr1d2,0.019732861690012524
Sox9,Nfkb1,0.019717644151432352
Ppargc1a,Nr1d1,0.019711780742601933
Fosb,Clock,0.019687381915247503
Nr5a1,Sp1,0.01967959962821202
Tsc22d3,Zic1,0.01966516207328817
Nr4a1,Atf3,0.019648612090459525
Arc,Egr2,0.019616362506644006
Klf9,Cry2,0.019615774117259933
Pcsk2,Stat3,0.019606116313843076
Sox2,Srebf1,0.019602069463239495
Atf4,Nr5a1,0.019576468145897367
Ppard,Per1,0.019570710980638638
Nr3c1,Klf4,0.01957017846591146
Per1,Hlf,0.019569709400691283
Ar,Rorc,0.01955070381362093
Cux1,Hdac2,0.019537097966844337
Dlx1,Ppargc1a,0.019531092527882602
Rcor1,Neurod1,0.01952424655787713
Crem,Egr2,0.019523249339696527
Fos,Gnas,0.019512455405501783
Homer1,Hdac2,0.019488291144797488
Hdac2,Bdnf,0.0194833551144008
Foxo1,Stat5a,0.019391709954459508
Esr1,Mef2d,0.019370810138450816
Cebpb,Npas4,0.019364629996712762
Ppard,Crem,0.01935773066514451
Ctcf,Foxo3,0.019333267687387808
Srebf1,Yy1,0.01932280352222855
Mecp2,Rorc,0.01932188930459221
Jund,Nfil3,0.01931119125466779
Pcsk2,Homer1,0.0193034272691564
Ar,Nfil3,0.019271280777589057
Clock,Homer1,0.01926296599870805
Dbp,Rnaset2a,0.01924673160559828
Apoe,Rora,0.01922197390707238
Sox2,Ppard,0.019194935593962008
Sox9,Cux1,0.019180760877321783
Junb,Rxrg,0.019160585005577994
Tef,Nr1d1,0.01915270905008847
Egr1,Rbm3,0.01909459823838494
Mafb,Zic1,0.01904442911519616
Jun,Nr5a1,0.01903593010917953
Junb,Cux1,0.01901643833544375
Mef2d,Nfkb1,0.019000768236411194
Cux1,Ar,0.01898058189027055
Pcsk2,Neurod2,0.018964202585528243
Rest,Cry1,0.018951653749838964
Mecp2,Rxrg,0.018879950680018392
Fosb,Nr4a1,0.018866806474620794
Ar,Clock,0.018857272058630737
Per1,Nkx2-1,0.018854718301614823
Egr2,Cux2,0.018850530000712035
Dlx2,Ppargc1a,0.018829225238294455
Rbm3,Nkx2-1,0.01881626723920604
Arc,Arntl,0.018803007677978274
Clock,Nr3c1,0.01876396442932139
Scg2,Stat3,0.018738891003964316
Srebf1,Nr3c1,0.018715472341471463
Klf4,Thrb,0.018712032467465278
Yy1,Rest,0.018708329803921106
Sp3,Cry2,0.018663313077249152
Jund,Malat1,0.018656511053829795
Stat3,Foxo1,0.018647363910758837
Pomc,Hdac1,0.01864504540886309
Cux2,Hlf,0.018634678504724892
Nr1d2,Dbp,0.018626038541348523
Tsc22d3,Foxo1,0.018613289304918464
Rbm3,Satb2,0.018599682357653757
Stat3,Cry2,0.018589100623339603
Egr1,Jun,0.018569943202040334
Cebpb,Apoe,0.018554863101808674
Scg2,Dlx2,0.01854637105256378
Nr5a1,Esr1,0.01853366937010701
Apoe,Nfil3,0.018525724729001984
Cry1,Tef,0.01851807823392573
Tsc22d3,Rnaset2a,0.01848274190239983
Dbp,Jund,0.018422568495374225
Per1,Ppargc1a,0.01841183989195829
Bdnf,Egr2,0.018410809910610393
Jund,Yy1,0.018349268401001977
Junb,Sp1,0.018325689180302997
Ar,Stat3,0.018319838759261006
Stat3,Nkx2-1,0.018319428683384004
Jund,Cux1,0.018310443358092805
Junb,Ar,0.01828780220404421
Sox2,Arntl,0.018279361825384723
Clock,Thrb,0.01826280563893519
Ctcf,Hdac2,0.018259473597071824
Crem,Thrb,0.018234905496411352
Hlf,Rora,0.01821479478401056
Bdnf,Mef2d,0.018209279362998855
Klf4,Fosb,0.01819777840448724
Crem,Srebf1,0.01819354847433758
Dbp,Nr3c1,0.018186761412780413
Hdac1,Egr2,0.018180547181885262
Nfil3,Cux1,0.018158474599607517
Neurod1,Sp1,0.018157217539253277
Apoe,Egr1,0.01813910990041837
Rbm3,Rcor1,0.018134824538067106
Klf9,Foxo1,0.018094441292248575
Klf4,Atf4,0.018094141411952654
Fos,Rest,0.018083991482351392
Klf9,Nr4a3,0.01808031352606911
Fos,Nr4a2,0.01806080990208201
Klf9,Nfil3,0.01804710357762758
Clock,Srebf1,0.01804291890222293
Scg2,Nr4a2,0.018023740784659313
Sox2,Fosb,0.0180193567683594
Foxo1,Stat3,0.01800142013590827
Mef2d,Ppard,0.017986062145409643
Dlx2,Rorb,0.01794833010397503
Tbr1,Zic1,0.017931666255608287
Egr2,Sp3,0.017927482813422907
Hlf,Hdac1,0.017894467289536132
Jun,Rcor1,0.017892349742658183
Junb,Rorc,0.01788207624867643
Clock,Rora,0.017846218470221286
Pomc,Rorc,0.017840946663161317
Hdac1,Crem,0.017832901076675574
Tsc22d3,Neurod1,0.017806362458186304
Ar,Arc,0.017764134661519694
Fosb,Hdac1,0.01774111191824778
Nfkb1,Dbp,0.017739439092926853
Fos,Hdac2,0.017727174749379838
Nr1d1,Rorb,0.017680244199418688
Nr1d2,Nr3c1,0.017676342943638283
Klf4,Yy1,0.01763820186967203
Hdac2,Ppard,0.0176332423807747
Lhx6,Zic1,0.017616681320294092
Yy1,Nr1d2,0.017615505775947816
Ar,Nr3c1,0.017568664492050457
Jund,Rora,0.017562140717783614
Clock,Cry2,0.017527669912415455
Rorc,Sox2,0.017516891148975648
Esr1,Sp1,0.01751187603572723
Ar,Srebf2,0.017506853922679026
Yy1,Foxo3,0.017501634543312047
Jund,Ppargc1a,0.017480840924975156
Cebpb,Egr1,0.01747398670897945
Scg2,Bcl11b,0.017453474063396146
Sox2,Egr1,0.017453394811102287
Tsc22d3,Sp3,0.01744518177336514
Crem,Pcsk2,0.017443293902345103
Mecp2,Foxo1,0.01743217473277922
Pomc,Srebf1,0.01741766790338177
Hdac1,Dlx1,0.017407751523874596
Ctcf,Rbm3,0.017401969802030754
Nr1d2,Cry2,0.01739866751429891
Mef2c,Mt1,0.017367383189406758
Yy1,Mef2d,0.017363727933174266
Tef,Ar,0.01735015799794479
Jun,Mef2c,0.017346663862479256
Zic1,Rora,0.017322991044281654
Sox9,Atf3,0.017312571010825662
Hdac2,Ctcf,0.017276921019571102
Klf9,Ppargc1a,0.017257189529798798
Junb,Nr1d2,0.01725471691694019
Mef2d,Malat1,0.017248843884072922
Nr3c1,Ppargc1a,0.01724163833369404
Atf4,Nkx2-1,0.017240803914865915
Dbp,Ar,0.017229992126814843
Fosb,Cebpb,0.01720461162360612
Neurod1,Bdnf,0.017195830216453708
Fos,Mecp2,0.017187645743607698
Nr3c1,Foxo1,0.017137910488954758
Cry2,Mef2c,0.017116914960822262
Tsc22d3,Hlf,0.01710912535997266
Nr4a3,Srebf2,0.01710870073827671
Yy1,Foxo1,0.017101915183876333
Cebpb,Foxo1,0.017064513653985
Yy1,Per1,0.017045408956101554
Nfil3,Egr2,0.017035178750551605
Egr1,Per1,0.0170319883715803
Rbm3,Cux1,0.017028214329264258
Ppard,Atf4,0.016988302160795575
Pomc,Mecp2,0.016981945340857584
Fos,Ccnd2,0.01695938347992269
Rorc,Cux1,0.01695638168411503
Arc,Klf4,0.016911062930081953
Hdac1,Rbm3,0.01690896159880975
Yy1,Rbm3,0.016904582436358867
Pcsk2,Per1,0.016880254808407498
Arc,Crem,0.01686030495017315
Fosb,Cux1,0.01683921590987203
Hdac2,Nr4a1,0.016813240558058083
Rbm3,Zic1,0.01676908505075249
Jun,Rest,0.01675597437584723
Atf3,Mt1,0.016732901625709742
Per1,Hdac2,0.0167296808101531
Hlf,Nfil3,0.01669525183427174
Pomc,Tef,0.016695070400249302
Pomc,Dbp,0.016692386050850078
Rcor1,Atf4,0.016684235857249655
Dbp,Rcor1,0.016682088152225945
Foxo3,Tsc22d3,0.016677453248907695
Dbp,Srebf1,0.016676771336987323
Cebpb,Mef2c,0.016666411914999298
Junb,Rbm3,0.016660204890541173
Hlf,Ppara,0.016640576566165684
Sp3,Mafb,0.016626819348547626
Apoe,Cux2,0.016597464065636714
Tef,Rbm3,0.016580839024351555
Mecp2,Sox9,0.016576245958323178
Ar,Rxrg,0.016551473162456934
Nr1d2,Ctcf,0.016543886313475434
Scg2,Nr4a3,0.016539721540809578
Tef,Foxo1,0.016519154077428305
Jun,Nr5a2,0.01647794520940983
Nfkb1,Tsc22d3,0.016476807838228618
Cebpb,Rcor1,0.0164750846860828
Ar,Foxo3,0.01647057715623733
Ppargc1a,Hlf,0.01645987338585022
Pcsk2,Mef2d,0.016435857315162446
Lhx6,Ctcf,0.016433312131475582
Sox2,Yy1,0.016429741466915546
Hlf,Per1,0.01642747582413168
Stat3,Mef2d,0.01641802713158227
Rora,Dlx1,0.0164150219580099
Rbm3,Sp1,0.016412181164915583
Clock,Ctcf,0.016410034320326325
Klf9,Malat1,0.01640809007997615
Arntl,Clock,0.01640477487622206
Mef2d,Sp1,0.016403603864115705
Rora,Dbp,0.016378099087605832
Nr4a2,Crem,0.016375292116003155
Cux1,Sox2,0.016356523312751326
Per1,Rcor1,0.016348923387867326
Npas4,Egr2,0.01634608734229576
Nfkb1,Sox2,0.01632008786388231
Fosb,Per2,0.016297845765576323
Srebf2,Nr3c1,0.01629439936433318
Nr1d2,Rbm3,0.016288970218219373
Tsc22d3,Rora,0.016272460503513067
Apoe,Nr5a1,0.016214477887701622
Rora,Hlf,0.01620762913874472
Homer1,Foxo3,0.01620457390829922
Fos,Rcor1,0.016192639725733194
Nfkb1,Cux1,0.016188234270289443
Jun,Rnaset2a,0.016145622394950078
Nkx2-1,Srebf1,0.01613041242573303
Neurod1,Nr1d1,0.01610946681830376
Dbp,Rest,0.016105456002023625
Neurod1,Stat3,0.0160956681201357
Sox2,Ccnd2,0.016077311517175376
Junb,Rorb,0.016070214252244103
Mef2d,Esr1,0.0160680097939165
Tef,Ctcf,0.0160655512123742
Rela,Cry2,0.01600921285033069
Apoe,Crem,0.016009208661614673
Fos,Sp3,0.016001684348824017
Rbm3,Klf4,0.015982509281593872
Mecp2,Hdac2,0.015955025691672398
Sp1,Sox2,0.015942369278726883
Srebf2,Nr4a2,0.01593304406318816
Hlf,Cux2,0.01593190095347219
Pcsk2,Mef2c,0.015903703112306142
Foxo1,Nr3c1,0.015875535068685498
Jun,Nr4a1,0.015867589735057218
Nr1d1,Rcor1,0.01585149271345998
Junb,Atf4,0.015837958502993233
Nfkb1,Mafb,0.015830087236233505
Pcsk2,Lhx6,0.01582133502223827
Crem,Cry2,0.015811071213793788
Klf4,Foxo3,0.015806694281544607
Per1,Nr4a3,0.01580579804858907
Sox2,Stat3,0.015803319186154925
Dbp,Ctcf,0.015798273366865893
Stat3,Ppargc1a,0.01577922938301947
Tsc22d3,Olig2,0.015765705823395766
Fos,Neurod2,0.015762645747517942
Klf9,Atf4,0.01574287814906515
Ar,Hdac2,0.015740562009029978
Tef,Rorc,0.01573595633410617
Esr1,Ccnd2,0.015733288440016025
Nr4a3,Rorb,0.015732709525711458
Pcsk2,Rorb,0.01569265268350192
Pcsk2,Meg3,0.015665627078699184
Nr1d2,Sox2,0.0156630820075898
Lhx6,Srebf2,0.01563586836237848
Tsc22d3,Mef2c,0.015618947786723927
Nkx2-1,Cry2,0.015617191546769306
Rela,Nr3c1,0.015614812533265259
Rora,Cry2,0.01559445427901963
Rbm3,Bcl11b,0.015581299970492844
Nr5a1,Npas4,0.015580275878982707
Ar,Gnas,0.015579484809979316
Egr2,Rela,0.015569933812660497
Nr4a3,Per2,0.01556744979151875
Rbm3,Cry2,0.015563525772753481
Nr4a2,Ccnd2,0.015551399428135245
Clock,Foxo1,0.015526506784830274
Dbp,Rorc,0.015523383689205856
Rora,Olig1,0.015522880556536962
Nr1d1,Srebf2,0.015519631047495793
Nr1d1,Rorc,0.015498204063086246
Foxo1,Cry2,0.01549206629845219
Jund,Arc,0.015486803229989937
Pomc,Nr1d2,0.015480212637552069
Tef,Nr3c1,0.015465854832321444
Cry2,Thrb,0.015459222384500345
Klf9,Yy1,0.015458660095244407
Fosb,Npas4,0.015411852672478053
Tef,Cux2,0.015403186990851376
Mef2c,Nfil3,0.01538740030703148
Crem,Hdac2,0.015381944625150887
Hlf,Rbm3,0.015364298297564668
Arc,Fos,0.015360300109458712
Per2,Sox2,0.015335087607811403
Jun,Rxrg,0.015302947294330429
Rbm3,Egr2,0.015288296570844842
Mafb,Rcor1,0.015283825118197827
Cebpb,Thrb,0.015238858478196159
Tsc22d3,Ppargc1a,0.01523259275312667
Nr5a1,Nr3c1,0.015226397389454903
Sox9,Cebpb,0.015208223055724807
Rorb,Cry1,0.01520696045424898
Nr3c1,Tsc22d3,0.015201980755935266
Neurod1,Hdac1,0.015192722843429358
Esr1,Neurod1,0.015155365177738724
Sox2,Clock,0.015140390641972602
Crem,Nr3c1,0.01513350424517539
Apoe,Homer1,0.015130190607072175
Pomc,Klf9,0.015118328175477742
Stat3,Klf9,0.015118051147630205
Apoe,Stat3,0.015107805363234647
Rorb,Nr1d2,0.015084720443678083
Cux1,Tef,0.0150628584581545
Srebf2,Zic1,0.015053158219752776
Ar,Egr1,0.015047235490252544
Junb,Mef2c,0.01502058887714323
Rest,Sox9,0.014993340404958434
Srebf2,Hdac2,0.014992393271250803
Egr1,Pparg,0.014959754377817394
Cry1,Stat5a,0.014923952245739175
Pomc,Hlf,0.01490592870692006
Scg2,Nr3c1,0.01489782308152795
Rorb,Tef,0.014895779157030276
Pcsk2,Rbm3,0.01489273604489934
Pcsk2,Mt1,0.014889039106699344
Ppargc1a,Srebf2,0.014886141753431689
Tsc22d3,Stat3,0.014874720935429452
Pcsk2,Nr5a1,0.014862177794169863
Pomc,Cry2,0.014849912335719214
Tsc22d3,Rcor1,0.014848964732102916
Thrb,Hlf,0.01484558910972794
Jund,Per1,0.014817778899111456
Per2,Nr4a3,0.014808008866470136
Tsc22d3,Hdac1,0.014785481897162195
Mecp2,Rorb,0.014782416851740648
Mecp2,Lhx6,0.01477383408876178
Mef2c,Gnas,0.014761089232355997
Scg2,Nr4a1,0.01475600858310343
Jund,Apoe,0.014750537781717202
Sim1,Nkx2-1,0.01474753895935683
Zic1,Sox2,0.014742373903625285
Mafb,Nr1d1,0.014737911513054047
Stat5a,Rela,0.014730179244145542
Klf9,Rest,0.014721509645746433
Crem,Cry1,0.014716744900931144
Cux2,Stat3,0.014713764765005737
Per2,Nr1d1,0.014698341871787987
Nr3c1,Olig2,0.014683071186271216
Cebpb,Sp3,0.01467847009061074
Cux1,Sp3,0.014612795035809688
Nkx2-1,Foxo3,0.014603119122523163
Dlx2,Ctcf,0.01459665341426033
Zic1,Ctcf,0.014595812772831493
Pcsk2,Stat5a,0.014591531376956303
Pomc,Nr4a3,0.014564493357624275
Rora,Per2,0.014543849473257904
Clock,Scg2,0.014543823968473361
Tsc22d3,Ccnd2,0.014531122850854311
Klf9,Egr1,0.014528902731723609
Ctcf,Stat5a,0.014528151513620488
Zic1,Ppargc1a,0.014522554865312187
Junb,Gnas,0.01451437238024564
Srebf2,Atf4,0.014513939742034973
Apoe,Rorb,0.014513526449369372
Pcsk2,Rcor1,0.014491736555123319
Apoe,Fezf2,0.014444837778543556
Klf4,Rora,0.014440032769200398
Mafb,Klf4,0.014435142784602114
Rcor1,Esr1,0.014424716288159754
Atf3,Neurod1,0.014417011687783256
Cebpb,Rxrg,0.014410814245578198
Cry1,Nr4a3,0.014410771579797747
Nr3c1,Rest,0.014401268411858783
Hlf,Mef2c,0.014365683340178615
Dbp,Per1,0.014362273672458582
Rorb,Foxo1,0.014359836951843445
Egr2,Nr4a1,0.014355371912586993
Mafb,Atf3,0.01435051483135785
Srebf2,Rxrg,0.014350403152627764
Clock,Rcor1,0.014338888198732868
Clock,Zic1,0.014295066150872662
Junb,Cry1,0.014293364497072582
Hlf,Clock,0.014280472997512535
Hlf,Atf3,0.014244995494916587
Dbp,Mt3,0.014242731169100097
Egr2,Hdac2,0.0142300534347361
Hdac2,Homer1,0.014168732907536565
Rorc,Rora,0.014158171515776044
Pomc,Olig2,0.014151707633266761
Ppargc1a,Nfil3,0.014151120733394496
Ctcf,Klf4,0.014150436476041958
Klf9,Sox2,0.014105890865576608
Rela,Ppara,0.014097323181068658
Mecp2,Homer1,0.014096399512779065
Nr4a1,Mafb,0.014068315264495907
Hlf,Homer1,0.014060678215560759
Cebpb,Homer1,0.014051387210454597
Ppard,Rcor1,0.014046027550666505
Sp3,Tbr1,0.014044445891912503
Nr1d2,Malat1,0.014021152837446716
Rxrg,Nr4a3,0.014021138663619167
Jun,Neurod1,0.014002855770594848
Bcl11b,Nkx2-1,0.013989914622393202
Rorc,Ar,0.013984695947701103
Npas4,Stat3,0.013960159993816125
Thrb,Ar,0.013918671155934526
Jun,Mt3,0.013911960137230958
Jund,Atf4,0.013896758377227335
Apoe,Klf4,0.01388978840763513
Stat3,Nfil3,0.013882852680251415
Nr4a1,Klf9,0.01387646042200116
Srebf1,Klf9,0.01387078725948438
Cux1,Foxo1,0.013864826306608968
Npas4,Arc,0.013854986910257149
Egr1,Nr1d1,0.013854010537096919
Bcl11b,Ppargc1a,0.013842903892450551
Rbm3,Crem,0.0138251048164529
Sp3,Mef2d,0.013824945025191307
Jun,Meg3,0.013819994377864247
Pcsk2,Yy1,0.013810644692214576
Jun,Ctcf,0.013809140272249104
Fos,Homer1,0.013798985988678136
Sp1,Atf4,0.013788206354051685
Pcsk2,Per2,0.01377695407188843
Cebpb,Malat1,0.013757155215583405
Zic1,Tef,0.013751048344207378
Mecp2,Srebf2,0.013734450450685474
Nr1d1,Ppargc1a,0.013718352703426624
Fos,Stat5a,0.013706842505591723
Mecp2,Per1,0.013663195118203133
Hdac2,Yy1,0.013632285538087182
Nr5a1,Cry1,0.013630973396728035
Nr1d2,Clock,0.013630930157723728
Fos,Per2,0.013617283478666415
Atf3,Mecp2,0.013594749722921979
Jund,Zic1,0.013583394062348101
Bcl11b,Npas4,0.013562575661803888
Rest,Yy1,0.013544551427060597
Fosb,Ctcf,0.013535781064836348
Sox9,Ccnd2,0.013525836373827083
Rest,Nr1d1,0.013505593059151475
Jun,Per1,0.013481589036476012
Tef,Nfkb1,0.013477214806171903
Foxo1,Bcl11b,0.013475541377603473
Ppargc1a,Zic1,0.013427343133275852
Atf3,Rorc,0.013423220612771297
Srebf2,Ctcf,0.013415941776064453
Nfil3,Hdac1,0.013413359876011732
Cry1,Rest,0.013405506225035608
Nr4a2,Nr4a3,0.013386308664686247
Ar,Yy1,0.013373446397533746
Sox9,Cry2,0.01336447297916812
Scg2,Ppara,0.013354830376409116
Neurod1,Rela,0.01335481031819274
Rela,Rora,0.013351892559074059
Srebf2,Cry2,0.013337596538007158
Jund,Nr3c1,0.013321922903846987
Sp1,Stat3,0.013321627314225325
Rela,Egr2,0.013317839606692135
Hdac2,Mef2c,0.013312733758843499
Ppard,Rorc,0.013305842061335863
Per2,Ppard,0.013302855324619492
Atf3,Nfkb1,0.013299788236730647
Apoe,Arntl,0.013261899876120427
Cux1,Rorc,0.013255515203286602
Egr2,Cry1,0.013248988211012318
Rcor1,Nfkb1,0.013241750345745186
Pomc,Egr1,0.013240001294893645
Rbm3,Npas4,0.013238406182496226
Sox2,Tef,0.013185046619407533
Cry2,Arntl,0.013180485579335436
Jund,Pomc,0.013179437971687176
Junb,Hdac1,0.013163407967130003
Nr5a2,Mef2c,0.013125007034767752
Jund,Srebf1,0.013122927705518875
Hdac2,Ppargc1a,0.013111503841405924
Nr4a2,Cry2,0.013091657996453914
Pcsk2,Sox2,0.013080144047036371
Cux1,Rxrg,0.01306871493299724
Rest,Tef,0.013063938741255283
Ar,Rela,0.013017137575975696
Dbp,Neurod1,0.013013074391942702
Crem,Klf4,0.013008743968771837
Egr2,Stat3,0.012999116232446284
Crem,Scg2,0.01299377188302515
Pcsk2,Ctcf,0.012984761166905725
Junb,Klf9,0.012981081922880552
Rela,Rnaset2a,0.012968594387880747
Nfil3,Bcl11b,0.012967421402249645
Arntl,Per2,0.012965003983123549
Fos,Nr1d2,0.012953098976591786
Mef2d,Sp3,0.012942731267792667
Mef2d,Stat3,0.012939845210930766
Nfkb1,Stat5a,0.012932594920613378
Sp3,Zic1,0.012931284589930571
Atf3,Stat3,0.012930705171636497
Pcsk2,Rora,0.012922531802591888
Tef,Per2,0.012917888386578511
Ctcf,Srebf2,0.01291049792473107
Dbp,Sp3,0.012909972810546837
Rbm3,Meg3,0.012887279053512782
Nfkb1,Mef2d,0.012881262124585631
Cry2,Stat3,0.012875401603062993
Crem,Klf9,0.01286965224272009
Rxrg,Srebf1,0.012842692955744021
Bcl11b,Atf4,0.012835635742467044
Cry2,Foxo1,0.012834555622955797
Ppara,Per1,0.012821386233215406
Tsc22d3,Gnas,0.012811917763576909
Tef,Ccnd2,0.012801239342715287
Cux1,Cry2,0.012797533270590572
Fos,Arntl,0.012795348418688023
Per2,Zic1,0.012793301555054742
Nr4a3,Nr4a2,0.012791406653572094
Cry2,Rbm3,0.012766461726925865
Tsc22d3,Per2,0.012761743467688162
Jun,Dbp,0.01276010315098998
Jund,Hlf,0.012760072275798081
Crem,Per2,0.012758341855740053
Nfkb1,Rnaset2a,0.012754810703902383
Homer1,Per2,0.012739084237709874
Pomc,Sox2,0.012710863756453418
Per2,Tef,0.012710497314959376
Foxo1,Rorb,0.012697229427388827
Nr3c1,Crem,0.012693942182512461
Cux1,Rbm3,0.012693736904865433
Jund,Per2,0.012689209993677196
Pcsk2,Rnaset2a,0.012678746331736365
Foxo3,Homer1,0.012675421193951769
Npas4,Rnaset2a,0.012669724593160943
Rxrg,Esr1,0.012655291973154879
Nr4a2,Sp1,0.012654150639089057
Cebpb,Nfil3,0.01265183872513542
Mef2c,Rxrg,0.012641523433199447
Tsc22d3,Mecp2,0.012641427135555456
Nr3c1,Satb2,0.012635325980209427
Klf4,Rnaset2a,0.012630951018558049
Hdac1,Sim1,0.012617885332859931
Junb,Hlf,0.012608691673656748
Nr1d1,Nr1d2,0.012597610542750989
Rbm3,Sox2,0.012592588600725069
Arc,Sp1,0.012566459580730322
Cux2,Nkx2-1,0.012529286540125648
Klf9,Hdac2,0.0125203442314843
Ppargc1a,Hdac2,0.012514931856436718
Stat5a,Sim1,0.012502038541084894
Rbm3,Mef2c,0.012493066660647065
Pcsk2,Mt3,0.012489262230612646
Mef2d,Mafb,0.012487169930043507
Rest,Zic1,0.012469519948337775
Jund,Cga,0.012462084324293844
Junb,Cux2,0.012458542285667873
Nr4a3,Arc,0.012437925904847335
Ctcf,Rela,0.012423022248136798
Nfil3,Malat1,0.012421397652943195
Rbm3,Esr1,0.012413365345257707
Sox2,Mecp2,0.012402700983656714
Srebf2,Nr4a3,0.01237848675564607
Nr3c1,Tef,0.012367716148023176
Per1,Per2,0.012367441346573697
Hdac1,Fezf2,0.012366068129634863
Mecp2,Atf4,0.012359134254228247
Rorc,Foxo1,0.012334441095605858
Sox9,Hlf,0.012333206803135559
Ppargc1a,Cry1,0.01229819707685386
Junb,Esr1,0.012275022091774723
Dlx1,Hdac2,0.012258550775141156
Lhx6,Atf4,0.012250019530964894
Per2,Nr4a2,0.012244473040177083
Mecp2,Ccnd2,0.012229046025126327
Crem,Sp3,0.012228973465342357
Cry2,Nr1d2,0.012215582739388232
Scg2,Zic1,0.012208456953696276
Rest,Clock,0.012191972108289555
Egr1,Npas4,0.01218972107397345
Ar,Tbr1,0.012186083722684286
Mef2c,Rcor1,0.012144163724406168
Rcor1,Rorb,0.01214197599359376
Zic1,Foxo3,0.012139666699341793
Junb,Yy1,0.012138825130886035
Rela,Nfkb1,0.012126377830916543
Klf4,Tsc22d3,0.012119550361967355
Dbp,Cebpb,0.012117167169204076
Nr4a2,Ppard,0.012109388406576155
Clock,Esr1,0.012098809921689914
Scg2,Yy1,0.012088763229031373
Nr1d1,Mef2d,0.012088205904906108
Bdnf,Homer1,0.012060429873288446
Fosb,Rorb,0.01205035562363091
Klf4,Nr4a3,0.012049909762186091
Ppargc1a,Stat3,0.01204152494856772
Rorc,Dbp,0.012028453109757397
Homer1,Cry2,0.01202786143267731
Fos,Rela,0.012023218372143162
Sox2,Hlf,0.012014601696949864
Jund,Nr4a2,0.012005972827603786
Atf4,Mafb,0.012002703231421063
Cebpb,Srebf1,0.011997239744907535
Dbp,Malat1,0.011989496016870018
Per2,Arntl,0.011965528742206384
Ar,Nr4a3,0.011950608598757547
Dbp,Ppargc1a,0.011940931476303082
Hdac2,Cry2,0.011929322029656755
Nr4a1,Junb,0.01188930050671091
Junb,Ctcf,0.011888673386318474
Homer1,Rxrg,0.01188643086266595
Foxo1,Rela,0.011861119738159625
Foxo3,Klf4,0.01185363876227805
Jund,Mecp2,0.01184802145768416
Tsc22d3,Mt1,0.01183818459766697
Ar,Sox9,0.01182037197438009
Sox2,Nr3c1,0.011792780584286983
Clock,Mef2c,0.011782015767341843
Egr2,Arc,0.011776315415545347
Nr3c1,Srebf1,0.011772798455607773
Pomc,Nfkb1,0.011755885969486535
Cux2,Cux1,0.011674783594543459
Rorc,Atf4,0.011672527042926739
Sox2,Olig1,0.011646616258074517
Olig1,Nr1d1,0.011630930082196967
Hdac2,Mecp2,0.011627367204187326
Mef2c,Rest,0.01162430920119458
Nr1d1,Per1,0.011621316235798098
Foxo3,Dbp,0.0116176715194286
Mafb,Nr1d2,0.011584086649052515
Mafb,Rnaset2a,0.011558597109667706
Egr1,Ppara,0.011555067338747522
Sox9,Cux2,0.011547805282487366
Atf3,Klf9,0.011526596678332758
Sp3,Nr5a1,0.01151716834689637
Pcsk2,Sim1,0.011501464347082971
Junb,Clock,0.01149833032422456
Rbm3,Atf4,0.011494017930875787
Pomc,Fos,0.011474907963576173
Srebf1,Tsc22d3,0.01145960421274114
Rcor1,Rnaset2a,0.011428517580762017
Jund,Rorc,0.011426568019180863
Sp1,Mef2c,0.011417168391401776
Srebf2,Sp3,0.0114097960597051
Jund,Scg2,0.011400617977243599
Pomc,Rela,0.011398351940467313
Zic1,Rest,0.011395631932048785
Foxo1,Cry1,0.011386463252132233
Scg2,Hlf,0.011381671678697712
Nr3c1,Clock,0.0113807447086017
Srebf1,Rbm3,0.01137521865039174
Atf4,Nr1d1,0.011372117557893763
Apoe,Nr5a2,0.011361941253309164
Sp3,Cry1,0.01135171650415207
Jund,Meg3,0.011331706762373057
Mecp2,Neurod1,0.011329955092356805
Foxo1,Rxrg,0.01132638822956196
Rorb,Nr4a2,0.011324394368796552
Nr1d2,Olig1,0.011322547131029726
Atf3,Thrb,0.011318468133647208
Scg2,Atf3,0.011315058918157166
Hdac2,Tef,0.01131060055362178
Rela,Srebf1,0.011309241747614706
Apoe,Junb,0.011303965382857845
Rorc,Rnaset2a,0.011284461398314355
Jund,Stat5a,0.011268880665661361
Tef,Dbp,0.011266243353220826
Egr1,Crem,0.01125449336362857
Srebf1,Ctcf,0.011228507783415128
Cry2,Atf4,0.011221969593458943
Ppard,Homer1,0.011220195812394909
Dbp,Hdac1,0.011213527645661286
Jun,Foxo1,0.011205563900242287
Apoe,Lhx6,0.011204101593428205
Nr4a2,Cux1,0.011200144681412356
Nr4a1,Rela,0.011172796661144286
Sox9,Nkx2-1,0.011162202440597542
Tef,Hdac1,0.011157769594296194
Esr1,Cry2,0.01114787651391698
Fosb,Rest,0.011121277534662632
Nr4a2,Srebf2,0.011119775792485059
Fos,Nr1d1,0.011113540487647065
Scg2,Dlx1,0.011091910457188702
Rcor1,Mef2c,0.011088012914629174
Esr1,Nr4a1,0.011086509644910992
Ar,Nr1d1,0.011067776916037853
Sp1,Nr1d2,0.011065055516424532
Nr4a2,Cebpb,0.011039925340757008
Scg2,Nfkb1,0.011019463402853386
Rorb,Stat3,0.011003210999140246
Hlf,Dbp,0.010990571500244059
Egr2,Fosb,0.010957249919287414
Rorc,Tef,0.010954641312407207
Ppargc1a,Sp3,0.010944995411758671
Nr3c1,Stat3,0.010937120258998491
Sox2,Rnaset2a,0.010927188112849522
Esr1,Crem,0.010923631115683305
Junb,Ppard,0.010912248358225678
Klf9,Cux1,0.010908927863277405
Thrb,Srebf2,0.010908105390846206
Ctcf,Cry2,0.010893994584436757
Nr3c1,Atf4,0.010888115939137612
Apoe,Hlf,0.010886209173619044
Tsc22d3,Rxrg,0.010863044578553676
Bdnf,Cry2,0.010853704199085648
Dbp,Nkx2-1,0.010849200235539301
Ppargc1a,Hdac1,0.0108426221689212
Klf9,Nr4a1,0.010839842504361234
Sp3,Tef,0.01083475523883384
Fos,Sp1,0.010824967847112808
Cebpb,Nfkb1,0.010807159350300773
Dbp,Esr1,0.010802400737904621
Nr1d1,Sox2,0.010801474860020555
Sim1,Stat5a,0.010787263641165655
Atf4,Nr3c1,0.010785256306071028
Rcor1,Rorc,0.010773683117857967
Dbp,Bcl11b,0.010773365513427908
Egr1,Nr5a1,0.01076328748426224
Nfkb1,Zic1,0.010750038876275
Fosb,Nfkb1,0.010737406011156043
Tsc22d3,Rorb,0.010725150113471579
Mecp2,Rela,0.010720592764781994
Sox2,Jun,0.010719743997601616
Hdac1,Neurod1,0.010717731707997993
Apoe,Jun,0.010714905194903934
Klf4,Lhx6,0.010707391444687527
Olig1,Cry2,0.010696092445116195
Klf9,Tef,0.010684120846018684
Esr1,Atf4,0.010663575910427625
Arc,Hdac2,0.010662766447613794
Jun,Sox9,0.010659655225147176
Cux2,Rela,0.010638148334875351
Rorb,Cga,0.010625200834457326
Mafb,Nr3c1,0.010617711663141093
Scg2,Mt1,0.010616124596742793
Clock,Cry1,0.01061282333871632
Rorc,Homer1,0.010609951697838009
Srebf1,Dbp,0.010594692501588515
Neurod1,Rnaset2a,0.010583170714152068
Mef2c,Clock,0.010576862997025835
Fosb,Sox9,0.010553536354012525
Cry2,Rxrg,0.010536717211376983
Mef2c,Apoe,0.010523283541301599
Mecp2,Cux1,0.010519219434390787
Jun,Tef,0.010518670913091199
Hlf,Arc,0.010509138941521775
Bdnf,Tef,0.010497735013583089
Neurod1,Mecp2,0.010479213234923727
Nr3c1,Hdac2,0.010471190115145124
Junb,Rest,0.010457119477796605
Nkx2-1,Dbp,0.01045194653518261
Cry2,Srebf2,0.010433429277630147
Rela,Cux2,0.010422094908088464
Clock,Cux1,0.010412191080252924
Nr1d2,Neurod2,0.010409228108760141
Apoe,Npas4,0.010401327275451984
Tef,Rorb,0.01037647192659026
Nr1d1,Cry2,0.010366923501366785
Per1,Atf4,0.010354474220477408
Klf9,Rbm3,0.010350707095349885
Rorb,Cry2,0.010348018158499478
Per1,Rorc,0.01034206487992583
Ar,Cry2,0.010340401431658108
Atf3,Mef2c,0.010329989533930944
Mef2c,Dbp,0.010329142889037246
Atf3,Junb,0.010326375288137728
Rorb,Hdac2,0.010319012794515645
Hdac2,Per1,0.010315061230683762
Scg2,Jun,0.010309585411675098
Rbm3,Arntl,0.010295731032178367
Tsc22d3,Mt3,0.010284856159368014
Cry2,Hdac2,0.01028168584837082
Egr1,Mafb,0.010277122927305753
Pcsk2,Sp3,0.010272366751663218
Mef2c,Hdac2,0.01026106671195338
Pomc,Stat5a,0.010247952696588174
Nr5a1,Per2,0.010238892662010442
Cry2,Rora,0.010235894750541008
Jund,Nr1d2,0.010223980233730515
Scg2,Sim1,0.010218356105772737
Pcsk2,Nr5a2,0.010216546915246748
Hdac1,Foxo1,0.010201737219370354
Pomc,Nfil3,0.010199880779757125
Rorb,Ccnd2,0.010198465779466561
Per1,Satb2,0.010196796166577378
Apoe,Neurod1,0.01018325571015444
Nkx2-1,Srebf2,0.010174442675973547
Ar,Nr4a1,0.010158018368160117
Cry2,Bcl11b,0.010153541626509013
Nr4a2,Pomc,0.010146573189659981
Egr2,Malat1,0.01014012169452255
Rora,Bdnf,0.010139795269375864
Hdac1,Arc,0.01013712520025031
Cux1,Rcor1,0.010135736915913445
Tsc22d3,Clock,0.01013259147753055
Nkx2-1,Sox2,0.010131817867408252
Rorb,Per1,0.010113236483605402
Sp3,Ppargc1a,0.010100005610059267
Bcl11b,Cry2,0.010099228809849502
Ar,Mef2c,0.010077963344896109
Hdac2,Srebf1,0.010068645010554772
Per1,Sp1,0.01005281399458872
Cry2,Sox2,0.010040554261030458
Ar,Hdac1,0.010017127937315136
Atf4,Hdac2,0.01001038490930701
Sox2,Klf4,0.00999672641451405
Esr1,Clock,0.009994403270631561
Cebpb,Ctcf,0.009993343226404596
Stat3,Ccnd2,0.009988492294005304
Nfkb1,Mef2c,0.009979613099730639
Nr1d2,Nr1d1,0.009977625482591105
Sox9,Nr3c1,0.009942334849077174
Rora,Sp1,0.009939678484463357
Crem,Stat3,0.009935697290341146
Atf4,Cux2,0.009934588210357502
Hdac1,Hdac2,0.009929296957630108
Clock,Rnaset2a,0.009919280533711319
Sp3,Atf4,0.00991477177841139
Egr2,Junb,0.009900737339528743
Rest,Rora,0.009886262521117847
Fos,Ctcf,0.009854069912729847
Ar,Per2,0.00983995894337694
Jund,Foxo1,0.00983573122502204
Rora,Rorc,0.009811834459080333
Klf9,Apoe,0.009804416809001801
Arc,Cux1,0.009796023287490978
Sox9,Arntl,0.009792336050187285
Nr1d1,Cux2,0.009784574520538105
Klf9,Nr5a2,0.009774822616186707
Hlf,Nr1d2,0.009763766229164417
Foxo1,Ppara,0.009759364351925821
Dbp,Scg2,0.009752571609433516
Sp3,Hdac2,0.00970902608194386
Tef,Bdnf,0.009708737002204473
Cebpb,Jun,0.009696617390635468
Rorb,Cux1,0.00968273022766005
Nr1d2,Dlx2,0.009680619243085888
Egr2,Cux1,0.009671472642125506
Mecp2,Nr1d1,0.009665120210493995
Rorc,Hdac2,0.009654903193242772
Fosb,Nr1d2,0.00964574988033451
Atf4,Thrb,0.009633171602236002
Arc,Thrb,0.009627194133541572
Neurod1,Ar,0.009618793558751459
Apoe,Atf3,0.009613324994663223
Nr4a1,Rorb,0.009613309831802416
Stat3,Yy1,0.009610304981807948
Pcsk2,Cga,0.009603925713400527
Rorb,Klf4,0.009593372179460163
Egr2,Cebpb,0.009576078548421183
Crem,Cux1,0.00957551319730714
Jun,Hdac1,0.00957314434213428
Srebf1,Atf4,0.009543311487779026
Ar,Klf9,0.009536816095903894
Jund,Srebf2,0.009528253797755917
Mecp2,Rora,0.009524640770464008
Zic1,Per2,0.009522064799620807
Nr4a1,Klf4,0.009507647619094745
Rora,Rest,0.009505337995034127
Nfil3,Rela,0.009489862230576173
Tsc22d3,Pomc,0.009481586281239709
Egr1,Nr3c1,0.009475712061333671
Ar,Rora,0.009474728799588425
Jun,Esr1,0.009451676598253338
Nfkb1,Mecp2,0.009449945566699333
Fos,Clock,0.009442254488634238
Nr1d2,Atf4,0.009437302727862978
Mef2d,Atf4,0.00943336880295566
Jun,Nr1d2,0.009431351252098008
Ar,Cux2,0.009430073420731473
Olig2,Thrb,0.009422423192942184
Fosb,Sp3,0.009413971958290152
Pcsk2,Nr1d2,0.009411738877358421
Hlf,Mecp2,0.009405833509646175
Nfkb1,Rxrg,0.00939686975299604
Egr1,Yy1,0.009396476002070228
Arc,Junb,0.009378288251028728
Sox9,Stat3,0.00937826474631926
Nr4a3,Crem,0.009372910696309864
Thrb,Per1,0.009372268649677065
Cebpb,Ccnd2,0.009369978315755551
Rbm3,Rnaset2a,0.009361338642417878
Nr1d1,Rela,0.009356292605250746
Nr1d2,Rora,0.009355428955245373
Nkx2-1,Mafb,0.009345469179866582
Arc,Homer1,0.009343113702215786
Rest,Cux2,0.00934263646155614
Hlf,Rest,0.009337395518711485
Mef2d,Cux1,0.009333954959925658
Nr1d1,Sox9,0.009298150167831165
Nr4a2,Tbr1,0.009298042408987956
Sp1,Arc,0.009289364361720495
Tsc22d3,Thrb,0.009278478112950524
Fos,Scg2,0.009263447174868896
Rora,Srebf2,0.009249976590758255
Egr1,Rnaset2a,0.009248254264178439
Foxo3,Fosb,0.00924352975419712
Clock,Nr1d1,0.009239727247074827
Nr5a1,Clock,0.009235447442364549
Mef2d,Nfil3,0.009231183622374841
Cebpb,Crem,0.009218169261729477
Cebpb,Mt3,0.009212217581149658
Fosb,Esr1,0.00917619338609359
Hdac1,Malat1,0.009163378851722262
Foxo1,Mef2d,0.00916244678188125
Sox9,Foxo3,0.009162003157915223
Cry2,Srebf1,0.009160465497329209
Cry2,Cux1,0.009151333172585098
Rorc,Egr2,0.009144175661940776
Hlf,Rcor1,0.00914121498476975
Per1,Rbm3,0.009126386685074265
Klf9,Gnas,0.009120630638646295
Nkx2-1,Bcl11b,0.009106643494165715
Nr1d2,Mafb,0.009099317270729546
Clock,Rorb,0.009093119504073294
Clock,Nfkb1,0.009092196221777121
Hdac2,Nkx2-1,0.009087223632345006
Hdac1,Tef,0.009085498574567216
Atf4,Srebf1,0.009064754252392185
Ppargc1a,Cux2,0.009063469537794239
Rxrg,Nr1d1,0.009063409188144404
Sp1,Nfkb1,0.00906079571234418
Nr4a2,Per1,0.009047561130517969
Olig2,Rorb,0.009036107068658051
Rorb,Nkx2-1,0.00901757680029359
Zic1,Dlx2,0.009009767231765596
Rela,Sox9,0.008990190015276678
Yy1,Srebf1,0.008947124256355434
Tsc22d3,Hdac2,0.008942376224663002
Npas4,Nr4a1,0.008940025576769274
Ctcf,Nr4a2,0.008935757466514673
Atf4,Sim1,0.0089351205651656
Junb,Rcor1,0.008933659473798945
Nfkb1,Srebf1,0.008932602860404325
Per2,Foxo1,0.00892489862938117
Nr1d2,Hlf,0.008916306290074559
Yy1,Olig1,0.00887638827339121
Pcsk2,Neurod1,0.008874082105821421
Arc,Cebpb,0.008855411870575657
Nr1d2,Srebf2,0.008844051515376374
Fos,Per1,0.008833924309614551
Mecp2,Dbp,0.008809047058732021
Rxrg,Cry2,0.008776557616724164
Sox9,Rnaset2a,0.008771221214631218
Cebpb,Scg2,0.00876976914853166
Satb2,Bdnf,0.00876516318536157
Nfil3,Klf9,0.008731381079453185
Jund,Homer1,0.008730995913438164
Egr1,Sp3,0.008719278584269387
Egr1,Hdac2,0.008709905798099361
Rora,Sox2,0.008688587829871603
Olig2,Rela,0.008674437849441803
Rorb,Neurod1,0.008658898341510216
Srebf2,Rbm3,0.008635318744913262
Junb,Dbp,0.008631363744320579
Clock,Nr4a1,0.008623394235116608
Ar,Cga,0.008622683271948981
Nr3c1,Bdnf,0.008622308043961123
Tbr1,Ppargc1a,0.008614567011635488
Rorb,Esr1,0.008569434153480295
Nr1d2,Sp3,0.008559908232299943
Hlf,Per2,0.008548821375882431
Egr1,Olig2,0.008544305595825055
Hdac2,Egr2,0.008538681749765771
Nr1d2,Mef2d,0.008537743464530621
Srebf2,Cry1,0.008529921718207805
Fos,Atf4,0.008524134108664946
Cebpb,Sp1,0.008520759812484928
Fos,Rxrg,0.00847799484520537
Nr1d1,Rora,0.008475165578219472
Rora,Pomc,0.00846936227992187
Per1,Yy1,0.008466669032446968
Ar,Malat1,0.008458118048182708
Jun,Nr4a2,0.008449846276585076
Fos,Neurod1,0.008447380192712113
Rbm3,Tef,0.008425692597995266
Atf3,Foxo1,0.00842325515881807
Ar,Nr1d2,0.008416398848657603
Sox9,Klf9,0.008411836997548073
Arc,Fosb,0.008402628247713859
Foxo1,Rbm3,0.008398697459188378
Stat5a,Rorc,0.008380312963591307
Arntl,Nr1d2,0.008369304008899158
Dbp,Meg3,0.008358284701991764
Jun,Srebf1,0.008355128246646014
Fezf2,Mef2d,0.008354850179428056
Rest,Apoe,0.008349410184225367
Sox9,Fosb,0.008341230538057635
Egr2,Crem,0.008340202183111423
Srebf2,Ar,0.00832238922212873
Nr3c1,Rcor1,0.008310371001472257
Rcor1,Cux1,0.008296555103428508
Foxo1,Apoe,0.008296219796864127
Jund,Rela,0.008295534200142453
Srebf1,Mecp2,0.00828724289364778
Dlx1,Bdnf,0.008284164663868372
Nfil3,Nr3c1,0.008279434463562316
Nr1d1,Neurod1,0.008276409014178856
Nr4a3,Rxrg,0.008267458584945599
Nfkb1,Npas4,0.008266116075741474
Esr1,Homer1,0.00826294510458198
Ar,Jund,0.008250983484050893
Mafb,Apoe,0.00824163076342854
Per1,Clock,0.008233668132969342
Sp3,Sox2,0.008232638000973059
Hdac1,Homer1,0.00822233533207623
Rbm3,Jund,0.008214198206193273
Rbm3,Apoe,0.008212366369438099
Tef,Rnaset2a,0.008199187024024298
Ar,Ccnd2,0.008196010611696069
Pcsk2,Klf9,0.008193258543104601
Nr1d1,Homer1,0.008182267376357367
Mecp2,Tsc22d3,0.008177198918085212
Ctcf,Sp3,0.008160428511006484
Neurod1,Pomc,0.008160331376779545
Nr4a1,Fosb,0.008154372723338759
Jund,Nr5a2,0.008136338818080617
Fos,Foxo1,0.008134383346045243
Cebpb,Hlf,0.008131771580296385
Pcsk2,Cry1,0.008124943902175354
Hdac2,Klf9,0.00812088886294115
Atf4,Cry2,0.008114405052085964
Cebpb,Fos,0.008106248936308735
Mef2c,Cux1,0.008094221606616232
Mef2d,Cux2,0.008093936148595307
Cebpb,Rest,0.00808559311169175
Satb2,Arntl,0.00806480274719448
Klf4,Mef2c,0.008064589451309603
Nfkb1,Tef,0.00805892269407884
Rorc,Per1,0.008058828730862609
Rela,Hdac1,0.008034640997193834
Cux1,Rela,0.008015304679754965
Stat3,Npas4,0.008011806818647741
Esr1,Ctcf,0.007996648836201306
Srebf1,Sox2,0.007985510161873306
Mef2c,Mt3,0.007956214363815205
Dbp,Srebf2,0.007955827931530025
Srebf1,Sp1,0.007945359757115522
Fosb,Mecp2,0.0079057873331901
Yy1,Ar,0.007881275745161334
Fosb,Tsc22d3,0.0078800753192847
Klf4,Arc,0.007873920215898151
Ppard,Per2,0.007872538055356988
Arntl,Crem,0.007867737476879601
Nr4a3,Klf9,0.007850285830602632
Sim1,Cry1,0.007846448224294708
Hdac2,Rorc,0.007845335383437532
Dbp,Crem,0.007842434840950442
Rela,Per1,0.00783982491460564
Atf3,Nr1d2,0.00782266667623591
Junb,Nr5a1,0.007821613682932793
Rbm3,Ctcf,0.0078172348932773
Jund,Cry1,0.007814493169804574
Fosb,Junb,0.007811955137906404
Ar,Nfkb1,0.007806550099481591
Tsc22d3,Atf4,0.007788636853486218
Rora,Bcl11b,0.007787572559162219
Nr3c1,Rela,0.007785350069034565
Clock,Sp3,0.0077798939699197
Klf9,Sp3,0.007768880706969343
Cux2,Mecp2,0.007765779793769452
Klf4,Jun,0.007764781765476132
Fos,Mef2d,0.007761317827732851
Mafb,Mt1,0.0077493590620826515
Nr5a1,Thrb,0.0077458116503737705
Srebf2,Hlf,0.007745466885076322
Npas4,Rela,0.0077441285853720575
Rest,Sp3,0.007733764795717438
Jun,Sp3,0.007729761130838052
Atf4,Rest,0.007714997059871717
Cry2,Hlf,0.007713366836288848
Thrb,Nfkb1,0.0077105622850709675
Fosb,Neurod1,0.007707971732597329
Klf9,Ppard,0.007705365133239684
Cux1,Mef2d,0.007701491459334578
Foxo1,Rorc,0.0076989389691319654
Nr4a1,Per1,0.00769832792441545
Mef2c,Atf4,0.007696024607056643
Hlf,Foxo1,0.0076768181005586345
Rbm3,Klf9,0.007667784757991725
Thrb,Crem,0.007642934673890757
Hlf,Nr1d1,0.007642040062388978
Tsc22d3,Bdnf,0.00764191965596996
Tsc22d3,Nkx2-1,0.007637125381824998
Srebf2,Sox9,0.007634102873953298
Ar,Hlf,0.007619323170655607
Rora,Rorb,0.007611519752296271
Rorb,Tsc22d3,0.007581457654837942
Rora,Mecp2,0.007562193780085042
Clock,Yy1,0.0075572615219370335
Cry1,Cux1,0.0075193884038797735
Tef,Cry2,0.0075146377223509215
Ctcf,Tsc22d3,0.007503712375590869
Atf4,Ppara,0.0074964821873868635
Fos,Cry2,0.007492478474514559
Scg2,Mef2c,0.00747859951380832
Rbm3,Olig2,0.007476809393486939
Yy1,Stat3,0.007470331933123644
Cebpb,Per1,0.007467306448719678
Srebf2,Nkx2-1,0.007466997448446277
Jun,Bdnf,0.007463509780210353
Rbm3,Yy1,0.007457378445632564
Mef2d,Cry2,0.007452766754388583
Junb,Foxo1,0.007452053138675712
Nr1d2,Rorc,0.007429321943983331
Nr1d2,Sp1,0.007426376069633303
Hdac2,Crem,0.007415897038193284
Atf3,Per1,0.007399855867797721
Cux1,Clock,0.007391613034768977
Dbp,Nr5a1,0.0073902416436167065
Pcsk2,Tef,0.007386168463929984
Nr4a2,Rxrg,0.007378802820228253
Rbm3,Per2,0.007369322423714898
Bcl11b,Stat3,0.007367142410935755
Thrb,Cry2,0.007365753578731992
Pcsk2,Malat1,0.0073553765202753665
Rbm3,Rest,0.007354950871343783
Nr4a1,Atf4,0.007354379531636863
Foxo1,Atf4,0.007351484423756756
Srebf2,Sox2,0.007350996212923772
Sox2,Stat5a,0.007341212783157867
Cux1,Nr5a1,0.007336135784481066
Srebf2,Dbp,0.007319011706788755
Olig1,Yy1,0.007306782899003346
Fos,Ppard,0.007301046606209543
Yy1,Crem,0.00728138013194908
Dbp,Rela,0.007274812510298154
Klf4,Stat5a,0.007272750238017454
Rbm3,Hdac2,0.007268467221997978
Srebf1,Meg3,0.007249009239851904
Ppard,Stat3,0.007242385516836017
Mef2d,Tef,0.0072360017154474475
Egr1,Rorb,0.007234410284509602
Nr5a1,Cga,0.007233666526084366
Srebf2,Nr5a1,0.007212121050223932
Mecp2,Stat3,0.007207254890287175
Tsc22d3,Nr4a1,0.007205369388632395
Rbm3,Nr1d2,0.007202229704928743
Olig1,Klf9,0.007195603240756326
Jund,Tbr1,0.007189859393699857
Hdac2,Cux1,0.007186792208541172
Ar,Esr1,0.007186680862530395
Sp3,Ar,0.007167908613548179
Pcsk2,Atf4,0.007164946608061379
Pcsk2,Cry2,0.0071626529230343705
Clock,Per2,0.007157925811938876
Arc,Clock,0.007144325694665817
Clock,Per1,0.0071332179314376526
Arntl,Pcsk2,0.007131147157882106
Sox9,Sp3,0.007116171095953114
Arntl,Rora,0.007107295443061049
Egr1,Rora,0.007101422743501632
Nkx2-1,Rbm3,0.007083418097584958
Fos,Nr3c1,0.007082411388278025
Cux1,Malat1,0.007069170361172908
Jun,Crem,0.0070620135028736245
Stat3,Ar,0.007057843344606669
Fosb,Dlx2,0.007041759474177374
Nr4a2,Rorc,0.007039454400573684
Dbp,Mt1,0.0070391164170182955
Rbm3,Nr4a2,0.007036857049438496
Egr2,Rbm3,0.0070301113093990345
Nr5a1,Atf4,0.007028568486412608
Mef2c,Rora,0.007028096812836796
Sox2,Gnas,0.007028086461564543
Klf9,Jun,0.007021024266550193
Stat3,Cebpb,0.007004868591730303
Dlx1,Dlx2,0.007001004458626975
Atf4,Yy1,0.007000283880229964
Nr4a1,Rnaset2a,0.006997552414857732
Nr4a1,Ctcf,0.006990142123866622
Atf3,Foxo3,0.0069846187038142575
Homer1,Esr1,0.006975578332846312
Npas4,Clock,0.006964315549728351
Pcsk2,Cebpb,0.006960414130990378
Dlx1,Per1,0.006956965117917122
Zic1,Clock,0.006953043400357459
Sp1,Sox9,0.006942345198648923
Nfkb1,Per1,0.006935119904615312
Nkx2-1,Pcsk2,0.006928013667038152
Mecp2,Sp1,0.006922848516939337
Hdac1,Ctcf,0.006914083455755954
Fosb,Crem,0.006901483508843097
Pomc,Rest,0.006901467622438618
Nkx2-1,Sox9,0.006899204946472369
Bcl11b,Sox2,0.006896556413714699
Rcor1,Clock,0.006886780196220192
Ctcf,Hdac1,0.006885427364858539
Jun,Stat3,0.0068827291481482755
Zic1,Klf9,0.006882721250359456
Sox2,Ctcf,0.0068804806182392
Thrb,Tef,0.006876236865143882
Nr1d1,Atf4,0.006872108880272969
Sox9,Nr5a2,0.0068682644137700805
Mef2c,Stat3,0.0068651225171891175
Srebf2,Bcl11b,0.006843297651954265
Hdac1,Nr4a1,0.0068323845550628546
Rbm3,Sp3,0.0068201888897087715
Nr1d2,Nr4a1,0.006809921868419962
Rcor1,Foxo3,0.006809320951889289
Tef,Per1,0.0068063902271081
Sp1,Per1,0.006783667848188592
Nr1d1,Ar,0.006777752957831178
Foxo3,Sp3,0.006772998182646889
Dbp,Rorb,0.006752061111517336
Clock,Ccnd2,0.006725530642386228
Rela,Rxrg,0.006723635841526514
Scg2,Mt3,0.0067107697232598055
Rorc,Rbm3,0.006707602135682906
Mef2c,Klf4,0.006694139046387163
Dbp,Gnas,0.006691924013578469
Nr4a2,Rorb,0.006685307675048258
Cry2,Mafb,0.00668342342500787
Rbm3,Cry1,0.006680768697890332
Arc,Nr4a2,0.0066759739925158785
Pomc,Fosb,0.006666296914849254
Tbr1,Cry1,0.0066558189814259865
Foxo1,Foxo3,0.006653303224932871
Nr3c1,Ppard,0.006647442442909641
Hlf,Yy1,0.006643961677796687
Tsc22d3,Yy1,0.006639302926428216
Cebpb,Arc,0.006609039838564739
Egr1,Mt1,0.006604666661868989
Nr4a2,Ar,0.006601684690624708
Arc,Per1,0.006599065685953929
Per1,Thrb,0.006596273532352779
Crem,Foxo3,0.006593484977733846
Homer1,Egr1,0.006593201361341075
Atf4,Foxo1,0.0065846336969855816
Per1,Sox2,0.006572873471261875
Nr1d2,Foxo1,0.0065682662382183935
Dlx1,Zic1,0.006566427061189505
Homer1,Pomc,0.006565872530940954
Dbp,Ccnd2,0.006565555987904649
Hdac1,Klf4,0.006546091290066291
Clock,Atf3,0.006540538813367897
Apoe,Pcsk2,0.006539442961585857
Atf3,Jund,0.006538008208969552
Egr1,Rorc,0.006528934105676575
Jund,Bcl11b,0.006526208400764774
Stat5a,Zic1,0.006516656014570062
Tbr1,Hdac2,0.006510871983103765
Jund,Gnas,0.006509045299737253
Ctcf,Per1,0.006509006944890047
Atf4,Rbm3,0.006503929348075974
Klf9,Cry1,0.006496204629219554
Mafb,Cebpb,0.006491467988587489
Nkx2-1,Pomc,0.006488111519014079
Hlf,Sox2,0.006485499182150761
Arc,Cry2,0.006484666422140992
Thrb,Nr5a1,0.006477259263289136
Ctcf,Atf4,0.006477004321041592
Atf3,Rora,0.0064562484762712685
Tef,Arntl,0.006450618094586157
Egr1,Nfkb1,0.00644742968578004
Nkx2-1,Per1,0.0064319704347338
Rxrg,Arntl,0.006430611836969747
Nr4a1,Fos,0.0064303973534719314
Olig1,Srebf2,0.0064223977269780705
Nr4a1,Nr5a1,0.0064222952247915705
Per1,Sox9,0.006422225233155308
Cebpb,Fosb,0.006420894996509104
Sp1,Rbm3,0.006418724036560062
Arc,Hlf,0.006415599791854967
Foxo1,Per2,0.0064045696077719046
Per1,Jund,0.006401095659138806
Nr1d1,Thrb,0.006394971473310587
Esr1,Mecp2,0.006392424344196606
Sox9,Hdac2,0.006389741261199703
Junb,Rora,0.006389355068811916
Zic1,Mafb,0.006387669187977508
Rest,Dbp,0.0063859750707558165
Nr3c1,Rxrg,0.006385861070663676
Egr1,Mecp2,0.006381551216022478
Rorc,Crem,0.006359154661707657
Cebpb,Cux1,0.006355247172685379
Ctcf,Rora,0.006353762899549801
Zic1,Nfkb1,0.006350700380682385
Neurod1,Rorb,0.006348221300382458
Rorb,Rorc,0.006336023935920592
Sim1,Cry2,0.00633446999760078
Jun,Apoe,0.006331465536463076
Klf9,Thrb,0.006327612341304732
Hdac2,Atf4,0.006322180143565271
Sox9,Mef2d,0.0063217157268170435
Bcl11b,Ccnd2,0.006318977264227794
Pomc,Neurod2,0.0063187077761787305
Mafb,Tsc22d3,0.006318483266234145
Rorb,Srebf2,0.006315322596505864
Nr4a1,Nr3c1,0.0063127103731970115
Cux1,Ppara,0.006307115439812737
Fosb,Rbm3,0.006304061974835274
Hdac1,Ppargc1a,0.00629708477870649
Junb,Zic1,0.00628954970123796
Scg2,Tbr1,0.006261463783613862
Scg2,Fosb,0.006261262813614305
Yy1,Cux1,0.006258195025344521
Jund,Mt1,0.006244119490750201
Pomc,Klf4,0.006243317512808194
Srebf1,Sp3,0.006239853949931714
Clock,Rbm3,0.006211930057931487
Per2,Hlf,0.006207095135431543
Scg2,Tef,0.006201674005071712
Hlf,Thrb,0.00619914413325257
Nr1d2,Nfkb1,0.006198761149883928
Mef2d,Ar,0.006195948246157096
Jun,Mecp2,0.006193399212761268
Rora,Ppargc1a,0.006189076316227121
Nr4a1,Crem,0.0061820141274823775
Nr3c1,Foxo3,0.006181612398963883
Sim1,Nr1d2,0.006179519335151027
Nr5a1,Cux1,0.0061769874759836675
Hlf,Ccnd2,0.006173047552645248
Klf4,Rela,0.006169151406382375
Cebpb,Sox9,0.006166488015798058
Atf4,Ar,0.006154345777262486
Rora,Pcsk2,0.006150614798326151
Bcl11b,Klf9,0.006141453598149574
Hdac2,Rela,0.006138553863032783
Cebpb,Cux2,0.006138420631002739
Sp3,Arntl,0.006132230959580334
Stat3,Rora,0.006122553584699035
Dbp,Jun,0.00610145921103991
Rorb,Rnaset2a,0.006092109834294066
Pcsk2,Cux1,0.00608902732409097
Rest,Jund,0.006078150785768622
Scg2,Foxo3,0.006077563152418841
Cebpb,Pomc,0.006073991131795716
Tsc22d3,Homer1,0.006067822595064357
Crem,Arc,0.006059421172271588
Nfkb1,Nr3c1,0.006052683190606851
Foxo1,Yy1,0.006047785032227065
Fos,Hlf,0.006045501784591703
Srebf1,Rest,0.006039097102265922
Foxo3,Hlf,0.006034844579487942
Thrb,Rela,0.0060344245847460945
Scg2,Klf9,0.006032733202232054
Rora,Arc,0.006020042279896635
Arntl,Hlf,0.006003555615535983
Nr4a3,Homer1,0.0059964280471718565
Nr3c1,Ctcf,0.0059958380031789466
Arc,Ctcf,0.005995424181441634
Mafb,Foxo1,0.005994924523611809
Srebf2,Nr1d1,0.005992217696616123
Hdac1,Nr4a2,0.005988695851857426
Jun,Scg2,0.005977713877555426
Mef2d,Yy1,0.005968499198593453
Rorb,Arntl,0.005968334637595704
Apoe,Fos,0.0059542896794052835
Rorc,Sp3,0.005950667687752257
Scg2,Foxo1,0.0059503879845217884
Rorb,Nr5a1,0.005948694425431011
Dbp,Thrb,0.005923464415918355
Fosb,Mt1,0.005919050580964163
Sp1,Clock,0.005915802456802345
Thrb,Malat1,0.0059138990166138815
Rbm3,Mef2d,0.005913632981761433
Tsc22d3,Ppara,0.005911617295996137
Tsc22d3,Srebf2,0.005904935345393286
Nr1d2,Rorb,0.005902105876632515
Sox9,Atf4,0.005900601926345971
Rcor1,Stat3,0.005891757785705205
Atf3,Malat1,0.0058795217719915015
Klf9,Bdnf,0.005861703894306262
Nr3c1,Dlx1,0.005861664331532682
Srebf2,Malat1,0.0058487405848146835
Junb,Dlx2,0.005840631788315861
Sp1,Rora,0.0058321045926586846
Nr4a1,Bcl11b,0.005826754618360114
Stat3,Atf4,0.005806333538384495
Egr2,Per1,0.005802362670220438
Atf3,Ctcf,0.005795939879507246
Sp1,Mecp2,0.005787314747112746
Klf9,Nr1d2,0.005786172701289113
Rest,Rbm3,0.005784662588309271
Nr3c1,Cry2,0.005780681641690423
Ar,Cry1,0.0057537871671469966
Crem,Mecp2,0.005751714685756406
Zic1,Rorb,0.005742483028382856
Rorc,Nfkb1,0.005729323025829584
Ar,Mecp2,0.005728275045362341
Hdac1,Dbp,0.005719261895525969
Homer1,Scg2,0.005716666324488973
Sp1,Tsc22d3,0.005713353288188644
Hlf,Fosb,0.005708043167821779
Egr1,Esr1,0.0057076280993292325
Nkx2-1,Mecp2,0.005704439117151984
Yy1,Clock,0.005697180300515582
Stat5a,Nfkb1,0.005696237265498821
Rorb,Rora,0.00569094040744263
Srebf1,Cry2,0.005686613679013962
Sox2,Cux2,0.005682694605757023
Sp1,Foxo1,0.00567704808928965
Dlx1,Stat3,0.0056769080958299755
Nfkb1,Sp1,0.005675189563098044
Ar,Tsc22d3,0.005658854926860694
Jund,Mef2d,0.005646451997848982
Mecp2,Mef2d,0.005645856006962865
Tbr1,Per2,0.005637499276648915
Tef,Tsc22d3,0.005630773412164121
Cry2,Clock,0.005615789296547416
Jun,Ccnd2,0.005614437634051094
Ar,Rbm3,0.0056135920404205555
Mef2c,Tef,0.005612895998015259
Per1,Mecp2,0.005609096572939958
Klf9,Atf3,0.005605700761111527
Rbm3,Malat1,0.0056021957786990245
Hlf,Esr1,0.005600812697648573
Cry1,Sox9,0.005594754930449351
Junb,Nfkb1,0.005593189331881767
Rest,Nr3c1,0.005592897428489765
Npas4,Rbm3,0.005592882057541677
Jun,Homer1,0.005590162655349264
Rest,Sox2,0.005586759343412496
Pcsk2,Bdnf,0.005584547642533772
Atf3,Rela,0.005583127637851702
Arc,Hdac1,0.0055813422213987565
Rbm3,Scg2,0.0055798281956169595
Jun,Thrb,0.005579027931465834
Ctcf,Rorc,0.005576951154003517
Klf9,Stat5a,0.005567025647382033
Sim1,Sp1,0.005561594794759136
Yy1,Sox2,0.005542148417215193
Sp1,Mef2d,0.005523086231604972
Stat3,Thrb,0.005519780163018131
Nr4a3,Bcl11b,0.005516195935633657
Klf4,Clock,0.005510509583100695
Stat3,Rbm3,0.005505457987353044
Ppara,Rest,0.005501160558498238
Sp1,Mafb,0.0055006403333017866
Yy1,Esr1,0.005496243523106024
Nr1d1,Nr4a1,0.005495183757695924
Tsc22d3,Esr1,0.005493478140484455
Tsc22d3,Nfil3,0.005486142707723223
Rbm3,Nfkb1,0.005483010967742113
Pcsk2,Thrb,0.0054818188225970255
Arc,Srebf1,0.0054686701387232
Esr1,Rbm3,0.005455545955270268
Per2,Srebf2,0.005449128209008804
Nfkb1,Nkx2-1,0.005441468196435499
Ppard,Nr3c1,0.005436264553431219
Junb,Srebf2,0.005433232288721208
Ctcf,Clock,0.0054243248535704265
Nr4a1,Yy1,0.005410220846072024
Foxo1,Sox9,0.0053924865139421746
Junb,Nr3c1,0.005388292035470704
Hdac1,Rnaset2a,0.005377780123402116
Nr1d2,Cry1,0.005371521382623667
Cebpb,Pcsk2,0.005368481189091588
Tef,Tbr1,0.005368381173704167
Neurod1,Esr1,0.0053532696778701774
Foxo1,Sp3,0.005349441329995585
Nr4a2,Klf4,0.005347100307142501
Ppard,Esr1,0.00534408917674374
Bdnf,Ar,0.005341862309013886
Rorb,Pcsk2,0.005329545737438205
Rbm3,Fosb,0.005329489588438112
Stat3,Rest,0.005329471245671968
Nkx2-1,Hdac1,0.005328224399463442
Rorb,Ar,0.005326755559001411
Per2,Sox9,0.005312041769126298
Crem,Malat1,0.0053081663031328205
Ctcf,Tef,0.005304558868562427
Foxo3,Klf9,0.0053036813059992435
Egr2,Hdac1,0.005303384865872037
Egr2,Jun,0.005302183930971237
Fos,Dbp,0.005302150144873164
Stat3,Nr3c1,0.0052950524798527805
Junb,Bdnf,0.005293013524812503
Atf3,Nfil3,0.005291727436780042
Hdac2,Malat1,0.005286598419352528
Rora,Rela,0.005278624910974241
Egr1,Bdnf,0.005263704589808558
Zic1,Tsc22d3,0.005261385110867465
Klf9,Cebpb,0.005257101990503482
Foxo1,Npas4,0.0052569781387172615
Olig1,Srebf1,0.0052537629286975715
Pomc,Zic1,0.005246320373281564
Cry1,Rorc,0.005246002542145087
Bdnf,Thrb,0.005228926111764849
Rorb,Dbp,0.005224928005642782
Nr1d2,Cux1,0.005199937039563463
Nr1d1,Rbm3,0.00519862770820326
Tsc22d3,Atf3,0.005192828009932902
Nr4a2,Jund,0.005189245945260691
Rora,Stat3,0.0051892404667549675
Rorb,Fosb,0.005188138116053141
Nr4a2,Hlf,0.005184098844676823
Homer1,Arntl,0.0051801845538182135
Npas4,Jund,0.005177148598423141
Tef,Klf9,0.005177032603244946
Per2,Klf9,0.0051725554594878416
Junb,Stat5a,0.005161274736009159
Cry2,Rorc,0.005141972610836839
Sp1,Nr3c1,0.00514081480899306
Sp3,Ppara,0.005129974368674745
Sp1,Klf4,0.005128956402720607
Ppara,Hlf,0.005125662147570562
Egr1,Rcor1,0.00512467324124729
Sox2,Malat1,0.005115265137440153
Klf9,Nr1d1,0.0051051951051162
Cry1,Mecp2,0.005103700823043718
Mef2c,Ctcf,0.005099990262186
Cebpb,Hdac1,0.005096279948017601
Rest,Nr4a1,0.005090247146276341
Fos,Esr1,0.005090194683571296
Bcl11b,Srebf2,0.005087300642724442
Bcl11b,Mef2d,0.00508592063349489
Per2,Nr4a1,0.0050833849732830885
Cry1,Bdnf,0.005083046173289908
Cux1,Esr1,0.005077636231371985
Junb,Tef,0.005070332090368649
Nr4a1,Rbm3,0.005066070786537304
Srebf2,Fosb,0.005060951715769705
Nr4a1,Rcor1,0.005047952760340187
Nr4a3,Sox2,0.005043248140414006
Atf4,Tsc22d3,0.005025032420759531
Foxo3,Sox2,0.005017544940241539
Nr1d1,Ctcf,0.005015802682909452
Bdnf,Rbm3,0.005014759914514892
Fosb,Rnaset2a,0.005011368302686119
Cry2,Nr4a2,0.005010739231525429
Sox2,Mafb,0.005007508714884022
Nr1d1,Nr3c1,0.005001817241130726
Sox9,Nr4a3,0.005001099584585401
Hlf,Nr4a2,0.004996691121222704
Cebpb,Hdac2,0.004988720968706338
Ppargc1a,Pcsk2,0.004986539837651921
Nr4a1,Jund,0.00498541531835837
Nr1d2,Ar,0.004976419791658479
Mef2d,Klf9,0.004973373763582711
Foxo3,Cebpb,0.004966232061865326
Cebpb,Rora,0.004962800850588542
Nfil3,Per1,0.004961695912966595
Fos,Tef,0.004955219507844787
Foxo1,Hlf,0.0049539146219481954
Nr4a3,Klf4,0.004953593993263305
Fosb,Nr3c1,0.004948495099356575
Scg2,Junb,0.004947791493945647
Srebf1,Stat3,0.004938673670643773
Apoe,Neurod6,0.004935356690307154
Rbm3,Nr4a1,0.004934107579481198
Cry2,Rela,0.004927864104180563
Pomc,Dlx2,0.004923785780508029
Hdac2,Fosb,0.004917298675635206
Atf4,Apoe,0.004916392209288936
Sp1,Cry2,0.00491241050112846
Per1,Hdac1,0.00490454104230015
Nr3c1,Stat5a,0.004901556812702843
Nr4a1,Foxo3,0.004890717483131669
Jun,Sp1,0.0048891451773036745
Klf4,Rcor1,0.004869947128881776
Hdac1,Nfkb1,0.004864487505182606
Rorb,Mef2d,0.0048595168435363895
Cebpb,Tsc22d3,0.004853427609010134
Arntl,Gnas,0.004849115618153348
Foxo1,Tef,0.004848043144436204
Cry2,Rorb,0.004835333751298603
Tsc22d3,Nr4a2,0.004831709183524483
Scg2,Pparg,0.004830938386564495
Ctcf,Nr1d1,0.0048078503895264
Ppard,Sox2,0.004804270238972892
Cebpb,Zic1,0.004798554213611439
Atf4,Stat3,0.00479347553880605
Sox9,Scg2,0.00479091467870445
Dlx1,Rorc,0.004788638440509589
Rora,Nr1d2,0.004782706192934324
Tef,Jund,0.0047815254218513716
Rorb,Sox9,0.004769359654575704
Hdac1,Sox2,0.004768101544873381
Ppara,Rorc,0.004759888388109047
Rbm3,Rorb,0.004758557580362757
Nfkb1,Nr1d2,0.004749922054707555
Satb2,Esr1,0.004749569726565288
Foxo3,Foxo1,0.004738480927701529
Rorc,Mecp2,0.004727365125577431
Sox9,Malat1,0.004715211821521962
Esr1,Gnas,0.004709522951595802
Jun,Fezf2,0.004705804224199165
Fos,Rora,0.004697755756364751
Sox9,Homer1,0.004690863990616617
Nr4a1,Thrb,0.004681434039562787
Fosb,Cry2,0.004679175117717289
Mef2d,Nr5a1,0.004673110404870919
Nr3c1,Klf9,0.004668365493785501
Ppargc1a,Klf9,0.004665083922847656
Junb,Tsc22d3,0.004662955075577176
Dbp,Cga,0.0046582150933679786
Nr4a1,Nr1d2,0.004653289196219518
Mecp2,Rbm3,0.004650403707966888
Crem,Jund,0.00464398571944714
Sp3,Nr4a3,0.004639349362099201
Crem,Junb,0.00463425234476488
Arc,Ar,0.004633670503505923
Hdac2,Rnaset2a,0.00463145020386824
Mecp2,Cry1,0.004627682146473913
Tsc22d3,Egr1,0.004625098336151383
Hlf,Nr5a1,0.004624827991829323
Mef2d,Foxo1,0.0046214820970560495
Rorc,Klf4,0.004618675055030045
Fos,Srebf2,0.004616764320389209
Yy1,Dbp,0.004599837830068847
Neurod1,Homer1,0.00459082674708487
Crem,Tef,0.004589132391719074
Hdac2,Nr5a1,0.004582808064764561
Egr1,Nfil3,0.00458200752546846
Sox2,Atf4,0.004577216504309363
Mecp2,Nfkb1,0.004577115234617414
Tef,Cebpb,0.004575621808688733
Hdac2,Per2,0.004569280899468106
Apoe,Dlx1,0.0045676772981932965
Cux1,Cry1,0.00456230787357616
Nr4a2,Hdac1,0.0045605459040942145
Nr4a2,Rora,0.004558702020441169
Ppara,Sp3,0.004558428398485926
Nr3c1,Dbp,0.004546136904022204
Rest,Klf9,0.004537695323078594
Atf4,Clock,0.004534458062465868
Tef,Mef2c,0.004533057334346908
Sox9,Zic1,0.004527400034274653
Crem,Bdnf,0.00452389514814429
Srebf2,Mecp2,0.004521352240984871
Rora,Foxo1,0.0045209859017102255
Atf4,Homer1,0.004495401629828367
Ar,Rest,0.0044936325544054035
Stat5a,Nr4a1,0.0044816720183802556
Esr1,Cux1,0.0044771720982550774
Rbm3,Bdnf,0.004476208238612623
Nr5a1,Klf9,0.004475694305389125
Crem,Dbp,0.0044729646347525034
Srebf2,Ccnd2,0.004469060995659447
Hlf,Cux1,0.004451571447819934
Cebpb,Mt1,0.004439177381078803
Srebf1,Mt3,0.004431190989539398
Egr2,Fos,0.004429726287660935
Jund,Junb,0.004427704028621472
Klf9,Srebf1,0.004422167763040504
Thrb,Bdnf,0.004419678739951469
Nr1d2,Esr1,0.004417720503943655
Fos,Tsc22d3,0.004400892287950912
Foxo3,Jund,0.00439549324404282
Stat3,Srebf1,0.004391158973943185
Nr4a2,Pparg,0.004386012334151605
Olig1,Apoe,0.0043822593563388025
Atf4,Ccnd2,0.004378874554335606
Per2,Cux1,0.0043723065704509715
Jund,Pparg,0.004370902671593158
Cux1,Rorb,0.004369350400387779
Esr1,Apoe,0.00436767716362072
Tsc22d3,Fosb,0.004366588377342213
Cebpb,Ar,0.004359599557741807
Nr5a1,Mef2d,0.004333946710481471
Cux1,Dlx2,0.004326870025362117
Hdac2,Hdac1,0.004326760833031746
Mecp2,Malat1,0.004326520667916965
Jun,Rorb,0.004324748719503246
Yy1,Hdac2,0.004323254178025128
Pomc,Satb2,0.004321995430347522
Per1,Dlx1,0.004316030543732079
Cux1,Foxo3,0.004310517666793
Ppargc1a,Rcor1,0.004308551519022098
Nr3c1,Rnaset2a,0.004303892651354396
Sp3,Stat3,0.004302792341382919
Homer1,Atf4,0.004302520253069538
Clock,Sox2,0.004299789942085457
Fosb,Cux2,0.004297917036996993
Atf4,Rora,0.004290671565023681
Nkx2-1,Mt3,0.004283179751901653
Pomc,Tbr1,0.00427655030703616
Cebpb,Esr1,0.004274137332330459
Sox9,Jun,0.0042685485444184015
Stat3,Per1,0.004264875063696379
Srebf1,Cux1,0.004256965900784607
Hlf,Nr4a1,0.00425656055794305
Foxo1,Bdnf,0.004256121417286202
Clock,Rorc,0.004254156633270655
Srebf1,Rcor1,0.004251565414314944
Mecp2,Arc,0.004251308340992702
Nkx2-1,Gnas,0.0042494880333379895
Rcor1,Nkx2-1,0.004245414613070749
Fosb,Mef2d,0.004236915669825624
Cux1,Atf4,0.004235402162852353
Sp1,Tbr1,0.00423271177593467
Klf9,Fosb,0.004219552604942665
Esr1,Rora,0.004214925295903206
Nr4a1,Rorc,0.004210718435534767
Sox9,Rorb,0.004209499762349286
Homer1,Nr1d2,0.004204230149452632
Atf4,Cux1,0.004201747418196322
Mafb,Cux1,0.004199826521392577
Rcor1,Ppargc1a,0.004197186964842371
Pomc,Mafb,0.004196115379780763
Hdac1,Ccnd2,0.004193372382367804
Egr1,Rxrg,0.004192498695989543
Nkx2-1,Sp1,0.004191443525783727
Scg2,Rela,0.004190951517472755
Npas4,Fos,0.004190746602542309
Ctcf,Sox9,0.004188530892652719
Nr4a1,Scg2,0.004184902719858233
Nr1d2,Nr5a1,0.0041827927212537575
Nfkb1,Klf9,0.004179358907518389
Tef,Sox2,0.004178089027556417
Klf4,Hlf,0.004177397485051088
Bcl11b,Hdac2,0.004174875013772665
Klf9,Dbp,0.004173987273895793
Rcor1,Mafb,0.004169380275734133
Rora,Stat5a,0.004167895480721041
Mafb,Homer1,0.004161949430833785
Tef,Atf3,0.004160930809084142
Sp3,Foxo1,0.004158485943499026
Npas4,Nr4a2,0.004155949842379236
Zic1,Yy1,0.004151233665486321
Neurod1,Thrb,0.004146003517896162
Sox9,Meg3,0.004140228718552728
Nr1d1,Dlx1,0.0041391379773483014
Jun,Ppargc1a,0.00413504228922108
Rcor1,Ccnd2,0.004129880771798843
Mecp2,Pparg,0.004129781866902456
Ppard,Foxo3,0.004128791877084345
Rbm3,Per1,0.004121945181523375
Atf3,Cry2,0.00411840596409192
Dbp,Pparg,0.004116388569158739
Arc,Jund,0.004114664052085094
Cry2,Klf9,0.0041124564001928845
Cry1,Crem,0.004110818818934554
Pomc,Mt3,0.004108856202707549
Arntl,Homer1,0.004106422444783831
Ctcf,Malat1,0.004097115541164059
Tef,Sp1,0.00409084099016152
Nr3c1,Cebpb,0.004090712230518758
Nfkb1,Clock,0.004084353996938652
Rela,Ar,0.004067245754639557
Nr4a1,Neurod1,0.004064004875585214
Egr1,Rela,0.004059839949712051
Fosb,Gnas,0.004051317916123037
Tef,Pomc,0.004042887810355982
Cry1,Nr4a2,0.004038784485390925
Cux2,Ccnd2,0.004031279298263055
Homer1,Nr3c1,0.004030089874666476
Nr5a1,Rora,0.0040244025645668115
Per2,Yy1,0.0040237578014721415
Neurod1,Atf4,0.004020173121752259
Scg2,Arc,0.004019611143888789
Egr1,Dlx1,0.0039995692638092354
Nr3c1,Junb,0.003996761207355715
Nr4a1,Hlf,0.00399299532852059
Mecp2,Nr3c1,0.00399240402748158
Cux1,Nr4a2,0.0039904855406258585
Atf3,Atf4,0.003988107060382902
Stat3,Pcsk2,0.003985706190268323
Cux1,Nfil3,0.003985497320891202
Olig1,Dbp,0.0039770497349943075
Sox2,Ppargc1a,0.003975678491849716
Rora,Sim1,0.003975039008545251
Mef2c,Sp3,0.003972075135363536
Sp3,Dbp,0.003964222726350683
Dlx2,Tef,0.003956564949906746
Sp3,Rbm3,0.003951899782685358
Sp1,Ccnd2,0.003947204491817664
Pcsk2,Mecp2,0.003945632232398599
Hdac2,Nr4a2,0.003936260164563875
Hlf,Hdac2,0.003933650181797189
Rorc,Cry2,0.00393264090940678
Rbm3,Foxo1,0.003930633462411152
Nkx2-1,Stat3,0.003922833823926035
Hdac2,Egr1,0.003919575092073568
Foxo3,Ppargc1a,0.003913852122356582
Per1,Rnaset2a,0.003911048193160874
Junb,Nr4a3,0.0039060783048602875
Nr4a2,Cux2,0.003902996916751556
Npas4,Bcl11b,0.0038952044866797306
Klf4,Malat1,0.0038921996275771676
Homer1,Pcsk2,0.00388937375805632
Stat5a,Nr3c1,0.003888056801432879
Bcl11b,Pcsk2,0.0038871385781556896
Hdac1,Nr1d2,0.0038854950353285856
Rela,Nr1d1,0.00387947125652353
Rora,Nr5a1,0.0038785883727069643
Fos,Pomc,0.0038732894564776055
Klf9,Crem,0.0038694138971054714
Nr3c1,Rbm3,0.003862045085670667
Sp3,Rcor1,0.0038601403595920174
Sp3,Esr1,0.0038560610538418438
Sp3,Foxo3,0.003853312895826883
Jund,Rorb,0.0038393275236453662
Arc,Nfkb1,0.003837442393551772
Rbm3,Rxrg,0.0038288148974800727
Klf9,Rora,0.0038287288855530215
Nkx2-1,Apoe,0.0038281776019822
Nr4a3,Nr4a1,0.003824433811828937
Thrb,Nkx2-1,0.003818377635542059
Nr1d2,Arntl,0.0038171923360915344
Esr1,Stat3,0.0038111841142572022
Stat3,Rnaset2a,0.0038086043410324286
Ctcf,Nkx2-1,0.0038032932053285937
Tef,Scg2,0.00379430433334154
Per2,Mef2c,0.0037794601786933957
Rcor1,Sp3,0.0037791431517509065
Mef2c,Rorc,0.003775376980387861
Mafb,Sox2,0.0037734040844204235
Rorc,Cry1,0.003764159366800388
Junb,Malat1,0.0037624078968417855
Hdac2,Foxo1,0.0037618930243571076
Pcsk2,Rest,0.003761387323852634
Rela,Hdac2,0.003761155719258469
Cry2,Sp3,0.0037597756909689994
Klf4,Mafb,0.0037550410524856957
Nfil3,Mecp2,0.003746721852274739
Rxrg,Rbm3,0.003745195551716216
Yy1,Nr3c1,0.0037415601550863423
Crem,Cebpb,0.0037385140315353378
Per2,Rbm3,0.0037384990566506136
Per1,Dbp,0.0037317443640515653
Mef2c,Foxo3,0.003730951414539457
Foxo3,Egr2,0.0037305259158664566
Rxrg,Scg2,0.0037300755362995497
Cux1,Per1,0.003729949383024224
Hdac2,Ccnd2,0.0037263154754695314
Ar,Nkx2-1,0.0037247048884063963
Mef2c,Ar,0.0037236442488162006
Mecp2,Hlf,0.003722642984072042
Srebf2,Ppargc1a,0.0037203050526734617
Mef2c,Nr3c1,0.0037170202542114996
Rbm3,Ccnd2,0.003716067526701004
Hdac1,Per1,0.0037128064024624717
Cux2,Rorb,0.0037101181357078535
Nr1d2,Ccnd2,0.0037045362659021168
Per1,Ctcf,0.00368782954096977
Rorb,Nfil3,0.00368734129332954
Rbm3,Mecp2,0.003678604173124928
Stat3,Rcor1,0.003676518367238913
Cry2,Cebpb,0.0036753865986104573
Stat3,Rorb,0.003672073592809179
Nr1d1,Nr4a2,0.0036708108555236663
Cux2,Tef,0.0036692827964619865
Per2,Per1,0.0036527588510747756
Rbm3,Nr3c1,0.0036520209194639505
Mef2c,Foxo1,0.003648625857370204
Rxrg,Homer1,0.0036479536419968656
Rora,Rcor1,0.0036427222108334923
Cux1,Crem,0.0036398362807994163
Rora,Cux1,0.0036380025212128385
Nfil3,Ar,0.0036370876230635393
Mafb,Stat3,0.0036358935013458644
Cux2,Ar,0.0036334038386509723
Cebpb,Tef,0.0036272836356469225
Dbp,Stat5a,0.003623003243609175
Rora,Atf4,0.0036143260795515296
Nfil3,Srebf2,0.003613047677472941
Stat3,Hdac1,0.0036104739942400114
Srebf1,Clock,0.003602665591448997
Srebf1,Gnas,0.0035976274295652904
Klf9,Ccnd2,0.003586193071158732
Fos,Srebf1,0.003583198486053499
Foxo1,Nfkb1,0.0035809437958139877
Atf4,Meg3,0.0035803680547561285
Jun,Cga,0.003577816636699632
Hdac2,Gnas,0.003569320195842863
Atf3,Nr4a2,0.003567390673491185
Arc,Rnaset2a,0.0035661773671752444
Bdnf,Rela,0.0035651442441288067
Egr1,Apoe,0.0035650813404693974
Olig2,Bcl11b,0.0035598214680326794
Yy1,Cry1,0.0035579200507410503
Mafb,Rest,0.0035577026606990053
Mef2c,Mecp2,0.003555051129330067
Crem,Mafb,0.0035448846405028264
Ar,Homer1,0.0035433384166119616
Rora,Klf4,0.0035420669115594186
Stat3,Clock,0.0035395101014448404
Clock,Egr1,0.0035388556600406125
Egr1,Bcl11b,0.003538456128367577
Nfil3,Rnaset2a,0.0035351531275794935
Sp3,Cux2,0.0035326969225045516
Klf4,Nr1d2,0.0035326076826855735
Mecp2,Cux2,0.0035287962114419523
Atf4,Klf9,0.0035244150364802545
Rora,Scg2,0.0035178610259452834
Tef,Rest,0.003514711504761213
Arntl,Sp3,0.0035130682092933485
Klf9,Ar,0.0035053784180614006
Pcsk2,Ar,0.003501485580392974
Hlf,Nr3c1,0.0034988929590263644
Srebf1,Mt1,0.0034953087571026865
Klf4,Cux1,0.0034861528350911488
Egr2,Mt1,0.003483598391551396
Nfil3,Per2,0.0034830342506003693
Sp1,Stat5a,0.0034819278520968862
Per2,Nfil3,0.0034776884545222385
Hlf,Klf4,0.0034760017147453474
Nr4a2,Sp3,0.00347266897328925
Cry2,Mecp2,0.0034706048032918653
Arc,Mafb,0.003470279304088312
Hdac1,Yy1,0.003470275928134027
Nfkb1,Klf4,0.0034525697767018217
Dbp,Cux2,0.003448737293171612
Hlf,Zic1,0.0034486839214101198
Rorb,Hdac1,0.003448638914175846
Fos,Rorb,0.003447132646115392
Rxrg,Malat1,0.0034435681561519925
Ppara,Foxo1,0.0034393028789601004
Mecp2,Nr5a1,0.003436435138841681
Mecp2,Rest,0.003436152461627636
Rorb,Rxrg,0.003435943912895555
Sp3,Clock,0.0034315202018835754
Scg2,Rest,0.003427234562261852
Rorc,Nkx2-1,0.003426062890904149
Mafb,Nr5a1,0.00342605332708763
Sp3,Neurod1,0.003424873846504202
Rxrg,Cux1,0.0034180661809703294
Sp1,Dbp,0.00341439255105562
Cebpb,Nkx2-1,0.0034018935143627083
Ppargc1a,Nr5a1,0.0033984611559169774
Mef2c,Per1,0.0033915692581015186
Cry2,Mef2d,0.00337866301391059
Klf9,Homer1,0.003367565309217064
Klf4,Jund,0.0033669131420667525
Cux1,Mecp2,0.0033662335600931226
Apoe,Nr4a3,0.003364883007858846
Pcsk2,Srebf2,0.0033609814276405986
Bdnf,Nr3c1,0.0033600255909933025
Ar,Mt3,0.003354468541385952
Nr3c1,Ccnd2,0.0033505521487701864
Clock,Nr1d2,0.0033493910040943062
Stat5a,Bdnf,0.003346563922771932
Sox2,Rorb,0.003342643837234737
Cebpb,Clock,0.0033420885533581926
Homer1,Mecp2,0.0033384756015321193
Foxo1,Ccnd2,0.00333771686973136
Hlf,Ctcf,0.003332069908453225
Nr1d2,Tsc22d3,0.003331787681512729
Sp1,Rorb,0.0033262465191527925
Bcl11b,Malat1,0.0033253650039197623
Sox2,Pcsk2,0.003323844088298994
Arntl,Cux2,0.003316619901556024
Rcor1,Ar,0.003313473463616152
Mef2c,Ccnd2,0.0033060828692870682
Nfil3,Hdac2,0.0033057786509038474
Sox9,Bdnf,0.0033051158107546908
Cebpb,Ppargc1a,0.003296505357107506
Thrb,Stat3,0.003287162422622923
Srebf2,Thrb,0.003284224260363938
Sox9,Clock,0.003280117520900536
Pcsk2,Foxo1,0.0032788428844526614
Klf9,Sp1,0.003276296170141959
Nr4a1,Neurod2,0.0032716315783628677
Atf3,Ar,0.0032669308475106215
Rela,Sox2,0.0032658321317624176
Egr1,Ccnd2,0.0032632495679683986
Scg2,Srebf2,0.0032615089768243074
Tsc22d3,Arc,0.003260422348768198
Clock,Nr4a3,0.003260213421227583
Sox9,Rcor1,0.0032593995634361207
Mecp2,Ppard,0.0032507042315269266
Hlf,Stat3,0.003249814206597583
Nr1d2,Hdac1,0.003245932659947715
Hlf,Malat1,0.0032403714211059345
Mecp2,Srebf1,0.0032369370361770306
Bdnf,Foxo3,0.003235519734770853
Nkx2-1,Ctcf,0.0032343913773243025
Hdac2,Nr3c1,0.0032273744240425436
Homer1,Ccnd2,0.0032249685326811673
Cux2,Bcl11b,0.0032202457294728936
Homer1,Nr4a3,0.003217842168163842
Arc,Cux2,0.0032134983928171447
Sp3,Nr3c1,0.0032124511023111377
Nr3c1,Yy1,0.0032122283422179082
Olig2,Klf9,0.0032085225928103803
Arc,Dbp,0.0032083505896439595
Pcsk2,Apoe,0.0032071248100654513
Nfil3,Pcsk2,0.003205660550514409
Nfkb1,Hdac1,0.003197375911782148
Ctcf,Rnaset2a,0.003194216529164562
Pcsk2,Rxrg,0.003194067177686675
Dlx1,Mef2d,0.003190485744880197
Egr1,Mef2c,0.0031833669747140148
Rorb,Meg3,0.003182791559809502
Hdac1,Atf4,0.0031812283199076077
Jun,Ppara,0.003180297642603942
Mef2c,Jund,0.0031756724490131136
Tef,Rcor1,0.0031680576840175095
Rxrg,Atf4,0.003163631856569852
Jund,Cux2,0.0031454438214900252
Jund,Nkx2-1,0.0031434210817571067
Hdac1,Bdnf,0.0031409012592768398
Atf3,Nr4a3,0.0031390023425705797
Nr1d1,Tbr1,0.0031362398355037073
Rora,Ccnd2,0.0031353885980387928
Sox2,Cga,0.003132958470988228
Stat3,Mecp2,0.0031328616397239477
Bdnf,Foxo1,0.0031260336621129433
Cry2,Crem,0.0031129500441509786
Ctcf,Meg3,0.0031115957018951214
Klf9,Meg3,0.003109891546966235
Zic1,Dlx1,0.003106341466266313
Crem,Gnas,0.003096292112241174
Olig1,Sox9,0.0030892134816343504
Per1,Stat3,0.0030790724565391238
Dbp,Clock,0.0030731000533755193
Foxo3,Rnaset2a,0.003072706036290783
Stat5a,Olig2,0.0030726676746536384
Junb,Nr1d1,0.003071616092897872
Nr4a1,Nfil3,0.0030707346756760063
Tsc22d3,Mef2d,0.0030665764311762706
Cry1,Sp3,0.003065749623928402
Rbm3,Clock,0.0030579679729691002
Foxo3,Cux2,0.003053292728514454
Srebf1,Ccnd2,0.003051952713454919
Fosb,Atf4,0.0030502849218699297
Srebf1,Bdnf,0.003046833201498109
Homer1,Nfil3,0.0030439933075310697
Ar,Cebpb,0.003037454355948742
Atf3,Stat5a,0.0030368315413751338
Clock,Hlf,0.003028597437402259
Cux2,Hdac1,0.003024431251767972
Cux2,Mef2d,0.003024344404531158
Junb,Srebf1,0.0030223181038197405
Rorc,Scg2,0.003020645174378874
Atf4,Dbp,0.0030204252491148192
Ctcf,Neurod1,0.0030181814458330363
Nr3c1,Zic1,0.003015497477619902
Nr4a1,Ccnd2,0.0030046507252692875
Bcl11b,Srebf1,0.0029980258570548217
Nr4a1,Sox2,0.0029971407832998466
Arntl,Cga,0.0029908322943557617
Per2,Apoe,0.002988787133445269
Hdac1,Ar,0.0029877858181631524
Hlf,Cry2,0.002987588511620588
Cry1,Ar,0.0029872153913760072
Rorb,Ctcf,0.002986824515024144
Fosb,Thrb,0.0029836056895617856
Nr4a2,Thrb,0.002983427715961412
Egr1,Stat3,0.002982541039067
Ar,Jun,0.002980590584736734
Foxo1,Jund,0.002973290627878907
Ppargc1a,Malat1,0.002970029426447994
Foxo1,Nr1d2,0.0029667745218294158
Cux2,Rcor1,0.0029648518139206237
Nfil3,Jund,0.002960969796450302
Hdac1,Tsc22d3,0.0029602150168783663
Foxo3,Nr4a1,0.0029557259908287456
Npas4,Egr1,0.00295456454568798
Nr4a3,Nr3c1,0.0029541508731333174
Apoe,Cga,0.0029482626050594224
Nfil3,Rxrg,0.0029481154779707236
Homer1,Fos,0.002945007639986614
Rxrg,Egr2,0.0029400911311639934
Hlf,Arntl,0.0029345125460962618
Mecp2,Apoe,0.002933052565405805
Pcsk2,Rorc,0.0029252609119578684
Hlf,Sp3,0.0029233600993273006
Klf4,Nr4a1,0.002922157451278492
Yy1,Klf4,0.002921905958290413
Foxo3,Nr3c1,0.002921531200336731
Klf4,Gnas,0.0029177047217800378
Cebpb,Nr4a3,0.002917230438683654
Nr3c1,Pcsk2,0.00291712768172924
Egr1,Clock,0.002908296138808729
Rorc,Tsc22d3,0.0029075818754360017
Tsc22d3,Crem,0.002905580905624579
Cry1,Nfkb1,0.002901209163580443
Egr2,Jund,0.0028932540923459573
Neurod1,Rbm3,0.002892482468750155
Klf4,Cry2,0.002884534523950542
Npas4,Cry1,0.002883313083227266
Cebpb,Nr1d1,0.0028832234277654583
Nr1d1,Stat3,0.002879697559221427
Rorb,Nr3c1,0.002877995663159559
Nr1d2,Ppargc1a,0.002877620359593363
Pcsk2,Gnas,0.002871082373100315
Stat3,Fosb,0.002869792318915098
Klf4,Per1,0.002863062901692312
Fezf2,Dbp,0.002858172058963376
Foxo1,Klf9,0.002856738264820005
Rela,Rorc,0.002852955893510595
Mef2c,Olig2,0.0028483026759529287
Nfkb1,Rorc,0.0028454156960115795
Scg2,Ppargc1a,0.0028430746862208576
Nfkb1,Cry2,0.0028336307214252743
Rora,Tsc22d3,0.0028311587551644846
Cux2,Thrb,0.0028284784692835926
Rorc,Ctcf,0.002826570980703456
Mef2d,Egr1,0.0028257660988904735
Nkx2-1,Nfkb1,0.002821474739086762
Rorc,Stat3,0.002821310768779614
Fos,Nr5a1,0.0028131858943564753
Mef2c,Thrb,0.002806095312757519
Nr1d2,Stat3,0.0028051016135955276
Mecp2,Crem,0.0028049990603059875
Cux2,Sp3,0.0028037603943807253
Cebpb,Srebf2,0.002803520406474053
Rcor1,Ctcf,0.0028018960102412288
Ctcf,Esr1,0.0027968430617397633
Nr4a2,Stat3,0.0027960698935947624
Tsc22d3,Cga,0.002796023750782237
Sp3,Tsc22d3,0.0027934901661977565
Ar,Pcsk2,0.002791506109308785
Thrb,Per2,0.00278865632521365
Jun,Rora,0.0027857780825102777
Rcor1,Hlf,0.0027833110935043385
Cux2,Rest,0.0027825168207643966
Fosb,Foxo1,0.0027817095984925657
Dbp,Arc,0.0027751238197346504
Klf9,Rnaset2a,0.002762556162896105
Esr1,Nr1d1,0.0027604863144020243
Hdac2,Rbm3,0.002755401313285841
Atf3,Hdac2,0.002750236664509508
Mecp2,Esr1,0.002749521151829837
Yy1,Cry2,0.0027488664601476023
Nfkb1,Rbm3,0.0027483045903166727
Egr2,Klf9,0.0027467788132482214
Scg2,Fos,0.002742056630483948
Pcsk2,Cux2,0.0027368788314281424
Sp3,Nkx2-1,0.0027367519594913236
Atf4,Nr1d2,0.002735465202064694
Zic1,Stat5a,0.002735218631248257
Yy1,Hdac1,0.0027352000843859944
Atf3,Crem,0.0027319019621230233
Cry1,Atf4,0.002730890369647949
Arc,Sox9,0.002725640150289508
Sox9,Egr1,0.002720360746387192
Foxo3,Nkx2-1,0.002715385841263122
Crem,Ar,0.0027083818285321983
Cry2,Esr1,0.0027075347642646847
Hdac2,Npas4,0.0027017915032708536
Rbm3,Mafb,0.0026955049715917207
Tef,Gnas,0.0026930930849432396
Nr1d1,Klf9,0.002691278867544863
Clock,Atf4,0.0026910870369386765
Pcsk2,Sp1,0.0026892818565046953
Foxo1,Dbp,0.0026888656595888197
Ppargc1a,Sox9,0.0026857953781558217
Pomc,Atf3,0.0026762661864120837
Rest,Satb2,0.002671335694647822
Nfil3,Crem,0.002669944454248156
Foxo1,Egr1,0.002669457662626533
Lhx6,Klf4,0.002667406786183193
Nr4a3,Npas4,0.0026660973338322974
Hdac2,Esr1,0.002663550911597433
Atf4,Rxrg,0.0026633745249080775
Nr5a1,Nr1d1,0.0026503847385776127
Sox9,Nr4a1,0.0026492683271138935
Rorc,Mef2d,0.0026476143492834255
Rxrg,Rora,0.0026470100844150513
Nr3c1,Ar,0.002643596535860263
Atf4,Ctcf,0.0026380711551430443
Cry2,Ctcf,0.002633154351808518
Rora,Rbm3,0.0026321769456820734
Rbm3,Gnas,0.0026319696997690453
Homer1,Neurod1,0.0026284379457648167
Mef2c,Sp1,0.0026246333786326915
Tsc22d3,Nr4a3,0.002618806899377427
Rorb,Cebpb,0.002613317539119591
Cux1,Jund,0.002613175662521266
Nr1d2,Hdac2,0.002612886488303553
Junb,Per2,0.002611540428654258
Sp1,Ppara,0.0026059799782512465
Rest,Bcl11b,0.0026023728229760098
Klf4,Tef,0.0025996540356473135
Rbm3,Sox9,0.0025994881575558404
Ctcf,Mef2c,0.002597702079076648
Klf9,Per1,0.002595930109743117
Nr4a1,Pomc,0.002595455721909267
Per1,Rorb,0.002595116482794175
Bdnf,Rnaset2a,0.0025928236205616435
Klf4,Cebpb,0.002589763999644808
Rorc,Cebpb,0.0025879353859070064
Nr1d2,Klf9,0.002578295329671028
Per2,Ar,0.0025765518634315544
Hdac1,Mecp2,0.0025747897493774066
Jund,Mt3,0.0025729974912334906
Atf3,Hlf,0.002572515924980093
Sp3,Rxrg,0.0025716916842990585
Neurod1,Ccnd2,0.002567106615535904
Pcsk2,Nfkb1,0.002565942636706885
Ctcf,Nr3c1,0.002563327169258197
Cry1,Yy1,0.0025597911102064417
Ppargc1a,Rora,0.002556042091750534
Fosb,Bdnf,0.002553734344759172
Arc,Mef2c,0.0025528457756453632
Olig1,Tsc22d3,0.0025509993721343277
Sp1,Esr1,0.0025501039391057816
Rorc,Ccnd2,0.0025496358577866193
Rela,Atf4,0.0025494516387147698
Dlx1,Pcsk2,0.0025486486107681324
Klf9,Cga,0.002547028046705257
Crem,Foxo1,0.0025463486858558365
Nr4a2,Neurod1,0.002540940333104594
Rorc,Clock,0.0025394025465078035
Stat3,Per2,0.0025377271652406775
Ar,Atf4,0.0025351337939810486
Stat3,Tef,0.0025349204949019263
Hdac2,Pcsk2,0.0025289535384646683
Mecp2,Klf4,0.00252621394407306
Dbp,Nr4a3,0.0025251484898151685
Per1,Nr4a1,0.0025251062827121554
Sp3,Meg3,0.002521712824035455
Rorc,Nr5a1,0.0025198768872969966
Cux2,Dbp,0.0025054050325934453
Nr3c1,Cux1,0.002505288262627372
Nr1d2,Cebpb,0.002502483310032396
Sp3,Egr2,0.0025024767373610177
Clock,Stat3,0.0025011630279678757
Klf4,Ar,0.002496191863022002
Per1,Mef2d,0.0024959817030694937
Mef2c,Cebpb,0.002493851156692526
Nr1d1,Foxo1,0.002493612489687393
Rorb,Arc,0.0024904017251010956
Klf9,Esr1,0.0024895681964785484
Mecp2,Jund,0.002486676445580601
Thrb,Clock,0.002484462361420539
Mef2c,Cga,0.0024838179526266405
Mef2d,Rorb,0.002482910688159313
Cux1,Tsc22d3,0.002482066514641612
Foxo3,Mef2c,0.0024793244548699783
Foxo3,Ar,0.002478036555798251
Nfkb1,Ccnd2,0.0024753102457161047
Cry1,Hdac2,0.0024717592220039352
Foxo1,Thrb,0.0024695244300961495
Yy1,Sp3,0.00246867725435749
Bcl11b,Thrb,0.0024678073783310343
Scg2,Cry1,0.002467150638582836
Dbp,Mef2d,0.0024661577485159147
Arntl,Sox2,0.0024655744968540482
Hdac1,Sp1,0.002464835497375325
Nr1d1,Nr4a3,0.002462975487145036
Klf4,Rorb,0.0024575161892973823
Foxo3,Npas4,0.0024481187072880714
Atf3,Rxrg,0.0024476272961211393
Atf3,Rbm3,0.002446734661641401
Hdac1,Sox9,0.0024416952829570946
Klf9,Egr2,0.0024396348174868755
Atf4,Rorb,0.00243619993285056
Rbm3,Ppargc1a,0.002434312997600697
Rela,Nr5a1,0.0024334076633052626
Nr5a1,Nfkb1,0.0024297552200268874
Homer1,Mef2c,0.002428418583649864
Ctcf,Dbp,0.002426607999273111
Bdnf,Pcsk2,0.0024249911747750486
Stat3,Tsc22d3,0.002421204757664703
Ppargc1a,Ctcf,0.002416976737994013
Bcl11b,Foxo1,0.0024164417477999913
Tef,Pcsk2,0.0024141795699480647
Atf4,Pparg,0.0024050409466764245
Fezf2,Nr1d1,0.0024046299674644195
Sox2,Atf3,0.002399083758368113
Junb,Nkx2-1,0.002395898307839509
Pomc,Sox9,0.0023926430867043363
Ctcf,Crem,0.0023885398538082444
Klf9,Per2,0.0023862740721865266
Nr1d1,Sp1,0.0023850638263568833
Stat3,Cry1,0.002377339284877738
Jund,Pcsk2,0.0023769816688993055
Sp3,Rora,0.0023759800817304668
Pcsk2,Olig2,0.002372807247381244
Rcor1,Rbm3,0.002365568182511067
Npas4,Jun,0.0023600762588830235
Esr1,Fos,0.0023565959650927756
Cux2,Rora,0.0023543355615245455
Rest,Ppargc1a,0.0023524752105578994
Ctcf,Ar,0.0023524576074321515
Thrb,Stat5a,0.0023514510333736563
Nfil3,Rora,0.002344081794656587
Sim1,Per2,0.002342460543059036
Jun,Gnas,0.002341494216013414
Ppard,Mef2c,0.0023384359091133187
Atf4,Mef2c,0.002335052707381201
Atf3,Rcor1,0.002333379955932303
Nfkb1,Meg3,0.0023319440186323846
Junb,Bcl11b,0.0023318607698375707
Rcor1,Crem,0.002330504284212168
Dlx2,Bcl11b,0.0023294182062237427
Hdac2,Foxo3,0.0023250299821689444
Cry1,Cry2,0.0023243568522752075
Fosb,Tef,0.002323436977318869
Foxo1,Hdac1,0.002321876124355767
Nr3c1,Nr1d1,0.0023145435114307034
Jun,Cry2,0.0023130601994054323
Esr1,Nr1d2,0.0023124510997667123
Fosb,Sox2,0.0023047688596901424
Rcor1,Nr3c1,0.0023044828693310443
Egr1,Sp1,0.002299117943038355
Nkx2-1,Cux1,0.0022880517131621666
Ar,Rnaset2a,0.002287806066992564
Esr1,Srebf2,0.0022834773812226254
Cux2,Egr2,0.0022820630674026416
Sp1,Neurod1,0.0022784849769033437
Homer1,Klf9,0.0022736433803295796
Egr1,Cux2,0.002270361547532471
Klf9,Neurod1,0.0022647433998936087
Rora,Nr1d1,0.0022631106333555837
Nfkb1,Ctcf,0.002261646910676736
Nr4a1,Nr1d1,0.0022596362556021403
Foxo3,Pcsk2,0.002258881139052423
Tsc22d3,Egr2,0.002258255854319757
Cebpb,Rorb,0.0022572383798933945
Fezf2,Ctcf,0.002257093940236016
Fosb,Rora,0.002255472707807227
Cebpb,Gnas,0.0022538512929715783
Bcl11b,Nr1d1,0.0022519562175918433
Arc,Tef,0.0022490759228142912
Hlf,Srebf2,0.0022490634840457747
Scg2,Klf4,0.002247757315840399
Foxo3,Atf4,0.0022476869113525763
Arntl,Nr1d1,0.0022476597631536544
Ppargc1a,Tsc22d3,0.0022384588882181167
Esr1,Rorb,0.002232870840181806
Klf9,Srebf2,0.00223034926820233
Sp3,Apoe,0.0022267739843891865
Cry2,Homer1,0.00222610558831422
Srebf1,Homer1,0.0022254189967237854
Junb,Ppargc1a,0.0022226168795098067
Ar,Meg3,0.0022211006904764583
Stat3,Apoe,0.002217714778113194
Cux1,Rest,0.0022104456934360947
Fosb,Apoe,0.0022088729045147003
Egr1,Cga,0.002204900778713282
Ctcf,Ppargc1a,0.0022017069643673285
Clock,Srebf2,0.0022014111886239415
Scg2,Sox9,0.002197705381816062
Nr1d1,Bdnf,0.0021922564395179013
Tef,Fosb,0.002187678899409323
Srebf1,Per2,0.002184118386209224
Egr1,Srebf2,0.0021836582159769184
Rcor1,Nr1d1,0.0021802919364533146
Fosb,Mafb,0.002176037075908503
Bdnf,Hdac2,0.0021758058528501857
Per2,Hdac2,0.002173031145213585
Esr1,Sp3,0.002168726696523508
Crem,Egr1,0.002165829068069358
Fosb,Ccnd2,0.0021597123080506707
Nfil3,Homer1,0.002156645478670148
Sox2,Cry1,0.0021532460603662473
Arntl,Scg2,0.0021525684968037705
Ppargc1a,Mt3,0.00215066422796058
Cry1,Nr1d2,0.0021489469319661875
Nkx2-1,Rorc,0.00214863022528411
Rora,Gnas,0.0021452922963857467
Arc,Jun,0.002138200097439563
Mef2d,Rora,0.002138106190162029
Klf9,Zic1,0.0021378675095385753
Per1,Klf4,0.0021345119557742024
Mef2d,Pcsk2,0.002131916436392151
Rorc,Sp1,0.002128186890624058
Cux1,Nr1d2,0.0021253242621088824
Per2,Cry2,0.002124579019034661
Jund,Sim1,0.0021240508363479845
Rora,Thrb,0.0021175055553175346
Tef,Mt3,0.0021136821038146634
Apoe,Satb2,0.0021118601177001722
Foxo1,Mafb,0.0021098169433043414
Rest,Atf3,0.002109370980798432
Mafb,Clock,0.0021093309843660812
Nfkb1,Atf4,0.0021064079830759885
Egr1,Sox2,0.0021058503411748013
Rcor1,Rela,0.00210076965336368
Cry2,Tef,0.0020990690723444038
Nfkb1,Foxo1,0.0020974556942270333
Atf4,Rnaset2a,0.002096258439193996
Nr4a2,Rbm3,0.002095843779865464
Hdac2,Dlx1,0.002089804000746799
Ctcf,Rxrg,0.0020897223645432793
Atf4,Nr4a3,0.0020871751409330106
Atf4,Hdac1,0.0020837585695269805
Mef2c,Esr1,0.0020825290946143546
Mafb,Mt3,0.0020804250326842276
Nr3c1,Arc,0.0020783402087334755
Nr1d1,Gnas,0.0020718304823375906
Clock,Ar,0.0020681686211607934
Tef,Foxo3,0.002067736618544255
Nr1d1,Klf4,0.002066537262155352
Ppargc1a,Rest,0.0020661377967477585
Nr3c1,Gnas,0.0020648578567783534
Nr5a2,Sp3,0.002064292232695155
Ppargc1a,Rbm3,0.002063691248475974
Nr1d1,Arntl,0.002061736617547655
Sp3,Crem,0.0020606238440545378
Sp3,Egr1,0.0020573066116807213
Rbm3,Srebf1,0.0020567181776122564
Atf3,Zic1,0.00205665663645895
Rorb,Mt1,0.002055920291799132
Ppard,Nr4a2,0.002054642988634151
Nfil3,Junb,0.0020502780838023036
Rbm3,Rora,0.0020492735110053694
Mecp2,Sp3,0.002042942815595127
Nr4a1,Clock,0.002042855374402928
Ar,Foxo1,0.002041392939030372
Per2,Srebf1,0.0020411346340931127
Tsc22d3,Ppard,0.0020403199231407527
Atf3,Per2,0.002039459901349172
Esr1,Nr4a3,0.002032009228018993
Nfil3,Npas4,0.0020288776333218404
Cry1,Dbp,0.0020278913153092947
Thrb,Ccnd2,0.00202688128989787
Foxo1,Rnaset2a,0.002015475195299308
Fos,Sox2,0.0020092740484959778
Foxo3,Nr1d1,0.0020047828265492254
Tef,Crem,0.001999418738467025
Nr3c1,Egr2,0.001995528102267148
Rorc,Esr1,0.0019926204922553975
Ppargc1a,Bdnf,0.0019895701259705022
Per2,Nr3c1,0.0019855499550138697
Klf9,Rxrg,0.0019849323468038933
Nr3c1,Sox2,0.0019827876645347044
Nfkb1,Sox9,0.001981894814605467
Nr1d1,Yy1,0.001981736991233431
Rora,Nr4a2,0.0019816778381182534
Rorb,Thrb,0.0019717095945021483
Rbm3,Srebf2,0.001970288403045269
Cux2,Sox9,0.001966361186001098
Esr1,Cga,0.001964934076923997
Atf4,Nfkb1,0.001961704317204394
Mef2d,Thrb,0.001959949505519507
Nr3c1,Sp1,0.00195512093492717
Thrb,Atf3,0.0019524720055298505
Tef,Malat1,0.0019508783858795712
Homer1,Cebpb,0.001943740284391555
Nr1d2,Sox9,0.0019416687598472317
Crem,Mt1,0.0019414785928431187
Bdnf,Rora,0.0019406019880474986
Nr1d1,Cga,0.0019380464342191013
Bcl11b,Nr4a3,0.001935689611424719
Cry1,Clock,0.0019341920366216484
Mecp2,Nr1d2,0.0019320002133195748
Nr3c1,Malat1,0.0019260293958644034
Yy1,Per2,0.0019245850211373492
Mafb,Crem,0.0019241100257632068
Dbp,Bdnf,0.001919178344248369
Srebf2,Per1,0.0019154633084772505
Nfkb1,Nfil3,0.001913646871500108
Stat3,Atf3,0.001912478783960723
Hlf,Jund,0.0019118350346002872
Foxo1,Arc,0.0019109454469408446
Srebf2,Apoe,0.0019072024908106649
Thrb,Rora,0.0019064233311313896
Ctcf,Jund,0.0019053227503419783
Dbp,Fosb,0.0018976854451447306
Cry2,Nr3c1,0.0018943346670300862
Pcsk2,Sox9,0.0018875339255205435
Sp3,Klf9,0.001887085133016611
Fosb,Rela,0.0018866291850920937
Atf4,Arntl,0.001886546874537196
Thrb,Srebf1,0.001886316652843009
Klf9,Sox9,0.0018852924875645987
Npas4,Scg2,0.0018848437093182812
Srebf1,Mef2d,0.0018777169433680369
Hdac1,Cry2,0.0018716744556997883
Rorc,Mt3,0.001869257684556634
Rbm3,Neurod2,0.001868668084061342
Atf3,Sox2,0.0018612983475457567
Neurod1,Cux1,0.0018606323033069992
Crem,Apoe,0.001856709603003857
Rxrg,Nr3c1,0.0018559106470372817
Crem,Jun,0.0018557455777979334
Tef,Egr1,0.0018526601365685188
Bdnf,Scg2,0.0018502987557841805
Srebf1,Cebpb,0.0018489097335331604
Tef,Sox9,0.0018431987703122182
Crem,Ctcf,0.0018428317717037307
Nkx2-1,Meg3,0.0018418053576352788
Nfil3,Nr1d2,0.0018393147323152608
Jun,Mef2d,0.0018381591052905322
Foxo3,Thrb,0.0018358073726432013
Ppard,Hdac1,0.0018341782343414183
Hdac2,Bcl11b,0.0018283808047509053
Per1,Cebpb,0.0018273717839897919
Pparg,Nr4a1,0.0018261625709832653
Nr4a1,Ar,0.00182545429524456
Cux1,Nr3c1,0.0018228538701881827
Cry2,Neurod1,0.0018217962001877662
Npas4,Nfil3,0.0018187182081872404
Clock,Jund,0.0018175024377665566
Sp1,Sp3,0.001816489466463547
Ar,Srebf1,0.0018142678909226395
Hlf,Cry1,0.0018118665728165668
Per2,Cebpb,0.0018110343966377957
Hlf,Pcsk2,0.0018093071925067102
Klf4,Nr1d1,0.0018035554590133708
Foxo1,Ctcf,0.001801304023824829
Klf9,Fos,0.0017997349229655652
Hdac2,Hlf,0.001793730125270281
Crem,Nr4a1,0.0017896334657810861
Mef2c,Atf3,0.0017868031123686096
Rest,Malat1,0.0017837909655737984
Bdnf,Sp3,0.0017817260349953378
Clock,Cebpb,0.0017801854410764216
Ppargc1a,Apoe,0.0017779030688019738
Mef2c,Tsc22d3,0.0017769525108661658
Clock,Tsc22d3,0.0017769051386974785
Jun,Srebf2,0.0017763331616891575
Nfkb1,Rora,0.0017741355848368843
Mef2d,Sox2,0.0017737123246774325
Ppargc1a,Rxrg,0.001771161024578433
Srebf1,Jund,0.0017711431579084465
Srebf2,Tef,0.0017691722865994402
Stat3,Esr1,0.0017687152155297936
Rela,Foxo1,0.0017661159541230327
Atf4,Scg2,0.0017632778779337924
Sp1,Foxo3,0.0017593209228009426
Sp3,Mef2c,0.0017567711684793182
Hlf,Cebpb,0.0017549701062025567
Rela,Thrb,0.0017535094293137181
Egr2,Klf4,0.0017519699983450437
Olig2,Stat5a,0.0017513005621992526
Per1,Egr2,0.001746640015655183
Crem,Rorc,0.0017437984810190165
Nkx2-1,Hdac2,0.001738457702070472
Bdnf,Nr1d1,0.001737216634801729
Tef,Klf4,0.0017318199307399065
Hdac2,Tbr1,0.0017293842862444134
Homer1,Junb,0.0017274639408793111
Pcsk2,Fos,0.0017231679443977053
Rorb,Nfkb1,0.0017216176601833049
Bcl11b,Meg3,0.0017215734224287314
Dbp,Nr4a2,0.00172011373955804
Scg2,Nr5a2,0.0017186943310514493
Rorc,Sox9,0.001717295160031495
Foxo1,Pcsk2,0.001716717108050989
Rorc,Rorb,0.0017160409764507532
Egr1,Sox9,0.0017159225423621677
Srebf1,Rorc,0.001715716835270666
Clock,Hdac2,0.0017150047418344671
Rela,Stat3,0.0017149250112529822
Mef2c,Nr4a3,0.001713140857543177
Klf9,Mafb,0.0017119409517521388
Hdac2,Clock,0.0017116387371581476
Thrb,Sp1,0.0017089584442644872
Cry2,Nr4a1,0.0017082334939704663
Nr3c1,Scg2,0.0017075599083146915
Hdac2,Jun,0.001704781116711208
Fosb,Stat5a,0.0017040718847367627
Bcl11b,Rest,0.0016955413185578063
Dlx2,Clock,0.0016899410164625459
Per1,Nfil3,0.0016890739806320436
Rorb,Per2,0.0016886191189631392
Srebf1,Nr4a1,0.0016883069166570017
Foxo1,Crem,0.001687298569720857
Rela,Rcor1,0.0016839917440285908
Nr1d1,Cux1,0.0016835180603841226
Egr1,Cry2,0.0016815163936578148
Nr3c1,Thrb,0.001679895805001529
Nr4a1,Nr4a3,0.001677545043861618
Nr3c1,Jund,0.0016759047301130653
Ppara,Fosb,0.0016740741258197747
Rest,Stat3,0.0016730830407786354
Nfil3,Jun,0.001669817771290328
Bcl11b,Stat5a,0.001664854945984114
Ppargc1a,Gnas,0.0016639732973428728
Nfil3,Cebpb,0.0016623256504243655
Hdac1,Rora,0.001661708514839554
Neurod1,Yy1,0.0016615949306651293
Dbp,Nr4a1,0.0016584409799218977
Nr1d1,Foxo3,0.0016556621942195185
Jund,Ppard,0.0016548376477841407
Sp1,Sim1,0.001654731510391874
Sp1,Yy1,0.001651202836457577
Fezf2,Mef2c,0.0016488131320584545
Ar,Egr2,0.0016485692419298456
Thrb,Nr4a2,0.0016478935816754035
Rora,Mef2d,0.0016473956126677684
Rorb,Pparg,0.00164591919640293
Atf4,Esr1,0.0016367648904912365
Sp1,Cebpb,0.0016346079008885024
Foxo3,Esr1,0.0016335353092739636
Dlx1,Thrb,0.001633518927547098
Foxo3,Rcor1,0.0016318556468898865
Sox9,Mef2c,0.001626425492063034
Nr4a3,Nfil3,0.0016237630641784868
Tsc22d3,Malat1,0.0016197598632379953
Rbm3,Nr1d1,0.0016169474653603925
Scg2,Egr1,0.0016113601495139562
Cry2,Nfil3,0.001610110485945632
Nr5a1,Ctcf,0.001609902040296393
Hdac1,Cebpb,0.00160917219192266
Fosb,Scg2,0.0016063196454933492
Bcl11b,Cux1,0.0016058364405952758
Rora,Cux2,0.0016057143398881984
Atf4,Jund,0.0016013762030978283
Klf9,Hlf,0.0015984833721388466
Foxo3,Nfkb1,0.0015976946940885566
Mef2d,Dbp,0.001597034241842198
Srebf1,Malat1,0.001594763519448468
Stat5a,Mef2d,0.001585587561558427
Fosb,Cga,0.001585189532193575
Sox2,Fezf2,0.0015850334566632832
Srebf1,Klf4,0.0015795627903125089
Clock,Klf9,0.0015787791794108635
Ctcf,Fosb,0.0015787699859458283
Junb,Mef2d,0.0015747780909016436
Mecp2,Fezf2,0.0015746604071614763
Hdac2,Klf4,0.0015716576372386496
Cry2,Yy1,0.0015687062622288266
Fosb,Mef2c,0.001563646828920017
Fosb,Srebf2,0.0015627522606302922
Ar,Rorb,0.0015625302288768696
Mecp2,Mt3,0.001557895141700414
Rora,Ar,0.0015571706760478378
Nr4a1,Sp3,0.001555801320551541
Hdac2,Rxrg,0.0015548549204369958
Hdac1,Jund,0.0015544911710632819
Sp1,Hdac2,0.0015512670958898434
Ar,Pomc,0.0015494542162638528
Bdnf,Stat5a,0.001546959964653646
Pcsk2,Tsc22d3,0.0015457250867567684
Nfil3,Rcor1,0.001544417993500591
Fos,Ppara,0.0015407113649772155
Thrb,Atf4,0.0015399879066214498
Nr4a1,Srebf1,0.001536344826638077
Mafb,Atf4,0.0015358354113686225
Rcor1,Ppara,0.0015325875966188261
Rbm3,Ppard,0.0015324446256188308
Fosb,Per1,0.0015303089208414402
Cry1,Stat3,0.001527326220774429
Egr1,Hlf,0.0015245834515076337
Mef2d,Nr1d1,0.0015245569225253725
Foxo1,Scg2,0.0015224943836670726
Foxo1,Rora,0.0015181902180018052
Per2,Egr1,0.001515520414290499
Rest,Rorc,0.0015115275718148124
Nfkb1,Atf3,0.0015105199065671051
Sox9,Thrb,0.0015096912987292892
Foxo1,Cux2,0.0015077223647452375
Nr5a1,Cry2,0.001507506333271286
Nr1d1,Arc,0.0015048873414520954
Tef,Nfil3,0.0015027391649008667
Cux1,Ccnd2,0.0015024270012701836
Stat3,Nr4a1,0.0015018289140874212
Hdac1,Esr1,0.0015011410838994248
Sp3,Rorc,0.001500376325546199
Olig2,Sox9,0.0015003518946274722
Nr5a1,Hdac2,0.0014998356545728008
Satb2,Atf4,0.0014933733214250648
Klf4,Apoe,0.001491240420806836
Nr3c1,Mef2c,0.0014909361458098906
Ppard,Klf9,0.0014878831926516504
Srebf2,Tsc22d3,0.001485113472884897
Stat5a,Mafb,0.001484799306365746
Nfil3,Mef2c,0.0014819345765699336
Stat3,Nr1d1,0.001471527619518609
Hlf,Nr4a3,0.0014708760347138595
Fosb,Sp1,0.0014679828061512584
Nr4a2,Mef2d,0.0014663556915851465
Sim1,Pcsk2,0.00145858550221698
Nr1d2,Homer1,0.0014571801297521905
Nr3c1,Nr4a1,0.0014570956563418787
Hdac2,Cry1,0.001455658369464815
Rela,Cux1,0.0014525407539727963
Stat5a,Bcl11b,0.0014510077807326305
Nr4a3,Egr1,0.0014507193514739433
Dbp,Klf4,0.0014499481684822726
Rorb,Mecp2,0.0014481767790181532
Rbm3,Rela,0.0014470227789380823
Rbm3,Cga,0.0014455255422728564
Ppara,Sp1,0.0014442805080830293
Fezf2,Per2,0.0014400301063006518
Cux1,Klf9,0.0014380472543613194
Fosb,Dbp,0.0014377066837504015
Nr1d1,Mt3,0.0014375821917494687
Mef2c,Junb,0.0014305018602495958
Atf4,Neurod1,0.0014284529142191778
Stat3,Jund,0.0014284087014407242
Klf4,Esr1,0.0014281789703672711
Tef,Rxrg,0.0014273116553660424
Stat5a,Tsc22d3,0.0014261655349048104
Mecp2,Fosb,0.0014211655762713024
Nr3c1,Mafb,0.0014209971842905678
Arc,Atf4,0.0014196504499847998
Atf4,Sox9,0.0014191276344102182
Mef2d,Mecp2,0.001416053919636009
Dbp,Rxrg,0.0014139980923059173
Neurod1,Pcsk2,0.0014129136370364108
Sox2,Ppara,0.001408137534800818
Tsc22d3,Dlx1,0.0014054159038042367
Nr1d1,Sp3,0.001405338613426563
Rbm3,Atf3,0.001402282947292495
Rest,Ctcf,0.0013998272094869694
Klf9,Nkx2-1,0.0013973971980323066
Nr3c1,Fos,0.0013963594649588902
Rora,Ctcf,0.0013962665992225355
Stat3,Nr4a2,0.0013951505469720496
Rcor1,Cry2,0.0013899128827444998
Esr1,Per1,0.001380571693981764
Hdac1,Clock,0.001378374625455828
Esr1,Egr1,0.0013775641307185974
Sp1,Srebf2,0.0013742626114962731
Arntl,Atf4,0.0013729445001791352
Scg2,Srebf1,0.0013715385740501612
Clock,Foxo3,0.0013691385838075737
Fosb,Bcl11b,0.0013654980101606734
Egr2,Nr3c1,0.0013651106130349066
Homer1,Arc,0.0013630458509209316
Homer1,Thrb,0.0013604398832774845
Rest,Cux1,0.0013589752951349901
Cry2,Per2,0.0013586907553115402
Nr1d2,Rnaset2a,0.0013578214548565276
Bdnf,Apoe,0.0013563794268610845
Dlx1,Tef,0.0013518869247007743
Rorb,Apoe,0.0013514307552142096
Clock,Fos,0.0013495630082533086
Rxrg,Sp3,0.0013490323381976559
Rora,Klf9,0.0013480459925904612
Atf4,Zic1,0.0013471738356023793
Cry2,Dbp,0.0013461251357912466
Nr4a1,Rora,0.001345742510908912
Srebf2,Esr1,0.0013443661370983692
Mef2c,Jun,0.0013417759636969921
Sp3,Ctcf,0.001341744959189118
Homer1,Hlf,0.0013404469967229335
Npas4,Junb,0.0013365658401155766
Mecp2,Per2,0.0013362503110558792
Dlx1,Ccnd2,0.001334525484365356
Ar,Sp1,0.0013304348840006974
Tsc22d3,Npas4,0.0013290092375641419
Egr1,Gnas,0.001326632537639888
Per1,Ccnd2,0.0013206130256062571
Junb,Sox9,0.0013173470883402958
Foxo1,Cux1,0.00131658598955899
Yy1,Rorc,0.001315487112992182
Hlf,Ar,0.0013152926481940642
Atf4,Mt1,0.0013148169933241251
Ar,Apoe,0.0013054716748891965
Junb,Lhx6,0.0013052677598799176
Rcor1,Sox2,0.0012985935568418094
Stat3,Hlf,0.0012971917825684034
Junb,Sim1,0.001295888478110034
Nr1d1,Rxrg,0.001294867082785676
Ctcf,Rest,0.001294655532558566
Yy1,Nr4a1,0.0012933476634212158
Rorb,Ppargc1a,0.001292771395375414
Sox9,Stat5a,0.0012917450244888033
Cux1,Nr4a3,0.0012913793677242383
Sp3,Rest,0.0012912001055427034
Ctcf,Cebpb,0.0012908454598971326
Egr2,Nr4a3,0.0012901320789306247
Srebf2,Jund,0.0012887107055784349
Srebf2,Gnas,0.0012885260774079283
Fos,Malat1,0.001284030813137521
Zic1,Rbm3,0.0012827111803059218
Sp1,Zic1,0.001278560217047167
Esr1,Npas4,0.0012778775623342638
Mef2d,Rnaset2a,0.0012776358073276592
Rbm3,Tsc22d3,0.0012762766841780155
Mef2c,Mef2d,0.0012745617457651682
Mafb,Rora,0.00127147387437506
Dbp,Egr1,0.0012681725689940703
Sp3,Gnas,0.0012638223280174844
Clock,Dlx2,0.0012625457146868745
Ar,Ctcf,0.0012621833658047446
Olig2,Clock,0.0012593272300156862
Atf4,Sox2,0.0012573110158833648
Dbp,Egr2,0.001251549459392246
Ctcf,Arc,0.001250650135769707
Neurod1,Cga,0.0012503658612381928
Yy1,Ccnd2,0.0012496369436587695
Stat3,Neurod1,0.0012481571643498024
Klf9,Nr4a2,0.0012471229435697946
Nfkb1,Per2,0.001244040361846353
Mef2d,Hlf,0.0012423704775527196
Nr3c1,Pomc,0.0012422831178710919
Tef,Srebf2,0.0012415872943844295
Arc,Per2,0.0012392732673569631
Rorb,Jund,0.001238984145440164
Fos,Meg3,0.0012387417320104872
Crem,Nkx2-1,0.0012380931396813867
Arntl,Jund,0.0012361057416320751
Cux1,Nr1d1,0.001233486935916029
Klf9,Arntl,0.0012317318360704859
Thrb,Meg3,0.001229186242466745
Homer1,Egr2,0.0012264499629053203
Foxo3,Tef,0.0012221464624932587
Esr1,Ar,0.001217767929279193
Nr3c1,Atf3,0.0012154589034940261
Klf4,Egr1,0.0012146641685246366
Atf3,Arntl,0.0012133792657672098
Atf4,Gnas,0.0012125833807433602
Nfil3,Satb2,0.00121189262612876
Crem,Fos,0.0012058089443234435
Tsc22d3,Stat5a,0.0012050307390308562
Sox2,Olig2,0.0012044587761999787
Clock,Rest,0.0012017361066686688
Nr4a2,Arc,0.001198165070184697
Bdnf,Mt1,0.0011980203825005327
Hdac1,Stat3,0.0011957032085876998
Pomc,Ppara,0.0011945340512323974
Nfil3,Fosb,0.0011927297400456378
Hdac1,Scg2,0.0011922823029551304
Yy1,Cebpb,0.0011871915392338834
Rcor1,Per1,0.0011861070211403304
Jun,Lhx6,0.001183803403406174
Foxo1,Mt3,0.0011833602022247164
Mef2d,Rest,0.001181553763221052
Per1,Nr1d1,0.001181051955612528
Bcl11b,Dbp,0.0011742968930394874
Sp1,Mt3,0.001172014476621371
Rcor1,Dbp,0.0011698100107878247
Nfkb1,Neurod1,0.0011685474942261381
Clock,Rxrg,0.0011680643333429176
Rxrg,Npas4,0.0011631628977529806
Junb,Meg3,0.0011628531244550317
Nr1d1,Pcsk2,0.0011624829302726615
Rora,Malat1,0.0011608520176041128
Sim1,Klf9,0.0011517342157225051
Sox9,Pcsk2,0.0011499320838900594
Egr1,Srebf1,0.0011493964444494991
Mef2d,Atf3,0.001147598970238323
Rbm3,Nfil3,0.001147132639357411
Egr1,Thrb,0.0011421273154237268
Dlx2,Ar,0.0011421093956387406
Jun,Cux2,0.0011370962932159348
Sp1,Gnas,0.0011367998786960044
Thrb,Nr3c1,0.001136608550359655
Sp1,Tef,0.001135602484826034
Scg2,Lhx6,0.0011342137745333572
Cry2,Arc,0.001133985690443515
Fos,Bdnf,0.0011330046684923031
Mef2c,Scg2,0.0011328286061241491
Srebf2,Stat3,0.0011294684671228417
Esr1,Pomc,0.0011285724741915925
Cry2,Gnas,0.0011282426083291284
Nr3c1,Jun,0.001126530329832619
Stat5a,Klf9,0.0011264344612657061
Sox9,Gnas,0.0011262695835918878
Pcsk2,Dbp,0.001125889010235611
Fosb,Pomc,0.0011255111114958777
Cux2,Ppargc1a,0.0011241933575644343
Ctcf,Nfkb1,0.001122819720145445
Pcsk2,Nr4a1,0.0011185303269383366
Hdac2,Arc,0.001117147499010991
Atf4,Fos,0.0011154324089287415
Rora,Cebpb,0.0011152701508768752
Stat3,Dbp,0.0011151997803979742
Mef2c,Pcsk2,0.0011135588683929304
Cebpb,Nr5a1,0.0011135087164605838
Arc,Scg2,0.001113074291508786
Mafb,Rorb,0.0011127334402143121
Nr1d2,Per2,0.001108041613784944
Srebf1,Hdac1,0.001104599196067104
Rbm3,Homer1,0.0011038322458947682
Arc,Mef2d,0.0010977518140155062
Stat3,Lhx6,0.0010942840432912168
Cry1,Nr5a1,0.0010934396999801885
Hlf,Dlx2,0.0010918383903771077
Npas4,Nkx2-1,0.001085229497058788
Foxo3,Hdac2,0.0010843321114332107
Hlf,Rnaset2a,0.0010839189833406647
Per1,Cux1,0.0010837984710610946
Nr1d2,Mecp2,0.0010808365849159097
Srebf2,Sp1,0.0010783875413021718
Esr1,Cux2,0.0010782245703264252
Nfkb1,Fosb,0.0010781173350368658
Mafb,Klf9,0.0010764507968889002
Ctcf,Ccnd2,0.0010762971877730366
Yy1,Homer1,0.0010722426410193497
Mef2c,Ppard,0.001070460445093817
Mafb,Rbm3,0.0010688901588802068
Nr1d1,Lhx6,0.001068589912487417
Rest,Cry2,0.0010681235602623233
Rorc,Gnas,0.0010669524485066814
Rela,Ctcf,0.001065634252378671
Rora,Jund,0.0010612542037820335
Rela,Cebpb,0.0010587071920761884
Bdnf,Cry1,0.0010579569196677893
Nr4a2,Pcsk2,0.001056812962685537
Cry1,Pparg,0.001054846443647684
Arntl,Malat1,0.0010510146179295331
Cebpb,Cry1,0.0010507524000943928
Scg2,Per2,0.0010505403146408693
Atf4,Nfil3,0.0010504522195692735
Mecp2,Bdnf,0.0010487754650905894
Jund,Dlx1,0.0010483523295936555
Hdac1,Klf9,0.0010480085350625314
Cux1,Rora,0.0010474651472477995
Arc,Stat3,0.0010429799827232722
Egr1,Scg2,0.001040663840924899
Nr3c1,Homer1,0.0010382690866786346
Tef,Dlx1,0.0010382087044346988
Cry2,Ppard,0.0010379881851794533
Esr1,Rnaset2a,0.0010370246454103143
Atf3,Tsc22d3,0.0010365288739875589
Cux2,Sox2,0.001035110395563989
Ctcf,Apoe,0.0010343295451502928
Pcsk2,Jund,0.0010334627052835496
Srebf2,Nr4a1,0.0010301877670253984
Nr1d1,Zic1,0.0010295150373423859
Nr4a3,Clock,0.0010291761094916383
Cry2,Tsc22d3,0.0010262046921422493
Rorb,Foxo3,0.0010261852536128907
Hlf,Cga,0.0010253499323407383
Nr1d2,Nr4a2,0.0010249654794933518
Foxo3,Bdnf,0.001024079485206861
Crem,Npas4,0.0010238423037626735
Rxrg,Rorb,0.0010230075654355552
Sox2,Mef2c,0.001022968527990764
Nr4a1,Mef2d,0.0010202066009832016
Nr4a2,Mafb,0.0010179236639734218
Stat5a,Ctcf,0.001016420345292498
Cux2,Rxrg,0.0010131690760070576
Per2,Rora,0.0010129369938844353
Nr3c1,Cga,0.0010125838098187176
Homer1,Jund,0.0010072555542474154
Rest,Ar,0.0010049359855015825
Rorb,Sox2,0.0010034297107952479
Nr1d2,Mt3,0.0010030465923236184
Yy1,Zic1,0.0010002980713456307
Sox2,Pomc,0.0009993058941309316
Neurod1,Mt1,0.0009975095250390504
Homer1,Nr1d1,0.0009966142683761872
Rorc,Mef2c,0.000995430355775993
Crem,Mef2d,0.0009908624586807632
Nfil3,Atf4,0.0009905686614363994
Nr4a2,Egr2,0.0009899024291058608
Cux1,Hlf,0.0009894622168218007
Hdac1,Atf3,0.0009861969038013738
Nr4a1,Apoe,0.000985806836533855
Nfil3,Foxo1,0.0009856552447980091
Rorb,Egr2,0.0009850187907278602
Tef,Cga,0.0009817963916758422
Nr4a2,Jun,0.0009803972834973704
Nr4a1,Sox9,0.000980161627940544
Atf4,Cebpb,0.0009800660003206967
Stat3,Foxo3,0.0009797499121046939
Per1,Cry2,0.0009771721259056426
Crem,Clock,0.0009769467411938244
Klf4,Nr3c1,0.0009753613497949337
Nr4a1,Foxo1,0.0009741037170651795
Rora,Rnaset2a,0.0009711415157079094
Cry1,Ctcf,0.0009710764457604291
Dbp,Junb,0.000970595075705285
Hdac1,Mef2c,0.0009700104412576167
Dlx1,Scg2,0.0009697243152354896
Sp1,Per2,0.0009684001276835014
Nfkb1,Nr1d1,0.0009659251653450871
Dlx1,Jund,0.0009659097890396653
Cry2,Rcor1,0.0009639999633918135
Mef2d,Mt1,0.0009627855952056803
Nr1d2,Thrb,0.0009580984256317121
Srebf1,Thrb,0.0009580824264239596
Srebf2,Mt3,0.0009559069019173522
Atf4,Mef2d,0.0009552988183164703
Stat3,Jun,0.0009496629682238194
Rela,Bdnf,0.0009485788654390677
Ppargc1a,Rnaset2a,0.000948200705065293
Junb,Sox2,0.000948153651065045
Yy1,Hlf,0.0009458922739923743
Klf9,Dlx1,0.0009451419629301588
Per2,Crem,0.0009421558199958396
Sox9,Nfil3,0.000940429984011609
Rorb,Nr4a1,0.0009398431672380189
Srebf2,Clock,0.0009393609444896729
Cux2,Homer1,0.0009372202866624967
Sp1,Nr5a1,0.0009358191628242608
Per2,Gnas,0.000935070105700289
Per2,Rcor1,0.0009349916610433734
Stat3,Pomc,0.00092822224819247
Rela,Sp3,0.0009258480675587484
Klf4,Stat3,0.000922166287444443
Rorc,Nr1d2,0.0009217020465721199
Mecp2,Rnaset2a,0.0009215568370948362
Srebf2,Klf9,0.0009209944462191457
Ppargc1a,Cux1,0.0009207155691275441
Pcsk2,Srebf1,0.0009193428806748226
Esr1,Rorc,0.000916421709201326
Mef2d,Nr1d2,0.0009124900585372513
Ar,Crem,0.0009120253332893276
Ctcf,Egr1,0.0009116780757175149
Rela,Gnas,0.0009101295885836639
Rorc,Atf3,0.0009090241242529314
Sp3,Rnaset2a,0.000908721302965077
Foxo3,Scg2,0.0009064558482229233
Rora,Fezf2,0.0009052814707912096
Arntl,Nr3c1,0.0009048028481717336
Nr4a2,Foxo1,0.0009003649589017567
Mef2c,Sox2,0.0008998922394510973
Ctcf,Gnas,0.0008992052605009619
Sp1,Egr2,0.0008986257559247585
Stat3,Mef2c,0.0008985500307421763
Hdac2,Mt3,0.0008970779440439675
Ppargc1a,Nr1d2,0.0008967972170250291
Atf4,Pcsk2,0.0008920303995608208
Nr4a3,Rnaset2a,0.000887285145260678
Rora,Sox9,0.0008858234479204449
Rorb,Junb,0.0008856775377108188
Rorc,Fosb,0.0008851597612517074
Cux1,Sox9,0.0008835661405046058
Arc,Nr1d1,0.0008805313362297715
Jund,Dlx2,0.0008780878835638385
Nkx2-1,Malat1,0.000876810595271936
Klf4,Hdac2,0.0008755807612777681
Zic1,Cga,0.0008750286457431217
Stat5a,Tef,0.0008713399013011092
Rela,Zic1,0.000866360900086577
Srebf1,Npas4,0.0008658626614302888
Sp3,Rela,0.0008649437845964676
Nr1d2,Crem,0.0008640560885669335
Atf4,Egr1,0.000863550104889301
Nr1d1,Ccnd2,0.0008611179653423662
Rbm3,Thrb,0.0008608890409786499
Cry2,Nfkb1,0.0008584297696588042
Clock,Mt3,0.0008563386348343928
Hdac2,Meg3,0.0008529166402846598
Apoe,Neurod2,0.0008515854584588668
Nr4a1,Dbp,0.0008514312107726566
Lhx6,Clock,0.0008507619636285966
Hlf,Mt3,0.000849410184890781
Nr3c1,Rorb,0.000849154744770571
Stat3,Rela,0.0008480348379489463
Junb,Cga,0.00084710075224102
Sp3,Nfkb1,0.0008467332565175998
Hdac1,Meg3,0.0008418979269492374
Cux1,Bdnf,0.0008412274714287273
Nr4a2,Mecp2,0.0008405457352154891
Mef2d,Rbm3,0.0008404334303926654
Cux1,Yy1,0.0008397198075448074
Rela,Tsc22d3,0.0008385770415823374
Per2,Arc,0.0008380776843586277
Dlx2,Egr1,0.0008362371450726904
Foxo3,Mt3,0.0008357425261989361
Rora,Cga,0.0008342034812751651
Atf3,Sp3,0.0008336727398011294
Olig2,Cry2,0.000833139000604813
Nkx2-1,Sp3,0.0008327070709124245
Sp1,Nkx2-1,0.0008303982748734032
Per2,Jun,0.0008281214223576358
Klf9,Npas4,0.0008264372103137924
Clock,Hdac1,0.0008235561026251071
Zic1,Srebf2,0.0008234913971840734
Atf3,Sox9,0.0008234392645864267
Mecp2,Thrb,0.0008223947518575536
Ctcf,Cga,0.000822251335786061
Yy1,Rorb,0.0008221694017535874
Nr4a1,Cux1,0.0008204266953633963
Hdac2,Jund,0.0008201213964184835
Crem,Rest,0.0008187739227021728
Egr1,Meg3,0.0008177181561222532
Rela,Rbm3,0.0008171878664040287
Cux1,Nr4a1,0.0008152507361879953
Neurod1,Junb,0.0008151779941900787
Srebf1,Ar,0.0008121243959750663
Sp1,Nr4a2,0.0008114390795211171
Npas4,Atf4,0.0008105429357517748
Mecp2,Cga,0.0008098648036752205
Cebpb,Cga,0.0008083976441732132
Stat5a,Arc,0.0008076997943616474
Egr2,Clock,0.0008053264391433622
Dbp,Klf9,0.0008047670356196326
Yy1,Klf9,0.0008040998633853583
Rxrg,Hdac2,0.0008036741800604654
Nr5a1,Mecp2,0.0008031801241571392
Foxo3,Sp1,0.0008030647952730912
Cux1,Neurod1,0.0008029723603941612
Srebf1,Scg2,0.0008012730927821802
Sp3,Bdnf,0.0008007845354539705
Cebpb,Dlx2,0.0007996372888493831
Nr4a3,Ccnd2,0.0007991259892252283
Rcor1,Klf4,0.0007980659908082946
Hdac1,Fos,0.0007976234797720644
Rbm3,Cebpb,0.0007942190822098233
Fos,Cga,0.0007921979818271657
Nfkb1,Gnas,0.0007895776751628555
Nfkb1,Jund,0.0007891529712976682
Per1,Rora,0.0007888050570079899
Rela,Apoe,0.0007870925982948573
Hlf,Klf9,0.0007865609568608091
Klf4,Rest,0.0007861226689680407
Cry2,Apoe,0.0007831630958504467
Mafb,Arc,0.0007825358123864293
Mecp2,Mt1,0.0007823530576175244
Per2,Sim1,0.0007803056827437153
Homer1,Ar,0.0007798508471037271
Per1,Nfkb1,0.0007791332712501021
Rorb,Sp3,0.0007783516711752762
Yy1,Nr4a2,0.0007782697691521176
Hdac2,Nr1d1,0.0007771686822373285
Hdac1,Nkx2-1,0.0007766044183798471
Sp3,Dlx2,0.0007764737492584053
Hdac2,Tsc22d3,0.0007757645197006284
Cux1,Ppard,0.0007730321068402505
Ctcf,Atf3,0.000772689971443535
Crem,Fosb,0.0007724714116619399
Hdac1,Gnas,0.000771728273334024
Sp3,Ccnd2,0.0007714448564200229
Ctcf,Hlf,0.0007693481248410238
Cux1,Mef2c,0.0007690411214483289
Mecp2,Npas4,0.0007660402322828737
Yy1,Malat1,0.000765219428047915
Klf9,Rorb,0.0007609947899853517
Srebf1,Nr4a2,0.0007604577907928113
Sox9,Cga,0.0007594758821953904
Hlf,Apoe,0.0007576900569396815
Dlx1,Nr1d1,0.0007569019087203281
Rbm3,Egr1,0.0007565753812327975
Mef2c,Homer1,0.0007562668947226821
Cux1,Junb,0.0007553259817616656
Nfil3,Nr4a1,0.0007546690912095368
Yy1,Tsc22d3,0.0007535785248107325
Atf3,Mef2d,0.000751669936411736
Hlf,Meg3,0.0007510417306962613
Sp1,Fos,0.0007510391391097847
Scg2,Sox2,0.0007508491107346937
Sim1,Rora,0.0007488854679548198
Mecp2,Clock,0.0007478563106316674
Nkx2-1,Ar,0.0007463796389298495
Bcl11b,Mt3,0.0007428310242288268
Nr4a1,Homer1,0.0007413942887633108
Ctcf,Cry1,0.0007368064073206233
Crem,Sox2,0.0007352695977179922
Cux1,Klf4,0.0007352694680537834
Homer1,Rnaset2a,0.0007348945865480044
Nr1d2,Pcsk2,0.0007347169172071809
Pcsk2,Arc,0.0007301092871593948
Egr1,Tsc22d3,0.0007247145340021374
Cux1,Srebf1,0.0007232748871161959
Nr1d1,Esr1,0.0007230286502310899
Mecp2,Mef2c,0.0007227019639542833
Hdac2,Rorb,0.0007221070250008995
Stat3,Crem,0.0007211009325977495
Nr4a3,Nr1d1,0.000720586738960081
Yy1,Jund,0.0007178511229455233
Egr1,Pomc,0.0007171886472199729
Nfkb1,Cebpb,0.0007151885969833345
Foxo3,Sox9,0.0007150503582126959
Olig1,Foxo1,0.0007135452238159728
Rorc,Yy1,0.000711387956089063
Nr1d2,Jund,0.0007105639333995138
Arc,Dlx2,0.0007101474437978361
Per1,Nr4a2,0.0007095653516045349
Esr1,Hdac2,0.000709207299702223
Jun,Dlx2,0.000707435477984938
Foxo1,Cebpb,0.0007065133672324461
Ppargc1a,Dbp,0.0007038300478931126
Cry2,Rnaset2a,0.0007021924147358723
Klf4,Nfil3,0.0007019771688777925
Rbm3,Junb,0.0007008331211327596
Crem,Sp1,0.00070063686421144
Ar,Nr4a2,0.0007003291534452786
Cux1,Per2,0.0006990079415773018
Clock,Arc,0.0006988304349341728
Per1,Rest,0.000696987665233789
Atf3,Rorb,0.0006957282125325907
Stat3,Sox2,0.0006946711137498962
Ppard,Rbm3,0.0006946382291885858
Hlf,Gnas,0.0006938536875490804
Arntl,Cebpb,0.0006929707501406414
Srebf2,Nr1d2,0.0006928336953336957
Fos,Nkx2-1,0.0006926965158930465
Ar,Ppard,0.0006914487247031128
Klf9,Scg2,0.0006911612424589533
Cry2,Ar,0.0006904588696399755
Cux1,Thrb,0.0006895327364149981
Hdac1,Cry1,0.0006875090588781799
Bdnf,Per1,0.0006874749658270585
Neurod1,Stat5a,0.0006870989542691644
Foxo3,Crem,0.0006865298103700252
Pcsk2,Nfil3,0.0006844147947509775
Rorc,Jun,0.000683653349235782
Sp3,Nr4a2,0.0006831945806160206
Ctcf,Sox2,0.0006828517087841109
Atf4,Srebf2,0.0006824060492610777
Foxo3,Rorb,0.0006822810977890209
Nr4a2,Ppara,0.0006814026116376102
Stat5a,Rbm3,0.0006798481338218236
Neurod1,Nfkb1,0.0006787913349920328
Foxo3,Egr1,0.0006787581901492823
Sp3,Nr1d2,0.0006757974143644677
Cebpb,Nr5a2,0.0006741857448280218
Foxo1,Tsc22d3,0.0006726365230586085
Nfkb1,Jun,0.000671311891389923
Mafb,Thrb,0.0006706245723720125
Egr2,Ar,0.0006701925221237405
Mef2d,Ccnd2,0.0006699367931885123
Hdac2,Rora,0.0006693845021912344
Rcor1,Tef,0.0006691436595371861
Nr5a1,Rcor1,0.0006682688593542435
Mef2c,Crem,0.0006672063311607117
Pomc,Olig1,0.0006666344331434842
Sp1,Apoe,0.000666420544685491
Jun,Cry1,0.0006663727733651131
Rorc,Srebf2,0.0006647389469079413
Stat3,Stat5a,0.0006646728277995877
Crem,Hlf,0.0006636970310550807
Sp3,Mt1,0.0006622204712770985
Rest,Rorb,0.000661134053671762
Rorc,Malat1,0.0006607208647161141
Yy1,Sox9,0.0006602179858255186
Per1,Tef,0.0006598452748156545
Ppargc1a,Pomc,0.0006572353213543162
Yy1,Rcor1,0.000657005521738709
Egr1,Neurod1,0.0006569653796282081
Foxo1,Ppard,0.0006550375065164794
Yy1,Fosb,0.0006530535347167142
Cux1,Mafb,0.0006527757458707651
Sp1,Hlf,0.0006519423280268789
Cebpb,Neurod1,0.0006511649924998312
Tef,Mt1,0.0006488563231090154
Rorc,Thrb,0.0006475245235783437
Nfil3,Rbm3,0.0006454101825050894
Npas4,Mef2c,0.0006451604475481277
Clock,Gnas,0.000644578617797447
Egr2,Nr4a2,0.000643548400011508
Per1,Tsc22d3,0.000642505012402305
Cry1,Esr1,0.0006398359542797395
Rest,Per1,0.0006395158573242044
Hdac2,Sox2,0.0006390535030385875
Esr1,Foxo3,0.0006390346572183217
Rbm3,Arc,0.0006388298717379732
Mef2c,Egr1,0.000636783441440554
Rorb,Atf3,0.0006360540704198962
Npas4,Nr3c1,0.0006354835332715569
Clock,Nfil3,0.0006331808637079267
Rorb,Rest,0.0006325849240219843
Mef2d,Fezf2,0.0006309392722261908
Yy1,Jun,0.0006297318276968719
Nr3c1,Egr1,0.0006292378283669102
Npas4,Cebpb,0.0006285563596242841
Rora,Sp3,0.0006283917204737552
Pcsk2,Egr1,0.0006271184583518272
Srebf1,Cry1,0.0006258083193470431
Hdac1,Thrb,0.0006253255175650307
Rela,Nfil3,0.0006221202314940908
Neurod1,Cry2,0.0006216560230681646
Cux1,Egr1,0.0006212686616487229
Homer1,Stat3,0.0006203940582380308
Ppard,Sp3,0.0006199227163887852
Bdnf,Cux1,0.0006197015604639138
Rcor1,Tsc22d3,0.0006190600568182504
Ppargc1a,Srebf1,0.0006189236205593229
Atf4,Rela,0.0006171031588062364
Mef2d,Hdac1,0.0006167383834533671
Sp1,Egr1,0.0006157455351118566
Hdac1,Arntl,0.0006146605940331318
Rbm3,Fos,0.0006137123601167939
Ppargc1a,Foxo1,0.0006124959417220512
Fos,Bcl11b,0.0006121426333656736
Nfil3,Cry2,0.0006111438598345543
Per1,Npas4,0.0006101690200108264
Rcor1,Fosb,0.0006081171034844991
Hlf,Egr1,0.0006076513654238419
Npas4,Ccnd2,0.0006052295247789313
Nr1d1,Nfkb1,0.0006050972222614002
Nfkb1,Nr4a2,0.0006039813282842012
Yy1,Srebf2,0.0006033599539300465
Homer1,Bdnf,0.0006025522788048816
Yy1,Apoe,0.0006023176094908975
Per2,Clock,0.0006022817606196351
Stat5a,Cry2,0.0006017327603118876
Rorc,Foxo3,0.0006011844374187416
Neurod1,Cebpb,0.0006001597207044565
Npas4,Ctcf,0.0005988200473596374
Tef,Esr1,0.0005974575269306111
Stat5a,Per2,0.0005952650639542304
Hdac1,Sp3,0.0005947289419135689
Crem,Nfil3,0.0005946668356462028
Cux1,Hdac1,0.000594505476814697
Hdac1,Rela,0.0005943496534816981
Foxo3,Jun,0.0005935709495980461
Thrb,Ppard,0.0005934371462876551
Atf4,Malat1,0.0005930413400157195
Arc,Rorb,0.0005914844250129652
Hlf,Tsc22d3,0.0005910117706932951
Foxo1,Malat1,0.0005900993926746435
Atf3,Esr1,0.0005877639235071182
Rela,Malat1,0.0005865049647357369
Rest,Stat5a,0.0005863596753218676
Mecp2,Ar,0.0005862582305979626
Nr1d2,Apoe,0.0005849100596641831
Clock,Jun,0.0005842185163300687
Nr4a3,Bdnf,0.0005825418965931227
Klf9,Pomc,0.0005823209053845502
Rela,Dbp,0.0005813035527458952
Nr4a2,Cry1,0.00058114616133868
Klf4,Dbp,0.0005795053232321327
Homer1,Cux1,0.0005774176996261176
Tef,Fos,0.0005772644013337401
Mecp2,Cebpb,0.0005745879005191983
Tef,Meg3,0.0005738685847823361
Mecp2,Sox2,0.0005734909952815426
Rorc,Meg3,0.0005734852758747872
Mafb,Sox9,0.0005727776173676955
Rorb,Mt3,0.000572468594598294
Mef2c,Zic1,0.0005719296788314011
Nr1d1,Scg2,0.0005718763207218652
Tbr1,Sp1,0.0005699613379267616
Npas4,Rxrg,0.0005685784966396125
Nr1d1,Jun,0.0005680031396799342
Klf4,Cry1,0.0005660479432633399
Ctcf,Mt3,0.0005654404747765
Rora,Mef2c,0.0005642582464379805
Cebpb,Stat5a,0.0005641099919342236
Thrb,Scg2,0.0005635826771930215
Nr4a1,Jun,0.0005626269721642858
Neurod1,Egr1,0.0005618965153437978
Dlx1,Malat1,0.0005612889566830891
Klf9,Rcor1,0.0005599890564717452
Cux2,Srebf1,0.0005573658890641448
Thrb,Arc,0.000557359412697301
Fos,Pcsk2,0.0005568170578924391
Zic1,Gnas,0.0005564136029134757
Cry1,Jund,0.0005546341913037696
Cux1,Scg2,0.0005545332239652649
Hlf,Junb,0.0005539436895130887
Sox9,Klf4,0.000552806768780786
Tsc22d3,Lhx6,0.0005511662950632304
Foxo3,Apoe,0.0005494958045318569
Arntl,Fos,0.0005479450504662902
Crem,Atf3,0.0005477591496653558
Pomc,Lhx6,0.0005476429709853497
Nr5a1,Rorb,0.0005472414918707214
Foxo3,Nr1d2,0.0005464733391608731
Homer1,Gnas,0.0005458766669864842
Nr1d1,Hdac2,0.0005438300259119515
Rbm3,Pcsk2,0.000543620830189435
Srebf1,Arc,0.0005428285546530025
Rbm3,Nr5a1,0.0005426144719544528
Rorb,Jun,0.000540935457844766
Klf4,Fos,0.0005393621084534
Ppargc1a,Nr4a3,0.0005383024244601055
Rorb,Stat5a,0.0005375442456878696
Nr3c1,Mecp2,0.0005359201729348365
Rbm3,Jun,0.000535592005159439
Nr3c1,Mt1,0.0005316928067286595
Stat5a,Rnaset2a,0.0005313004805326505
Hdac1,Mt1,0.0005312141014536589
Dlx2,Malat1,0.0005295435007595249
Arntl,Rbm3,0.0005290218642780917
Npas4,Crem,0.0005270670452667607
Mef2c,Npas4,0.0005265211414213608
Homer1,Tsc22d3,0.0005236114446912878
Mef2c,Sox9,0.0005221774993005208
Esr1,Tef,0.0005218396158182053
Cebpb,Mef2d,0.0005216609384458468
Mafb,Egr1,0.0005210846666938331
Hlf,Rxrg,0.0005200309908231567
Hdac1,Egr1,0.0005185272262683223
Arc,Stat5a,0.0005179606637230202
Sox2,Scg2,0.0005148053233738835
Sp3,Fosb,0.0005146856915178636
Pcsk2,Nr4a3,0.0005137973294575877
Nr1d2,Per1,0.0005129305916343703
Mef2d,Ppargc1a,0.0005114074857464724
Foxo3,Stat3,0.000510773776321204
Thrb,Foxo1,0.0005075952171140354
Nr4a2,Sox10,0.000507427807751265
Yy1,Gnas,0.0005052092989774993
Atf3,Srebf1,0.0005047400524728116
Clock,Bdnf,0.0005045476514126814
Arntl,Rela,0.0005043747818013203
Hdac1,Rorb,0.0005041781145677524
Mecp2,Atf3,0.0005041456723762697
Srebf2,Jun,0.0005022891534504215
Ctcf,Pcsk2,0.0005021768718380237
Rorb,Gnas,0.0005018683762763074
Neurod1,Mafb,0.0005013231281229075
Mef2d,Foxo3,0.00050063232411877
Per2,Homer1,0.0005002114824167162
Tef,Jun,0.0004987963441608608
Rorb,Egr1,0.0004973284124687271
Sp3,Nfil3,0.0004962416073887646
Klf4,Mt3,0.0004958176651631542
Hlf,Fos,0.0004958153106350851
Mef2d,Arc,0.0004952567721552893
Cry1,Rnaset2a,0.0004951421140041935
Hlf,Mt1,0.0004949534522020322
Hdac1,Nr5a1,0.0004932882292099027
Rela,Meg3,0.0004930309551804627
Nr4a1,Mt1,0.0004912702560583165
Nr4a2,Bdnf,0.000490622150826148
Tef,Apoe,0.0004894638015677502
Fos,Ppargc1a,0.0004890679856869462
Tef,Arc,0.0004886435652996055
Ctcf,Pomc,0.0004885979052931098
Per1,Arc,0.00048808626116500075
Rorb,Klf9,0.0004871801271783472
Klf4,Scg2,0.0004853503540760077
Nr4a2,Rnaset2a,0.0004842342240128401
Rcor1,Sox9,0.0004838686343103881
Mafb,Gnas,0.0004827528903277329
Nr4a3,Scg2,0.00048250771815077303
Sp3,Fos,0.00048179519034894237
Mef2c,Pomc,0.0004796847269720114
Rora,Hdac2,0.0004778728415409656
Ppara,Rcor1,0.0004756780280217394
Neurod1,Sp3,0.00047550571050303513
Rest,Mef2d,0.0004738848412192568
Cux2,Arc,0.0004713724022454345
Egr2,Apoe,0.00047129863469464036
Thrb,Neurod1,0.0004709929022330701
Mafb,Esr1,0.000470814730058579
Yy1,Mt3,0.0004689741377126796
Atf3,Mt3,0.00046728152595313906
Foxo3,Cry2,0.0004672502018492616
Nkx2-1,Rora,0.0004662504302256615
Foxo3,Ccnd2,0.0004662315325115312
Mecp2,Nfil3,0.00046594613076348035
Yy1,Atf3,0.00046453439818694713
Clock,Fosb,0.00046315304885796867
Nr5a1,Rbm3,0.00046236224380257764
Jund,Olig1,0.0004614223040367485
Mafb,Sp1,0.0004611000812662486
Mef2d,Rela,0.00046069017668932136
Yy1,Atf4,0.00046039566844266705
Rorc,Zic1,0.00045947029995049155
Ppargc1a,Sox2,0.00045904025289925755
Npas4,Klf4,0.00045643558102949924
Hlf,Rela,0.00045602989388672527
Crem,Yy1,0.00045551321026367507
Arc,Nkx2-1,0.0004527702590984769
Atf3,Scg2,0.00045211193652238367
Cry2,Pcsk2,0.000451972127725321
Cry2,Nkx2-1,0.0004503653690580905
Npas4,Srebf1,0.00044930696788043217
Nfil3,Mt3,0.0004490785206346452
Per1,Foxo3,0.00044791287679378993
Sp1,Jund,0.0004453531953532357
Thrb,Arntl,0.0004451725435794827
Rela,Mecp2,0.000444486622632202
Hlf,Pomc,0.00044401736684846805
Rcor1,Egr1,0.0004421919834036936
Stat3,Arntl,0.0004418249278013387
Nr1d1,Bcl11b,0.0004416449824353571
Ppargc1a,Jund,0.0004414548260845649
Rcor1,Gnas,0.0004403088495044677
Atf4,Arc,0.00044016145633804103
Nr3c1,Per1,0.00043929081629653563
Dlx1,Mt1,0.0004386561105979559
Stat5a,Foxo1,0.00043847285172886335
Homer1,Rcor1,0.00043708495296627443
Cux2,Nr3c1,0.0004365163978388026
Cux1,Gnas,0.00043630540663957916
Npas4,Per1,0.00043604250895972553
Rcor1,Nr4a1,0.0004342435419328069
Clock,Sox9,0.000432491496509047
Per1,Cux2,0.00043033057794815335
Nr4a2,Klf9,0.0004297862040017551
Nr3c1,Nr5a1,0.0004288742175740069
Nr4a1,Mt3,0.0004272993762515227
Homer1,Foxo1,0.0004269782118808685
Nr4a3,Ppargc1a,0.00042655402405793907
Rorb,Npas4,0.0004262774058802763
Bdnf,Pomc,0.0004245594377739219
Nr1d2,Gnas,0.00042435620755945007
Klf9,Dlx2,0.00042433020186307394
Cebpb,Pparg,0.00042413427996386844
Cebpb,Bdnf,0.0004232180291082928
Yy1,Scg2,0.0004226648293177531
Hdac1,Fosb,0.000422488254441785
Crem,Nr1d1,0.0004213537726221465
Clock,Arntl,0.00042064267736948325
Arntl,Fosb,0.00042022752128513286
Fosb,Meg3,0.00041983568019402737
Nr4a1,Malat1,0.0004177542928052778
Nr4a1,Mecp2,0.00041662549129380664
Rest,Hdac2,0.00041540553011188303
Cry1,Srebf2,0.0004148930109379803
Hdac1,Srebf1,0.00041473060443650685
Tsc22d3,Cux2,0.00041392443243887125
Thrb,Mecp2,0.00041191827526791436
Egr1,Dbp,0.00041138197359914135
Cux1,Pomc,0.0004106996365938051
Tef,Nr4a1,0.00040852849325650537
Arc,Rora,0.00040809655596132
Atf3,Nr3c1,0.0004079123084623934
Sp3,Mecp2,0.0004074851536666066
Rxrg,Foxo1,0.0004070889945015371
Srebf1,Olig2,0.0004069706872794252
Ar,Atf3,0.0004056415206781265
Nfkb1,Ar,0.00040438527652605357
Cry2,Cga,0.0004038877914130796
Rest,Atf4,0.0004034847554901546
Fosb,Rxrg,0.0004034468032536395
Foxo3,Clock,0.0004025993319463088
Rora,Homer1,0.0004008470352755607
Mef2c,Nr4a1,0.0004007230763257032
Mecp2,Scg2,0.0004004797894182125
Thrb,Foxo3,0.0004003260368248856
Mef2d,Ppara,0.0003985154203116028
Per2,Rorb,0.00039810715350018487
Atf3,Ccnd2,0.0003963456456721452
Hdac1,Cux1,0.00039578626064578633
Sp3,Jund,0.00039576120183291123
Esr1,Cebpb,0.0003952614622072655
Npas4,Atf3,0.0003942751254755978
Rcor1,Jund,0.0003939392021124623
Sp3,Cebpb,0.0003933887960088517
Atf4,Nr4a1,0.00039303473549676175
Rbm3,Mt1,0.00039283790637930824
Cry2,Hdac1,0.0003921774879636905
Nr1d1,Jund,0.0003914327144157557
Nr1d2,Scg2,0.00039108276403906764
Nr4a3,Nr5a2,0.0003909916792727559
Mef2d,Nr4a2,0.0003901885668669894
Tsc22d3,Junb,0.00038938399402006324
Nfil3,Arntl,0.0003888322103798848
Clock,Egr2,0.00038860514231064047
Nfil3,Nfkb1,0.0003884617125595878
Cry1,Rbm3,0.00038740733189012317
Nr4a3,Nr1d2,0.0003868104982608015
Pomc,Sox10,0.00038618590206385725
Ppard,Atf3,0.0003857411295177445
Yy1,Cga,0.00038526740221215866
Cux2,Cebpb,0.0003852581772691569
Crem,Mef2c,0.0003843338602049223
Srebf2,Scg2,0.000383945955019704
Egr2,Sp1,0.00038390043780404135
Hlf,Jun,0.00038219038628673976
Nfil3,Hlf,0.00038032584103195126
Klf4,Srebf2,0.00037982335330484897
Nfil3,Atf3,0.0003793094581094123
Nkx2-1,Ccnd2,0.0003787350435008914
Foxo3,Gnas,0.0003779172505858212
Sp3,Rorb,0.00037742143009062166
Mecp2,Meg3,0.00037614980281161937
Rbm3,Mt3,0.000375946278492751
Ppargc1a,Ccnd2,0.0003743728729948142
Crem,Stat5a,0.0003738405355456083
Mef2c,Egr2,0.00037291515208977077
Sim1,Rxrg,0.00037240382944730597
Homer1,Meg3,0.00037213628549479975
Nr3c1,Nr4a3,0.00037212658377748866
Tsc22d3,Cry1,0.00037194053860209307
Mef2d,Npas4,0.00037097788022558695
Atf3,Meg3,0.00037079347170297254
Mafb,Hdac1,0.0003699972908036392
Bcl11b,Gnas,0.0003677298948162983
Dlx1,Foxo1,0.00036646510164048174
Egr1,Malat1,0.0003656526169144893
Stat3,Rorc,0.0003648750581927727
Fosb,Mt3,0.00036274637453176075
Mef2c,Srebf2,0.00036254707060203134
Rbm3,Ar,0.00036167587293665454
Foxo1,Mef2c,0.00035986934714481525
Per1,Nr3c1,0.0003595191614697781
Rxrg,Jund,0.0003590820690109729
Rorc,Rest,0.0003587670923950447
Sim1,Hdac1,0.00035862680449112705
Srebf2,Foxo3,0.0003582796076353759
Atf4,Atf3,0.0003562416083777277
Stat5a,Hlf,0.00035537174286676094
Hdac2,Scg2,0.0003552220722048715
Arntl,Dlx1,0.00035441590636047936
Rcor1,Klf9,0.00035401812157082106
Atf4,Fosb,0.0003538912651049322
Rbm3,Neurod1,0.00035261690385602045
Mafb,Meg3,0.000351953903727874
Rest,Cebpb,0.0003510805545059032
Rbm3,Pomc,0.0003510445037552485
Dlx1,Mt3,0.000350950649743513
Atf3,Apoe,0.0003508158598714327
Rorc,Mafb,0.00035067592603076455
Sox9,Ppara,0.0003506040885343225
Mecp2,Gnas,0.0003502774266304013
Nr3c1,Fosb,0.00034939853668301406
Nr1d2,Fosb,0.00034849459139135616
Nr3c1,Meg3,0.0003460649127073817
Pcsk2,Foxo3,0.00034601581116314715
Sp1,Nr1d1,0.0003457402099209464
Atf3,Srebf2,0.00034525780836129936
Cux1,Cebpb,0.00034513853380210906
Rela,Nr1d2,0.0003450700235745154
Per1,Mt3,0.000343902542018737
Mef2d,Cebpb,0.000340797238410272
Cry2,Egr1,0.0003404905059078474
Pparg,Pcsk2,0.00033899380752189923
Klf9,Pcsk2,0.0003385104073511404
Nr4a3,Sp3,0.00033765576268289315
Per1,Atf3,0.00033746716137460144
Cux1,Fos,0.00033597999914306573
Nr4a2,Esr1,0.0003351989028282265
Mef2d,Cga,0.00033367455914243445
Nr4a1,Tsc22d3,0.0003333447516357917
Thrb,Cux1,0.0003331921500462631
Per2,Tsc22d3,0.00033278315443428287
Klf4,Sp3,0.00033255934028556097
Srebf1,Junb,0.0003315906794262634
Arc,Sox2,0.0003312934343383064
Nr1d1,Malat1,0.00033106976022841486
Arc,Malat1,0.00032744170321597475
Thrb,Mafb,0.0003252676677902299
Rora,Apoe,0.0003245253021513743
Mafb,Jun,0.00032411894374798767
Zic1,Cebpb,0.00032345425515992296
Ctcf,Npas4,0.0003225686077632127
Cux2,Foxo1,0.0003218659154475833
Zic1,Klf4,0.0003194539310662147
Stat3,Scg2,0.00031919612618024626
Stat3,Meg3,0.00031903439058049806
Mecp2,Hdac1,0.0003186159679747594
Ctcf,Jun,0.0003163800492671796
Ppargc1a,Jun,0.0003161263178395739
Nr1d1,Cebpb,0.0003161199364781156
Mafb,Ppargc1a,0.00031581368862327805
Dbp,Fos,0.0003149103393901325
Nr4a1,Mef2c,0.0003128527089779729
Npas4,Esr1,0.0003126590881950982
Rora,Per1,0.0003126489521498075
Rorc,Mt1,0.0003104139338450008
Crem,Rela,0.000310358348807018
Fosb,Nr4a2,0.0003103226013513499
Mafb,Tef,0.00030908749338198885
Arntl,Pomc,0.000308683185890553
Klf4,Junb,0.0003082376963487107
Npas4,Ppard,0.0003081578654405108
Sp3,Yy1,0.0003074145047723946
Nfil3,Egr1,0.00030630445427700986
Stat5a,Stat3,0.0003062288943189765
Ppard,Srebf2,0.00030620075849729537
Nr5a1,Homer1,0.00030604251512466175
Nr1d1,Meg3,0.00030582142213473034
Mef2d,Neurod1,0.0003057904048370965
Bcl11b,Nr3c1,0.0003053199490938553
Ctcf,Rorb,0.0003040462152388707
Sp3,Hlf,0.00030400047764998924
Ppargc1a,Rorb,0.0003027327602717283
Arc,Yy1,0.0003018768959701265
Egr2,Scg2,0.00030116085907489284
Per1,Pcsk2,0.00030034214068526595
Mef2c,Nr5a1,0.00029988178785555586
Nfil3,Klf4,0.0002993880583421217
Sim1,Bdnf,0.00029872404156478123
Srebf1,Ppargc1a,0.0002985579616855975
Cux2,Scg2,0.0002979895118369038
Rcor1,Fos,0.00029748343164158876
Jun,Pcsk2,0.00029735591866996217
Nr4a1,Pcsk2,0.0002969154791752035
Fosb,Srebf1,0.0002960305835979586
Klf4,Sox2,0.00029522765351867327
Egr2,Ctcf,0.0002945988923988443
Hdac2,Dbp,0.0002935189946378297
Klf4,Zic1,0.0002927913828464806
Crem,Sox9,0.00029182241074391676
Scg2,Mafb,0.00029049960379381063
Dbp,Pomc,0.00029045370912974915
Nfkb1,Rorb,0.00028803710106920346
Rxrg,Ar,0.00028798901437909345
Foxo3,Atf3,0.0002877761925632142
Nr1d1,Egr1,0.0002876091480004671
Hlf,Npas4,0.000286655757632523
Per2,Jund,0.000286533256542307
Sox9,Crem,0.0002845271735240547
Sp1,Rorc,0.00028429451387151423
Ppard,Klf4,0.00028415486329785703
Rest,Jun,0.0002838130610046788
Nr4a1,Gnas,0.00028374837907296655
Sox2,Nr4a1,0.00028339484308328034
Esr1,Mef2c,0.0002833760983348641
Nr1d2,Rest,0.00028331804837182365
Fosb,Nr5a1,0.0002832634953156201
Dbp,Mafb,0.0002831196297979102
Mecp2,Nr4a1,0.0002825449432014285
Nfkb1,Nr4a1,0.00028252314971388427
Klf4,Ccnd2,0.00028182563342335373
Klf4,Pomc,0.00028165944352155604
Nr4a2,Hdac2,0.00028141970218991405
Nr4a2,Rela,0.00028031217892561186
Bcl11b,Rbm3,0.00027933797809665483
Atf4,Pomc,0.0002792897241365205
Nr5a1,Nr1d2,0.00027926346115060747
Atf4,Per2,0.0002782945040385956
Nr1d2,Mef2c,0.00027783827534946006
Cry1,Foxo3,0.0002760337164337712
Ppard,Foxo1,0.00027516149364484126
Cux1,Jun,0.0002746932399667622
Zic1,Nr1d1,0.0002744718089663844
Olig1,Rnaset2a,0.0002733459984200579
Junb,Sox10,0.00027201789756908383
Ar,Fos,0.0002712878701467164
Nr5a1,Tef,0.00026978299233086086
Cux2,Clock,0.0002695641341953764
Hdac2,Cebpb,0.00026955674122794546
Mafb,Ccnd2,0.0002676803675308609
Atf4,Dlx2,0.000267552190467795
Per2,Nr1d2,0.00026742945981483705
Nr4a3,Ppara,0.00026716294343665507
Neurod1,Ppara,0.0002670148329282835
Rorc,Jund,0.00026628658905058594
Srebf2,Yy1,0.00026535694948413315
Sp1,Crem,0.00026500754910814024
Fosb,Homer1,0.0002645021031126428
Crem,Meg3,0.00026245537314153946
Sp3,Klf4,0.00026222640387693543
Egr2,Tsc22d3,0.0002603824144709021
Rorb,Fos,0.00026025595550975886
Nr5a1,Mef2c,0.0002602242769588003
Bcl11b,Rcor1,0.0002595011970808071
Klf9,Junb,0.0002592661236580761
Cry2,Jun,0.000259021165317652
Srebf2,Rnaset2a,0.00025887311632930173
Cry2,Jund,0.0002584991966248391
Stat3,Fos,0.0002584896377327166
Srebf2,Tbr1,0.00025702377203722863
Neurod1,Tsc22d3,0.000256034993009777
Esr1,Meg3,0.00025496154274262477
Thrb,Rbm3,0.0002536523741696373
Stat5a,Meg3,0.0002535928935789957
Hdac1,Apoe,0.00025358975918962683
Srebf2,Mef2c,0.0002534962956703618
Per1,Esr1,0.0002527097064462732
Rxrg,Apoe,0.00025219564380312657
Sim1,Stat3,0.0002507458817267816
Rorc,Apoe,0.000250630597474499
Foxo1,Pomc,0.0002503788492432841
Ppargc1a,Atf4,0.00025032928466681956
Mecp2,Ppargc1a,0.0002502782328375111
Nr1d2,Rcor1,0.000249389614981544
Foxo1,Nr1d1,0.00024936465106011226
Dlx2,Sp3,0.00024844896607392996
Nr1d1,Crem,0.00024809304768615907
Nr4a3,Nr5a1,0.00024807548743262963
Rxrg,Fosb,0.00024723837178910026
Yy1,Pcsk2,0.0002468318652464041
Atf3,Tef,0.0002463509345701436
Neurod1,Egr2,0.0002454106261354055
Npas4,Fosb,0.0002452801781970687
Sox9,Mafb,0.00024502326506866133
Ar,Ppargc1a,0.00024492886852481364
Sp1,Scg2,0.00024235707697594305
Nfkb1,Sp3,0.00024134401161491034
Rest,Gnas,0.00024036103589294695
Srebf1,Nfil3,0.00023927209725253823
Egr1,Pcsk2,0.0002385181298376089
Stat3,Homer1,0.0002371192194011544
Zic1,Malat1,0.00023701567339583
Per2,Esr1,0.00023603402514999332
Nfil3,Ppard,0.00023509657621801223
Rora,Meg3,0.0002349692971652818
Srebf2,Rcor1,0.00023481114269749106
Ppard,Ccnd2,0.00023434590113516752
Sox9,Egr2,0.00023397912744206123
Zic1,Apoe,0.0002334867146153391
Nr4a2,Apoe,0.00023334454349639624
Nr4a3,Dbp,0.00023296368027625748
Foxo1,Cga,0.00023241349401141736
Nr4a2,Fosb,0.00023059878821119864
Crem,Cga,0.000230470143305686
Klf4,Crem,0.00022967454923725986
Hlf,Scg2,0.0002290822085328161
Esr1,Bdnf,0.00022894897014458408
Bcl11b,Yy1,0.00022883379134791475
Nfil3,Rorc,0.00022849459938001937
Bcl11b,Sp3,0.00022845341325422169
Per1,Pomc,0.00022807267469582583
Rcor1,Jun,0.00022798187743797193
Hlf,Sox9,0.00022785839694401244
Hlf,Mafb,0.00022663804659343742
Dbp,Pcsk2,0.00022630817635735403
Pcsk2,Clock,0.00022551066544683005
Srebf1,Cga,0.00022545278884308507
Nr4a2,Tsc22d3,0.00022334564299817533
Atf3,Pomc,0.000222752281270674
Clock,Npas4,0.00022206568188955347
Nr4a2,Foxo3,0.00022159555140921762
Per1,Mt1,0.00021996991864329794
Rorc,Rela,0.00021994562714288177
Npas4,Nfkb1,0.0002199395864502276
Nr4a3,Cga,0.0002168201396597247
Nr1d1,Apoe,0.0002167789098598539
Sox2,Meg3,0.0002155733611968386
Sim1,Atf4,0.00021360787311818302
Esr1,Dbp,0.00021303141787575407
Ctcf,Foxo1,0.00021259797508906605
Yy1,Meg3,0.00021257201840863135
Atf4,Mt3,0.00021211393329219255
Nr4a3,Tsc22d3,0.00021171269981693657
Ppara,Cebpb,0.00021121284096750406
Foxo3,Mef2d,0.00021076792614053286
Mecp2,Pcsk2,0.00021041157330561175
Pcsk2,Klf4,0.0002083726081775648
Arntl,Tef,0.00020790590718362296
Nr5a1,Ccnd2,0.00020777357905854844
Mafb,Foxo3,0.00020733068596882564
Srebf2,Cga,0.00020696172948655707
Mecp2,Jun,0.00020671778810908622
Nr4a2,Junb,0.00020670763860052135
Rorc,Cga,0.00020572606262415357
Hdac2,Junb,0.00020541483240340544
Rora,Fosb,0.00020541016946514962
Rela,Jun,0.00020518774409214498
Hdac1,Mt3,0.00020433081983458102
Nr3c1,Sox9,0.0002038892999965422
Nr3c1,Bcl11b,0.00020375830312231258
Nr4a1,Cga,0.0002032870382429917
Cry2,Junb,0.00020293815151671899
Rxrg,Arc,0.0002028774404738216
Cux2,Rbm3,0.00020200871753514195
Ppargc1a,Ar,0.00020164874724382171
Cry2,Meg3,0.00020153041054789817
Zic1,Jund,0.0002012404742172412
Foxo1,Egr2,0.00020060996604248586
Mafb,Yy1,0.0001999358016305852
Thrb,Pomc,0.00019972273869206061
Atf4,Foxo3,0.00019969927388042473
Mef2c,Srebf1,0.0001993716460655933
Egr2,Cry2,0.00019910820386141164
Rorc,Srebf1,0.0001985891929152439
Neurod1,Jund,0.0001984554924852979
Srebf2,Homer1,0.0001978867826335325
Olig1,Per1,0.00019765174777689194
Nr3c1,Mt3,0.00019748947366707908
Sp3,Pcsk2,0.00019652355134915504
Ctcf,Srebf1,0.000196321701706199
Per2,Fosb,0.00019596722904116048
Bdnf,Pparg,0.0001949981846413576
Zic1,Pcsk2,0.00019427654887074663
Rorc,Nr4a1,0.00019385154476123106
Egr2,Thrb,0.00019368976631340006
Mafb,Nr4a1,0.00019339382494344538
Pcsk2,Ppara,0.00019293553279829066
Per1,Gnas,0.0001924690485518743
Srebf2,Cux1,0.0001912434969165469
Klf4,Homer1,0.00019087599174616592
Rcor1,Rora,0.00019024665944065723
Stat5a,Mecp2,0.00018902259794352863
Per2,Rnaset2a,0.00018871908424108975
Homer1,Rbm3,0.00018798966876533036
Per1,Fos,0.00018771626505607167
Srebf2,Ppard,0.0001875145536147579
Bdnf,Meg3,0.00018689105302221407
Bdnf,Egr1,0.00018655310386644447
Fosb,Nr1d1,0.00018555016408509565
Homer1,Klf4,0.000184884225294159
Mafb,Jund,0.00018436619933955703
Ppara,Neurod1,0.00018338363856583196
Ppard,Gnas,0.0001823881420559971
Hdac1,Junb,0.0001822153360882148
Arntl,Nkx2-1,0.0001818029556224782
Bdnf,Bcl11b,0.00018175953775868736
Rest,Meg3,0.00018119530901079323
Cry2,Pomc,0.0001796461671004246
Zic1,Hdac1,0.00017950105250669196
Rest,Mef2c,0.00017856588207179903
Atf3,Cga,0.00017772648139705456
Srebf1,Fosb,0.00017754337599296601
Arc,Mt1,0.00017611014130103708
Hdac2,Sox9,0.0001754352264391483
Rela,Pomc,0.0001754245836602032
Nr4a2,Sox2,0.00017525776646824394
Per1,Malat1,0.00017492849821393075
Foxo3,Pomc,0.00017490503031721794
Mef2c,Fosb,0.00017378051364224352
Cry2,Scg2,0.00017316381438586476
Per1,Srebf2,0.00017277909705706358
Tsc22d3,Fos,0.00017272130026999718
Per2,Fezf2,0.00017272058035646746
Arc,Nr5a1,0.00017206643788664485
Srebf2,Pcsk2,0.0001695302456022092
Srebf1,Jun,0.00016879351379993018
Arc,Pomc,0.00016875111605531312
Rora,Nfkb1,0.00016865339524067385
Klf9,Mt3,0.0001681930728129382
Foxo3,Per1,0.0001681513520931377
Mafb,Hdac2,0.00016793319476088198
Atf3,Hdac1,0.0001678692144986701
Per1,Apoe,0.0001677493435222762
Bdnf,Hdac1,0.0001671685617132749
Foxo3,Fos,0.00016700659488607422
Sp3,Srebf1,0.00016691399062328686
Yy1,Thrb,0.0001666750533810093
Cry1,Malat1,0.00016600329239573302
Cry1,Per1,0.00016591919261443457
Esr1,Hdac1,0.00016507603056079446
Olig2,Sp3,0.00016296919127594843
Stat3,Malat1,0.0001622974091411312
Dbp,Homer1,0.00016182338646051012
Ctcf,Junb,0.0001614783836762457
Hdac1,Npas4,0.00016081881427315616
Arc,Nr3c1,0.00016045143434699455
Mef2c,Per2,0.00015927030885077117
Stat3,Nr5a1,0.00015924501261452707
Ppard,Rorb,0.00015897022349482373
Cry1,Apoe,0.0001587445107984202
Cry1,Sox2,0.00015872585102374537
Sox2,Esr1,0.000158340179205085
Mef2d,Tsc22d3,0.00015780955463670857
Nfil3,Pomc,0.0001576776856771026
Nr5a1,Tsc22d3,0.00015743091420278402
Egr2,Ccnd2,0.00015736448606718336
Hdac2,Ar,0.00015701018258040985
Srebf1,Neurod1,0.00015688224531629246
Sp3,Scg2,0.00015503999383578455
Pcsk2,Atf3,0.00015423658099735692
Thrb,Tsc22d3,0.00015314023815842537
Nr5a1,Rorc,0.0001528418939682481
Npas4,Foxo1,0.00015184994065777318
Mafb,Dbp,0.00015177176109196293
Foxo3,Meg3,0.00015162045211648513
Npas4,Yy1,0.00015096337620700042
Tbr1,Nr4a2,0.00015084503861773432
Sox2,Junb,0.00014960642377269867
Thrb,Gnas,0.0001495312947778932
Atf4,Junb,0.00014933390723762555
Egr1,Mt3,0.00014923489117170185
Hdac2,Nr1d2,0.00014915365038123792
Mef2d,Homer1,0.00014889804325846952
Rest,Fosb,0.000148476005793322
Rela,Mef2d,0.00014741648836476376
Cux2,Jund,0.0001473724144215551
Atf3,Yy1,0.00014716355509920346
Nr4a3,Malat1,0.00014698232927268473
Arc,Neurod1,0.00014690169218113918
Crem,Nr1d2,0.0001468956775050264
Cry1,Pcsk2,0.00014686476794976457
Mef2d,Rorc,0.00014667506308318256
Rora,Atf3,0.00014664238665399547
Nfkb1,Apoe,0.000146552889897415
Stat3,Nr1d2,0.00014595127218190238
Foxo1,Jun,0.00014560362505266057
Cry2,Foxo3,0.00014493590068529843
Cux1,Mt1,0.00014472567229488045
Scg2,Sox10,0.0001446227408173285
Homer1,Yy1,0.00014424982332371828
Thrb,Rorc,0.00014383070473299503
Cux1,Apoe,0.00014368823720913832
Srebf2,Egr1,0.00014347524662101916
Nr4a3,Ctcf,0.00014245774280428783
Homer1,Fosb,0.00014219011980382446
Per1,Meg3,0.00014214849622352896
Nfkb1,Arc,0.00014209532485725136
Clock,Dbp,0.00014162017874074493
Neurod1,Rora,0.00014147614183831897
Srebf1,Atf3,0.00014099281650767806
Mef2d,Pomc,0.00014045036052206196
Nfkb1,Ppara,0.0001404207283853121
Sim1,Ccnd2,0.00014017308372774604
Per1,Junb,0.00013957625724598963
Cry2,Ccnd2,0.00013873003252721684
Foxo1,Ar,0.00013850685803047305
Nr4a2,Fos,0.00013849339817178784
Rcor1,Srebf2,0.0001383789057805875
Yy1,Egr1,0.00013790015718278918
Nr1d2,Neurod1,0.00013703116824237646
Rxrg,Mef2c,0.00013692831524324468
Mecp2,Egr1,0.0001366670370156652
Nr1d2,Cga,0.00013633912160615822
Sox9,Junb,0.000133992042512802
Nr4a2,Nfkb1,0.00013369498068047998
Egr2,Ppargc1a,0.00013315857055314255
Stat5a,Cux1,0.00013295679764711008
Cry2,Fosb,0.00013119178048661255
Clock,Mef2d,0.000130673378670182
Rcor1,Meg3,0.0001303769675177888
Rora,Fos,0.00013019015891994356
Dlx2,Cux1,0.00013000289847091978
Sp1,Pparg,0.00012999498193323636
Rest,Egr1,0.0001297558547955158
Sp1,Atf3,0.00012968481342235698
Clock,Apoe,0.00012955519469614322
Homer1,Sp1,0.0001287791151075071
Sox2,Fos,0.00012872241333878546
Rorb,Rela,0.0001286600475388964
Foxo3,Cga,0.00012854915560071644
Bcl11b,Rxrg,0.00012745759502296356
Nr5a1,Ppargc1a,0.000127191732692399
Stat3,Mt3,0.0001253865514160614
Cry1,Npas4,0.00012514382668990168
Rxrg,Nfil3,0.00012496042312043392
Bdnf,Rorc,0.00012484861836973565
Nr1d2,Egr2,0.0001248318982886965
Rxrg,Hlf,0.0001244794502289126
Mafb,Fosb,0.00012376995384001346
Mef2c,Fos,0.0001232969767189995
Esr1,Sox2,0.00012309505596699478
Srebf2,Mt1,0.0001228313875943045
Egr2,Atf4,0.00012280412741908268
Hdac2,Apoe,0.00012234998311562244
Ppargc1a,Egr2,0.00012021171192182788
Nr5a1,Dbp,0.00012003390020871414
Crem,Tsc22d3,0.00011920961370026281
Arc,Ccnd2,0.00011864862779727091
Srebf2,Sox10,0.00011857697948201112
Cry1,Sim1,0.0001183048533958848
Stat3,Sox9,0.00011815196978427505
Bdnf,Mt3,0.00011801459392684922
Jund,Lhx6,0.0001179670264265415
Clock,Pcsk2,0.00011725025419242913
Per2,Mt3,0.00011698130992155279
Nfkb1,Esr1,0.00011637464915119967
Ppargc1a,Fos,0.00011608894558993963
Esr1,Nkx2-1,0.00011591486200302323
Nr5a1,Egr1,0.00011421315736668689
Nr4a3,Esr1,0.00011388088507916453
Sp1,Pcsk2,0.00011329629880470508
Arc,Rcor1,0.00011243779759100173
Bdnf,Jund,0.00011193133639871862
Arntl,Rorb,0.00011083084343119886
Rbm3,Dlx2,0.00011055687401654135
Klf4,Ppard,0.00011029093579953965
Rela,Mt1,0.00010885496128459592
Crem,Nr5a1,0.00010841121022476883
Foxo1,Meg3,0.00010790436277228723
Tef,Junb,0.00010772817726798394
Sox9,Fos,0.00010740760782948856
Nr1d2,Fos,0.00010738452055135479
Esr1,Pcsk2,0.00010699066888636155
Nkx2-1,Npas4,0.0001066098019348792
Per1,Rxrg,0.00010601252279179733
Cry2,Mt3,0.00010598625267454607
Mecp2,Fos,0.00010539647434189625
Rxrg,Cga,0.00010529422758983742
Egr2,Srebf1,0.00010475191530295303
Per2,Malat1,0.00010376795338006475
Atf4,Neurod2,0.00010355768052555188
Mecp2,Olig1,0.00010352997230626139
Nfil3,Cga,0.00010320899358675242
Arntl,Junb,0.00010267789109410701
Klf9,Mt1,0.00010221600710387754
Nr1d1,Rnaset2a,0.00010172376049165434
Nfil3,Sox9,0.00010137116010917238
Mafb,Srebf1,0.00010130302680093703
Sp1,Rxrg,0.00010123498365458694
Homer1,Dbp,0.00010056795791658817
Foxo1,Gnas,0.00010039097354171298
Esr1,Jund,0.00010003323682367525
Nkx2-1,Tsc22d3,9.951642888431599e-05
Rora,Egr2,9.856011174911784e-05
Dlx1,Rest,9.691632003191359e-05
Atf4,Jun,9.682005539303248e-05
Homer1,Malat1,9.576712117596445e-05
Nr1d2,Junb,9.548825667188607e-05
Nkx2-1,Scg2,9.534143040836647e-05
Sox9,Pomc,9.493171414131422e-05
Fezf2,Apoe,9.446201534893416e-05
Sox2,Thrb,9.439044445489115e-05
Cry2,Fos,9.423686949077466e-05
Nfil3,Ccnd2,9.337041850545022e-05
Nr4a1,Tef,9.334672318069238e-05
Arc,Cga,9.293392729847054e-05
Rela,Per2,9.290629305620873e-05
Cry1,Meg3,9.258912345072614e-05
Nr4a1,Meg3,9.249740151349948e-05
Egr2,Dbp,9.228410716135062e-05
Fosb,Pcsk2,9.206284436519727e-05
Esr1,Tsc22d3,9.192744715328261e-05
Ctcf,Nfil3,9.18553169535457e-05
Per2,Bdnf,9.167546430668967e-05
Clock,Olig2,9.032482035029096e-05
Nr5a1,Pcsk2,9.019732655654093e-05
Olig2,Apoe,8.944456158188032e-05
Nr4a2,Scg2,8.847832634533367e-05
Mef2d,Jun,8.827812972493001e-05
Bcl11b,Scg2,8.82613908581929e-05
Ctcf,Nr4a1,8.795785010460026e-05
Nr4a3,Ar,8.7281188199767e-05
Stat5a,Apoe,8.62726355907572e-05
Sp1,Ar,8.585680453705007e-05
Ppard,Fos,8.5419988790929e-05
Rcor1,Sp1,8.465496208822924e-05
Egr2,Mef2c,8.450663356459241e-05
Srebf1,Egr1,8.392546867888371e-05
Pcsk2,Jun,8.385406832937748e-05
Cry2,Sox9,8.292039480868432e-05
Mef2c,Nr4a2,8.289810642410478e-05
Sp3,Mt3,8.28129598921583e-05
Rcor1,Junb,8.228172179300043e-05
Cux1,Cga,8.171056196780783e-05
Cux1,Mt3,8.087802158424343e-05
Yy1,Fos,7.911404343835169e-05
Nkx2-1,Esr1,7.890244649449722e-05
Bdnf,Cebpb,7.883801317113617e-05
Klf4,Neurod1,7.85658776691533e-05
Clock,Cga,7.792985429465957e-05
Hdac1,Jun,7.735168278700482e-05
Srebf2,Meg3,7.721938633058609e-05
Nr4a3,Jund,7.65309579758987e-05
Hdac2,Mt1,7.639700561219977e-05
Thrb,Mt3,7.63084958076867e-05
Rorc,Nr4a2,7.62242063520199e-05
Stat3,Gnas,7.457336990452492e-05
Nr1d2,Pomc,7.42775734453388e-05
Bdnf,Malat1,7.298964874340097e-05
Clock,Meg3,7.197867872792591e-05
Nr4a3,Gnas,7.189227008712623e-05
Rora,Jun,7.10855570936659e-05
Nr3c1,Apoe,6.838664391803625e-05
Cux2,Gnas,6.78406659187249e-05
Tsc22d3,Dlx2,6.676252045016259e-05
Nfkb1,Cga,6.673788574820564e-05
Foxo1,Mt1,6.659034220678937e-05
Tef,Neurod1,6.634110113443445e-05
Fos,Sox10,6.631360831206783e-05
Nr4a3,Cebpb,6.62745594390507e-05
Yy1,Arc,6.587726429644541e-05
Zic1,Pomc,6.535221107924931e-05
Mef2d,Crem,6.534756832793366e-05
Nr5a1,Jund,6.484746076398416e-05
Rcor1,Pcsk2,6.448438430673004e-05
Esr1,Jun,6.432125711717123e-05
Yy1,Neurod1,6.403703389418543e-05
Mef2d,Gnas,6.33238956508685e-05
Zic1,Meg3,6.302293293265293e-05
Npas4,Meg3,6.295651598308571e-05
Rela,Mt3,6.24656521836043e-05
Srebf1,Pomc,6.232408263106507e-05
Rxrg,Mt3,6.170758534500117e-05
Rest,Npas4,6.104721796510461e-05
Ar,Junb,6.028714459091704e-05
Nr1d1,Pomc,5.927651452928239e-05
Sp1,Mt1,5.925279202699127e-05
Nr1d1,Egr2,5.832012182465028e-05
Yy1,Pomc,5.76747080015346e-05
Ctcf,Scg2,5.692416750283469e-05
Npas4,Nr1d1,5.677452050361562e-05
Dbp,Tbr1,5.623481839446257e-05
Nr1d2,Jun,5.524373688609767e-05
Homer1,Nr5a1,5.472780102217998e-05
Per1,Scg2,5.449647077332529e-05
Ppard,Tef,5.446490148830838e-05
Nfil3,Mt1,5.436567823734095e-05
Nfil3,Tsc22d3,5.428478716641015e-05
Npas4,Mt1,5.311047568332217e-05
Nr4a2,Mt1,5.290713120741804e-05
Ctcf,Fos,5.2824043698605316e-05
Foxo3,Rorc,5.278249182888624e-05
Sp1,Malat1,5.2532628850619457e-05
Cry1,Gnas,5.228934898080857e-05
Stat3,Mt1,5.166369655069849e-05
Rela,Jund,5.08916746682987e-05
Stat3,Junb,5.088398318601899e-05
Arntl,Arc,5.057131965619528e-05
Rxrg,Pomc,4.9634576933097724e-05
Zic1,Mt1,4.957049879214605e-05
Hdac2,Cga,4.945544701540219e-05
Mef2d,Meg3,4.909931842665437e-05
Nr1d2,Meg3,4.760441257878786e-05
Rela,Esr1,4.6513217855311184e-05
Npas4,Gnas,4.5965064614319474e-05
Bdnf,Gnas,4.525015759116241e-05
Per1,Klf9,4.512391964679448e-05
Clock,Crem,4.434054006408894e-05
Hdac1,Pomc,4.4161437283176045e-05
Ar,Mt1,4.2809674965701796e-05
Thrb,Cga,4.275795889506983e-05
Nfil3,Fos,4.262018424383067e-05
Homer1,Sp3,4.246746388038517e-05
Jund,Sox10,4.23692528322867e-05
Rxrg,Mt1,4.2170369762102946e-05
Sp3,Jun,4.196029934709992e-05
Bcl11b,Egr1,4.191235683698713e-05
Zic1,Jun,4.091427874981035e-05
Nr1d2,Mt1,4.063452757649068e-05
Mafb,Malat1,4.060850282783475e-05
Rorc,Pcsk2,3.952419492443315e-05
Hdac1,Pcsk2,3.8931959440439095e-05
Lhx6,Atf3,3.884046508930804e-05
Sp3,Cga,3.823851327801957e-05
Arc,Meg3,3.7846790166771745e-05
Sp1,Fosb,3.745620555153292e-05
Homer1,Cga,3.73722403447615e-05
Cux2,Esr1,3.736987755827002e-05
Rora,Mt3,3.6064925712205945e-05
Nr4a2,Olig1,3.556522508497373e-05
Mecp2,Sox10,3.4893661978705196e-05
Thrb,Junb,3.480421103678348e-05
Junb,Olig1,3.47679363195848e-05
Nr4a3,Rcor1,3.475672116422938e-05
Klf4,Egr2,3.445431103222284e-05
Hdac1,Cga,3.432683252636855e-05
Nr1d1,Fos,3.426061846695321e-05
Mef2d,Junb,3.385668172416021e-05
Cux2,Srebf2,3.374091895900734e-05
Stat3,Cga,3.2358797110683846e-05
Ppard,Pomc,3.191839526405436e-05
Klf4,Cga,3.177265294769729e-05
Fos,Nr4a3,3.084718545377744e-05
Srebf1,Pcsk2,3.065772388501176e-05
Srebf1,Fos,3.027744159555368e-05
Cry1,Mt3,3.0182901778703173e-05
Arntl,Meg3,2.93849514764057e-05
Srebf1,Lhx6,2.897147432992736e-05
Per2,Scg2,2.7661034232506293e-05
Nr4a1,Sp1,2.7575202608517873e-05
Atf3,Gnas,2.7046534711118785e-05
Nr4a3,Fos,2.6896958544374863e-05
Nkx2-1,Cga,2.5827734926237117e-05
Srebf2,Crem,2.5641831243837157e-05
Sp3,Pomc,2.386568876110169e-05
Nr4a3,Pcsk2,2.33334150007302e-05
Nr5a1,Fos,2.325762699985551e-05
Rorb,Olig1,2.3089706441891085e-05
Nr4a2,Rcor1,2.303008825861423e-05
Yy1,Junb,2.2839914219491224e-05
Rbm3,Dlx1,2.2149304169758056e-05
Srebf2,Pomc,2.1937637504641657e-05
Mecp2,Junb,2.191667104896641e-05
Rorc,Pomc,2.167423328907653e-05
Mafb,Fos,2.115821663087122e-05
Sox9,Rxrg,2.0549223883247464e-05
Neurod1,Mt3,2.0383013640960334e-05
Sp1,Meg3,2.025997874911057e-05
Nr4a3,Mef2d,2.0013129706152966e-05
Thrb,Mt1,1.987775945335284e-05
Per2,Junb,1.982153769737732e-05
Homer1,Ppara,1.9538695553883754e-05
Nr5a1,Mt1,1.855430266861277e-05
Mef2d,Mt3,1.8114335414075508e-05
Mafb,Cga,1.798625375428862e-05
Nr1d2,Npas4,1.772688062615253e-05
Nr1d2,Rxrg,1.7551304528661726e-05
Cry1,Mt1,1.6915462235533276e-05
Sox2,Nfil3,1.6788989320496628e-05
Per2,Cga,1.635516683559206e-05
Npas4,Hdac2,1.6054474294664845e-05
Clock,Junb,1.4823159440835904e-05
Nr3c1,Hlf,1.4529131499622026e-05
Atf4,Npas4,1.4421751378991788e-05
Ppard,Rxrg,1.4417043377137165e-05
Nfil3,Meg3,1.3845929287957946e-05
Cebpb,Lhx6,1.3462033959924007e-05
Foxo3,Cux1,1.098856234624176e-05
Egr2,Tef,1.0748652300634549e-05
Rest,Pcsk2,1.061721644388103e-05
Dbp,Npas4,1.0046338793292459e-05
Egr1,Lhx6,9.977056042143112e-06
Sox2,Sox10,9.857819084163424e-06
Foxo1,Olig2,9.844327514270772e-06
Tsc22d3,Neurod2,8.985334495974523e-06
Jun,Satb2,8.910930237263978e-06
Hlf,Sp1,8.854613859325508e-06
Tef,Sox10,8.612263563696402e-06
Pcsk2,Npas4,8.009429863862058e-06
Mecp2,Pomc,7.908585079586372e-06
Scg2,Satb2,7.89339107298572e-06
Fos,Olig2,7.172830569448424e-06
Tef,Neurod2,6.71666773358651e-06
Klf9,Lhx6,5.1766240869317736e-06
Klf9,Sox10,4.779971838319664e-06
Per2,Stat3,4.369842980128834e-06
Dbp,Neurod6,4.247506429484484e-06
Hdac1,Rcor1,3.9798725786901e-06
Junb,Ppara,3.882259404687839e-06
Hlf,Satb2,3.3559680855567203e-06
Arc,Rbm3,3.318244348022958e-06
Klf4,Sox10,3.1955371584311686e-06
Atf4,Cga,3.051691281062396e-06
Jund,Satb2,2.678655067865926e-06
Fos,Tbr1,2.5882217623253407e-06
Sp1,Ppargc1a,2.159975575938729e-06
Ar,Npas4,1.851212163064668e-06
Ar,Olig2,1.7558601895642149e-06
Junb,Olig2,1.2913119309414639e-06
Mef2c,Lhx6,1.1748192093948e-06
Cebpb,Neurod6,8.836292094549715e-07
Fosb,Sox10,7.148484973757081e-07
Cry2,Lhx6,5.655716575849415e-07
Sox9,Lhx6,4.752366903360083e-07
Fos,Dlx2,3.331307509048138e-07
Atf3,Ppara,3.203185621207135e-07
Jun,Bcl11b,2.446887784501945e-07
Jun,Nr4a3,1.3188872099371024e-07
Rorc,Sox10,8.005325524082812e-08
Rbm3,Sox10,6.929268644357761e-08
Nr4a2,Lhx6,5.979698293226912e-08
Nr4a3,Sox10,5.490120944915613e-08
Crem,Sox10,4.394077742394721e-08
Ctcf,Nr5a1,4.256737924188841e-08
Cebpb,Bcl11b,2.8369752152732384e-08
Cry1,Neurod6,1.2018069756786716e-08
Nr3c1,Sox10,6.424999476079498e-12
