cell_id,sample,condition_code,Pomc_expr,n_aux_markers,def_A_any_detected,def_B_one_aux,def_C_two_aux,def_D_log1p1_two_aux,def_E_log1p1_three_aux,def_F_top5_one_aux,total_UMI,nonneur_signature
AAACCTGAGATCACGG-JHA710A1,JHA710A1,A1,0.0,0,0,0,0,0,0,0,494.0,0
AAACCTGAGCGATATA-JHA710A1,JHA710A1,A1,0.0,2,0,0,0,0,0,0,1506.0,0
AAACCTGAGTGCTGCC-JHA710A1,JHA710A1,A1,3.065719878486732,0,1,0,0,0,0,0,489.0,0
AAACCTGCACAGATTC-JHA710A1,JHA710A1,A1,2.310816336609967,2,1,1,1,1,0,0,1101.0,0
AAACCTGCAGAGCCAA-JHA710A1,JHA710A1,A1,0.0,2,0,0,0,0,0,0,1524.0,0
AAACCTGGTAAACCTC-JHA710A1,JHA710A1,A1,0.0,1,0,0,0,0,0,0,1941.0,0
AAACCTGGTGACGGTA-JHA710A1,JHA710A1,A1,2.3974408512691476,2,1,1,1,1,0,0,2001.0,1
AAACGGGAGAGGGCTT-JHA710A1,JHA710A1,A1,3.2285260807003624,2,1,1,1,1,0,0,825.0,0
AAACGGGAGTGTGGCA-JHA710A1,JHA710A1,A1,8.127402153769077,3,1,1,1,1,1,1,1226.0,0
AAACGGGCAGCGTTCG-JHA710A1,JHA710A1,A1,0.0,1,0,0,0,0,0,0,522.0,0
AAACGGGGTTGAGTTC-JHA710A1,JHA710A1,A1,0.0,1,0,0,0,0,0,0,894.0,0
AAACGGGTCCTTTCTC-JHA710A1,JHA710A1,A1,2.884347643292784,0,1,0,0,0,0,0,592.0,0
AAAGATGCACTTAACG-JHA710A1,JHA710A1,A1,0.0,0,0,0,0,0,0,0,526.0,0
AAAGATGCAGACACTT-JHA710A1,JHA710A1,A1,1.6091179892129441,2,1,1,1,1,0,0,2501.0,0
AAAGATGGTAGCTAAA-JHA710A1,JHA710A1,A1,1.697140089553707,2,1,1,1,1,0,0,2243.0,0
AAAGATGGTTACTGAC-JHA710A1,JHA710A1,A1,0.0,2,0,0,0,0,0,0,454.0,1
AAAGATGGTTCAGGCC-JHA710A1,JHA710A1,A1,7.760324600107268,2,1,1,1,1,0,1,853.0,0
AAAGATGGTTCTGAAC-JHA710A1,JHA710A1,A1,2.885943845437571,3,1,1,1,1,1,0,591.0,0
AAAGATGTCATCACCC-JHA710A1,JHA710A1,A1,2.277155113252243,1,1,1,0,0,0,0,2286.0,0
AAAGATGTCGTCCAGG-JHA710A1,JHA710A1,A1,7.661173748223663,2,1,1,1,1,0,1,1785.0,0
AAAGCAAAGTGGTAGC-JHA710A1,JHA710A1,A1,2.0432853021693558,1,1,1,0,0,0,0,1489.0,0
AAAGCAAAGTTATCGC-JHA710A1,JHA710A1,A1,7.676035277166298,3,1,1,1,1,1,1,2928.0,0
AAAGCAACAACGATGG-JHA710A1,JHA710A1,A1,0.0,3,0,0,0,0,0,0,1164.0,0
AAAGCAAGTAGGCTGA-JHA710A1,JHA710A1,A1,0.0,2,0,0,0,0,0,0,1420.0,0
AAAGCAAGTTCCAACA-JHA710A1,JHA710A1,A1,0.0,2,0,0,0,0,0,0,1954.0,0
AAAGCAAGTTGTTTGG-JHA710A1,JHA710A1,A1,0.0,0,0,0,0,0,0,0,1537.0,1
AAAGCAATCAAGATCC-JHA710A1,JHA710A1,A1,2.0559566747690754,3,1,1,1,1,1,0,2935.0,0
AAAGCAATCACCTCGT-JHA710A1,JHA710A1,A1,0.0,1,0,0,0,0,0,0,556.0,0
AAAGCAATCAGCCTAA-JHA710A1,JHA710A1,A1,7.305268479603977,3,1,1,1,1,1,0,854.0,1
AAAGCAATCCTTTACA-JHA710A1,JHA710A1,A1,2.0946388654468064,2,1,1,1,1,0,0,1404.0,0
AAAGCAATCGTTTAGG-JHA710A1,JHA710A1,A1,7.935520990894849,2,1,1,1,1,0,1,970.0,0
AAAGTAGAGATCCCAT-JHA710A1,JHA710A1,A1,0.0,0,0,0,0,0,0,0,1148.0,0
AAAGTAGCAAGAGTCG-JHA710A1,JHA710A1,A1,2.6309241979069813,1,1,1,0,0,0,0,776.0,0
AAAGTAGCACCTCGTT-JHA710A1,JHA710A1,A1,0.0,2,0,0,0,0,0,0,753.0,0
AAAGTAGCATTACGAC-JHA710A1,JHA710A1,A1,0.0,1,0,0,0,0,0,0,520.0,0
AAAGTAGGTAGAAGGA-JHA710A1,JHA710A1,A1,2.571993598287207,2,1,1,1,1,0,0,1654.0,0
AAAGTAGGTTAAGACA-JHA710A1,JHA710A1,A1,6.948294997641465,1,1,1,0,0,0,0,644.0,0
AAAGTAGGTTATTCTC-JHA710A1,JHA710A1,A1,2.1171311234394596,2,1,1,1,1,0,0,2737.0,0
AAAGTAGTCGAGGTAG-JHA710A1,JHA710A1,A1,2.244453670146499,4,1,1,1,1,1,0,2371.0,0
AAAGTAGTCTCTGTCG-JHA710A1,JHA710A1,A1,0.0,2,0,0,0,0,0,0,455.0,0
AAAGTAGTCTTTCCTC-JHA710A1,JHA710A1,A1,2.164142126245391,2,1,1,1,1,0,0,2595.0,0
AAATGCCAGCCATCGC-JHA710A1,JHA710A1,A1,2.9713636825370333,0,1,0,0,0,0,0,540.0,1
AAATGCCCATAGTAAG-JHA710A1,JHA710A1,A1,0.0,3,0,0,0,0,0,0,654.0,0
AAATGCCGTACCGGCT-JHA710A1,JHA710A1,A1,0.0,2,0,0,0,0,0,0,561.0,0
AAATGCCGTCGACTGC-JHA710A1,JHA710A1,A1,0.0,1,0,0,0,0,0,0,502.0,0
AAATGCCGTTTCGCTC-JHA710A1,JHA710A1,A1,0.0,2,0,0,0,0,0,0,1307.0,0
AAATGCCTCGCAAACT-JHA710A1,JHA710A1,A1,2.2166583873290833,2,1,1,1,1,0,0,2446.0,0
AAATGCCTCGCCGTGA-JHA710A1,JHA710A1,A1,0.0,2,0,0,0,0,0,0,679.0,0
AACACGTAGAACAATC-JHA710A1,JHA710A1,A1,0.0,1,0,0,0,0,0,0,711.0,0
AACACGTAGCAGCCTC-JHA710A1,JHA710A1,A1,2.0915222846976893,1,1,1,0,0,0,0,1409.0,0
AACACGTGTAAATACG-JHA710A1,JHA710A1,A1,1.9145212008382146,2,1,1,1,1,0,0,1729.0,0
AACACGTGTTCGAATC-JHA710A1,JHA710A1,A1,2.095888989996992,2,1,1,1,1,0,0,1402.0,0
AACACGTGTTGCTCCT-JHA710A1,JHA710A1,A1,0.0,2,0,0,0,0,0,0,2383.0,0
AACACGTTCAGCTCGG-JHA710A1,JHA710A1,A1,0.0,1,0,0,0,0,0,0,767.0,0
AACCATGAGGACACCA-JHA710A1,JHA710A1,A1,0.0,1,0,0,0,0,0,0,474.0,0
AACCATGAGTGACATA-JHA710A1,JHA710A1,A1,3.1451096746285914,0,1,0,0,0,0,0,450.0,0
AACCATGCAAGCGTAG-JHA710A1,JHA710A1,A1,6.0230611062759865,1,1,1,0,0,0,0,777.0,0
AACCATGCAATAGAGT-JHA710A1,JHA710A1,A1,0.0,0,0,0,0,0,0,0,589.0,0
AACCATGCATGCATGT-JHA710A1,JHA710A1,A1,2.7517433754614253,2,1,1,1,1,0,0,2045.0,0
AACCATGGTAAAGTCA-JHA710A1,JHA710A1,A1,2.903692601871825,1,1,1,0,0,0,0,580.0,0
AACCATGGTACCAGTT-JHA710A1,JHA710A1,A1,0.0,3,0,0,0,0,0,0,1185.0,0
AACCATGTCAGGCAAG-JHA710A1,JHA710A1,A1,6.663987326749577,3,1,1,1,1,1,0,1431.0,0
AACCATGTCATCTGCC-JHA710A1,JHA710A1,A1,6.389091089571108,2,1,1,1,1,0,0,774.0,1
AACCATGTCGACGGAA-JHA710A1,JHA710A1,A1,0.0,1,0,0,0,0,0,0,790.0,0
AACCGCGAGATCCCGC-JHA710A1,JHA710A1,A1,1.9380656340673614,1,1,1,0,0,0,0,1682.0,0
AACCGCGAGGCAATTA-JHA710A1,JHA710A1,A1,3.2923766549394333,1,1,1,0,0,0,0,772.0,0
AACCGCGCAGATCGGA-JHA710A1,JHA710A1,A1,0.0,2,0,0,0,0,0,0,2022.0,0
AACCGCGCAGGGCATA-JHA710A1,JHA710A1,A1,2.8851453882060696,2,1,1,1,1,0,0,2366.0,0
AACCGCGCAGGGTTAG-JHA710A1,JHA710A1,A1,2.6345192343067705,2,1,1,1,1,0,0,3092.0,0
AACCGCGCATCGTCGG-JHA710A1,JHA710A1,A1,0.0,0,0,0,0,0,0,0,526.0,0
AACCGCGGTATCGCAT-JHA710A1,JHA710A1,A1,0.0,2,0,0,0,0,0,0,2063.0,0
AACCGCGGTGACTCAT-JHA710A1,JHA710A1,A1,0.0,0,0,0,0,0,0,0,1119.0,0
AACCGCGTCTTCATGT-JHA710A1,JHA710A1,A1,3.1753744029075848,2,1,1,1,1,0,0,872.0,0
AACGTTGAGACAGACC-JHA710A1,JHA710A1,A1,0.0,0,0,0,0,0,0,0,514.0,0
AACGTTGAGTTGTAGA-JHA710A1,JHA710A1,A1,7.68768908450091,3,1,1,1,1,1,1,610.0,0
AACGTTGCACATTTCT-JHA710A1,JHA710A1,A1,1.4132898654619024,2,1,1,1,1,0,0,3216.0,0
AACGTTGCACGTAAGG-JHA710A1,JHA710A1,A1,2.777760093832317,1,1,1,0,0,0,0,663.0,1
AACGTTGCATGGAATA-JHA710A1,JHA710A1,A1,0.0,0,0,0,0,0,0,0,519.0,0
AACGTTGGTACTTGAC-JHA710A1,JHA710A1,A1,0.0,1,0,0,0,0,0,0,514.0,0
AACGTTGGTCCGTGAC-JHA710A1,JHA710A1,A1,2.526326854297795,0,1,0,0,0,0,0,869.0,0
AACGTTGGTCTAGGTT-JHA710A1,JHA710A1,A1,3.1655373076338824,2,1,1,1,1,0,0,881.0,0
AACGTTGGTTCTGAAC-JHA710A1,JHA710A1,A1,0.0,1,0,0,0,0,0,0,733.0,1
AACTCAGAGCTAGTTC-JHA710A1,JHA710A1,A1,0.0,1,0,0,0,0,0,0,1038.0,0
AACTCAGCACACTGCG-JHA710A1,JHA710A1,A1,2.759560434481451,1,1,1,0,0,0,0,676.0,0
AACTCAGCATTGGTAC-JHA710A1,JHA710A1,A1,7.987462417556682,2,1,1,1,1,0,1,717.0,0
AACTCAGTCGTCCGTT-JHA710A1,JHA710A1,A1,0.0,1,0,0,0,0,0,0,557.0,0
AACTCCCAGACGCTTT-JHA710A1,JHA710A1,A1,0.0,1,0,0,0,0,0,0,795.0,1
AACTCCCAGTGTACCT-JHA710A1,JHA710A1,A1,7.53306040344552,3,1,1,1,1,1,1,696.0,0
AACTCCCGTCGGCTCA-JHA710A1,JHA710A1,A1,1.0896270273709021,2,1,1,1,1,0,0,5068.0,0
AACTCCCGTGCCTTGG-JHA710A1,JHA710A1,A1,2.8468706124785235,1,1,1,0,0,0,0,616.0,0
AACTCCCGTTCCAACA-JHA710A1,JHA710A1,A1,1.8850360946966158,2,1,1,1,1,0,0,1790.0,0
AACTCCCTCCCACTTG-JHA710A1,JHA710A1,A1,0.0,1,0,0,0,0,0,0,588.0,0
AACTCCCTCGTGGACC-JHA710A1,JHA710A1,A1,0.0,0,0,0,0,0,0,0,563.0,0
AACTCTTAGCTGAACG-JHA710A1,JHA710A1,A1,0.0,0,0,0,0,0,0,0,547.0,0
AACTCTTAGCTGCGAA-JHA710A1,JHA710A1,A1,4.743815292854288,2,1,1,1,1,0,0,966.0,0
AACTCTTAGTACATGA-JHA710A1,JHA710A1,A1,0.0,0,0,0,0,0,0,0,489.0,1
AACTCTTGTCAGCTAT-JHA710A1,JHA710A1,A1,0.0,1,0,0,0,0,0,0,466.0,1
AACTCTTGTGTGCCTG-JHA710A1,JHA710A1,A1,2.1389639921072794,1,1,1,0,0,0,0,1335.0,0
AACTCTTTCACCGTAA-JHA710A1,JHA710A1,A1,2.656408292452806,2,1,1,1,1,0,0,755.0,0
AACTCTTTCACTCCTG-JHA710A1,JHA710A1,A1,0.0,2,0,0,0,0,0,0,1216.0,0
AACTCTTTCTTTACAC-JHA710A1,JHA710A1,A1,2.54235776083478,1,1,1,0,0,0,0,854.0,0
AACTGGTAGAGGTAGA-JHA710A1,JHA710A1,A1,8.205940958460127,3,1,1,1,1,1,1,863.0,0
AACTGGTAGCGTGTCC-JHA710A1,JHA710A1,A1,0.0,0,0,0,0,0,0,0,683.0,0
AACTGGTCACATCTTT-JHA710A1,JHA710A1,A1,0.0,3,0,0,0,0,0,0,2451.0,0
AACTGGTGTAAGGATT-JHA710A1,JHA710A1,A1,1.9224531167457548,1,1,1,0,0,0,0,1713.0,0
AACTGGTGTGACAAAT-JHA710A1,JHA710A1,A1,2.9963024531760145,1,1,1,0,0,0,0,526.0,1
AACTGGTGTGTGACGA-JHA710A1,JHA710A1,A1,0.0,2,0,0,0,0,0,0,1713.0,0
AACTGGTTCGAACGGA-JHA710A1,JHA710A1,A1,0.0,2,0,0,0,0,0,0,704.0,0
AACTGGTTCTTTACGT-JHA710A1,JHA710A1,A1,0.0,2,0,0,0,0,0,0,1384.0,0
AACTTTCAGAAGGTGA-JHA710A1,JHA710A1,A1,7.491538872117561,3,1,1,1,1,1,0,586.0,0
AACTTTCAGGCTAGGT-JHA710A1,JHA710A1,A1,7.8438563274731585,2,1,1,1,1,0,1,459.0,0
AACTTTCAGTCCATAC-JHA710A1,JHA710A1,A1,2.0658240885291517,1,1,1,0,0,0,0,1451.0,0
AACTTTCCATACCATG-JHA710A1,JHA710A1,A1,0.0,0,0,0,0,0,0,0,570.0,0
AACTTTCCATGGGACA-JHA710A1,JHA710A1,A1,0.0,2,0,0,0,0,0,0,1128.0,0
AACTTTCGTTCCACTC-JHA710A1,JHA710A1,A1,0.0,1,0,0,0,0,0,0,1493.0,0
AACTTTCTCAGTGTTG-JHA710A1,JHA710A1,A1,0.0,2,0,0,0,0,0,0,1041.0,0
AACTTTCTCCGATATG-JHA710A1,JHA710A1,A1,0.0,2,0,0,0,0,0,0,1515.0,0
AAGACCTAGCGATCCC-JHA710A1,JHA710A1,A1,0.0,1,0,0,0,0,0,0,572.0,0
AAGACCTCACCCAGTG-JHA710A1,JHA710A1,A1,0.0,1,0,0,0,0,0,0,1219.0,0
AAGACCTCACGTCAGC-JHA710A1,JHA710A1,A1,0.0,2,0,0,0,0,0,0,1877.0,0
AAGACCTCATATACGC-JHA710A1,JHA710A1,A1,0.0,3,0,0,0,0,0,0,2024.0,0
AAGACCTGTACTTCTT-JHA710A1,JHA710A1,A1,2.9301530219189638,0,1,0,0,0,0,0,564.0,0
AAGACCTGTGATAAAC-JHA710A1,JHA710A1,A1,0.0,2,0,0,0,0,0,0,565.0,0
AAGACCTTCGTCCAGG-JHA710A1,JHA710A1,A1,0.0,0,0,0,0,0,0,0,514.0,0
AAGCCGCAGTCCTCCT-JHA710A1,JHA710A1,A1,0.0,3,0,0,0,0,0,0,2853.0,0
AAGCCGCAGTTGAGAT-JHA710A1,JHA710A1,A1,2.377244512011689,1,1,1,0,0,0,0,2046.0,0
AAGCCGCCAGCTGTTA-JHA710A1,JHA710A1,A1,0.0,2,0,0,0,0,0,0,1613.0,0
AAGCCGCCATGGTCAT-JHA710A1,JHA710A1,A1,7.677312415477605,3,1,1,1,1,1,1,621.0,0
AAGCCGCGTCTCCATC-JHA710A1,JHA710A1,A1,0.0,2,0,0,0,0,0,0,1400.0,0
AAGCCGCGTTCCACGG-JHA710A1,JHA710A1,A1,8.009817503604681,2,1,1,1,1,0,1,854.0,0
AAGGAGCAGAGGTAGA-JHA710A1,JHA710A1,A1,0.0,1,0,0,0,0,0,0,732.0,0
AAGGAGCAGTGAATTG-JHA710A1,JHA710A1,A1,2.656408292452806,1,1,1,0,0,0,0,755.0,0
AAGGAGCCAAGTCTAC-JHA710A1,JHA710A1,A1,0.0,1,0,0,0,0,0,0,942.0,0
AAGGAGCGTTTGACTG-JHA710A1,JHA710A1,A1,0.0,3,0,0,0,0,0,0,1052.0,0
AAGGAGCTCAACACAC-JHA710A1,JHA710A1,A1,0.0,1,0,0,0,0,0,0,1371.0,1
AAGGAGCTCATGCATG-JHA710A1,JHA710A1,A1,0.0,3,0,0,0,0,0,0,845.0,0
AAGGCAGAGTGCAAGC-JHA710A1,JHA710A1,A1,0.0,1,0,0,0,0,0,0,933.0,0
AAGGCAGCAATCCGAT-JHA710A1,JHA710A1,A1,0.0,2,0,0,0,0,0,0,2161.0,0
AAGGCAGCAGGACGTA-JHA710A1,JHA710A1,A1,0.0,0,0,0,0,0,0,0,449.0,0
AAGGCAGCATCACGAT-JHA710A1,JHA710A1,A1,0.0,0,0,0,0,0,0,0,498.0,0
AAGGCAGGTATCACCA-JHA710A1,JHA710A1,A1,0.0,1,0,0,0,0,0,0,1669.0,0
AAGGCAGGTGATGATA-JHA710A1,JHA710A1,A1,2.085326236541605,2,1,1,1,1,0,0,1419.0,0
AAGGTTCAGATAGGAG-JHA710A1,JHA710A1,A1,3.580849098759491,2,1,1,1,1,0,0,573.0,0
AAGGTTCCACCGATAT-JHA710A1,JHA710A1,A1,0.0,2,0,0,0,0,0,0,1185.0,0
AAGGTTCGTAGCCTAT-JHA710A1,JHA710A1,A1,3.801397010294558,1,1,1,0,0,0,0,457.0,1
AAGGTTCGTTGTGGCC-JHA710A1,JHA710A1,A1,2.7269186854065928,2,1,1,1,1,0,0,700.0,0
AAGGTTCTCAAGAAGT-JHA710A1,JHA710A1,A1,3.128253330633891,0,1,0,0,0,0,0,458.0,1
AAGGTTCTCACTGGGC-JHA710A1,JHA710A1,A1,1.8798422074497925,1,1,1,0,0,0,0,1801.0,0
AAGGTTCTCGCAGGCT-JHA710A1,JHA710A1,A1,0.0,1,0,0,0,0,0,0,731.0,0
AAGTCTGCAGCGTAAG-JHA710A1,JHA710A1,A1,2.843817495685926,1,1,1,0,0,0,0,618.0,1
AAGTCTGGTATGGTTC-JHA710A1,JHA710A1,A1,0.0,1,0,0,0,0,0,0,759.0,0
AAGTCTGGTCTAGCGC-JHA710A1,JHA710A1,A1,5.136815169007972,2,1,1,1,1,0,0,532.0,0
AAGTCTGGTCTCTTAT-JHA710A1,JHA710A1,A1,2.1422751328062524,2,1,1,1,1,0,0,1330.0,0
AAGTCTGGTGACTACT-JHA710A1,JHA710A1,A1,1.1935740971050373,4,1,1,1,1,1,0,4350.0,0
AAGTCTGGTTCAACCA-JHA710A1,JHA710A1,A1,6.303451130240791,2,1,1,1,1,0,0,825.0,0
AAGTCTGTCCCATTTA-JHA710A1,JHA710A1,A1,7.861513050470468,2,1,1,1,1,0,1,1800.0,0
AAGTCTGTCTGATACG-JHA710A1,JHA710A1,A1,6.996777790179695,2,1,1,1,1,0,0,760.0,0
AATCCAGCAAGTTGTC-JHA710A1,JHA710A1,A1,0.0,1,0,0,0,0,0,0,563.0,0
AATCCAGCACTGCCAG-JHA710A1,JHA710A1,A1,0.0,2,0,0,0,0,0,0,539.0,0
AATCCAGCATGTTCCC-JHA710A1,JHA710A1,A1,0.0,1,0,0,0,0,0,0,634.0,0
AATCCAGTCTGGTTCC-JHA710A1,JHA710A1,A1,7.547857263182895,2,1,1,1,1,0,1,786.0,0
AATCGGTAGCGTGTCC-JHA710A1,JHA710A1,A1,2.7540353143440335,0,1,0,0,0,0,0,680.0,0
AATCGGTAGCGTTGCC-JHA710A1,JHA710A1,A1,3.124087248135773,0,1,0,0,0,0,0,460.0,1
AATCGGTCAGTACACT-JHA710A1,JHA710A1,A1,2.7609471472242952,2,1,1,1,1,0,0,1350.0,0
AATCGGTCATTCGACA-JHA710A1,JHA710A1,A1,2.301056521910102,3,1,1,1,1,1,0,1113.0,0
AATCGGTGTCATGCCG-JHA710A1,JHA710A1,A1,0.0,1,0,0,0,0,0,0,524.0,0
AATCGGTTCTCCGGTT-JHA710A1,JHA710A1,A1,0.0,2,0,0,0,0,0,0,616.0,0
ACACCAAAGAGAGCTC-JHA710A1,JHA710A1,A1,1.5024849469806005,2,1,1,1,1,0,0,2863.0,0
ACACCAAAGCTACCGC-JHA710A1,JHA710A1,A1,0.0,1,0,0,0,0,0,0,468.0,0
ACACCAACATCGGGTC-JHA710A1,JHA710A1,A1,0.0,1,0,0,0,0,0,0,517.0,0
ACACCAACATGAGCGA-JHA710A1,JHA710A1,A1,3.0954439531443563,2,1,1,1,1,0,0,948.0,0
ACACCAAGTCTGATCA-JHA710A1,JHA710A1,A1,8.323400522651037,2,1,1,1,1,0,1,1185.0,0
ACACCAATCAAAGACA-JHA710A1,JHA710A1,A1,0.0,1,0,0,0,0,0,0,545.0,0
ACACCAATCCAACCAA-JHA710A1,JHA710A1,A1,7.201073399817234,2,1,1,1,1,0,0,918.0,0
ACACCAATCCTCATTA-JHA710A1,JHA710A1,A1,0.0,1,0,0,0,0,0,0,2107.0,0
ACACCAATCTAACCGA-JHA710A1,JHA710A1,A1,0.0,0,0,0,0,0,0,0,600.0,1
ACACCCTAGAAGCCCA-JHA710A1,JHA710A1,A1,0.0,1,0,0,0,0,0,0,810.0,0
ACACCCTAGTATTGGA-JHA710A1,JHA710A1,A1,0.0,0,0,0,0,0,0,0,499.0,0
ACACCCTAGTGAACGC-JHA710A1,JHA710A1,A1,6.653334945202632,3,1,1,1,1,1,0,749.0,0
ACACCCTCATACAGCT-JHA710A1,JHA710A1,A1,0.0,1,0,0,0,0,0,0,897.0,0
ACACCCTCATCGATGT-JHA710A1,JHA710A1,A1,0.0,2,0,0,0,0,0,0,2083.0,1
ACACCCTGTACCGTTA-JHA710A1,JHA710A1,A1,1.4211039724758772,2,1,1,1,1,0,0,3183.0,0
ACACCCTTCTGACCTC-JHA710A1,JHA710A1,A1,0.0,0,0,0,0,0,0,0,673.0,0
ACACCGGCACTACAGT-JHA710A1,JHA710A1,A1,0.0,0,0,0,0,0,0,0,502.0,0
ACACCGGGTCCTAGCG-JHA710A1,JHA710A1,A1,3.567372842220549,1,1,1,0,0,0,0,581.0,0
ACACCGGGTCTAAAGA-JHA710A1,JHA710A1,A1,0.0,1,0,0,0,0,0,0,490.0,0
ACACCGGGTCTCCACT-JHA710A1,JHA710A1,A1,3.1345381929117835,0,1,0,0,0,0,0,455.0,1
ACACCGGGTCTTGATG-JHA710A1,JHA710A1,A1,0.0,2,0,0,0,0,0,0,750.0,0
ACACCGGGTTCGCGAC-JHA710A1,JHA710A1,A1,0.0,1,0,0,0,0,0,0,625.0,0
ACACCGGTCAGCTCTC-JHA710A1,JHA710A1,A1,0.0,2,0,0,0,0,0,0,1231.0,0
ACACCGGTCATCGCTC-JHA710A1,JHA710A1,A1,0.0,3,0,0,0,0,0,0,501.0,1
ACACCGGTCGAATGGG-JHA710A1,JHA710A1,A1,0.0,1,0,0,0,0,0,0,518.0,1
ACACTGAAGAAGGTTT-JHA710A1,JHA710A1,A1,8.243554751281923,3,1,1,1,1,1,1,1081.0,0
ACACTGAAGGACCACA-JHA710A1,JHA710A1,A1,2.6527215571908163,1,1,1,0,0,0,0,758.0,1
ACACTGACAATCGGTT-JHA710A1,JHA710A1,A1,0.0,0,0,0,0,0,0,0,485.0,0
ACACTGACACACTGCG-JHA710A1,JHA710A1,A1,2.8963891648855116,2,1,1,1,1,0,0,1169.0,0
ACACTGACAGATGGGT-JHA710A1,JHA710A1,A1,0.0,2,0,0,0,0,0,0,910.0,0
ACACTGAGTAAGAGAG-JHA710A1,JHA710A1,A1,0.0,0,0,0,0,0,0,0,492.0,0
ACACTGAGTATAGTAG-JHA710A1,JHA710A1,A1,2.7512857030562534,2,1,1,1,1,0,0,2046.0,0
ACACTGAGTGTGACGA-JHA710A1,JHA710A1,A1,0.0,1,0,0,0,0,0,0,1012.0,0
ACACTGATCGAATGGG-JHA710A1,JHA710A1,A1,2.5586953133485437,1,1,1,0,0,0,0,1678.0,0
ACACTGATCGCCTGAG-JHA710A1,JHA710A1,A1,0.0,1,0,0,0,0,0,0,919.0,0
ACACTGATCTCCAGGG-JHA710A1,JHA710A1,A1,8.012148639215752,3,1,1,1,1,1,1,915.0,0
ACACTGATCTCGATGA-JHA710A1,JHA710A1,A1,0.0,2,0,0,0,0,0,0,1082.0,0
ACAGCCGAGATGGGTC-JHA710A1,JHA710A1,A1,0.0,2,0,0,0,0,0,0,1139.0,0
ACAGCCGCATGGTTGT-JHA710A1,JHA710A1,A1,0.0,2,0,0,0,0,0,0,1183.0,0
ACAGCCGTCAATACCG-JHA710A1,JHA710A1,A1,2.3182132504308184,3,1,1,1,1,1,0,1092.0,0
ACAGCCGTCATGGTCA-JHA710A1,JHA710A1,A1,3.061828897936965,0,1,0,0,0,0,0,491.0,0
ACAGCCGTCATTGCGA-JHA710A1,JHA710A1,A1,0.0,2,0,0,0,0,0,0,1671.0,1
ACAGCCGTCGGCGCAT-JHA710A1,JHA710A1,A1,2.2221412353519017,2,1,1,1,1,0,0,2431.0,0
ACAGCTAAGCCAGAAC-JHA710A1,JHA710A1,A1,0.0,0,0,0,0,0,0,0,585.0,0
ACAGCTAAGCCCAATT-JHA710A1,JHA710A1,A1,7.161784601811516,3,1,1,1,1,1,0,1832.0,0
ACAGCTAAGGATATAC-JHA710A1,JHA710A1,A1,2.0655232213041907,1,1,1,0,0,0,0,2903.0,0
ACAGCTAAGGATGCGT-JHA710A1,JHA710A1,A1,0.0,1,0,0,0,0,0,0,655.0,1
ACAGCTAAGGGTCGAT-JHA710A1,JHA710A1,A1,2.3444976303055687,1,1,1,0,0,0,0,3182.0,0
ACAGCTAAGTCTTGCA-JHA710A1,JHA710A1,A1,2.5821043558286254,0,1,0,0,0,0,0,818.0,1
ACAGCTAGTCGACTAT-JHA710A1,JHA710A1,A1,7.337046410133664,2,1,1,1,1,0,0,1635.0,0
ACAGCTAGTGACTCAT-JHA710A1,JHA710A1,A1,3.1366427612315193,1,1,1,0,0,0,0,454.0,0
ACAGCTAGTTAGGGTG-JHA710A1,JHA710A1,A1,0.0,2,0,0,0,0,0,0,472.0,0
ACAGCTATCAAGATCC-JHA710A1,JHA710A1,A1,1.546021361357241,2,1,1,1,1,0,0,2708.0,0
ACAGCTATCTGTCTAT-JHA710A1,JHA710A1,A1,0.0,1,0,0,0,0,0,0,1058.0,0
ACATACGAGAAGGCCT-JHA710A1,JHA710A1,A1,2.300248433352637,2,1,1,1,1,0,0,2228.0,0
ACATACGAGCACAGGT-JHA710A1,JHA710A1,A1,0.0,1,0,0,0,0,0,0,568.0,0
ACATACGAGTCAAGGC-JHA710A1,JHA710A1,A1,0.0,2,0,0,0,0,0,0,1172.0,0
ACATACGCAGGACGTA-JHA710A1,JHA710A1,A1,2.5477690025111035,0,1,0,0,0,0,0,849.0,0
ACATACGCATGCAATC-JHA710A1,JHA710A1,A1,3.001737152675889,1,1,1,0,0,0,0,523.0,1
ACATACGGTCCGACGT-JHA710A1,JHA710A1,A1,0.0,2,0,0,0,0,0,0,991.0,0
ACATACGGTCGGCATC-JHA710A1,JHA710A1,A1,1.4304695061680068,2,1,1,1,1,0,0,3144.0,0
ACATACGGTTTAGGAA-JHA710A1,JHA710A1,A1,7.3330569927422715,2,1,1,1,1,0,0,654.0,0
ACATACGTCCCTCAGT-JHA710A1,JHA710A1,A1,1.982079822110166,2,1,1,1,1,0,0,1598.0,0
ACATACGTCGGTCCGA-JHA710A1,JHA710A1,A1,2.3834754122700637,0,1,0,0,0,0,0,1016.0,0
ACATACGTCGTATCAG-JHA710A1,JHA710A1,A1,8.39071024952321,2,1,1,1,1,0,1,1294.0,0
ACATACGTCTTCGGTC-JHA710A1,JHA710A1,A1,7.3339004123116736,2,1,1,1,1,0,0,758.0,0
ACATCAGCAAACTGCT-JHA710A1,JHA710A1,A1,0.0,1,0,0,0,0,0,0,585.0,0
ACATCAGCATAGACTC-JHA710A1,JHA710A1,A1,2.3215222940137967,2,1,1,1,1,0,0,1088.0,0
ACATCAGGTCCTGCTT-JHA710A1,JHA710A1,A1,0.0,0,0,0,0,0,0,0,440.0,0
ACATCAGTCAATAAGG-JHA710A1,JHA710A1,A1,3.176473937739248,0,1,0,0,0,0,0,871.0,0
ACATCAGTCCCTTGTG-JHA710A1,JHA710A1,A1,2.1409490098500727,2,1,1,1,1,0,0,1332.0,1
ACATCAGTCGGAGGTA-JHA710A1,JHA710A1,A1,0.0,2,0,0,0,0,0,0,1029.0,0
ACATCAGTCTCTAAGG-JHA710A1,JHA710A1,A1,7.803401028879004,2,1,1,1,1,0,1,768.0,0
ACATCAGTCTCTGAGA-JHA710A1,JHA710A1,A1,5.063025717656527,2,1,1,1,1,0,0,1719.0,0
ACATCAGTCTGAAAGA-JHA710A1,JHA710A1,A1,0.0,1,0,0,0,0,0,0,1105.0,0
ACATGGTAGTGTCTCA-JHA710A1,JHA710A1,A1,0.0,1,0,0,0,0,0,0,1582.0,0
ACATGGTCAATCTGCA-JHA710A1,JHA710A1,A1,0.0,3,0,0,0,0,0,0,1541.0,0
ACATGGTCAGTTCATG-JHA710A1,JHA710A1,A1,7.647277072327539,1,1,1,0,0,0,1,511.0,0
ACATGGTTCAAACCAC-JHA710A1,JHA710A1,A1,7.170727325169917,3,1,1,1,1,1,0,954.0,1
ACATGGTTCTGAGTGT-JHA710A1,JHA710A1,A1,0.0,2,0,0,0,0,0,0,1527.0,0
ACATGGTTCTGGTTCC-JHA710A1,JHA710A1,A1,0.0,0,0,0,0,0,0,0,1032.0,0
ACATGGTTCTTACCGC-JHA710A1,JHA710A1,A1,0.0,0,0,0,0,0,0,0,446.0,0
ACCAGTAAGGAACTGC-JHA710A1,JHA710A1,A1,0.0,2,0,0,0,0,0,0,461.0,0
ACCAGTAAGTCATGCT-JHA710A1,JHA710A1,A1,7.48854398105027,1,1,1,0,0,0,0,487.0,0
ACCAGTAAGTTGAGTA-JHA710A1,JHA710A1,A1,0.0,1,0,0,0,0,0,0,1874.0,0
ACCAGTACAATCGAAA-JHA710A1,JHA710A1,A1,2.956119684082795,1,1,1,0,0,0,0,2195.0,0
ACCAGTACACCATCCT-JHA710A1,JHA710A1,A1,0.0,0,0,0,0,0,0,0,582.0,0
ACCAGTATCAACGAAA-JHA710A1,JHA710A1,A1,0.0,2,0,0,0,0,0,0,1095.0,0
ACCAGTATCGGCGCAT-JHA710A1,JHA710A1,A1,2.4769690140238048,2,1,1,1,1,0,0,917.0,0
ACCAGTATCTTCGGTC-JHA710A1,JHA710A1,A1,1.2490255778238575,2,1,1,1,1,0,0,4021.0,0
ACCCACTAGCCGGTAA-JHA710A1,JHA710A1,A1,0.0,2,0,0,0,0,0,0,1548.0,0
ACCCACTAGTGTTAGA-JHA710A1,JHA710A1,A1,7.692013390236392,3,1,1,1,1,1,1,548.0,0
ACCCACTGTATTCTCT-JHA710A1,JHA710A1,A1,0.0,1,0,0,0,0,0,0,520.0,1
ACCCACTGTTCCCTTG-JHA710A1,JHA710A1,A1,0.0,2,0,0,0,0,0,0,507.0,0
ACCGTAAAGTACGATA-JHA710A1,JHA710A1,A1,7.8667940090891975,2,1,1,1,1,0,1,855.0,0
ACCGTAAAGTGTCCAT-JHA710A1,JHA710A1,A1,0.0,2,0,0,0,0,0,0,680.0,0
ACCGTAACACGTAAGG-JHA710A1,JHA710A1,A1,2.7891493088974655,2,1,1,1,1,0,0,655.0,0
ACCGTAAGTCAAGCGA-JHA710A1,JHA710A1,A1,7.633261864555982,1,1,1,0,0,0,1,741.0,0
ACCGTAAGTGCTGTAT-JHA710A1,JHA710A1,A1,4.2896707198218875,2,1,1,1,1,0,0,695.0,0
ACCGTAAGTTACAGAA-JHA710A1,JHA710A1,A1,0.0,1,0,0,0,0,0,0,835.0,0
ACCTTTAAGGCGATAC-JHA710A1,JHA710A1,A1,6.747885168014155,2,1,1,1,1,0,0,1116.0,1
ACCTTTAAGGTGCTTT-JHA710A1,JHA710A1,A1,0.0,1,0,0,0,0,0,0,626.0,0
ACCTTTAAGTGAATTG-JHA710A1,JHA710A1,A1,2.3095899798452564,1,1,1,0,0,0,0,2205.0,0
ACCTTTACACAGCGTC-JHA710A1,JHA710A1,A1,0.0,1,0,0,0,0,0,0,1144.0,0
ACCTTTACACATAACC-JHA710A1,JHA710A1,A1,2.538053314977434,1,1,1,0,0,0,0,858.0,0
ACCTTTACACTGTCGG-JHA710A1,JHA710A1,A1,0.0,3,0,0,0,0,0,0,6622.0,0
ACCTTTACATCGGACC-JHA710A1,JHA710A1,A1,0.0,0,0,0,0,0,0,0,571.0,0
ACCTTTACATGACATC-JHA710A1,JHA710A1,A1,0.0,1,0,0,0,0,0,0,1995.0,0
ACCTTTAGTGTTGGGA-JHA710A1,JHA710A1,A1,3.7768977574728404,3,1,1,1,1,1,0,4686.0,0
ACCTTTATCAGTTGAC-JHA710A1,JHA710A1,A1,2.191555828763586,2,1,1,1,1,0,0,1258.0,0
ACCTTTATCTCAACTT-JHA710A1,JHA710A1,A1,0.0,1,0,0,0,0,0,0,798.0,0
ACGAGCCAGACCTAGG-JHA710A1,JHA710A1,A1,0.0,2,0,0,0,0,0,0,1251.0,0
ACGAGCCAGTCATGCT-JHA710A1,JHA710A1,A1,0.0,1,0,0,0,0,0,0,1121.0,0
ACGAGCCCAACTTGAC-JHA710A1,JHA710A1,A1,0.0,3,0,0,0,0,0,0,1199.0,0
ACGAGCCCACTATCTT-JHA710A1,JHA710A1,A1,0.0,2,0,0,0,0,0,0,596.0,0
ACGAGCCCACTTACGA-JHA710A1,JHA710A1,A1,0.0,1,0,0,0,0,0,0,487.0,1
ACGAGCCCATGGTTGT-JHA710A1,JHA710A1,A1,8.036153203929265,1,1,1,0,0,0,1,602.0,0
ACGAGCCGTTCCCGAG-JHA710A1,JHA710A1,A1,0.0,2,0,0,0,0,0,0,1580.0,0
ACGAGGACACAGGCCT-JHA710A1,JHA710A1,A1,2.4729827839424217,3,1,1,1,1,1,0,921.0,0
ACGAGGACAGATAATG-JHA710A1,JHA710A1,A1,0.0,1,0,0,0,0,0,0,640.0,0
ACGAGGACATACTCTT-JHA710A1,JHA710A1,A1,0.0,2,0,0,0,0,0,0,1194.0,0
ACGAGGAGTAAATACG-JHA710A1,JHA710A1,A1,2.59807244573354,2,1,1,1,1,0,0,1608.0,0
ACGAGGAGTGGCGAAT-JHA710A1,JHA710A1,A1,0.0,0,0,0,0,0,0,0,486.0,0
ACGAGGAGTTAGTGGG-JHA710A1,JHA710A1,A1,3.523898448056199,1,1,1,0,0,0,0,1519.0,1
ACGAGGATCCCTCAGT-JHA710A1,JHA710A1,A1,0.0,1,0,0,0,0,0,0,1105.0,0
ACGAGGATCCTCTAGC-JHA710A1,JHA710A1,A1,2.79345838500717,2,1,1,1,1,0,0,1304.0,0
ACGAGGATCTACCAGA-JHA710A1,JHA710A1,A1,0.0,3,0,0,0,0,0,0,7546.0,0
ACGATACAGAGTAATC-JHA710A1,JHA710A1,A1,5.837011072557441,2,1,1,1,1,0,0,673.0,0
ACGATACCAAACGCGA-JHA710A1,JHA710A1,A1,0.0,2,0,0,0,0,0,0,910.0,0
ACGATACCAGCTGCAC-JHA710A1,JHA710A1,A1,3.851910925050964,2,1,1,1,1,0,0,651.0,0
ACGATACCAGGGTATG-JHA710A1,JHA710A1,A1,2.135008873533652,1,1,1,0,0,0,0,1341.0,0
ACGATACTCATGGTCA-JHA710A1,JHA710A1,A1,0.0,1,0,0,0,0,0,0,790.0,1
ACGATACTCGAGGTAG-JHA710A1,JHA710A1,A1,0.0,1,0,0,0,0,0,0,1060.0,0
ACGATACTCGTATCAG-JHA710A1,JHA710A1,A1,0.0,2,0,0,0,0,0,0,1486.0,0
ACGATGTAGACCCACC-JHA710A1,JHA710A1,A1,2.0840929169535065,3,1,1,1,1,1,0,1421.0,0
ACGATGTAGCACAGGT-JHA710A1,JHA710A1,A1,7.366629555764387,2,1,1,1,1,0,0,449.0,0
ACGATGTAGCGTGAGT-JHA710A1,JHA710A1,A1,0.0,0,0,0,0,0,0,0,712.0,0
ACGATGTAGTGTTGAA-JHA710A1,JHA710A1,A1,0.0,0,0,0,0,0,0,0,509.0,0
ACGATGTCAACAACCT-JHA710A1,JHA710A1,A1,7.208347392834452,2,1,1,1,1,0,0,1756.0,0
ACGATGTCAAGTACCT-JHA710A1,JHA710A1,A1,2.4281332917352323,2,1,1,1,1,0,0,2902.0,0
ACGATGTCAATCTACG-JHA710A1,JHA710A1,A1,8.056384357631375,2,1,1,1,1,0,1,942.0,0
ACGATGTCACCACGTG-JHA710A1,JHA710A1,A1,2.308093587876528,2,1,1,1,1,0,0,3313.0,0
ACGATGTGTTGAGTTC-JHA710A1,JHA710A1,A1,0.0,1,0,0,0,0,0,0,1164.0,0
ACGATGTTCGTCCGTT-JHA710A1,JHA710A1,A1,0.0,2,0,0,0,0,0,0,860.0,0
ACGCAGCCAGCTGCTG-JHA710A1,JHA710A1,A1,7.257230350182006,2,1,1,1,1,0,0,762.0,0
ACGCAGCCATACTCTT-JHA710A1,JHA710A1,A1,3.151511540223939,2,1,1,1,1,0,0,447.0,0
ACGCAGCCATGCTGGC-JHA710A1,JHA710A1,A1,2.932674137586854,1,1,1,0,0,0,0,1125.0,0
ACGCAGCCATTAGGCT-JHA710A1,JHA710A1,A1,2.0724728723637424,2,1,1,1,1,0,0,1440.0,0
ACGCAGCGTCACCCAG-JHA710A1,JHA710A1,A1,2.0896582942802033,2,1,1,1,1,0,0,1412.0,0
ACGCAGCGTGGAAAGA-JHA710A1,JHA710A1,A1,0.0,1,0,0,0,0,0,0,517.0,0
ACGCAGCTCCGAGCCA-JHA710A1,JHA710A1,A1,3.523259746937913,1,1,1,0,0,0,0,608.0,0
ACGCAGCTCTTCGGTC-JHA710A1,JHA710A1,A1,2.496164496840844,2,1,1,1,1,0,0,898.0,0
ACGCCAGAGAAGCCCA-JHA710A1,JHA710A1,A1,0.0,0,0,0,0,0,0,0,510.0,0
ACGCCAGAGTACGCCC-JHA710A1,JHA710A1,A1,2.3960790717905933,1,1,1,0,0,0,0,2004.0,1
ACGCCAGAGTGAAGAG-JHA710A1,JHA710A1,A1,0.0,4,0,0,0,0,0,0,1485.0,0
ACGCCAGCACATGGGA-JHA710A1,JHA710A1,A1,5.998517439875033,2,1,1,1,1,0,0,1966.0,0
ACGCCAGCAGCTGTGC-JHA710A1,JHA710A1,A1,4.83783322805712,2,1,1,1,1,0,0,639.0,0
ACGCCAGGTGTAATGA-JHA710A1,JHA710A1,A1,2.9574162605251617,2,1,1,1,1,0,0,548.0,0
ACGCCAGGTGTCGCTG-JHA710A1,JHA710A1,A1,2.9069577829535476,4,1,1,1,1,1,0,1156.0,0
ACGCCAGTCATTTGGG-JHA710A1,JHA710A1,A1,0.0,2,0,0,0,0,0,0,477.0,0
ACGCCAGTCGAGAACG-JHA710A1,JHA710A1,A1,2.1291131514770734,3,1,1,1,1,1,0,1350.0,0
ACGCCAGTCTCGTATT-JHA710A1,JHA710A1,A1,0.0,2,0,0,0,0,0,0,453.0,0
ACGCCGAAGACTCGGA-JHA710A1,JHA710A1,A1,2.0688392002503373,2,1,1,1,1,0,0,1446.0,0
ACGCCGAAGCCCAATT-JHA710A1,JHA710A1,A1,7.237904775551419,4,1,1,1,1,1,0,1079.0,0
ACGCCGAAGCTACCTA-JHA710A1,JHA710A1,A1,2.4759706917212125,2,1,1,1,1,0,0,918.0,0
ACGCCGAAGGGCTTGA-JHA710A1,JHA710A1,A1,0.0,2,0,0,0,0,0,0,902.0,0
ACGCCGATCAACCATG-JHA710A1,JHA710A1,A1,0.0,1,0,0,0,0,0,0,480.0,0
ACGCCGATCATACGGT-JHA710A1,JHA710A1,A1,0.0,0,0,0,0,0,0,0,450.0,0
ACGCCGATCCTTGACC-JHA710A1,JHA710A1,A1,5.281166233157916,2,1,1,1,1,0,0,818.0,0
ACGGAGACACAAGTAA-JHA710A1,JHA710A1,A1,3.3846028298943973,2,1,1,1,1,0,0,1754.0,0
ACGGAGACAGACAAAT-JHA710A1,JHA710A1,A1,0.0,2,0,0,0,0,0,0,1781.0,0
ACGGCCAAGAATGTTG-JHA710A1,JHA710A1,A1,8.19871842692079,2,1,1,1,1,0,1,1689.0,1
ACGGCCAAGCTTATCG-JHA710A1,JHA710A1,A1,2.019873577028855,3,1,1,1,1,1,0,4589.0,0
ACGGCCAAGGATGGTC-JHA710A1,JHA710A1,A1,3.003555994408114,2,1,1,1,1,0,0,1566.0,0
ACGGCCAAGTACGCCC-JHA710A1,JHA710A1,A1,2.8779911833266105,2,1,1,1,1,0,0,1192.0,0
ACGGCCAAGTGTCCAT-JHA710A1,JHA710A1,A1,7.331156750173798,3,1,1,1,1,1,0,937.0,0
ACGGCCACACAGGTTT-JHA710A1,JHA710A1,A1,0.0,1,0,0,0,0,0,0,500.0,0
ACGGCCACACGGATAG-JHA710A1,JHA710A1,A1,3.946645109626237,2,1,1,1,1,0,0,591.0,0
ACGGCCACAGCAGTTT-JHA710A1,JHA710A1,A1,0.0,2,0,0,0,0,0,0,1908.0,0
ACGGCCACATTGGGCC-JHA710A1,JHA710A1,A1,2.236076201124014,2,1,1,1,1,0,0,3590.0,1
ACGGCCATCACTATTC-JHA710A1,JHA710A1,A1,0.0,0,0,0,0,0,0,0,501.0,0
ACGGGCTAGAGGGATA-JHA710A1,JHA710A1,A1,2.890749615448365,1,1,1,0,0,0,0,588.0,0
ACGGGCTAGAGTCTGG-JHA710A1,JHA710A1,A1,3.0502547549391688,2,1,1,1,1,0,0,497.0,0
ACGGGCTAGTGAAGAG-JHA710A1,JHA710A1,A1,0.0,2,0,0,0,0,0,0,710.0,0
ACGGGCTCAATGGATA-JHA710A1,JHA710A1,A1,2.5742301665360094,1,1,1,0,0,0,0,825.0,0
ACGGGCTCACGGTAGA-JHA710A1,JHA710A1,A1,7.764590861423239,2,1,1,1,1,0,1,671.0,0
ACGGGCTGTAGATTAG-JHA710A1,JHA710A1,A1,2.548855374388274,3,1,1,1,1,1,0,1696.0,0
ACGGGCTGTCGCTTCT-JHA710A1,JHA710A1,A1,0.0,2,0,0,0,0,0,0,580.0,0
ACGGGCTGTGCAACGA-JHA710A1,JHA710A1,A1,0.0,2,0,0,0,0,0,0,794.0,0
ACGGGCTTCGCCCTTA-JHA710A1,JHA710A1,A1,0.0,1,0,0,0,0,0,0,598.0,0
ACGGGTCAGACGACGT-JHA710A1,JHA710A1,A1,1.6913381236269909,2,1,1,1,1,0,0,4518.0,0
ACGGGTCAGGACATTA-JHA710A1,JHA710A1,A1,2.8740412356547638,1,1,1,0,0,0,0,1197.0,0
ACGGGTCCACCCATGG-JHA710A1,JHA710A1,A1,0.0,2,0,0,0,0,0,0,1487.0,0
ACGGGTCGTAATAGCA-JHA710A1,JHA710A1,A1,6.399165575637421,3,1,1,1,1,1,0,583.0,0
ACGGGTCGTCAGAAGC-JHA710A1,JHA710A1,A1,3.035048184003741,2,1,1,1,1,0,0,1515.0,0
ACGGGTCTCAATCACG-JHA710A1,JHA710A1,A1,1.4655683110679896,1,1,1,0,0,0,0,3003.0,0
ACGGGTCTCTACTCAT-JHA710A1,JHA710A1,A1,7.5997784514582305,3,1,1,1,1,1,1,616.0,0
ACGTCAAAGACTACAA-JHA710A1,JHA710A1,A1,2.6345192343067705,2,1,1,1,1,0,0,773.0,0
ACGTCAAAGAGTCGGT-JHA710A1,JHA710A1,A1,0.0,1,0,0,0,0,0,0,914.0,0
ACGTCAAAGGCAGGTT-JHA710A1,JHA710A1,A1,7.073358253889347,3,1,1,1,1,1,0,670.0,0
ACGTCAAAGTCCGGTC-JHA710A1,JHA710A1,A1,0.0,1,0,0,0,0,0,0,486.0,0
ACGTCAACAGCTATTG-JHA710A1,JHA710A1,A1,3.0407208745060754,2,1,1,1,1,0,0,502.0,0
ACGTCAACATGCATGT-JHA710A1,JHA710A1,A1,2.9963024531760145,0,1,0,0,0,0,0,526.0,1
ACGTCAACATGTAAGA-JHA710A1,JHA710A1,A1,0.0,2,0,0,0,0,0,0,2961.0,0
ACGTCAAGTCAGCTAT-JHA710A1,JHA710A1,A1,5.531697651436953,2,1,1,1,1,0,0,1113.0,0
ACGTCAAGTGACGGTA-JHA710A1,JHA710A1,A1,3.152797289365268,2,1,1,1,1,0,0,2232.0,0
ACGTCAAGTGCTCTTC-JHA710A1,JHA710A1,A1,0.0,0,0,0,0,0,0,0,477.0,1
ACGTCAATCGGTTAAC-JHA710A1,JHA710A1,A1,5.432050749393316,2,1,1,1,1,0,0,659.0,0
ACTATCTAGAGTACAT-JHA710A1,JHA710A1,A1,0.0,0,0,0,0,0,0,0,725.0,0
ACTATCTAGGATATAC-JHA710A1,JHA710A1,A1,2.5242119953514974,1,1,1,0,0,0,0,871.0,0
ACTATCTAGTATCGAA-JHA710A1,JHA710A1,A1,0.0,1,0,0,0,0,0,0,621.0,0
ACTATCTTCACCACCT-JHA710A1,JHA710A1,A1,0.0,0,0,0,0,0,0,0,480.0,1
ACTATCTTCAGCGACC-JHA710A1,JHA710A1,A1,0.0,2,0,0,0,0,0,0,937.0,0
ACTATCTTCATGTGGT-JHA710A1,JHA710A1,A1,2.720268398211515,2,1,1,1,1,0,0,705.0,0
ACTATCTTCTGTCAAG-JHA710A1,JHA710A1,A1,1.9951410531564355,1,1,1,0,0,0,0,1574.0,0
ACTGAACAGTTAAGTG-JHA710A1,JHA710A1,A1,2.777760093832317,1,1,1,0,0,0,0,663.0,0
ACTGAACAGTTCGATC-JHA710A1,JHA710A1,A1,0.0,1,0,0,0,0,0,0,664.0,0
ACTGAACGTAAAGTCA-JHA710A1,JHA710A1,A1,0.0,0,0,0,0,0,0,0,460.0,0
ACTGAACTCACCATAG-JHA710A1,JHA710A1,A1,0.0,0,0,0,0,0,0,0,492.0,0
ACTGAACTCTCCGGTT-JHA710A1,JHA710A1,A1,0.0,2,0,0,0,0,0,0,515.0,0
ACTGAGTAGCGAAGGG-JHA710A1,JHA710A1,A1,3.0834378539730967,1,1,1,0,0,0,0,480.0,0
ACTGAGTAGTGAATTG-JHA710A1,JHA710A1,A1,2.5359092042403732,4,1,1,1,1,1,0,860.0,0
ACTGAGTGTGGTACAG-JHA710A1,JHA710A1,A1,2.6009553203074236,2,1,1,1,1,0,0,1603.0,0
ACTGAGTTCCATGCTC-JHA710A1,JHA710A1,A1,2.700615222614692,0,1,0,0,0,0,0,720.0,0
ACTGATGAGCTACCGC-JHA710A1,JHA710A1,A1,0.0,0,0,0,0,0,0,0,477.0,0
ACTGATGAGGAATCGC-JHA710A1,JHA710A1,A1,2.9020644620522504,1,1,1,0,0,0,0,1162.0,0
ACTGATGAGGTGGGTT-JHA710A1,JHA710A1,A1,4.477272555226706,2,1,1,1,1,0,0,2299.0,0
ACTGATGAGTATTGGA-JHA710A1,JHA710A1,A1,0.0,1,0,0,0,0,0,0,1604.0,0
ACTGATGCAGATCTGT-JHA710A1,JHA710A1,A1,2.345066087970213,3,1,1,1,1,1,0,1060.0,0
ACTGATGGTAGCCTAT-JHA710A1,JHA710A1,A1,0.0,0,0,0,0,0,0,0,483.0,0
ACTGATGTCTATGTGG-JHA710A1,JHA710A1,A1,2.22030946179844,1,1,1,0,0,0,0,1218.0,0
ACTGATGTCTCAAACG-JHA710A1,JHA710A1,A1,2.372822326128577,1,1,1,0,0,0,0,1028.0,1
ACTGATGTCTGGTTCC-JHA710A1,JHA710A1,A1,0.0,0,0,0,0,0,0,0,653.0,1
ACTGCTCAGCTAGGCA-JHA710A1,JHA710A1,A1,2.462607618675299,1,1,1,0,0,0,0,1863.0,1
ACTGCTCCATCGGACC-JHA710A1,JHA710A1,A1,7.214631762129667,2,1,1,1,1,0,0,832.0,0
ACTGCTCCATGCCTAA-JHA710A1,JHA710A1,A1,0.0,1,0,0,0,0,0,0,1540.0,0
ACTGCTCGTCCAACTA-JHA710A1,JHA710A1,A1,0.0,2,0,0,0,0,0,0,1739.0,0
ACTGCTCGTTCCAACA-JHA710A1,JHA710A1,A1,7.9023774838928835,3,1,1,1,1,1,1,777.0,0
ACTGCTCTCAAACCGT-JHA710A1,JHA710A1,A1,1.8228403481643025,2,1,1,1,1,0,0,1927.0,0
ACTGTCCAGCGTCTAT-JHA710A1,JHA710A1,A1,0.0,2,0,0,0,0,0,0,466.0,0
ACTGTCCAGGGATGGG-JHA710A1,JHA710A1,A1,0.0,2,0,0,0,0,0,0,536.0,0
ACTGTCCAGGTTACCT-JHA710A1,JHA710A1,A1,0.0,3,0,0,0,0,0,0,731.0,0
ACTGTCCCAGGATTGG-JHA710A1,JHA710A1,A1,0.0,1,0,0,0,0,0,0,903.0,0
ACTGTCCGTACCGCTG-JHA710A1,JHA710A1,A1,3.57746198474792,1,1,1,0,0,0,0,575.0,0
ACTGTCCGTGAGGGTT-JHA710A1,JHA710A1,A1,0.0,0,0,0,0,0,0,0,855.0,0
ACTGTCCTCAGTGTTG-JHA710A1,JHA710A1,A1,1.5843188523387683,2,1,1,1,1,0,0,2580.0,0
ACTGTCCTCGACAGCC-JHA710A1,JHA710A1,A1,6.396932428368153,3,1,1,1,1,1,0,1803.0,0
ACTGTCCTCGCATGGC-JHA710A1,JHA710A1,A1,0.0,2,0,0,0,0,0,0,457.0,0
ACTTACTAGAATGTGT-JHA710A1,JHA710A1,A1,2.0145997473557884,2,1,1,1,1,0,0,3078.0,0
ACTTACTCAATAGCGG-JHA710A1,JHA710A1,A1,7.966604485219114,3,1,1,1,1,1,1,975.0,0
ACTTACTCACGGTTTA-JHA710A1,JHA710A1,A1,2.8827542855987707,1,1,1,0,0,0,0,593.0,0
ACTTACTCAGTGGGAT-JHA710A1,JHA710A1,A1,7.381333592505198,2,1,1,1,1,0,0,592.0,0
ACTTACTGTAGGACAC-JHA710A1,JHA710A1,A1,0.0,2,0,0,0,0,0,0,641.0,1
ACTTACTGTGTGAATA-JHA710A1,JHA710A1,A1,2.678863107244799,0,1,0,0,0,0,0,737.0,0
ACTTACTTCCGTAGTA-JHA710A1,JHA710A1,A1,0.0,2,0,0,0,0,0,0,1491.0,0
ACTTACTTCGTTACAG-JHA710A1,JHA710A1,A1,7.6956030434848435,2,1,1,1,1,0,1,769.0,0
ACTTGTTAGCCAGTAG-JHA710A1,JHA710A1,A1,0.0,2,0,0,0,0,0,0,526.0,0
ACTTGTTAGGTGATAT-JHA710A1,JHA710A1,A1,0.0,1,0,0,0,0,0,0,502.0,1
ACTTGTTGTAAATGAC-JHA710A1,JHA710A1,A1,2.7322754584473596,2,1,1,1,1,0,0,696.0,0
ACTTGTTGTTATTCTC-JHA710A1,JHA710A1,A1,2.6166915944017415,0,1,0,0,0,0,0,788.0,0
ACTTGTTTCACAATGC-JHA710A1,JHA710A1,A1,1.932993586064968,1,1,1,0,0,0,0,1692.0,0
ACTTTCAAGGACCACA-JHA710A1,JHA710A1,A1,1.9810014688665833,2,1,1,1,1,0,0,1600.0,0
ACTTTCACACAGAGGT-JHA710A1,JHA710A1,A1,2.6225934028912694,2,1,1,1,1,0,0,783.0,0
ACTTTCACACTATCTT-JHA710A1,JHA710A1,A1,3.1199400328488176,1,1,1,0,0,0,0,924.0,0
ACTTTCAGTACAGTGG-JHA710A1,JHA710A1,A1,0.0,1,0,0,0,0,0,0,950.0,0
ACTTTCAGTGAAAGAG-JHA710A1,JHA710A1,A1,1.9623749924050384,1,1,1,0,0,0,0,1635.0,0
ACTTTCAGTGCCTGGT-JHA710A1,JHA710A1,A1,7.384209003792921,3,1,1,1,1,1,0,727.0,0
ACTTTCAGTTAAGAAC-JHA710A1,JHA710A1,A1,0.0,1,0,0,0,0,0,0,1205.0,0
ACTTTCATCAACACTG-JHA710A1,JHA710A1,A1,2.1402867825542398,1,1,1,0,0,0,0,1333.0,0
AGAATAGAGAGTAATC-JHA710A1,JHA710A1,A1,1.8069189308354274,3,1,1,1,1,1,0,1964.0,0
AGAATAGAGGCTATCT-JHA710A1,JHA710A1,A1,0.0,2,0,0,0,0,0,0,1712.0,0
AGAATAGAGTGGCACA-JHA710A1,JHA710A1,A1,3.0637723102856707,2,1,1,1,1,0,0,490.0,0
AGAATAGCAAAGGTGC-JHA710A1,JHA710A1,A1,0.0,2,0,0,0,0,0,0,659.0,0
AGAATAGTCAGCTTAG-JHA710A1,JHA710A1,A1,7.654620935797357,3,1,1,1,1,1,1,768.0,0
AGAATAGTCCTATGTT-JHA710A1,JHA710A1,A1,1.8760877462059864,2,1,1,1,1,0,0,1809.0,0
AGACGTTCATCCTTGC-JHA710A1,JHA710A1,A1,0.0,3,0,0,0,0,0,0,604.0,0
AGACGTTCATTGCGGC-JHA710A1,JHA710A1,A1,0.0,0,0,0,0,0,0,0,1041.0,0
AGACGTTGTGCACCAC-JHA710A1,JHA710A1,A1,4.227819646955058,3,1,1,1,1,1,0,444.0,0
AGACGTTTCAACGCTA-JHA710A1,JHA710A1,A1,0.0,1,0,0,0,0,0,0,525.0,1
AGACGTTTCGCCTGTT-JHA710A1,JHA710A1,A1,2.5923354823577114,0,1,0,0,0,0,0,809.0,0
AGAGCGAAGAAAGTGG-JHA710A1,JHA710A1,A1,1.707042799031294,3,1,1,1,1,1,0,2216.0,0
AGAGCGAAGATATACG-JHA710A1,JHA710A1,A1,0.0,2,0,0,0,0,0,0,512.0,0
AGAGCGAAGGTGCTTT-JHA710A1,JHA710A1,A1,2.5798472121421736,2,1,1,1,1,0,0,820.0,0
AGAGCGACAACAACCT-JHA710A1,JHA710A1,A1,0.0,2,0,0,0,0,0,0,1736.0,0
AGAGCGATCAGAGCTT-JHA710A1,JHA710A1,A1,3.001737152675889,0,1,0,0,0,0,0,523.0,1
AGAGCTTAGAGGGCTT-JHA710A1,JHA710A1,A1,0.0,2,0,0,0,0,0,0,608.0,0
AGAGCTTAGCGTGAAC-JHA710A1,JHA710A1,A1,4.611825729504318,2,1,1,1,1,0,0,903.0,1
AGAGCTTCAAGTCTAC-JHA710A1,JHA710A1,A1,7.725396677372714,2,1,1,1,1,0,1,477.0,0
AGAGCTTCATTGGTAC-JHA710A1,JHA710A1,A1,7.517462919183645,2,1,1,1,1,0,1,1229.0,0
AGAGCTTGTCCGTCAG-JHA710A1,JHA710A1,A1,7.169056707777571,2,1,1,1,1,0,0,1680.0,0
AGAGCTTGTCGAATCT-JHA710A1,JHA710A1,A1,8.095805408186786,2,1,1,1,1,0,1,497.0,0
AGAGCTTGTCGAGTTT-JHA710A1,JHA710A1,A1,0.0,2,0,0,0,0,0,0,1240.0,0
AGAGCTTGTCTGATTG-JHA710A1,JHA710A1,A1,0.0,1,0,0,0,0,0,0,1087.0,0
AGAGCTTGTTATCACG-JHA710A1,JHA710A1,A1,0.0,0,0,0,0,0,0,0,775.0,0
AGAGCTTGTTCTGAAC-JHA710A1,JHA710A1,A1,0.0,0,0,0,0,0,0,0,493.0,0
AGAGTGGAGACAAGCC-JHA710A1,JHA710A1,A1,0.0,0,0,0,0,0,0,0,478.0,0
AGAGTGGAGATATGGT-JHA710A1,JHA710A1,A1,0.0,2,0,0,0,0,0,0,785.0,0
AGAGTGGAGGCTAGCA-JHA710A1,JHA710A1,A1,0.0,3,0,0,0,0,0,0,705.0,0
AGAGTGGCAAGTAGTA-JHA710A1,JHA710A1,A1,1.2648576336817823,2,1,1,1,1,0,0,3933.0,0
AGAGTGGCAATCCAAC-JHA710A1,JHA710A1,A1,0.0,2,0,0,0,0,0,0,994.0,0
AGAGTGGCACCAGATT-JHA710A1,JHA710A1,A1,7.034972201174558,1,1,1,0,0,0,0,802.0,0
AGAGTGGCATGGGAAC-JHA710A1,JHA710A1,A1,0.0,1,0,0,0,0,0,0,819.0,0
AGAGTGGCATGGTAGG-JHA710A1,JHA710A1,A1,0.0,2,0,0,0,0,0,0,635.0,0
AGAGTGGGTGTGAATA-JHA710A1,JHA710A1,A1,1.7174639765637278,1,1,1,0,0,0,0,2188.0,0
AGAGTGGTCGTACCGG-JHA710A1,JHA710A1,A1,0.0,2,0,0,0,0,0,0,2465.0,0
AGATCTGAGCCAGTAG-JHA710A1,JHA710A1,A1,0.0,2,0,0,0,0,0,0,1126.0,0
AGATCTGCACGCCAGT-JHA710A1,JHA710A1,A1,0.0,1,0,0,0,0,0,0,687.0,0
AGATCTGCAGAGCCAA-JHA710A1,JHA710A1,A1,2.776346712382111,3,1,1,1,1,1,0,1328.0,0
AGATCTGGTCCTCTTG-JHA710A1,JHA710A1,A1,3.7781496740073357,2,1,1,1,1,0,0,468.0,0
AGATCTGGTCGAACAG-JHA710A1,JHA710A1,A1,1.4513894860695036,2,1,1,1,1,0,0,3059.0,0
AGATCTGGTCTCATCC-JHA710A1,JHA710A1,A1,2.7920196923347667,2,1,1,1,1,0,0,653.0,0
AGATCTGTCCTCGCAT-JHA710A1,JHA710A1,A1,2.356662372805028,0,1,0,0,0,0,0,2093.0,0
AGATCTGTCCTGCCAT-JHA710A1,JHA710A1,A1,5.5035625632439285,2,1,1,1,1,0,0,736.0,0
AGATCTGTCGTACGGC-JHA710A1,JHA710A1,A1,0.0,2,0,0,0,0,0,0,1248.0,0
AGATCTGTCTGAGGGA-JHA710A1,JHA710A1,A1,2.8827542855987707,1,1,1,0,0,0,0,593.0,0
AGATTGCCAATACGCT-JHA710A1,JHA710A1,A1,1.9244493727331338,2,1,1,1,1,0,0,1709.0,0
AGATTGCCAGTCGATT-JHA710A1,JHA710A1,A1,6.190905673400363,2,1,1,1,1,0,0,472.0,0
AGATTGCGTAATAGCA-JHA710A1,JHA710A1,A1,0.0,1,0,0,0,0,0,0,1032.0,0
AGATTGCGTGGGTCAA-JHA710A1,JHA710A1,A1,0.0,1,0,0,0,0,0,0,965.0,0
AGATTGCGTTCCACTC-JHA710A1,JHA710A1,A1,0.0,1,0,0,0,0,0,0,922.0,0
AGATTGCTCACTTACT-JHA710A1,JHA710A1,A1,0.0,1,0,0,0,0,0,0,456.0,0
AGATTGCTCCCGACTT-JHA710A1,JHA710A1,A1,1.8936149781883371,2,1,1,1,1,0,0,1772.0,0
AGATTGCTCCCTCTTT-JHA710A1,JHA710A1,A1,2.8302066707397744,2,1,1,1,1,0,0,627.0,0
AGATTGCTCGACGGAA-JHA710A1,JHA710A1,A1,0.0,1,0,0,0,0,0,0,670.0,0
AGATTGCTCGGTTAAC-JHA710A1,JHA710A1,A1,0.0,1,0,0,0,0,0,0,2033.0,0
AGATTGCTCGTCCGTT-JHA710A1,JHA710A1,A1,0.0,3,0,0,0,0,0,0,3193.0,1
AGATTGCTCTACTTAC-JHA710A1,JHA710A1,A1,3.212752185141753,0,1,0,0,0,0,0,1258.0,0
AGATTGCTCTATCGCC-JHA710A1,JHA710A1,A1,0.0,0,0,0,0,0,0,0,442.0,1
AGATTGCTCTTGTTTG-JHA710A1,JHA710A1,A1,0.0,0,0,0,0,0,0,0,897.0,0
AGCAGCCAGTCTCCTC-JHA710A1,JHA710A1,A1,0.0,0,0,0,0,0,0,0,450.0,0
AGCAGCCGTAAGGGCT-JHA710A1,JHA710A1,A1,0.0,2,0,0,0,0,0,0,840.0,0
AGCAGCCGTCTAGGTT-JHA710A1,JHA710A1,A1,0.0,0,0,0,0,0,0,0,470.0,1
AGCAGCCTCACAGGCC-JHA710A1,JHA710A1,A1,5.321563585828934,2,1,1,1,1,0,0,540.0,0
AGCAGCCTCCCATTAT-JHA710A1,JHA710A1,A1,0.0,0,0,0,0,0,0,0,548.0,0
AGCAGCCTCGAGAACG-JHA710A1,JHA710A1,A1,7.534093575966206,2,1,1,1,1,0,1,476.0,0
AGCAGCCTCGCCCTTA-JHA710A1,JHA710A1,A1,2.476369879108743,2,1,1,1,1,0,0,4588.0,0
AGCAGCCTCGTCTGCT-JHA710A1,JHA710A1,A1,4.076096710192198,1,1,1,0,0,0,0,518.0,0
AGCAGCCTCTGTCTAT-JHA710A1,JHA710A1,A1,0.0,0,0,0,0,0,0,0,464.0,0
AGCAGCCTCTTACCTA-JHA710A1,JHA710A1,A1,4.172813163613601,2,1,1,1,1,0,0,626.0,0
AGCAGCCTCTTTAGTC-JHA710A1,JHA710A1,A1,7.378931466127125,2,1,1,1,1,0,0,456.0,0
AGCATACCACATCCGG-JHA710A1,JHA710A1,A1,1.9042374526547452,4,1,1,1,1,1,0,1750.0,0
AGCATACCATAAAGGT-JHA710A1,JHA710A1,A1,0.0,1,0,0,0,0,0,0,1029.0,0
AGCATACGTACCCAAT-JHA710A1,JHA710A1,A1,2.247097423620547,2,1,1,1,1,0,0,2364.0,0
AGCATACGTATTACCG-JHA710A1,JHA710A1,A1,2.7189443734600847,0,1,0,0,0,0,0,706.0,0
AGCATACGTCTCCACT-JHA710A1,JHA710A1,A1,0.0,1,0,0,0,0,0,0,2746.0,1
AGCATACGTCTGATTG-JHA710A1,JHA710A1,A1,0.0,1,0,0,0,0,0,0,592.0,0
AGCATACTCGTCGTTC-JHA710A1,JHA710A1,A1,0.0,2,0,0,0,0,0,0,1009.0,0
AGCATACTCGTTACAG-JHA710A1,JHA710A1,A1,0.0,3,0,0,0,0,0,0,1628.0,0
AGCCTAAAGGCGATAC-JHA710A1,JHA710A1,A1,0.0,0,0,0,0,0,0,0,512.0,0
AGCCTAAAGGTGCACA-JHA710A1,JHA710A1,A1,0.0,0,0,0,0,0,0,0,440.0,1
AGCCTAAAGTATTGGA-JHA710A1,JHA710A1,A1,6.19196338744912,2,1,1,1,1,0,0,1107.0,0
AGCCTAAAGTGAACAT-JHA710A1,JHA710A1,A1,0.0,1,0,0,0,0,0,0,524.0,0
AGCCTAACAGCAGTTT-JHA710A1,JHA710A1,A1,0.0,2,0,0,0,0,0,0,1259.0,0
AGCCTAACAGGTCCAC-JHA710A1,JHA710A1,A1,0.0,0,0,0,0,0,0,0,679.0,0
AGCCTAACATCTATGG-JHA710A1,JHA710A1,A1,0.0,2,0,0,0,0,0,0,1520.0,0
AGCCTAACATGATCCA-JHA710A1,JHA710A1,A1,0.0,1,0,0,0,0,0,0,964.0,0
AGCCTAACATGTCTCC-JHA710A1,JHA710A1,A1,6.482543857781592,2,1,1,1,1,0,0,475.0,0
AGCCTAAGTCACCCAG-JHA710A1,JHA710A1,A1,0.0,4,0,0,0,0,0,0,1744.0,0
AGCCTAAGTCCGAATT-JHA710A1,JHA710A1,A1,2.433175574940355,2,1,1,1,1,0,0,1924.0,0
AGCCTAAGTCTTTCAT-JHA710A1,JHA710A1,A1,0.0,0,0,0,0,0,0,0,522.0,0
AGCCTAATCAACGCTA-JHA710A1,JHA710A1,A1,4.735215971896965,2,1,1,1,1,0,0,1063.0,0
AGCCTAATCTGAGGGA-JHA710A1,JHA710A1,A1,0.0,3,0,0,0,0,0,0,697.0,0
AGCGGTCAGTTTCCTT-JHA710A1,JHA710A1,A1,5.922137075160769,2,1,1,1,1,0,0,1612.0,0
AGCGGTCCACGGTAGA-JHA710A1,JHA710A1,A1,1.834684513945089,1,1,1,0,0,0,0,1900.0,0
AGCGGTCGTAAGTAGT-JHA710A1,JHA710A1,A1,2.3116349285139637,2,1,1,1,1,0,0,1100.0,0
AGCGGTCGTCGTGGCT-JHA710A1,JHA710A1,A1,0.0,2,0,0,0,0,0,0,944.0,0
AGCGGTCTCCGCAGTG-JHA710A1,JHA710A1,A1,2.7269186854065928,2,1,1,1,1,0,0,700.0,0
AGCGTATAGAGCCTAG-JHA710A1,JHA710A1,A1,3.5607060869721487,1,1,1,0,0,0,0,585.0,0
AGCGTATAGCCAACAG-JHA710A1,JHA710A1,A1,0.0,2,0,0,0,0,0,0,1379.0,0
AGCGTATAGCGTCAAG-JHA710A1,JHA710A1,A1,8.37861180042966,2,1,1,1,1,0,1,841.0,0
AGCGTATCAACCGCCA-JHA710A1,JHA710A1,A1,2.0933907393458737,2,1,1,1,1,0,0,1406.0,0
AGCGTATCAGCGATCC-JHA710A1,JHA710A1,A1,7.809231069364778,2,1,1,1,1,0,1,662.0,0
AGCGTATCATTGGTAC-JHA710A1,JHA710A1,A1,0.0,2,0,0,0,0,0,0,1017.0,0
AGCGTATGTCCAGTAT-JHA710A1,JHA710A1,A1,0.0,1,0,0,0,0,0,0,440.0,0
AGCGTATTCTTGAGAC-JHA710A1,JHA710A1,A1,2.4284475473069147,1,1,1,0,0,0,0,967.0,0
AGCGTCGAGAGCCCAA-JHA710A1,JHA710A1,A1,0.0,1,0,0,0,0,0,0,485.0,0
AGCGTCGAGCTCCTTC-JHA710A1,JHA710A1,A1,2.865412369474101,1,1,1,0,0,0,0,604.0,0
AGCGTCGAGGACAGAA-JHA710A1,JHA710A1,A1,3.66414644146795,2,1,1,1,1,0,0,526.0,0
AGCGTCGAGGCTAGGT-JHA710A1,JHA710A1,A1,8.213720044562448,3,1,1,1,1,1,1,523.0,0
AGCGTCGCAAACGCGA-JHA710A1,JHA710A1,A1,0.0,1,0,0,0,0,0,0,1538.0,0
AGCGTCGCAAAGTGCG-JHA710A1,JHA710A1,A1,2.82124722950691,1,1,1,0,0,0,0,633.0,0
AGCGTCGCAATCGAAA-JHA710A1,JHA710A1,A1,0.0,2,0,0,0,0,0,0,1485.0,0
AGCGTCGCACAACTGT-JHA710A1,JHA710A1,A1,3.093431940755697,0,1,0,0,0,0,0,475.0,0
AGCGTCGCAGCTCGCA-JHA710A1,JHA710A1,A1,0.0,1,0,0,0,0,0,0,1250.0,0
AGCGTCGGTCTTGCGG-JHA710A1,JHA710A1,A1,0.0,1,0,0,0,0,0,0,1401.0,0
AGCGTCGGTGCACGAA-JHA710A1,JHA710A1,A1,6.276781536819577,2,1,1,1,1,0,0,885.0,0
AGCGTCGTCATGTAGC-JHA710A1,JHA710A1,A1,0.0,1,0,0,0,0,0,0,583.0,1
AGCGTCGTCCAAGTAC-JHA710A1,JHA710A1,A1,3.587659932851832,1,1,1,0,0,0,0,569.0,1
AGCGTCGTCCGCAGTG-JHA710A1,JHA710A1,A1,0.0,1,0,0,0,0,0,0,607.0,0
AGCTCCTAGAAACGAG-JHA710A1,JHA710A1,A1,0.0,2,0,0,0,0,0,0,758.0,0
AGCTCCTAGACTAAGT-JHA710A1,JHA710A1,A1,0.0,0,0,0,0,0,0,0,673.0,0
AGCTCCTAGCAGCGTA-JHA710A1,JHA710A1,A1,2.6582575438944867,2,1,1,1,1,0,0,1507.0,0
AGCTCCTAGGCGACAT-JHA710A1,JHA710A1,A1,0.0,2,0,0,0,0,0,0,1314.0,0
AGCTCCTCAAGAGGCT-JHA710A1,JHA710A1,A1,0.0,1,0,0,0,0,0,0,1072.0,0
AGCTCCTCAGGACGTA-JHA710A1,JHA710A1,A1,3.1366427612315193,0,1,0,0,0,0,0,454.0,0
AGCTCCTCATCCAACA-JHA710A1,JHA710A1,A1,2.300248433352637,1,1,1,0,0,0,0,1114.0,0
AGCTCCTTCCACGCAG-JHA710A1,JHA710A1,A1,2.527386255885888,3,1,1,1,1,1,0,1736.0,0
AGCTCCTTCCAGAAGG-JHA710A1,JHA710A1,A1,0.0,2,0,0,0,0,0,0,1120.0,0
AGCTCTCAGCCACGCT-JHA710A1,JHA710A1,A1,2.2232423050641743,1,1,1,0,0,0,0,2428.0,0
AGCTCTCGTCTAAAGA-JHA710A1,JHA710A1,A1,0.0,0,0,0,0,0,0,0,834.0,0
AGCTCTCGTTAAGGGC-JHA710A1,JHA710A1,A1,0.0,1,0,0,0,0,0,0,2068.0,0
AGCTCTCTCATGTGGT-JHA710A1,JHA710A1,A1,7.33112868380459,1,1,1,0,0,0,0,747.0,0
AGCTCTCTCCGTTGCT-JHA710A1,JHA710A1,A1,0.0,2,0,0,0,0,0,0,1542.0,0
AGCTTGAAGAGTACAT-JHA710A1,JHA710A1,A1,1.520384032473979,2,1,1,1,1,0,0,2798.0,0
AGCTTGACACATCCAA-JHA710A1,JHA710A1,A1,2.1887364627134054,2,1,1,1,1,0,0,1262.0,0
AGCTTGACACCGAAAG-JHA710A1,JHA710A1,A1,0.0,1,0,0,0,0,0,0,489.0,0
AGCTTGACACCGAATT-JHA710A1,JHA710A1,A1,1.8893130599564576,2,1,1,1,1,0,0,1781.0,0
AGCTTGACACTGTGTA-JHA710A1,JHA710A1,A1,0.0,1,0,0,0,0,0,0,1509.0,0
AGCTTGACAGGTTTCA-JHA710A1,JHA710A1,A1,0.0,1,0,0,0,0,0,0,670.0,0
AGCTTGAGTCACACGC-JHA710A1,JHA710A1,A1,2.637526539567984,2,1,1,1,1,0,0,1541.0,0
AGCTTGAGTTATTCTC-JHA710A1,JHA710A1,A1,0.0,1,0,0,0,0,0,0,498.0,1
AGCTTGATCAGATAAG-JHA710A1,JHA710A1,A1,0.0,2,0,0,0,0,0,0,996.0,0
AGCTTGATCTTCGAGA-JHA710A1,JHA710A1,A1,0.0,0,0,0,0,0,0,0,558.0,0
AGGCCACAGAATTCCC-JHA710A1,JHA710A1,A1,0.0,3,0,0,0,0,0,0,1847.0,0
AGGCCACAGCAACGGT-JHA710A1,JHA710A1,A1,0.0,2,0,0,0,0,0,0,1027.0,0
AGGCCACAGGACACCA-JHA710A1,JHA710A1,A1,0.0,3,0,0,0,0,0,0,1026.0,0
AGGCCACAGTACGTAA-JHA710A1,JHA710A1,A1,0.0,3,0,0,0,0,0,0,602.0,0
AGGCCACCAAGAAGAG-JHA710A1,JHA710A1,A1,4.989016040928195,2,1,1,1,1,0,0,1509.0,0
AGGCCACTCCTCCTAG-JHA710A1,JHA710A1,A1,1.8728182650499772,1,1,1,0,0,0,0,1816.0,0
AGGCCACTCGATGAGG-JHA710A1,JHA710A1,A1,2.356229966001738,1,1,1,0,0,0,0,1047.0,0
AGGCCGTAGACCCACC-JHA710A1,JHA710A1,A1,6.53431401841579,2,1,1,1,1,0,0,902.0,0
AGGCCGTAGACGCACA-JHA710A1,JHA710A1,A1,0.0,0,0,0,0,0,0,0,1321.0,0
AGGCCGTAGCAGACTG-JHA710A1,JHA710A1,A1,2.5586953133485437,2,1,1,1,1,0,0,839.0,0
AGGCCGTAGGGATGGG-JHA710A1,JHA710A1,A1,0.0,2,0,0,0,0,0,0,874.0,0
AGGCCGTCAAGTCTAC-JHA710A1,JHA710A1,A1,2.6877543014823075,2,1,1,1,1,0,0,1460.0,0
AGGCCGTCATTGTGCA-JHA710A1,JHA710A1,A1,1.9115684159041644,2,1,1,1,1,0,0,1735.0,0
AGGCCGTGTACCGAGA-JHA710A1,JHA710A1,A1,6.554442485338378,1,1,1,0,0,0,0,442.0,0
AGGCCGTGTACGCTGC-JHA710A1,JHA710A1,A1,2.3484850817412446,2,1,1,1,1,0,0,1056.0,0
AGGCCGTGTATATCCG-JHA710A1,JHA710A1,A1,0.0,2,0,0,0,0,0,0,1429.0,0
AGGCCGTGTATCGCAT-JHA710A1,JHA710A1,A1,0.0,2,0,0,0,0,0,0,2542.0,1
AGGCCGTTCCGCGGTA-JHA710A1,JHA710A1,A1,0.0,0,0,0,0,0,0,0,499.0,0
AGGCCGTTCGCAGGCT-JHA710A1,JHA710A1,A1,0.0,0,0,0,0,0,0,0,472.0,1
AGGGAGTAGATCCGAG-JHA710A1,JHA710A1,A1,0.0,2,0,0,0,0,0,0,1309.0,0
AGGGAGTAGATGCCAG-JHA710A1,JHA710A1,A1,1.5669871114053942,3,1,1,1,1,1,0,2637.0,1
AGGGAGTCAGATCCAT-JHA710A1,JHA710A1,A1,0.0,1,0,0,0,0,0,0,516.0,0
AGGGAGTCATCTATGG-JHA710A1,JHA710A1,A1,0.0,2,0,0,0,0,0,0,2057.0,0
AGGGAGTCATTTGCTT-JHA710A1,JHA710A1,A1,2.0101080913787897,2,1,1,1,1,0,0,1547.0,0
AGGGAGTGTCAAACTC-JHA710A1,JHA710A1,A1,2.8955813363371092,0,1,0,0,0,0,0,585.0,0
AGGGATGAGACATAAC-JHA710A1,JHA710A1,A1,1.6449212670261824,2,1,1,1,1,0,0,2392.0,0
AGGGATGAGCTAGCCC-JHA710A1,JHA710A1,A1,5.761390355306859,2,1,1,1,1,0,0,947.0,0
AGGGATGAGGCACATG-JHA710A1,JHA710A1,A1,0.0,1,0,0,0,0,0,0,917.0,1
AGGGATGAGTTTAGGA-JHA710A1,JHA710A1,A1,7.256471750996057,2,1,1,1,1,0,0,1391.0,0
AGGGATGCACGGCTAC-JHA710A1,JHA710A1,A1,4.297984353304062,1,1,1,0,0,0,0,827.0,0
AGGGATGCATGCTGGC-JHA710A1,JHA710A1,A1,2.9556879061722783,0,1,0,0,0,0,0,549.0,0
AGGGATGTCAGGTTCA-JHA710A1,JHA710A1,A1,0.0,2,0,0,0,0,0,0,2047.0,0
AGGGATGTCATTGCGA-JHA710A1,JHA710A1,A1,2.076733761713798,3,1,1,1,1,1,0,1433.0,0
AGGGATGTCCACGTTC-JHA710A1,JHA710A1,A1,6.1971928816891495,2,1,1,1,1,0,0,571.0,0
AGGGATGTCGGATGGA-JHA710A1,JHA710A1,A1,0.0,1,0,0,0,0,0,0,462.0,0
AGGGTGAAGCCATCGC-JHA710A1,JHA710A1,A1,7.538914219026183,2,1,1,1,1,0,1,495.0,0
AGGGTGAAGGTGCACA-JHA710A1,JHA710A1,A1,0.0,1,0,0,0,0,0,0,742.0,0
AGGGTGAGTTGCGCAC-JHA710A1,JHA710A1,A1,0.0,1,0,0,0,0,0,0,538.0,0
AGGGTGATCAGTGTTG-JHA710A1,JHA710A1,A1,0.0,1,0,0,0,0,0,0,641.0,0
AGGGTGATCCCTGACT-JHA710A1,JHA710A1,A1,0.0,2,0,0,0,0,0,0,850.0,0
AGGTCATAGAGCTTCT-JHA710A1,JHA710A1,A1,0.0,2,0,0,0,0,0,0,947.0,0
AGGTCATAGTTACCCA-JHA710A1,JHA710A1,A1,1.8718867971681958,2,1,1,1,1,0,0,1818.0,0
AGGTCATCACGAAGCA-JHA710A1,JHA710A1,A1,0.0,1,0,0,0,0,0,0,832.0,0
AGGTCATGTAATCGTC-JHA710A1,JHA710A1,A1,2.3924585069600197,3,1,1,1,1,1,0,1006.0,0
AGGTCATGTACCCAAT-JHA710A1,JHA710A1,A1,0.0,2,0,0,0,0,0,0,802.0,0
AGGTCATGTCTCCACT-JHA710A1,JHA710A1,A1,0.0,1,0,0,0,0,0,0,1331.0,0
AGGTCATGTGCACCAC-JHA710A1,JHA710A1,A1,0.0,2,0,0,0,0,0,0,1542.0,0
AGGTCATTCCAAGTAC-JHA710A1,JHA710A1,A1,2.301056521910102,1,1,1,0,0,0,0,1113.0,0
AGGTCATTCGAATGCT-JHA710A1,JHA710A1,A1,7.569022435241633,1,1,1,0,0,0,1,847.0,0
AGGTCCGAGCGTTCCG-JHA710A1,JHA710A1,A1,0.0,0,0,0,0,0,0,0,450.0,0
AGGTCCGAGGAATTAC-JHA710A1,JHA710A1,A1,2.4644099846433836,2,1,1,1,1,0,0,2789.0,1
AGGTCCGAGTGACTCT-JHA710A1,JHA710A1,A1,0.0,1,0,0,0,0,0,0,644.0,0
AGGTCCGCAGGTTTCA-JHA710A1,JHA710A1,A1,1.3922487785619497,2,1,1,1,1,0,0,3307.0,0
AGGTCCGCATGGTCAT-JHA710A1,JHA710A1,A1,2.5305723857586506,2,1,1,1,1,0,0,865.0,0
AGGTCCGGTTCTCATT-JHA710A1,JHA710A1,A1,1.2492029789755144,2,1,1,1,1,0,0,4020.0,1
AGGTCCGTCGAACTGT-JHA710A1,JHA710A1,A1,2.8302066707397744,1,1,1,0,0,0,0,627.0,0
AGGTCCGTCTAACTTC-JHA710A1,JHA710A1,A1,5.738612239649153,2,1,1,1,1,0,0,872.0,0
AGTAGTCCAAAGCGGT-JHA710A1,JHA710A1,A1,0.0,2,0,0,0,0,0,0,968.0,0
AGTAGTCCACGAAAGC-JHA710A1,JHA710A1,A1,2.361433826824168,2,1,1,1,1,0,0,1041.0,0
AGTAGTCCACTATCTT-JHA710A1,JHA710A1,A1,1.927955737214862,2,1,1,1,1,0,0,1702.0,0
AGTAGTCGTATTACCG-JHA710A1,JHA710A1,A1,0.0,2,0,0,0,0,0,0,523.0,0
AGTAGTCGTGACGGTA-JHA710A1,JHA710A1,A1,1.4766784225881597,2,1,1,1,1,0,0,2960.0,0
AGTAGTCTCTGCGTAA-JHA710A1,JHA710A1,A1,0.0,0,0,0,0,0,0,0,486.0,0
AGTCTTTAGTCGTTTG-JHA710A1,JHA710A1,A1,0.0,0,0,0,0,0,0,0,559.0,0
AGTCTTTGTATAGGGC-JHA710A1,JHA710A1,A1,0.0,2,0,0,0,0,0,0,523.0,0
AGTCTTTGTTGCCTCT-JHA710A1,JHA710A1,A1,1.6197572558619493,2,1,1,1,1,0,0,2468.0,0
AGTCTTTGTTTGCATG-JHA710A1,JHA710A1,A1,0.0,1,0,0,0,0,0,0,920.0,0
AGTCTTTTCGGAATCT-JHA710A1,JHA710A1,A1,0.0,1,0,0,0,0,0,0,1553.0,0
AGTCTTTTCGGACAAG-JHA710A1,JHA710A1,A1,0.0,1,0,0,0,0,0,0,763.0,0
AGTGAGGAGAAACCTA-JHA710A1,JHA710A1,A1,4.462215268993647,2,1,1,1,1,0,0,817.0,0
AGTGAGGAGACGCACA-JHA710A1,JHA710A1,A1,0.0,1,0,0,0,0,0,0,1271.0,0
AGTGAGGAGTTGTCGT-JHA710A1,JHA710A1,A1,2.5477690025111035,0,1,0,0,0,0,0,849.0,0
AGTGAGGCATTGGGCC-JHA710A1,JHA710A1,A1,7.58614255088685,1,1,1,0,0,0,1,1188.0,0
AGTGAGGGTAATTGGA-JHA710A1,JHA710A1,A1,0.0,2,0,0,0,0,0,0,2795.0,0
AGTGAGGGTCTCATCC-JHA710A1,JHA710A1,A1,0.0,3,0,0,0,0,0,0,2584.0,0
AGTGAGGGTGCAGACA-JHA710A1,JHA710A1,A1,0.0,1,0,0,0,0,0,0,477.0,0
AGTGAGGGTGTGCGTC-JHA710A1,JHA710A1,A1,2.4729827839424217,1,1,1,0,0,0,0,921.0,1
AGTGAGGTCCAACCAA-JHA710A1,JHA710A1,A1,0.0,1,0,0,0,0,0,0,540.0,0
AGTGAGGTCCTTGCCA-JHA710A1,JHA710A1,A1,2.8955813363371092,0,1,0,0,0,0,0,585.0,0
AGTGAGGTCTGCTTGC-JHA710A1,JHA710A1,A1,0.0,2,0,0,0,0,0,0,1988.0,0
AGTGGGAAGCAACGGT-JHA710A1,JHA710A1,A1,1.870491810022769,2,1,1,1,1,0,0,1821.0,0
AGTGGGACAGCGTCCA-JHA710A1,JHA710A1,A1,0.0,1,0,0,0,0,0,0,526.0,0
AGTGGGACAGGATCGA-JHA710A1,JHA710A1,A1,0.0,1,0,0,0,0,0,0,1106.0,0
AGTGTCAAGCGTTGCC-JHA710A1,JHA710A1,A1,0.0,2,0,0,0,0,0,0,1053.0,0
AGTGTCAAGTTATCGC-JHA710A1,JHA710A1,A1,0.0,2,0,0,0,0,0,0,701.0,0
AGTGTCACAGACGCAA-JHA710A1,JHA710A1,A1,2.210127982172127,3,1,1,1,1,1,0,1232.0,0
AGTGTCACATTTCACT-JHA710A1,JHA710A1,A1,5.70426668789038,2,1,1,1,1,0,0,702.0,0
AGTGTCAGTCTCATCC-JHA710A1,JHA710A1,A1,8.022781665801377,3,1,1,1,1,1,1,925.0,0
AGTGTCAGTGCAGTAG-JHA710A1,JHA710A1,A1,0.0,1,0,0,0,0,0,0,1040.0,1
AGTGTCATCACCATAG-JHA710A1,JHA710A1,A1,1.8535021048935292,2,1,1,1,1,0,0,1858.0,0
AGTGTCATCCGTAGGC-JHA710A1,JHA710A1,A1,2.8079754114663533,1,1,1,0,0,0,0,642.0,0
AGTGTCATCTCGATGA-JHA710A1,JHA710A1,A1,0.0,1,0,0,0,0,0,0,759.0,0
AGTGTCATCTGTCTAT-JHA710A1,JHA710A1,A1,2.876409107782234,1,1,1,0,0,0,0,597.0,0
AGTTGGTAGGCTCAGA-JHA710A1,JHA710A1,A1,3.1096534721859865,1,1,1,0,0,0,0,934.0,0
AGTTGGTTCACCAGGC-JHA710A1,JHA710A1,A1,2.44079629389538,1,1,1,0,0,0,0,954.0,0
ATAACGCCAATGGAAT-JHA710A1,JHA710A1,A1,3.1709893618269125,0,1,0,0,0,0,0,438.0,1
ATAACGCCACACATGT-JHA710A1,JHA710A1,A1,0.0,2,0,0,0,0,0,0,921.0,0
ATAACGCCATAACCTG-JHA710A1,JHA710A1,A1,8.69063308036748,3,1,1,1,1,1,1,1480.0,0
ATAACGCCATCCCATC-JHA710A1,JHA710A1,A1,0.0,2,0,0,0,0,0,0,842.0,0
ATAACGCGTTCGTCTC-JHA710A1,JHA710A1,A1,0.0,1,0,0,0,0,0,0,1303.0,0
ATAACGCTCAGAAATG-JHA710A1,JHA710A1,A1,0.0,0,0,0,0,0,0,0,439.0,0
ATAACGCTCGGGAGTA-JHA710A1,JHA710A1,A1,2.4284475473069147,2,1,1,1,1,0,0,967.0,0
ATAACGCTCTTCGGTC-JHA710A1,JHA710A1,A1,0.0,2,0,0,0,0,0,0,1482.0,0
ATAAGAGAGAAGGACA-JHA710A1,JHA710A1,A1,1.9592275371581502,2,1,1,1,1,0,0,1641.0,1
ATAAGAGCAAGCCCAC-JHA710A1,JHA710A1,A1,0.0,1,0,0,0,0,0,0,1094.0,0
ATAAGAGCACATCCGG-JHA710A1,JHA710A1,A1,2.310816336609967,2,1,1,1,1,0,0,1101.0,0
ATAAGAGCAGGCTGAA-JHA710A1,JHA710A1,A1,2.449453082463221,2,1,1,1,1,0,0,945.0,0
ATAGACCAGCTGAACG-JHA710A1,JHA710A1,A1,0.0,0,0,0,0,0,0,0,559.0,1
ATAGACCCAGACGTAG-JHA710A1,JHA710A1,A1,0.0,2,0,0,0,0,0,0,769.0,0
ATCACGAAGAAAGTGG-JHA710A1,JHA710A1,A1,3.397916475505736,2,1,1,1,1,0,0,1730.0,0
ATCACGACACCAGGTC-JHA710A1,JHA710A1,A1,7.891260096941034,3,1,1,1,1,1,1,868.0,0
ATCACGACAGGGTTAG-JHA710A1,JHA710A1,A1,0.0,2,0,0,0,0,0,0,2754.0,0
ATCACGACAGTCAGAG-JHA710A1,JHA710A1,A1,0.0,2,0,0,0,0,0,0,953.0,0
ATCACGAGTAGCCTAT-JHA710A1,JHA710A1,A1,0.0,0,0,0,0,0,0,0,627.0,0
ATCACGAGTTGGACCC-JHA710A1,JHA710A1,A1,3.0127054000115994,0,1,0,0,0,0,0,517.0,1
ATCACGAGTTGTGGCC-JHA710A1,JHA710A1,A1,2.0556596178287996,2,1,1,1,1,0,0,1468.0,0
ATCACGATCGCAGGCT-JHA710A1,JHA710A1,A1,0.0,0,0,0,0,0,0,0,441.0,0
ATCACGATCGTTACAG-JHA710A1,JHA710A1,A1,0.0,2,0,0,0,0,0,0,871.0,0
ATCATCTAGTCGAGTG-JHA710A1,JHA710A1,A1,3.0067477849941464,2,1,1,1,1,0,0,2081.0,1
ATCATCTAGTTCGCGC-JHA710A1,JHA710A1,A1,0.0,2,0,0,0,0,0,0,625.0,0
ATCATCTCACGAGGTA-JHA710A1,JHA710A1,A1,2.6915927290639097,1,1,1,0,0,0,0,727.0,0
ATCATCTGTCGCCATG-JHA710A1,JHA710A1,A1,0.0,1,0,0,0,0,0,0,766.0,0
ATCATCTGTGACGGTA-JHA710A1,JHA710A1,A1,2.1775575694296476,2,1,1,1,1,0,0,1278.0,0
ATCATCTGTTGACGTT-JHA710A1,JHA710A1,A1,0.0,0,0,0,0,0,0,0,1018.0,0
ATCATCTTCACCCGAG-JHA710A1,JHA710A1,A1,3.035048184003741,2,1,1,1,1,0,0,505.0,1
ATCATCTTCAGTGTTG-JHA710A1,JHA710A1,A1,2.2104893920446322,1,1,1,0,0,0,0,2463.0,0
ATCATCTTCGTATCAG-JHA710A1,JHA710A1,A1,2.9963024531760145,1,1,1,0,0,0,0,526.0,0
ATCATCTTCTGTCTCG-JHA710A1,JHA710A1,A1,3.1359407014576792,2,1,1,1,1,0,0,1363.0,0
ATCATGGAGAGCAATT-JHA710A1,JHA710A1,A1,0.0,1,0,0,0,0,0,0,616.0,0
ATCATGGAGGTCATCT-JHA710A1,JHA710A1,A1,0.0,2,0,0,0,0,0,0,1204.0,0
ATCATGGAGTCGTACT-JHA710A1,JHA710A1,A1,0.0,1,0,0,0,0,0,0,608.0,0
ATCATGGCACGGCCAT-JHA710A1,JHA710A1,A1,0.0,1,0,0,0,0,0,0,671.0,1
ATCATGGGTCCCGACA-JHA710A1,JHA710A1,A1,0.0,0,0,0,0,0,0,0,448.0,0
ATCCACCCAATCTACG-JHA710A1,JHA710A1,A1,0.0,2,0,0,0,0,0,0,1332.0,0
ATCCACCGTAGCGTCC-JHA710A1,JHA710A1,A1,6.2754545041266345,2,1,1,1,1,0,0,1169.0,0
ATCCACCGTCAGCTAT-JHA710A1,JHA710A1,A1,0.0,0,0,0,0,0,0,0,444.0,0
ATCCACCGTCGGCTCA-JHA710A1,JHA710A1,A1,0.0,1,0,0,0,0,0,0,655.0,0
ATCCACCGTCTCTCTG-JHA710A1,JHA710A1,A1,8.134964885422153,3,1,1,1,1,1,1,991.0,0
ATCCACCTCATCGGAT-JHA710A1,JHA710A1,A1,0.0,1,0,0,0,0,0,0,1080.0,0
ATCCACCTCGGCGGTT-JHA710A1,JHA710A1,A1,7.975015845458975,2,1,1,1,1,0,1,812.0,0
ATCCGAAAGATGAGAG-JHA710A1,JHA710A1,A1,3.126167920693723,1,1,1,0,0,0,0,459.0,0
ATCCGAACACCTTGTC-JHA710A1,JHA710A1,A1,2.0363024354591195,3,1,1,1,1,1,0,1501.0,0
ATCCGAACATAAGACA-JHA710A1,JHA710A1,A1,0.0,2,0,0,0,0,0,0,1054.0,0
ATCCGAAGTACATCCA-JHA710A1,JHA710A1,A1,0.0,2,0,0,0,0,0,0,796.0,0
ATCCGAAGTACTCGCG-JHA710A1,JHA710A1,A1,0.0,2,0,0,0,0,0,0,1871.0,0
ATCCGAAGTATAGGGC-JHA710A1,JHA710A1,A1,0.0,2,0,0,0,0,0,0,1929.0,0
ATCCGAAGTGTTTGTG-JHA710A1,JHA710A1,A1,2.708423614101321,2,1,1,1,1,0,0,714.0,1
ATCCGAATCACCTCGT-JHA710A1,JHA710A1,A1,2.157011186796337,2,1,1,1,1,0,0,1308.0,0
ATCCGAATCGCTTGTC-JHA710A1,JHA710A1,A1,0.0,2,0,0,0,0,0,0,1048.0,0
ATCCGAATCTCCCTGA-JHA710A1,JHA710A1,A1,0.0,2,0,0,0,0,0,0,493.0,0
ATCGAGTAGACGACGT-JHA710A1,JHA710A1,A1,3.0550594383229037,3,1,1,1,1,1,0,989.0,0
ATCGAGTAGGTTACCT-JHA710A1,JHA710A1,A1,3.6403652258966517,2,1,1,1,1,0,0,539.0,0
ATCGAGTGTGGCAAAC-JHA710A1,JHA710A1,A1,2.128786901570016,2,1,1,1,1,0,0,2701.0,1
ATCTACTAGACTACAA-JHA710A1,JHA710A1,A1,7.089408444284089,3,1,1,1,1,1,0,1110.0,0
ATCTACTCACCTCGGA-JHA710A1,JHA710A1,A1,0.0,1,0,0,0,0,0,0,1522.0,0
ATCTACTCAGGGCATA-JHA710A1,JHA710A1,A1,0.0,1,0,0,0,0,0,0,2157.0,0
ATCTACTGTACTCAAC-JHA710A1,JHA710A1,A1,6.98535640846755,2,1,1,1,1,0,0,778.0,0
ATCTACTGTGACAAAT-JHA710A1,JHA710A1,A1,0.0,0,0,0,0,0,0,0,573.0,0
ATCTACTTCTCACATT-JHA710A1,JHA710A1,A1,0.0,1,0,0,0,0,0,0,934.0,0
ATCTGCCAGATGCGAC-JHA710A1,JHA710A1,A1,2.111048493736989,2,1,1,1,1,0,0,1378.0,0
ATCTGCCAGTACCGGA-JHA710A1,JHA710A1,A1,0.0,2,0,0,0,0,0,0,1107.0,0
ATCTGCCAGTCAATAG-JHA710A1,JHA710A1,A1,7.0978848609299945,3,1,1,1,1,1,0,571.0,0
ATCTGCCAGTTTAGGA-JHA710A1,JHA710A1,A1,0.0,2,0,0,0,0,0,0,1518.0,1
ATCTGCCCAATCAGAA-JHA710A1,JHA710A1,A1,3.0560234270587348,0,1,0,0,0,0,0,494.0,0
ATCTGCCCATGTCCTC-JHA710A1,JHA710A1,A1,0.0,0,0,0,0,0,0,0,448.0,0
ATCTGCCCATTAGCCA-JHA710A1,JHA710A1,A1,0.0,2,0,0,0,0,0,0,646.0,0
ATCTGCCGTTCAGACT-JHA710A1,JHA710A1,A1,7.7122814201511005,2,1,1,1,1,0,1,537.0,0
ATCTGCCGTTGCGTTA-JHA710A1,JHA710A1,A1,0.0,3,0,0,0,0,0,0,1775.0,0
ATCTGCCTCGCGTTTC-JHA710A1,JHA710A1,A1,2.389753378716794,2,1,1,1,1,0,0,2018.0,0
ATCTGCCTCTTGCCGT-JHA710A1,JHA710A1,A1,0.0,2,0,0,0,0,0,0,1275.0,0
ATGAGGGAGACTAAGT-JHA710A1,JHA710A1,A1,0.0,3,0,0,0,0,0,0,1920.0,0
ATGAGGGAGCTGTCTA-JHA710A1,JHA710A1,A1,3.0774935228,0,1,0,0,0,0,0,483.0,0
ATGAGGGAGTCATGCT-JHA710A1,JHA710A1,A1,1.9096063965242391,1,1,1,0,0,0,0,1739.0,0
ATGAGGGCAAGCCATT-JHA710A1,JHA710A1,A1,2.730933196545607,2,1,1,1,1,0,0,697.0,0
ATGAGGGCATCAGTAC-JHA710A1,JHA710A1,A1,3.757495685643306,1,1,1,0,0,0,0,478.0,0
ATGAGGGCATTCTTAC-JHA710A1,JHA710A1,A1,2.8607406484459723,0,1,0,0,0,0,0,607.0,0
ATGAGGGTCCGATATG-JHA710A1,JHA710A1,A1,0.0,1,0,0,0,0,0,0,579.0,0
ATGCGATAGGCCCGTT-JHA710A1,JHA710A1,A1,0.0,3,0,0,0,0,0,0,1969.0,0
ATGCGATCACATTCGA-JHA710A1,JHA710A1,A1,2.047975959826013,3,1,1,1,1,1,0,2962.0,1
ATGCGATGTAAAGGAG-JHA710A1,JHA710A1,A1,0.0,0,0,0,0,0,0,0,698.0,0
ATGCGATTCAGAAATG-JHA710A1,JHA710A1,A1,0.0,2,0,0,0,0,0,0,893.0,0
ATGCGATTCCAGAAGG-JHA710A1,JHA710A1,A1,2.0658240885291517,2,1,1,1,1,0,0,1451.0,0
ATGCGATTCGGCGCAT-JHA710A1,JHA710A1,A1,2.403367741764032,2,1,1,1,1,0,0,994.0,0
ATGGGAGAGAAGGTTT-JHA710A1,JHA710A1,A1,0.0,2,0,0,0,0,0,0,1985.0,0
ATGGGAGAGGAGCGAG-JHA710A1,JHA710A1,A1,7.309082340771136,2,1,1,1,1,0,0,556.0,0
ATGGGAGAGTGGTAAT-JHA710A1,JHA710A1,A1,0.0,2,0,0,0,0,0,0,1873.0,0
ATGGGAGCAAACGCGA-JHA710A1,JHA710A1,A1,3.0182397159242282,1,1,1,0,0,0,0,514.0,0
ATGGGAGCAACTGCGC-JHA710A1,JHA710A1,A1,0.0,2,0,0,0,0,0,0,515.0,0
ATGGGAGCAATGACCT-JHA710A1,JHA710A1,A1,0.0,2,0,0,0,0,0,0,699.0,0
ATGGGAGCACATCCAA-JHA710A1,JHA710A1,A1,2.3741465090232636,3,1,1,1,1,1,0,2053.0,0
ATGGGAGCAGACGCAA-JHA710A1,JHA710A1,A1,7.959400666579702,3,1,1,1,1,1,1,678.0,0
ATGGGAGCATCCCATC-JHA710A1,JHA710A1,A1,6.953831140050936,2,1,1,1,1,0,0,975.0,0
ATGGGAGCATCCGGGT-JHA710A1,JHA710A1,A1,0.0,3,0,0,0,0,0,0,806.0,0
ATGGGAGGTCAACTGT-JHA710A1,JHA710A1,A1,2.892357292515283,0,1,0,0,0,0,0,587.0,0
ATGTGTGAGACAAAGG-JHA710A1,JHA710A1,A1,0.0,2,0,0,0,0,0,0,887.0,0
ATGTGTGAGAGAGCTC-JHA710A1,JHA710A1,A1,0.0,1,0,0,0,0,0,0,672.0,0
ATGTGTGAGGAATTAC-JHA710A1,JHA710A1,A1,0.0,0,0,0,0,0,0,0,507.0,1
ATGTGTGAGGACATTA-JHA710A1,JHA710A1,A1,0.0,2,0,0,0,0,0,0,749.0,0
ATGTGTGCACAACGCC-JHA710A1,JHA710A1,A1,0.0,1,0,0,0,0,0,0,519.0,0
ATGTGTGGTCTCCATC-JHA710A1,JHA710A1,A1,5.852346361284738,3,1,1,1,1,1,0,2017.0,0
ATGTGTGGTTGTTTGG-JHA710A1,JHA710A1,A1,0.0,0,0,0,0,0,0,0,644.0,0
ATGTGTGTCAAACAAG-JHA710A1,JHA710A1,A1,0.0,2,0,0,0,0,0,0,1148.0,0
ATGTGTGTCCAGATCA-JHA710A1,JHA710A1,A1,1.98640864111952,1,1,1,0,0,0,0,1590.0,0
ATGTGTGTCTTAGAGC-JHA710A1,JHA710A1,A1,0.0,1,0,0,0,0,0,0,1293.0,0
ATTACTCGTCTCCCTA-JHA710A1,JHA710A1,A1,4.784941510517335,2,1,1,1,1,0,0,1348.0,0
ATTATCCCACGCCAGT-JHA710A1,JHA710A1,A1,0.0,2,0,0,0,0,0,0,1584.0,0
ATTATCCCATCATCCC-JHA710A1,JHA710A1,A1,7.696325414941888,3,1,1,1,1,1,1,532.0,0
ATTATCCCATTACGAC-JHA710A1,JHA710A1,A1,0.0,1,0,0,0,0,0,0,978.0,1
ATTCTACAGACGCAAC-JHA710A1,JHA710A1,A1,0.0,2,0,0,0,0,0,0,1827.0,0
ATTCTACAGATGCCTT-JHA710A1,JHA710A1,A1,0.0,1,0,0,0,0,0,0,650.0,0
ATTCTACAGGAGTCTG-JHA710A1,JHA710A1,A1,0.0,2,0,0,0,0,0,0,860.0,0
ATTCTACCAAGCGATG-JHA710A1,JHA710A1,A1,3.572403954263378,1,1,1,0,0,0,0,578.0,0
ATTCTACCACGAAATA-JHA710A1,JHA710A1,A1,2.5535789993043787,2,1,1,1,1,0,0,2531.0,1
ATTCTACGTATTCTCT-JHA710A1,JHA710A1,A1,8.114434057409811,3,1,1,1,1,1,1,1245.0,0
ATTCTACGTGACAAAT-JHA710A1,JHA710A1,A1,0.0,2,0,0,0,0,0,0,894.0,0
ATTCTACTCCGTTGCT-JHA710A1,JHA710A1,A1,0.0,1,0,0,0,0,0,0,597.0,1
ATTGGACAGAGGGCTT-JHA710A1,JHA710A1,A1,1.9056978576898296,2,1,1,1,1,0,0,1747.0,0
ATTGGACAGGGCTTGA-JHA710A1,JHA710A1,A1,6.532902591473023,2,1,1,1,1,0,0,845.0,0
ATTGGACAGTGAAGAG-JHA710A1,JHA710A1,A1,6.998893678872037,2,1,1,1,1,0,0,466.0,0
ATTGGACCAGGGAGAG-JHA710A1,JHA710A1,A1,0.0,1,0,0,0,0,0,0,826.0,0
ATTGGACTCAACCAAC-JHA710A1,JHA710A1,A1,8.48823814350327,2,1,1,1,1,0,1,2714.0,0
ATTGGTGAGAGCTGGT-JHA710A1,JHA710A1,A1,7.140202425870251,2,1,1,1,1,0,0,468.0,0
ATTGGTGAGATCCTGT-JHA710A1,JHA710A1,A1,0.0,2,0,0,0,0,0,0,1430.0,1
ATTGGTGAGCATCATC-JHA710A1,JHA710A1,A1,2.8287071404115056,1,1,1,0,0,0,0,628.0,0
ATTGGTGAGCTCCTTC-JHA710A1,JHA710A1,A1,2.377244512011689,2,1,1,1,1,0,0,1023.0,0
ATTGGTGCACTCAGGC-JHA710A1,JHA710A1,A1,5.407206398697907,4,1,1,1,1,1,0,6216.0,1
ATTGGTGGTGCTGTAT-JHA710A1,JHA710A1,A1,1.5948783895393368,1,1,1,0,0,0,0,2546.0,0
ATTGGTGGTTTGACAC-JHA710A1,JHA710A1,A1,0.0,2,0,0,0,0,0,0,842.0,0
ATTGGTGTCACTTCAT-JHA710A1,JHA710A1,A1,0.0,2,0,0,0,0,0,0,634.0,0
ATTGGTGTCCACTGGG-JHA710A1,JHA710A1,A1,7.7740357584194895,2,1,1,1,1,0,1,732.0,0
ATTGGTGTCGTTGACA-JHA710A1,JHA710A1,A1,0.0,1,0,0,0,0,0,0,798.0,0
ATTGGTGTCTGAGTGT-JHA710A1,JHA710A1,A1,2.5348391658523055,2,1,1,1,1,0,0,861.0,0
ATTTCTGAGAGACTAT-JHA710A1,JHA710A1,A1,2.183127427581185,2,1,1,1,1,0,0,1270.0,0
ATTTCTGAGGCGCTCT-JHA710A1,JHA710A1,A1,0.0,1,0,0,0,0,0,0,853.0,0
ATTTCTGCAAGCTGAG-JHA710A1,JHA710A1,A1,0.0,1,0,0,0,0,0,0,1143.0,0
ATTTCTGCAAGGTTTC-JHA710A1,JHA710A1,A1,3.1543712099122283,3,1,1,1,1,1,0,1337.0,1
ATTTCTGCACTGTTAG-JHA710A1,JHA710A1,A1,2.3924585069600197,1,1,1,0,0,0,0,1006.0,0
ATTTCTGGTCCAGTAT-JHA710A1,JHA710A1,A1,0.0,2,0,0,0,0,0,0,1479.0,0
ATTTCTGTCAGGTTCA-JHA710A1,JHA710A1,A1,2.3149174944867066,2,1,1,1,1,0,0,2192.0,1
ATTTCTGTCATGTAGC-JHA710A1,JHA710A1,A1,2.6050076133284237,1,1,1,0,0,0,0,798.0,0
ATTTCTGTCTTCGGTC-JHA710A1,JHA710A1,A1,2.51894771481597,2,1,1,1,1,0,0,876.0,0
CAACCAAAGTCAAGCG-JHA710A1,JHA710A1,A1,0.0,2,0,0,0,0,0,0,1160.0,0
CAACCAACACTTAACG-JHA710A1,JHA710A1,A1,0.0,1,0,0,0,0,0,0,505.0,0
CAACCAAGTTGAGGTG-JHA710A1,JHA710A1,A1,2.0168555105865567,0,1,0,0,0,0,0,1535.0,0
CAACCAATCACCTCGT-JHA710A1,JHA710A1,A1,0.0,1,0,0,0,0,0,0,647.0,0
CAACCAATCGCATGGC-JHA710A1,JHA710A1,A1,2.0509221719408375,2,1,1,1,1,0,0,1476.0,0
CAACCTCAGAGCTGCA-JHA710A1,JHA710A1,A1,0.0,1,0,0,0,0,0,0,1029.0,1
CAACCTCCACGGTAGA-JHA710A1,JHA710A1,A1,7.6200852129211185,2,1,1,1,1,0,1,1060.0,0
CAACCTCCACGTCAGC-JHA710A1,JHA710A1,A1,0.0,1,0,0,0,0,0,0,486.0,0
CAACCTCGTCACCTAA-JHA710A1,JHA710A1,A1,3.4361186577800815,3,1,1,1,1,1,0,1663.0,0
CAACCTCTCAAGGCTT-JHA710A1,JHA710A1,A1,2.1624384612508036,1,1,1,0,0,0,0,1300.0,0
CAACCTCTCAGAGGTG-JHA710A1,JHA710A1,A1,2.6896714052498765,2,1,1,1,1,0,0,1457.0,0
CAACCTCTCCTGCTTG-JHA710A1,JHA710A1,A1,0.0,3,0,0,0,0,0,0,683.0,0
CAACCTCTCCTTTACA-JHA710A1,JHA710A1,A1,0.0,2,0,0,0,0,0,0,1277.0,0
CAACCTCTCTATCCTA-JHA710A1,JHA710A1,A1,2.584367443318638,0,1,0,0,0,0,0,816.0,0
CAACTAGAGCTCTCGG-JHA710A1,JHA710A1,A1,0.0,1,0,0,0,0,0,0,1071.0,0
CAACTAGAGGGAACGG-JHA710A1,JHA710A1,A1,7.088059132064654,3,1,1,1,1,1,0,702.0,0
CAACTAGGTAAAGTCA-JHA710A1,JHA710A1,A1,2.8685404962389303,1,1,1,0,0,0,0,602.0,0
CAAGAAAAGCGATTCT-JHA710A1,JHA710A1,A1,0.0,1,0,0,0,0,0,0,942.0,0
CAAGAAAAGGCTATCT-JHA710A1,JHA710A1,A1,0.0,1,0,0,0,0,0,0,615.0,0
CAAGAAACACAGACTT-JHA710A1,JHA710A1,A1,0.0,1,0,0,0,0,0,0,455.0,0
CAAGAAACACCGGAAA-JHA710A1,JHA710A1,A1,0.0,2,0,0,0,0,0,0,1926.0,0
CAAGAAACAGATGGCA-JHA710A1,JHA710A1,A1,0.0,1,0,0,0,0,0,0,1068.0,0
CAAGAAACATGTAAGA-JHA710A1,JHA710A1,A1,3.073552052398537,0,1,0,0,0,0,0,485.0,0
CAAGAAAGTCAAGCGA-JHA710A1,JHA710A1,A1,1.2985077527333273,3,1,1,1,1,1,0,3754.0,1
CAAGAAAGTCTCTCGT-JHA710A1,JHA710A1,A1,0.0,3,0,0,0,0,0,0,1243.0,0
CAAGAAAGTTCAGTAC-JHA710A1,JHA710A1,A1,0.0,0,0,0,0,0,0,0,469.0,0
CAAGAAAGTTGCGCAC-JHA710A1,JHA710A1,A1,2.2994411425040777,1,1,1,0,0,0,0,1115.0,0
CAAGATCAGGATATAC-JHA710A1,JHA710A1,A1,5.643272384520301,2,1,1,1,1,0,0,462.0,0
CAAGATCAGGATGGTC-JHA710A1,JHA710A1,A1,6.989553550032159,2,1,1,1,1,0,0,1199.0,0
CAAGATCAGGCAGGTT-JHA710A1,JHA710A1,A1,1.3879466333696093,1,1,1,0,0,0,0,3326.0,1
CAAGATCCAGCGATCC-JHA710A1,JHA710A1,A1,3.0483399647875924,0,1,0,0,0,0,0,498.0,0
CAAGATCGTATTACCG-JHA710A1,JHA710A1,A1,5.988986354545725,2,1,1,1,1,0,0,804.0,0
CAAGGCCAGCAAATCA-JHA710A1,JHA710A1,A1,2.2232423050641743,1,1,1,0,0,0,0,1214.0,0
CAAGGCCAGCGGATCA-JHA710A1,JHA710A1,A1,2.0952636775548976,2,1,1,1,1,0,0,1403.0,0
CAAGGCCCAAAGGTGC-JHA710A1,JHA710A1,A1,0.0,1,0,0,0,0,0,0,1328.0,0
CAAGGCCCAGACGCTC-JHA710A1,JHA710A1,A1,0.0,1,0,0,0,0,0,0,1145.0,0
CAAGGCCCAGTCTTCC-JHA710A1,JHA710A1,A1,2.480974137518121,1,1,1,0,0,0,0,913.0,0
CAAGGCCGTTAAGTAG-JHA710A1,JHA710A1,A1,0.0,0,0,0,0,0,0,0,1037.0,0
CAAGGCCTCTTCCTTC-JHA710A1,JHA710A1,A1,0.0,0,0,0,0,0,0,0,505.0,0
CAAGTTGAGGCTAGGT-JHA710A1,JHA710A1,A1,6.495615772637168,2,1,1,1,1,0,0,1104.0,0
CAAGTTGCAGGAACGT-JHA710A1,JHA710A1,A1,0.0,4,0,0,0,0,0,0,1923.0,0
CAAGTTGGTAAATACG-JHA710A1,JHA710A1,A1,0.0,1,0,0,0,0,0,0,1340.0,0
CAAGTTGGTCAACATC-JHA710A1,JHA710A1,A1,7.081178321986558,2,1,1,1,1,0,0,791.0,0
CAAGTTGGTCCAGTAT-JHA710A1,JHA710A1,A1,2.393362173467386,1,1,1,0,0,0,0,1005.0,1
CAAGTTGGTCTCCATC-JHA710A1,JHA710A1,A1,7.876520746105097,3,1,1,1,1,1,1,748.0,0
CAAGTTGGTGTCTGAT-JHA710A1,JHA710A1,A1,6.723716797220639,2,1,1,1,1,0,0,1372.0,0
CAAGTTGTCGAACTGT-JHA710A1,JHA710A1,A1,1.95557205996705,2,1,1,1,1,0,0,1648.0,0
CACAAACAGGCTACGA-JHA710A1,JHA710A1,A1,6.748394525543264,2,1,1,1,1,0,0,681.0,0
CACAAACAGTGCAAGC-JHA710A1,JHA710A1,A1,0.0,2,0,0,0,0,0,0,1739.0,0
CACAAACAGTTCGCAT-JHA710A1,JHA710A1,A1,2.645394722680276,2,1,1,1,1,0,0,1528.0,0
CACAAACCAGCTGTGC-JHA710A1,JHA710A1,A1,0.0,0,0,0,0,0,0,0,961.0,0
CACAAACCATCGATGT-JHA710A1,JHA710A1,A1,0.0,0,0,0,0,0,0,0,632.0,1
CACAAACGTCTAGTGT-JHA710A1,JHA710A1,A1,0.0,2,0,0,0,0,0,0,982.0,0
CACAAACTCCCTTGTG-JHA710A1,JHA710A1,A1,2.9218000328830165,1,1,1,0,0,0,0,569.0,0
CACAAACTCCGCAGTG-JHA710A1,JHA710A1,A1,0.0,1,0,0,0,0,0,0,951.0,0
CACACAAAGATCACGG-JHA710A1,JHA710A1,A1,6.757492212212219,2,1,1,1,1,0,0,733.0,0
CACACAACAAGACACG-JHA710A1,JHA710A1,A1,7.085622145575427,3,1,1,1,1,1,0,1642.0,1
CACACAACACTTAACG-JHA710A1,JHA710A1,A1,0.0,3,0,0,0,0,0,0,1261.0,0
CACACAACAGCTGGCT-JHA710A1,JHA710A1,A1,0.0,0,0,0,0,0,0,0,921.0,0
CACACAACATCGGAAG-JHA710A1,JHA710A1,A1,0.0,0,0,0,0,0,0,0,513.0,0
CACACAAGTAAACGCG-JHA710A1,JHA710A1,A1,2.980191579342283,2,1,1,1,1,0,0,535.0,0
CACACAAGTCGAATCT-JHA710A1,JHA710A1,A1,1.8936149781883371,2,1,1,1,1,0,0,1772.0,0
CACACAAGTCTAGCGC-JHA710A1,JHA710A1,A1,1.4929622449161761,3,1,1,1,1,1,0,8695.0,0
CACACAAGTTAAGAAC-JHA710A1,JHA710A1,A1,0.0,2,0,0,0,0,0,0,2249.0,0
CACACAATCTTACCTA-JHA710A1,JHA710A1,A1,0.0,1,0,0,0,0,0,0,602.0,0
CACACCTAGACCACGA-JHA710A1,JHA710A1,A1,0.0,1,0,0,0,0,0,0,1207.0,0
CACACCTCAAAGCGGT-JHA710A1,JHA710A1,A1,0.0,2,0,0,0,0,0,0,1026.0,0
CACACCTCACTGAAGG-JHA710A1,JHA710A1,A1,2.028808531238361,1,1,1,0,0,0,0,1514.0,0
CACACCTGTACTCGCG-JHA710A1,JHA710A1,A1,0.0,1,0,0,0,0,0,0,707.0,0
CACACCTGTCCATGAT-JHA710A1,JHA710A1,A1,7.6111333136923705,2,1,1,1,1,0,1,1431.0,0
CACACCTTCACTCTTA-JHA710A1,JHA710A1,A1,0.0,2,0,0,0,0,0,0,1398.0,0
CACACCTTCCTACAGA-JHA710A1,JHA710A1,A1,0.0,0,0,0,0,0,0,0,498.0,0
CACACCTTCGTCCAGG-JHA710A1,JHA710A1,A1,0.0,0,0,0,0,0,0,0,740.0,0
CACACTCCACACCGCA-JHA710A1,JHA710A1,A1,0.0,1,0,0,0,0,0,0,1349.0,0
CACACTCCAGATCTGT-JHA710A1,JHA710A1,A1,0.0,0,0,0,0,0,0,0,571.0,0
CACACTCCATATACCG-JHA710A1,JHA710A1,A1,1.888836614050878,3,1,1,1,1,1,0,1782.0,0
CACACTCGTCCGACGT-JHA710A1,JHA710A1,A1,0.0,2,0,0,0,0,0,0,720.0,0
CACACTCGTTAAGTAG-JHA710A1,JHA710A1,A1,2.3260941067425636,2,1,1,1,1,0,0,2165.0,1
CACACTCTCATCGGAT-JHA710A1,JHA710A1,A1,2.59807244573354,1,1,1,0,0,0,0,804.0,0
CACACTCTCTGCAAGT-JHA710A1,JHA710A1,A1,7.861956926408333,2,1,1,1,1,0,1,863.0,0
CACAGGCAGACCTTTG-JHA710A1,JHA710A1,A1,7.87791379060843,2,1,1,1,1,0,1,728.0,0
CACAGGCAGTCAAGGC-JHA710A1,JHA710A1,A1,5.102294531315879,2,1,1,1,1,0,0,612.0,0
CACAGGCGTCTTGCGG-JHA710A1,JHA710A1,A1,0.0,1,0,0,0,0,0,0,439.0,0
CACAGGCTCTCACATT-JHA710A1,JHA710A1,A1,0.0,1,0,0,0,0,0,0,923.0,0
CACAGTAAGCCAACAG-JHA710A1,JHA710A1,A1,0.0,1,0,0,0,0,0,0,1280.0,0
CACAGTAAGCGCCTTG-JHA710A1,JHA710A1,A1,0.0,2,0,0,0,0,0,0,924.0,0
CACAGTAAGGGTGTGT-JHA710A1,JHA710A1,A1,2.615516054705466,2,1,1,1,1,0,0,789.0,0
CACAGTACAGTATAAG-JHA710A1,JHA710A1,A1,0.0,2,0,0,0,0,0,0,910.0,0
CACAGTAGTATATGAG-JHA710A1,JHA710A1,A1,0.0,1,0,0,0,0,0,0,908.0,0
CACAGTAGTCCATGAT-JHA710A1,JHA710A1,A1,3.0483399647875924,2,1,1,1,1,0,0,498.0,1
CACAGTAGTTAGATGA-JHA710A1,JHA710A1,A1,4.018988789330244,2,1,1,1,1,0,0,549.0,0
CACAGTATCGATAGAA-JHA710A1,JHA710A1,A1,0.0,1,0,0,0,0,0,0,1327.0,0
CACATAGCACAGATTC-JHA710A1,JHA710A1,A1,0.0,2,0,0,0,0,0,0,1060.0,0
CACATAGCAGATCCAT-JHA710A1,JHA710A1,A1,0.0,1,0,0,0,0,0,0,866.0,0
CACATAGGTCTGCAAT-JHA710A1,JHA710A1,A1,0.0,1,0,0,0,0,0,0,444.0,0
CACATAGTCGTGGGAA-JHA710A1,JHA710A1,A1,0.0,0,0,0,0,0,0,0,442.0,0
CACATTTAGGGCATGT-JHA710A1,JHA710A1,A1,0.0,2,0,0,0,0,0,0,1370.0,0
CACATTTAGTACGTAA-JHA710A1,JHA710A1,A1,3.057954473115221,3,1,1,1,1,1,0,1479.0,0
CACATTTCAGCCTATA-JHA710A1,JHA710A1,A1,7.770883694046113,1,1,1,0,0,0,1,460.0,0
CACATTTCAGTGAGTG-JHA710A1,JHA710A1,A1,0.0,1,0,0,0,0,0,0,706.0,0
CACATTTTCACCGTAA-JHA710A1,JHA710A1,A1,2.452358600047408,2,1,1,1,1,0,0,942.0,0
CACATTTTCGATCCCT-JHA710A1,JHA710A1,A1,4.4992023985857506,2,1,1,1,1,0,0,787.0,0
CACATTTTCTCTTATG-JHA710A1,JHA710A1,A1,7.509335266016592,1,1,1,0,0,0,0,625.0,0
CACCACTAGAACTGTA-JHA710A1,JHA710A1,A1,0.0,1,0,0,0,0,0,0,656.0,0
CACCACTAGGCGCTCT-JHA710A1,JHA710A1,A1,3.637759274934989,2,1,1,1,1,0,0,2432.0,0
CACCACTAGTTAGCGG-JHA710A1,JHA710A1,A1,0.0,1,0,0,0,0,0,0,499.0,0
CACCACTCAAGTCTAC-JHA710A1,JHA710A1,A1,7.280891426714866,3,1,1,1,1,1,0,1950.0,1
CACCACTGTAACGACG-JHA710A1,JHA710A1,A1,2.164142126245391,2,1,1,1,1,0,0,2595.0,0
CACCACTGTATATCCG-JHA710A1,JHA710A1,A1,3.4272373717098943,2,1,1,1,1,0,0,1007.0,0
CACCACTGTGTGAATA-JHA710A1,JHA710A1,A1,0.0,1,0,0,0,0,0,0,886.0,0
CACCACTGTGTGCGTC-JHA710A1,JHA710A1,A1,1.5408118115362595,2,1,1,1,1,0,0,2726.0,1
CACCACTGTTAAGGGC-JHA710A1,JHA710A1,A1,0.0,2,0,0,0,0,0,0,1173.0,0
CACCACTGTTGATTGC-JHA710A1,JHA710A1,A1,0.0,0,0,0,0,0,0,0,509.0,0
CACCAGGAGGCGTACA-JHA710A1,JHA710A1,A1,2.221774546748259,2,1,1,1,1,0,0,1216.0,0
CACCAGGAGTCGTACT-JHA710A1,JHA710A1,A1,2.421872813976386,0,1,0,0,0,0,0,974.0,0
CACCAGGCAAGTAATG-JHA710A1,JHA710A1,A1,0.0,1,0,0,0,0,0,0,602.0,0
CACCAGGCAAGTTGTC-JHA710A1,JHA710A1,A1,3.020092020405061,1,1,1,0,0,0,0,1026.0,0
CACCAGGCAATAGAGT-JHA710A1,JHA710A1,A1,7.468383354146515,2,1,1,1,1,0,0,971.0,0
CACCAGGTCAAACCGT-JHA710A1,JHA710A1,A1,5.966272350091911,2,1,1,1,1,0,0,694.0,0
CACCAGGTCCAGGGCT-JHA710A1,JHA710A1,A1,6.745841534683789,2,1,1,1,1,0,0,824.0,1
CACCTTGGTACTCAAC-JHA710A1,JHA710A1,A1,0.0,3,0,0,0,0,0,0,5700.0,0
CACCTTGTCCCAACGG-JHA710A1,JHA710A1,A1,2.41534932603235,1,1,1,0,0,0,0,981.0,0
CACTCCAAGTCGATAA-JHA710A1,JHA710A1,A1,0.0,2,0,0,0,0,0,0,652.0,0
CACTCCACAGATGGCA-JHA710A1,JHA710A1,A1,6.523961798799167,2,1,1,1,1,0,0,441.0,0
CACTCCAGTACCGCTG-JHA710A1,JHA710A1,A1,7.92194656225216,2,1,1,1,1,0,1,693.0,0
CACTCCAGTGAAGGCT-JHA710A1,JHA710A1,A1,4.938453177135748,3,1,1,1,1,1,0,1660.0,0
CACTCCAGTTCGTGAT-JHA710A1,JHA710A1,A1,0.0,2,0,0,0,0,0,0,1205.0,0
CACTCCATCAGCACAT-JHA710A1,JHA710A1,A1,0.0,1,0,0,0,0,0,0,466.0,0
CACTCCATCAGCTTAG-JHA710A1,JHA710A1,A1,0.0,1,0,0,0,0,0,0,738.0,0
CACTCCATCGATGAGG-JHA710A1,JHA710A1,A1,2.58663650393941,2,1,1,1,1,0,0,814.0,0
CACTCCATCTACCTGC-JHA710A1,JHA710A1,A1,0.0,1,0,0,0,0,0,0,1354.0,0
CAGAATCAGCCACTAT-JHA710A1,JHA710A1,A1,0.0,3,0,0,0,0,0,0,475.0,0
CAGAATCAGGATGCGT-JHA710A1,JHA710A1,A1,2.027089504320375,1,1,1,0,0,0,0,1517.0,0
CAGAATCCACTAAGTC-JHA710A1,JHA710A1,A1,0.0,3,0,0,0,0,0,0,3049.0,0
CAGAATCGTGTGAAAT-JHA710A1,JHA710A1,A1,6.573374815603071,2,1,1,1,1,0,0,1441.0,0
CAGAATCTCGAACGGA-JHA710A1,JHA710A1,A1,0.0,2,0,0,0,0,0,0,1089.0,1
CAGAGAGAGATCTGCT-JHA710A1,JHA710A1,A1,0.0,2,0,0,0,0,0,0,706.0,0
CAGAGAGAGATGTGTA-JHA710A1,JHA710A1,A1,0.0,1,0,0,0,0,0,0,1504.0,0
CAGAGAGCAATGTTGC-JHA710A1,JHA710A1,A1,2.5210495220503306,1,1,1,0,0,0,0,874.0,0
CAGAGAGCACCAGGCT-JHA710A1,JHA710A1,A1,0.0,0,0,0,0,0,0,0,664.0,0
CAGAGAGCAGCTGTGC-JHA710A1,JHA710A1,A1,3.629587086654266,2,1,1,1,1,0,0,545.0,0
CAGAGAGCAGTATCTG-JHA710A1,JHA710A1,A1,0.0,0,0,0,0,0,0,0,463.0,0
CAGAGAGCATGAACCT-JHA710A1,JHA710A1,A1,7.98279335926342,1,1,1,0,0,0,1,536.0,0
CAGAGAGGTAAACACA-JHA710A1,JHA710A1,A1,0.0,2,0,0,0,0,0,0,649.0,0
CAGAGAGGTGACGGTA-JHA710A1,JHA710A1,A1,2.527386255885888,2,1,1,1,1,0,0,868.0,0
CAGAGAGGTTCGTCTC-JHA710A1,JHA710A1,A1,3.3390519461654735,1,1,1,0,0,0,0,1471.0,0
CAGAGAGTCTGTCAAG-JHA710A1,JHA710A1,A1,3.1178734492948132,1,1,1,0,0,0,0,463.0,0
CAGATCAAGGGATCTG-JHA710A1,JHA710A1,A1,6.738703344737248,2,1,1,1,1,0,0,1316.0,0
CAGATCACAAACCCAT-JHA710A1,JHA710A1,A1,0.0,3,0,0,0,0,0,0,1839.0,0
CAGATCACATGTTGAC-JHA710A1,JHA710A1,A1,3.3565919418651187,2,1,1,1,1,0,0,2889.0,0
CAGATCAGTCTGATCA-JHA710A1,JHA710A1,A1,0.0,1,0,0,0,0,0,0,1997.0,0
CAGATCATCAACGCTA-JHA710A1,JHA710A1,A1,0.0,2,0,0,0,0,0,0,472.0,0
CAGATCATCCAGGGCT-JHA710A1,JHA710A1,A1,0.0,1,0,0,0,0,0,0,699.0,0
CAGATCATCGCTGATA-JHA710A1,JHA710A1,A1,2.9488074571487553,2,1,1,1,1,0,0,1659.0,0
CAGCAGCAGAGACTAT-JHA710A1,JHA710A1,A1,2.809929116712266,3,1,1,1,1,1,0,1922.0,0
CAGCAGCCAAACGTGG-JHA710A1,JHA710A1,A1,0.0,2,0,0,0,0,0,0,2559.0,0
CAGCAGCCAGACAAAT-JHA710A1,JHA710A1,A1,2.1873305036910207,1,1,1,0,0,0,0,1264.0,0
CAGCAGCGTCCTGCTT-JHA710A1,JHA710A1,A1,7.558547203802672,2,1,1,1,1,0,1,548.0,0
CAGCAGCTCCGCGCAA-JHA710A1,JHA710A1,A1,0.0,1,0,0,0,0,0,0,1249.0,0
CAGCATAAGCGTTTAC-JHA710A1,JHA710A1,A1,0.0,2,0,0,0,0,0,0,1043.0,0
CAGCATAAGGTGCTTT-JHA710A1,JHA710A1,A1,0.0,1,0,0,0,0,0,0,545.0,0
CAGCATAGTTCATGGT-JHA710A1,JHA710A1,A1,0.0,0,0,0,0,0,0,0,664.0,1
CAGCATATCTGCAGTA-JHA710A1,JHA710A1,A1,0.0,1,0,0,0,0,0,0,2535.0,0
CAGCATATCTGTCTCG-JHA710A1,JHA710A1,A1,0.0,1,0,0,0,0,0,0,798.0,0
CAGCCGAAGATATGCA-JHA710A1,JHA710A1,A1,7.690025567729451,2,1,1,1,1,0,1,453.0,0
CAGCCGAAGCGCCTTG-JHA710A1,JHA710A1,A1,0.0,0,0,0,0,0,0,0,440.0,0
CAGCCGAAGGTGCTAG-JHA710A1,JHA710A1,A1,0.0,0,0,0,0,0,0,0,481.0,0
CAGCCGACAGCCAATT-JHA710A1,JHA710A1,A1,0.0,1,0,0,0,0,0,0,597.0,0
CAGCCGACAGGTCCAC-JHA710A1,JHA710A1,A1,5.34947238321924,0,1,0,0,0,0,0,716.0,0
CAGCCGAGTGAGTGAC-JHA710A1,JHA710A1,A1,5.988277656179463,2,1,1,1,1,0,0,528.0,0
CAGCCGAGTGATGCCC-JHA710A1,JHA710A1,A1,2.5450590981582977,2,1,1,1,1,0,0,1703.0,0
CAGCCGAGTGGTCTCG-JHA710A1,JHA710A1,A1,0.0,2,0,0,0,0,0,0,2039.0,0
CAGCCGAGTTCGTGAT-JHA710A1,JHA710A1,A1,0.0,1,0,0,0,0,0,0,1278.0,0
CAGCCGAGTTGTGGAG-JHA710A1,JHA710A1,A1,7.611886726457244,2,1,1,1,1,0,1,569.0,0
CAGCGACCAGTACACT-JHA710A1,JHA710A1,A1,2.1958036179497036,2,1,1,1,1,0,0,1252.0,0
CAGCGACGTAATTGGA-JHA710A1,JHA710A1,A1,0.0,0,0,0,0,0,0,0,509.0,0
CAGCGACGTCATATGC-JHA710A1,JHA710A1,A1,0.0,1,0,0,0,0,0,0,1311.0,0
CAGCGACTCCTTTACA-JHA710A1,JHA710A1,A1,0.0,1,0,0,0,0,0,0,953.0,1
CAGCGACTCTTCCTTC-JHA710A1,JHA710A1,A1,7.689684415278787,3,1,1,1,1,1,1,888.0,0
CAGCTAAAGAATGTGT-JHA710A1,JHA710A1,A1,5.940194269181037,3,1,1,1,1,1,0,1715.0,1
CAGCTAAAGCGTAATA-JHA710A1,JHA710A1,A1,0.0,2,0,0,0,0,0,0,1187.0,0
CAGCTAACAAAGAATC-JHA710A1,JHA710A1,A1,0.0,0,0,0,0,0,0,0,512.0,1
CAGCTAACAAGAGTCG-JHA710A1,JHA710A1,A1,0.0,1,0,0,0,0,0,0,1014.0,0
CAGCTAACACGAAAGC-JHA710A1,JHA710A1,A1,1.2411008226796716,3,1,1,1,1,1,0,4066.0,0
CAGCTAACAGCCAATT-JHA710A1,JHA710A1,A1,0.0,1,0,0,0,0,0,0,500.0,0
CAGCTAACATATGCTG-JHA710A1,JHA710A1,A1,7.593669233628416,3,1,1,1,1,1,1,519.0,0
CAGCTAAGTAGCCTCG-JHA710A1,JHA710A1,A1,2.576472577618077,2,1,1,1,1,0,0,823.0,0
CAGCTAAGTCACTGGC-JHA710A1,JHA710A1,A1,2.755413347612849,1,1,1,0,0,0,0,679.0,1
CAGCTAAGTTGAGTTC-JHA710A1,JHA710A1,A1,2.5889115672346605,0,1,0,0,0,0,0,812.0,0
CAGCTAATCTCACATT-JHA710A1,JHA710A1,A1,0.0,1,0,0,0,0,0,0,448.0,1
CAGCTGGAGACACGAC-JHA710A1,JHA710A1,A1,8.141729158628912,3,1,1,1,1,1,1,1028.0,0
CAGCTGGCAGCCTTGG-JHA710A1,JHA710A1,A1,2.8362302219925604,3,1,1,1,1,1,0,3115.0,1
CAGCTGGCATCACCCT-JHA710A1,JHA710A1,A1,2.7269186854065928,2,1,1,1,1,0,0,1400.0,0
CAGCTGGGTATTAGCC-JHA710A1,JHA710A1,A1,0.0,1,0,0,0,0,0,0,1026.0,0
CAGCTGGGTCAAAGAT-JHA710A1,JHA710A1,A1,0.0,2,0,0,0,0,0,0,864.0,0
CAGCTGGTCCGCTGTT-JHA710A1,JHA710A1,A1,2.646611573979841,2,1,1,1,1,0,0,1526.0,0
CAGCTGGTCGATCCCT-JHA710A1,JHA710A1,A1,2.218847041349385,3,1,1,1,1,1,0,1220.0,0
CAGCTGGTCGGCGGTT-JHA710A1,JHA710A1,A1,0.0,0,0,0,0,0,0,0,463.0,0
CAGGTGCCAGGCTGAA-JHA710A1,JHA710A1,A1,5.596406506519025,2,1,1,1,1,0,0,447.0,0
CAGGTGCCAGTTCATG-JHA710A1,JHA710A1,A1,0.0,1,0,0,0,0,0,0,449.0,0
CAGGTGCGTGTGCCTG-JHA710A1,JHA710A1,A1,0.0,2,0,0,0,0,0,0,1090.0,0
CAGGTGCGTGTTCGAT-JHA710A1,JHA710A1,A1,2.59807244573354,2,1,1,1,1,0,0,804.0,0
CAGGTGCTCACAACGT-JHA710A1,JHA710A1,A1,0.0,2,0,0,0,0,0,0,762.0,0
CAGGTGCTCCTCAATT-JHA710A1,JHA710A1,A1,0.0,0,0,0,0,0,0,0,730.0,0
CAGTAACAGCGCTTAT-JHA710A1,JHA710A1,A1,6.999410430380645,2,1,1,1,1,0,0,758.0,0
CAGTAACAGCTGCAAG-JHA710A1,JHA710A1,A1,0.0,1,0,0,0,0,0,0,590.0,0
CAGTAACCAGCCTGTG-JHA710A1,JHA710A1,A1,2.8407748167567926,2,1,1,1,1,0,0,620.0,0
CAGTAACCAGTGGAGT-JHA710A1,JHA710A1,A1,0.0,0,0,0,0,0,0,0,753.0,0
CAGTAACGTTAAGACA-JHA710A1,JHA710A1,A1,1.870491810022769,3,1,1,1,1,1,0,1821.0,1
CAGTAACGTTTGTTGG-JHA710A1,JHA710A1,A1,0.0,2,0,0,0,0,0,0,3081.0,0
CAGTAACTCACAATGC-JHA710A1,JHA710A1,A1,1.2590483443103289,3,1,1,1,1,1,0,3965.0,1
CAGTAACTCGCTTGTC-JHA710A1,JHA710A1,A1,8.35947442043572,3,1,1,1,1,1,1,1581.0,0
CAGTCCTAGGATGGAA-JHA710A1,JHA710A1,A1,0.0,0,0,0,0,0,0,0,482.0,0
CAGTCCTAGTTGAGAT-JHA710A1,JHA710A1,A1,0.0,0,0,0,0,0,0,0,979.0,0
CAGTCCTGTGGGTATG-JHA710A1,JHA710A1,A1,0.0,1,0,0,0,0,0,0,887.0,0
CAGTCCTTCGCTTGTC-JHA710A1,JHA710A1,A1,3.8918202981106265,2,1,1,1,1,0,0,625.0,1
CATATGGAGACTAAGT-JHA710A1,JHA710A1,A1,3.4704948104359175,1,1,1,0,0,0,0,642.0,0
CATATGGAGGTCGGAT-JHA710A1,JHA710A1,A1,2.185927016750538,2,1,1,1,1,0,0,1266.0,0
CATATGGAGTACTTGC-JHA710A1,JHA710A1,A1,0.0,1,0,0,0,0,0,0,1112.0,0
CATATGGCAAACCTAC-JHA710A1,JHA710A1,A1,0.0,4,0,0,0,0,0,0,1695.0,1
CATATGGCAATGCCAT-JHA710A1,JHA710A1,A1,0.0,1,0,0,0,0,0,0,607.0,1
CATATGGGTAAGTGTA-JHA710A1,JHA710A1,A1,0.0,1,0,0,0,0,0,0,521.0,0
CATATGGGTAGCTAAA-JHA710A1,JHA710A1,A1,0.0,0,0,0,0,0,0,0,550.0,0
CATATGGGTTAGGGTG-JHA710A1,JHA710A1,A1,0.0,1,0,0,0,0,0,0,638.0,0
CATATGGGTTCGCGAC-JHA710A1,JHA710A1,A1,2.9205537586139365,3,1,1,1,1,1,0,4558.0,0
CATATGGTCAAAGACA-JHA710A1,JHA710A1,A1,0.0,1,0,0,0,0,0,0,1008.0,0
CATATGGTCGCGTTTC-JHA710A1,JHA710A1,A1,2.496164496840844,2,1,1,1,1,0,0,898.0,0
CATATGGTCTCTGCTG-JHA710A1,JHA710A1,A1,0.0,0,0,0,0,0,0,0,682.0,1
CATATGGTCTTGAGGT-JHA710A1,JHA710A1,A1,2.1271576769937455,3,1,1,1,1,1,0,1353.0,0
CATATTCAGGCGCTCT-JHA710A1,JHA710A1,A1,0.0,0,0,0,0,0,0,0,480.0,0
CATATTCCAAACAACA-JHA710A1,JHA710A1,A1,0.0,2,0,0,0,0,0,0,1355.0,0
CATATTCCAAAGTGCG-JHA710A1,JHA710A1,A1,3.7795426193001025,3,1,1,1,1,1,0,701.0,0
CATATTCCAAATACAG-JHA710A1,JHA710A1,A1,7.438037998833331,3,1,1,1,1,1,0,630.0,0
CATATTCGTAGCGTAG-JHA710A1,JHA710A1,A1,0.0,1,0,0,0,0,0,0,1544.0,0
CATATTCGTCCGTGAC-JHA710A1,JHA710A1,A1,0.0,2,0,0,0,0,0,0,527.0,0
CATATTCTCCCTTGTG-JHA710A1,JHA710A1,A1,0.0,1,0,0,0,0,0,0,573.0,0
CATATTCTCGCCTGTT-JHA710A1,JHA710A1,A1,0.0,0,0,0,0,0,0,0,501.0,0
CATCAAGAGACAGGCT-JHA710A1,JHA710A1,A1,0.0,2,0,0,0,0,0,0,1416.0,0
CATCAAGAGAGTCGGT-JHA710A1,JHA710A1,A1,1.9724294979835366,2,1,1,1,1,0,0,1616.0,0
CATCAAGAGGGTGTGT-JHA710A1,JHA710A1,A1,0.0,1,0,0,0,0,0,0,771.0,1
CATCAAGAGGTGCACA-JHA710A1,JHA710A1,A1,0.0,0,0,0,0,0,0,0,1057.0,0
CATCAAGAGTGGAGAA-JHA710A1,JHA710A1,A1,0.0,2,0,0,0,0,0,0,891.0,0
CATCAAGCATTAGCCA-JHA710A1,JHA710A1,A1,3.1137542292927436,1,1,1,0,0,0,0,465.0,0
CATCAAGGTCAAAGCG-JHA710A1,JHA710A1,A1,2.505927817798299,2,1,1,1,1,0,0,1777.0,0
CATCAAGGTGGTTTCA-JHA710A1,JHA710A1,A1,7.674368044440513,2,1,1,1,1,0,1,581.0,0
CATCAAGGTTCGAATC-JHA710A1,JHA710A1,A1,0.0,2,0,0,0,0,0,0,1212.0,0
CATCAAGTCTAAGCCA-JHA710A1,JHA710A1,A1,4.5015087379016485,1,1,1,0,0,0,0,673.0,0
CATCAGAAGAGACTAT-JHA710A1,JHA710A1,A1,1.974029361120549,2,1,1,1,1,0,0,1613.0,0
CATCAGAAGGTAGCCA-JHA710A1,JHA710A1,A1,2.059231854801959,2,1,1,1,1,0,0,1462.0,0
CATCAGACAGGATTGG-JHA710A1,JHA710A1,A1,0.0,2,0,0,0,0,0,0,443.0,0
CATCAGACATAGTAAG-JHA710A1,JHA710A1,A1,0.0,2,0,0,0,0,0,0,1259.0,0
CATCAGAGTCGACTAT-JHA710A1,JHA710A1,A1,8.613556295652982,2,1,1,1,1,0,1,1773.0,0
CATCCACAGGCGTACA-JHA710A1,JHA710A1,A1,0.0,1,0,0,0,0,0,0,455.0,0
CATCCACAGTAACCCT-JHA710A1,JHA710A1,A1,0.0,1,0,0,0,0,0,0,551.0,0
CATCCACCAGCGTAAG-JHA710A1,JHA710A1,A1,3.27141295880124,0,1,0,0,0,0,0,789.0,1
CATCCACCAGGATTGG-JHA710A1,JHA710A1,A1,0.0,2,0,0,0,0,0,0,3377.0,0
CATCCACGTCATATGC-JHA710A1,JHA710A1,A1,0.0,0,0,0,0,0,0,0,459.0,0
CATCCACGTCGGCTCA-JHA710A1,JHA710A1,A1,0.0,2,0,0,0,0,0,0,1463.0,1
CATCCACGTGGAAAGA-JHA710A1,JHA710A1,A1,0.0,0,0,0,0,0,0,0,1743.0,0
CATCCACGTTTGGGCC-JHA710A1,JHA710A1,A1,3.1366427612315193,0,1,0,0,0,0,0,454.0,0
CATCCACTCAGGATCT-JHA710A1,JHA710A1,A1,2.699320576571291,0,1,0,0,0,0,0,721.0,0
CATCCACTCGGAATCT-JHA710A1,JHA710A1,A1,0.0,2,0,0,0,0,0,0,481.0,0
CATCCACTCTGTACGA-JHA710A1,JHA710A1,A1,0.0,1,0,0,0,0,0,0,754.0,0
CATCCACTCTTGGGTA-JHA710A1,JHA710A1,A1,6.687678513892859,2,1,1,1,1,0,0,549.0,0
CATCGAACAATGGATA-JHA710A1,JHA710A1,A1,0.0,1,0,0,0,0,0,0,660.0,0
CATCGAACACAACGTT-JHA710A1,JHA710A1,A1,7.570780912782643,2,1,1,1,1,0,1,464.0,0
CATCGAAGTAGCGATG-JHA710A1,JHA710A1,A1,0.0,1,0,0,0,0,0,0,1229.0,0
CATCGAAGTATGCTTG-JHA710A1,JHA710A1,A1,0.0,3,0,0,0,0,0,0,807.0,0
CATCGAAGTCAACTGT-JHA710A1,JHA710A1,A1,7.814087308834066,3,1,1,1,1,1,1,679.0,0
CATCGAAGTCACTGGC-JHA710A1,JHA710A1,A1,2.527386255885888,0,1,0,0,0,0,0,868.0,0
CATCGAATCAGCCTAA-JHA710A1,JHA710A1,A1,2.1082895531631167,2,1,1,1,1,0,0,4147.0,1
CATCGAATCTTGAGGT-JHA710A1,JHA710A1,A1,0.0,2,0,0,0,0,0,0,610.0,0
CATCGGGAGGTGCTTT-JHA710A1,JHA710A1,A1,0.0,2,0,0,0,0,0,0,447.0,1
CATCGGGAGTACGTTC-JHA710A1,JHA710A1,A1,0.0,3,0,0,0,0,0,0,653.0,0
CATCGGGCAAACGCGA-JHA710A1,JHA710A1,A1,0.0,2,0,0,0,0,0,0,2370.0,1
CATCGGGCAGCGATCC-JHA710A1,JHA710A1,A1,0.0,2,0,0,0,0,0,0,577.0,0
CATCGGGCAGGGTACA-JHA710A1,JHA710A1,A1,1.8193679333090482,2,1,1,1,1,0,0,1935.0,0
CATCGGGCATCCTAGA-JHA710A1,JHA710A1,A1,0.0,2,0,0,0,0,0,0,1557.0,0
CATCGGGTCATTATCC-JHA710A1,JHA710A1,A1,0.0,1,0,0,0,0,0,0,1419.0,0
CATCGGGTCGCGGATC-JHA710A1,JHA710A1,A1,0.0,0,0,0,0,0,0,0,437.0,0
CATCGGGTCGGAAACG-JHA710A1,JHA710A1,A1,0.0,2,0,0,0,0,0,0,1652.0,0
CATGACAGTCCTAGCG-JHA710A1,JHA710A1,A1,7.3012681738288,2,1,1,1,1,0,0,1222.0,0
CATGACATCAACGAAA-JHA710A1,JHA710A1,A1,0.0,2,0,0,0,0,0,0,1541.0,1
CATGACATCACCTTAT-JHA710A1,JHA710A1,A1,2.519472680185562,2,1,1,1,1,0,0,1751.0,0
CATGACATCAGTGTTG-JHA710A1,JHA710A1,A1,0.0,3,0,0,0,0,0,0,2713.0,0
CATGCCTAGCTGAAAT-JHA710A1,JHA710A1,A1,2.888076556372947,2,1,1,1,1,0,0,1769.0,0
CATGCCTAGTGTCTCA-JHA710A1,JHA710A1,A1,2.0363024354591195,2,1,1,1,1,0,0,1501.0,0
CATGCCTCACCATCCT-JHA710A1,JHA710A1,A1,2.9394318832070407,2,1,1,1,1,0,0,1117.0,0
CATGCCTCAGCCACCA-JHA710A1,JHA710A1,A1,1.639544898427663,1,1,1,0,0,0,0,2408.0,0
CATGCCTGTAGCCTAT-JHA710A1,JHA710A1,A1,2.7229224631737106,1,1,1,0,0,0,0,703.0,0
CATGCCTGTTACGACT-JHA710A1,JHA710A1,A1,1.8272044880451617,1,1,1,0,0,0,0,1917.0,0
CATGCCTGTTCAACCA-JHA710A1,JHA710A1,A1,0.0,2,0,0,0,0,0,0,2996.0,0
CATGCCTTCTCAAGTG-JHA710A1,JHA710A1,A1,0.0,1,0,0,0,0,0,0,809.0,0
CATGGCGAGAAGGTGA-JHA710A1,JHA710A1,A1,1.329953515224496,3,1,1,1,1,1,0,3596.0,0
CATGGCGAGTTTGCGT-JHA710A1,JHA710A1,A1,0.0,2,0,0,0,0,0,0,1024.0,0
CATGGCGCATTTGCTT-JHA710A1,JHA710A1,A1,2.161078157421274,1,1,1,0,0,0,0,1302.0,0
CATGGCGGTAGCGATG-JHA710A1,JHA710A1,A1,5.927809770825237,2,1,1,1,1,0,0,561.0,0
CATGGCGGTTCGCTAA-JHA710A1,JHA710A1,A1,8.106624245277443,2,1,1,1,1,0,1,1113.0,0
CATGGCGTCATAGCAC-JHA710A1,JHA710A1,A1,0.0,1,0,0,0,0,0,0,551.0,0
CATGGCGTCATCTGTT-JHA710A1,JHA710A1,A1,1.8718867971681958,1,1,1,0,0,0,0,1818.0,0
CATGGCGTCTACTATC-JHA710A1,JHA710A1,A1,7.410988890914157,2,1,1,1,1,0,0,490.0,0
CATGGCGTCTTCAACT-JHA710A1,JHA710A1,A1,3.0331651322264412,0,1,0,0,0,0,0,506.0,0
CATTATCAGAGACTAT-JHA710A1,JHA710A1,A1,0.0,0,0,0,0,0,0,0,718.0,0
CATTATCAGGATCGCA-JHA710A1,JHA710A1,A1,0.0,2,0,0,0,0,0,0,1558.0,1
CATTATCCACAGGCCT-JHA710A1,JHA710A1,A1,5.613382380077268,2,1,1,1,1,0,0,1062.0,0
CATTATCCACGGCCAT-JHA710A1,JHA710A1,A1,2.247097423620547,3,1,1,1,1,1,0,1182.0,0
CATTATCCATCGTCGG-JHA710A1,JHA710A1,A1,0.0,0,0,0,0,0,0,0,499.0,0
CATTATCCATGGTCTA-JHA710A1,JHA710A1,A1,0.0,2,0,0,0,0,0,0,512.0,0
CATTATCGTCTAGCGC-JHA710A1,JHA710A1,A1,0.0,0,0,0,0,0,0,0,480.0,0
CATTATCGTTCGTTGA-JHA710A1,JHA710A1,A1,0.0,2,0,0,0,0,0,0,1100.0,0
CATTCGCAGCAATCTC-JHA710A1,JHA710A1,A1,0.0,2,0,0,0,0,0,0,1921.0,1
CATTCGCAGTCCGGTC-JHA710A1,JHA710A1,A1,0.0,1,0,0,0,0,0,0,442.0,0
CATTCGCGTCTCTTTA-JHA710A1,JHA710A1,A1,6.989192012190813,2,1,1,1,1,0,0,489.0,0
CATTCGCTCTAGCACA-JHA710A1,JHA710A1,A1,7.366804828145608,2,1,1,1,1,0,0,803.0,0
CCAATCCAGATCTGCT-JHA710A1,JHA710A1,A1,2.83572669756275,3,1,1,1,1,1,0,1870.0,0
CCAATCCCACGAAATA-JHA710A1,JHA710A1,A1,1.910586757859019,2,1,1,1,1,0,0,1737.0,0
CCAATCCGTCTTTCAT-JHA710A1,JHA710A1,A1,0.0,1,0,0,0,0,0,0,588.0,0
CCAATCCTCAGCTCTC-JHA710A1,JHA710A1,A1,0.0,0,0,0,0,0,0,0,676.0,0
CCAATCCTCTTCATGT-JHA710A1,JHA710A1,A1,0.0,2,0,0,0,0,0,0,1192.0,0
CCACCTAAGAGACTAT-JHA710A1,JHA710A1,A1,5.367001732740681,1,1,1,0,0,0,0,938.0,0
CCACCTAAGTGGACGT-JHA710A1,JHA710A1,A1,0.0,2,0,0,0,0,0,0,614.0,0
CCACCTAAGTGGAGTC-JHA710A1,JHA710A1,A1,2.6196374607390958,2,1,1,1,1,0,0,1571.0,0
CCACCTACACTTAAGC-JHA710A1,JHA710A1,A1,7.710912674888417,3,1,1,1,1,1,1,475.0,0
CCACCTACATGGGACA-JHA710A1,JHA710A1,A1,0.0,3,0,0,0,0,0,0,964.0,0
CCACCTAGTAGCCTAT-JHA710A1,JHA710A1,A1,7.859307555901987,3,1,1,1,1,1,1,958.0,0
CCACCTAGTCAGGACA-JHA710A1,JHA710A1,A1,7.8909058081066545,3,1,1,1,1,1,1,1411.0,0
CCACCTAGTGATGCCC-JHA710A1,JHA710A1,A1,3.0874223674767087,0,1,0,0,0,0,0,478.0,0
CCACCTATCAGAGACG-JHA710A1,JHA710A1,A1,0.0,2,0,0,0,0,0,0,2259.0,0
CCACCTATCGTCGTTC-JHA710A1,JHA710A1,A1,2.694161088941543,0,1,0,0,0,0,0,725.0,0
CCACGGAAGGTAAACT-JHA710A1,JHA710A1,A1,0.0,2,0,0,0,0,0,0,828.0,0
CCACGGAAGTGTGGCA-JHA710A1,JHA710A1,A1,4.524403371930556,2,1,1,1,1,0,0,548.0,0
CCACGGACAGTCCTTC-JHA710A1,JHA710A1,A1,0.0,1,0,0,0,0,0,0,672.0,0
CCACGGAGTCAAAGAT-JHA710A1,JHA710A1,A1,0.0,2,0,0,0,0,0,0,1512.0,0
CCACGGATCACAAACC-JHA710A1,JHA710A1,A1,2.188501964201232,2,1,1,1,1,0,0,3787.0,0
CCACGGATCCCAACGG-JHA710A1,JHA710A1,A1,0.0,1,0,0,0,0,0,0,480.0,0
CCACGGATCCTGCCAT-JHA710A1,JHA710A1,A1,2.810907586541918,1,1,1,0,0,0,0,640.0,1
CCACGGATCGCCCTTA-JHA710A1,JHA710A1,A1,0.0,1,0,0,0,0,0,0,826.0,0
CCACGGATCTCATTCA-JHA710A1,JHA710A1,A1,0.0,2,0,0,0,0,0,0,872.0,0
CCACTACAGCAATCTC-JHA710A1,JHA710A1,A1,0.9414599752658056,4,1,1,1,0,0,0,6395.0,1
CCACTACAGGAATCGC-JHA710A1,JHA710A1,A1,0.0,2,0,0,0,0,0,0,1466.0,0
CCACTACAGGCCCTCA-JHA710A1,JHA710A1,A1,2.170649586868351,3,1,1,1,1,1,0,1288.0,0
CCACTACCAAGACGTG-JHA710A1,JHA710A1,A1,6.093869137853005,2,1,1,1,1,0,0,769.0,0
CCACTACCACGTCTCT-JHA710A1,JHA710A1,A1,2.1817313096784487,1,1,1,0,0,0,0,1272.0,0
CCACTACCATGGGACA-JHA710A1,JHA710A1,A1,1.669656772427155,2,1,1,1,1,0,0,2320.0,0
CCACTACGTCTTGATG-JHA710A1,JHA710A1,A1,1.784711054957088,2,1,1,1,1,0,0,2017.0,0
CCACTACTCTAACCGA-JHA710A1,JHA710A1,A1,0.0,0,0,0,0,0,0,0,479.0,0
CCACTACTCTTGTATC-JHA710A1,JHA710A1,A1,0.0,1,0,0,0,0,0,0,506.0,0
CCAGCGAGTTAAGGGC-JHA710A1,JHA710A1,A1,0.0,1,0,0,0,0,0,0,1175.0,0
CCAGCGATCGACCAGC-JHA710A1,JHA710A1,A1,0.0,2,0,0,0,0,0,0,728.0,0
CCAGCGATCGACGGAA-JHA710A1,JHA710A1,A1,2.058039274986751,1,1,1,0,0,0,0,1464.0,0
CCAGCGATCGGTCTAA-JHA710A1,JHA710A1,A1,0.0,0,0,0,0,0,0,0,452.0,1
CCAGCGATCTTAGCCC-JHA710A1,JHA710A1,A1,0.0,2,0,0,0,0,0,0,2250.0,0
CCATGTCCACAGCGTC-JHA710A1,JHA710A1,A1,7.344106871700189,2,1,1,1,1,0,0,608.0,0
CCATGTCCACTTCGAA-JHA710A1,JHA710A1,A1,1.5024849469806005,2,1,1,1,1,0,0,2863.0,0
CCATGTCCAGCGTTCG-JHA710A1,JHA710A1,A1,0.0,0,0,0,0,0,0,0,437.0,0
CCATGTCGTAGATTAG-JHA710A1,JHA710A1,A1,7.775385562511425,3,1,1,1,1,1,1,689.0,0
CCATGTCTCACAAACC-JHA710A1,JHA710A1,A1,2.167217964951813,2,1,1,1,1,0,0,1293.0,0
CCATGTCTCACCAGGC-JHA710A1,JHA710A1,A1,0.0,0,0,0,0,0,0,0,685.0,0
CCATGTCTCACCGGGT-JHA710A1,JHA710A1,A1,0.0,0,0,0,0,0,0,0,538.0,1
CCATGTCTCCAGAAGG-JHA710A1,JHA710A1,A1,6.193316547761431,2,1,1,1,1,0,0,737.0,0
CCATTCGAGTCCGTAT-JHA710A1,JHA710A1,A1,3.021948115684884,0,1,0,0,0,0,0,512.0,0
CCATTCGAGTGTTGAA-JHA710A1,JHA710A1,A1,0.0,0,0,0,0,0,0,0,502.0,0
CCATTCGCAGGCTCAC-JHA710A1,JHA710A1,A1,0.0,2,0,0,0,0,0,0,898.0,1
CCATTCGGTCAGAATA-JHA710A1,JHA710A1,A1,2.772823128372919,0,1,0,0,0,0,0,2666.0,0
CCATTCGGTGCAACGA-JHA710A1,JHA710A1,A1,0.0,0,0,0,0,0,0,0,516.0,0
CCATTCGTCTCGATGA-JHA710A1,JHA710A1,A1,0.0,3,0,0,0,0,0,0,515.0,0
CCCAATCAGGAGTACC-JHA710A1,JHA710A1,A1,7.739488187098287,1,1,1,0,0,0,1,810.0,0
CCCAATCCACAACGTT-JHA710A1,JHA710A1,A1,8.088092556064575,3,1,1,1,1,1,1,1733.0,0
CCCAGTTAGATGCCTT-JHA710A1,JHA710A1,A1,2.916825284344382,1,1,1,0,0,0,0,572.0,0
CCCAGTTAGTGCCAGA-JHA710A1,JHA710A1,A1,0.0,2,0,0,0,0,0,0,891.0,0
CCCAGTTCAGGAATGC-JHA710A1,JHA710A1,A1,3.1709893618269125,2,1,1,1,1,0,0,876.0,0
CCCAGTTGTGGTACAG-JHA710A1,JHA710A1,A1,0.0,1,0,0,0,0,0,0,813.0,1
CCCAGTTTCACGAAGG-JHA710A1,JHA710A1,A1,2.9069577829535476,2,1,1,1,1,0,0,578.0,0
CCCAGTTTCGTACGGC-JHA710A1,JHA710A1,A1,2.410412991357112,2,1,1,1,1,0,0,2959.0,1
CCCATACAGATCTGCT-JHA710A1,JHA710A1,A1,4.4317874109443185,2,1,1,1,1,0,0,1324.0,0
CCCATACAGTGCCAGA-JHA710A1,JHA710A1,A1,0.0,4,0,0,0,0,0,0,1204.0,0
CCCATACCAAGTTGTC-JHA710A1,JHA710A1,A1,2.970778214081157,2,1,1,1,1,0,0,1621.0,0
CCCATACTCATGTGGT-JHA710A1,JHA710A1,A1,0.0,1,0,0,0,0,0,0,967.0,0
CCCATACTCGTTTAGG-JHA710A1,JHA710A1,A1,0.0,2,0,0,0,0,0,0,1589.0,0
CCCTCCTAGAAGGACA-JHA710A1,JHA710A1,A1,5.401867095455683,2,1,1,1,1,0,0,634.0,0
CCCTCCTAGCGATATA-JHA710A1,JHA710A1,A1,0.0,2,0,0,0,0,0,0,1640.0,0
CCCTCCTAGCGCTTAT-JHA710A1,JHA710A1,A1,0.0,2,0,0,0,0,0,0,2550.0,0
CCCTCCTAGGCATGTG-JHA710A1,JHA710A1,A1,0.0,2,0,0,0,0,0,0,1652.0,0
CCCTCCTCATGCCTTC-JHA710A1,JHA710A1,A1,0.0,1,0,0,0,0,0,0,900.0,0
CCCTCCTGTTCGTTGA-JHA710A1,JHA710A1,A1,0.0,2,0,0,0,0,0,0,771.0,0
CCCTCCTTCCGTTGTC-JHA710A1,JHA710A1,A1,6.857992397184662,2,1,1,1,1,0,0,989.0,0
CCCTCCTTCCTGCCAT-JHA710A1,JHA710A1,A1,0.0,0,0,0,0,0,0,0,528.0,0
CCGGGATCAAGCGATG-JHA710A1,JHA710A1,A1,0.0,2,0,0,0,0,0,0,448.0,0
CCGGGATCAAGTACCT-JHA710A1,JHA710A1,A1,2.4572235330968035,1,1,1,0,0,0,0,937.0,0
CCGGGATCAGCATGAG-JHA710A1,JHA710A1,A1,0.0,1,0,0,0,0,0,0,714.0,0
CCGGGATGTAGCGCTC-JHA710A1,JHA710A1,A1,4.103036833466031,0,1,0,0,0,0,0,504.0,0
CCGGGATGTCCATCCT-JHA710A1,JHA710A1,A1,0.0,2,0,0,0,0,0,0,443.0,0
CCGGGATGTCGCGAAA-JHA710A1,JHA710A1,A1,0.0,2,0,0,0,0,0,0,1374.0,0
CCGGGATGTCTAAACC-JHA710A1,JHA710A1,A1,0.0,1,0,0,0,0,0,0,474.0,0
CCGGGATGTCTAGTCA-JHA710A1,JHA710A1,A1,0.0,2,0,0,0,0,0,0,522.0,1
CCGGGATTCCATGCTC-JHA710A1,JHA710A1,A1,6.410791913848485,2,1,1,1,1,0,0,922.0,0
CCGGGATTCCCACTTG-JHA710A1,JHA710A1,A1,0.0,2,0,0,0,0,0,0,1000.0,0
CCGGGATTCCGCAGTG-JHA710A1,JHA710A1,A1,3.8280476365392695,3,1,1,1,1,1,0,3113.0,0
CCGGGATTCTCATTCA-JHA710A1,JHA710A1,A1,0.0,1,0,0,0,0,0,0,881.0,0
CCGGTAGAGGCTCTTA-JHA710A1,JHA710A1,A1,0.0,2,0,0,0,0,0,0,1178.0,0
CCGGTAGAGTGTCCCG-JHA710A1,JHA710A1,A1,0.0,1,0,0,0,0,0,0,515.0,0
CCGGTAGCAGATCTGT-JHA710A1,JHA710A1,A1,7.1846228083447725,2,1,1,1,1,0,0,478.0,0
CCGGTAGGTCACTGGC-JHA710A1,JHA710A1,A1,0.0,3,0,0,0,0,0,0,1203.0,0
CCGTACTAGCAGGCTA-JHA710A1,JHA710A1,A1,2.205085269889125,1,1,1,0,0,0,0,1239.0,1
CCGTACTAGGTGCAAC-JHA710A1,JHA710A1,A1,0.0,2,0,0,0,0,0,0,698.0,0
CCGTACTAGTACGTAA-JHA710A1,JHA710A1,A1,0.0,1,0,0,0,0,0,0,500.0,0
CCGTACTCACTTCGAA-JHA710A1,JHA710A1,A1,6.809296867221036,2,1,1,1,1,0,0,707.0,0
CCGTACTCAGCCAGAA-JHA710A1,JHA710A1,A1,0.0,2,0,0,0,0,0,0,973.0,0
CCGTACTGTAATCGTC-JHA710A1,JHA710A1,A1,0.0,0,0,0,0,0,0,0,505.0,0
CCGTACTGTTGGTGGA-JHA710A1,JHA710A1,A1,0.0,3,0,0,0,0,0,0,1332.0,0
CCGTACTTCACTGGGC-JHA710A1,JHA710A1,A1,3.103536609160478,0,1,0,0,0,0,0,470.0,1
CCGTACTTCCGAATGT-JHA710A1,JHA710A1,A1,0.0,1,0,0,0,0,0,0,491.0,0
CCGTACTTCGCATGAT-JHA710A1,JHA710A1,A1,0.0,1,0,0,0,0,0,0,573.0,1
CCGTACTTCTGCTGTC-JHA710A1,JHA710A1,A1,0.0,1,0,0,0,0,0,0,1774.0,1
CCGTGGAAGGGTCGAT-JHA710A1,JHA710A1,A1,0.0,0,0,0,0,0,0,0,510.0,0
CCGTGGAAGTTCGCGC-JHA710A1,JHA710A1,A1,3.0163911874730642,2,1,1,1,1,0,0,515.0,0
CCGTGGAGTAGAGGAA-JHA710A1,JHA710A1,A1,4.648275574101904,3,1,1,1,1,1,0,3965.0,0
CCGTTCAAGCCGGTAA-JHA710A1,JHA710A1,A1,7.9978541921346356,3,1,1,1,1,1,1,908.0,0
CCGTTCAAGCGAAGGG-JHA710A1,JHA710A1,A1,0.0,2,0,0,0,0,0,0,1673.0,0
CCGTTCAAGTCATCCA-JHA710A1,JHA710A1,A1,0.0,1,0,0,0,0,0,0,831.0,1
CCGTTCAGTGCCTTGG-JHA710A1,JHA710A1,A1,0.0,1,0,0,0,0,0,0,1677.0,0
CCGTTCATCCGAAGAG-JHA710A1,JHA710A1,A1,0.0,2,0,0,0,0,0,0,1810.0,0
CCGTTCATCCTACAGA-JHA710A1,JHA710A1,A1,2.4513889787849856,2,1,1,1,1,0,0,943.0,0
CCTAAAGAGAAACCAT-JHA710A1,JHA710A1,A1,0.0,0,0,0,0,0,0,0,479.0,0
CCTAAAGCAGCGATCC-JHA710A1,JHA710A1,A1,0.0,1,0,0,0,0,0,0,489.0,0
CCTAAAGCAGCTATTG-JHA710A1,JHA710A1,A1,2.2269234554063027,1,1,1,0,0,0,0,1209.0,1
CCTAAAGCATGTCCTC-JHA710A1,JHA710A1,A1,2.712354099961389,0,1,0,0,0,0,0,711.0,0
CCTAAAGGTAAACACA-JHA710A1,JHA710A1,A1,0.0,1,0,0,0,0,0,0,839.0,0
CCTAAAGGTAGCCTCG-JHA710A1,JHA710A1,A1,0.0,1,0,0,0,0,0,0,1340.0,0
CCTAAAGTCCTTGGTC-JHA710A1,JHA710A1,A1,8.020348416330565,3,1,1,1,1,1,1,970.0,0
CCTAAAGTCGGAGGTA-JHA710A1,JHA710A1,A1,2.636924242787441,3,1,1,1,1,1,0,1542.0,0
CCTACACAGGTACTCT-JHA710A1,JHA710A1,A1,0.0,2,0,0,0,0,0,0,536.0,0
CCTACACCACCAGCAC-JHA710A1,JHA710A1,A1,3.0369351479112634,2,1,1,1,1,0,0,504.0,0
CCTACACGTCTGCCAG-JHA710A1,JHA710A1,A1,2.9626212982496307,3,1,1,1,1,1,0,1090.0,0
CCTACACTCGGCTTGG-JHA710A1,JHA710A1,A1,2.61316976459608,1,1,1,0,0,0,0,791.0,0
CCTACCAAGACTGGGT-JHA710A1,JHA710A1,A1,2.9385843826514155,1,1,1,0,0,0,0,559.0,0
CCTACCAAGTACGCCC-JHA710A1,JHA710A1,A1,2.195094083853929,2,1,1,1,1,0,0,1253.0,0
CCTACCAAGTGTACGG-JHA710A1,JHA710A1,A1,0.0,0,0,0,0,0,0,0,836.0,1
CCTACCACAGGGATTG-JHA710A1,JHA710A1,A1,0.0,2,0,0,0,0,0,0,1105.0,0
CCTACCAGTGTTAAGA-JHA710A1,JHA710A1,A1,3.2078064814398153,2,1,1,1,1,0,0,843.0,0
CCTACCAGTTGTCGCG-JHA710A1,JHA710A1,A1,0.0,1,0,0,0,0,0,0,778.0,1
CCTAGCTAGATAGGAG-JHA710A1,JHA710A1,A1,2.8971977229665646,1,1,1,0,0,0,0,584.0,0
CCTAGCTAGGGATCTG-JHA710A1,JHA710A1,A1,2.434124388245431,3,1,1,1,1,1,0,1922.0,0
CCTAGCTCACATGACT-JHA710A1,JHA710A1,A1,2.335314702964585,2,1,1,1,1,0,0,2143.0,0
CCTAGCTCATCTCGCT-JHA710A1,JHA710A1,A1,0.0,1,0,0,0,0,0,0,518.0,0
CCTAGCTGTACATCCA-JHA710A1,JHA710A1,A1,0.0,1,0,0,0,0,0,0,641.0,0
CCTAGCTGTGAGTGAC-JHA710A1,JHA710A1,A1,0.0,0,0,0,0,0,0,0,488.0,0
CCTAGCTGTGGTAACG-JHA710A1,JHA710A1,A1,6.058994616140586,2,1,1,1,1,0,0,1054.0,0
CCTAGCTTCAGCCTAA-JHA710A1,JHA710A1,A1,0.0,3,0,0,0,0,0,0,920.0,0
CCTAGCTTCCCTCTTT-JHA710A1,JHA710A1,A1,0.0,0,0,0,0,0,0,0,508.0,1
CCTATTACACATTAGC-JHA710A1,JHA710A1,A1,1.618458592160031,2,1,1,1,1,0,0,2472.0,0
CCTATTAGTAAAGGAG-JHA710A1,JHA710A1,A1,0.0,0,0,0,0,0,0,0,464.0,1
CCTATTAGTAATCGTC-JHA710A1,JHA710A1,A1,3.1579583673867946,1,1,1,0,0,0,0,444.0,1
CCTATTAGTCTACCTC-JHA710A1,JHA710A1,A1,0.0,1,0,0,0,0,0,0,885.0,0
CCTATTAGTCTGATCA-JHA710A1,JHA710A1,A1,2.106596559876401,2,1,1,1,1,0,0,1385.0,0
CCTCAGTAGGGTTTCT-JHA710A1,JHA710A1,A1,0.0,0,0,0,0,0,0,0,606.0,0
CCTCAGTGTTGTCGCG-JHA710A1,JHA710A1,A1,0.0,1,0,0,0,0,0,0,515.0,0
CCTCAGTTCGGCTACG-JHA710A1,JHA710A1,A1,3.1731792687244615,3,1,1,1,1,1,0,874.0,0
CCTCTGAAGACGCAAC-JHA710A1,JHA710A1,A1,0.0,0,0,0,0,0,0,0,1593.0,0
CCTCTGAAGAGCTGGT-JHA710A1,JHA710A1,A1,0.0,2,0,0,0,0,0,0,3718.0,0
CCTCTGAAGTGATCGG-JHA710A1,JHA710A1,A1,0.0,2,0,0,0,0,0,0,1251.0,0
CCTTACGAGCTCTCGG-JHA710A1,JHA710A1,A1,2.2562278642714446,2,1,1,1,1,0,0,1170.0,0
CCTTACGAGTGCCAGA-JHA710A1,JHA710A1,A1,0.0,0,0,0,0,0,0,0,440.0,0
CCTTACGCACAGGTTT-JHA710A1,JHA710A1,A1,0.0,2,0,0,0,0,0,0,1878.0,0
CCTTACGCACGAGAGT-JHA710A1,JHA710A1,A1,7.847945010714934,2,1,1,1,1,0,1,1051.0,0
CCTTACGCATGGATGG-JHA710A1,JHA710A1,A1,4.872366064231723,3,1,1,1,1,1,0,540.0,0
CCTTACGGTAAATGAC-JHA710A1,JHA710A1,A1,0.0,0,0,0,0,0,0,0,500.0,1
CCTTACGGTCTAGCGC-JHA710A1,JHA710A1,A1,0.0,1,0,0,0,0,0,0,818.0,0
CCTTACGGTTACTGAC-JHA710A1,JHA710A1,A1,2.3306914883605443,3,1,1,1,1,1,0,1077.0,0
CCTTACGGTTGGGACA-JHA710A1,JHA710A1,A1,7.498528859532629,3,1,1,1,1,1,0,593.0,0
CCTTACGTCAAACAAG-JHA710A1,JHA710A1,A1,2.2166583873290833,2,1,1,1,1,0,0,1223.0,0
CCTTACGTCAAACCAC-JHA710A1,JHA710A1,A1,2.470500911126853,2,1,1,1,1,0,0,1847.0,0
CCTTACGTCCTTCAAT-JHA710A1,JHA710A1,A1,4.834217275002496,2,1,1,1,1,0,0,481.0,0
CCTTCCCAGCCAGTTT-JHA710A1,JHA710A1,A1,0.0,0,0,0,0,0,0,0,714.0,0
CCTTCCCAGCGACGTA-JHA710A1,JHA710A1,A1,0.0,1,0,0,0,0,0,0,612.0,0
CCTTCCCCAACTGCGC-JHA710A1,JHA710A1,A1,0.0,2,0,0,0,0,0,0,784.0,0
CCTTCCCGTATTACCG-JHA710A1,JHA710A1,A1,6.998281305681508,3,1,1,1,1,1,0,512.0,0
CCTTCCCGTCACTTCC-JHA710A1,JHA710A1,A1,0.0,0,0,0,0,0,0,0,573.0,0
CCTTCCCGTCCAACTA-JHA710A1,JHA710A1,A1,2.172715691922316,2,1,1,1,1,0,0,1285.0,0
CCTTCCCGTTAAAGTG-JHA710A1,JHA710A1,A1,3.1055710198730755,1,1,1,0,0,0,0,469.0,0
CCTTCCCGTTCCAACA-JHA710A1,JHA710A1,A1,0.0,1,0,0,0,0,0,0,669.0,0
CCTTCCCTCAGGATCT-JHA710A1,JHA710A1,A1,1.9401041218163313,2,1,1,1,1,0,0,3356.0,0
CCTTCCCTCTTCATGT-JHA710A1,JHA710A1,A1,2.7149842618687474,2,1,1,1,1,0,0,1418.0,0
CCTTCGAAGAGTTGGC-JHA710A1,JHA710A1,A1,0.0,2,0,0,0,0,0,0,820.0,0
CCTTCGAAGGCCCTCA-JHA710A1,JHA710A1,A1,8.24278574488313,2,1,1,1,1,0,1,2927.0,0
CCTTCGACAAAGCGGT-JHA710A1,JHA710A1,A1,1.3537486210852498,2,1,1,1,1,0,0,3482.0,0
CCTTCGACAATGAAAC-JHA710A1,JHA710A1,A1,2.2324769217104605,1,1,1,0,0,0,0,2403.0,0
CCTTCGACACTGCCAG-JHA710A1,JHA710A1,A1,7.703747729311346,3,1,1,1,1,1,1,844.0,0
CCTTCGAGTCACCTAA-JHA710A1,JHA710A1,A1,1.8921782169751025,2,1,1,1,1,0,0,1775.0,0
CCTTTCTAGATAGGAG-JHA710A1,JHA710A1,A1,7.790888481104771,3,1,1,1,1,1,1,939.0,0
CCTTTCTAGCGTAGTG-JHA710A1,JHA710A1,A1,0.0,1,0,0,0,0,0,0,635.0,0
CCTTTCTAGTCAAGGC-JHA710A1,JHA710A1,A1,7.624513329079348,1,1,1,0,0,0,1,513.0,0
CCTTTCTAGTCATGCT-JHA710A1,JHA710A1,A1,0.0,0,0,0,0,0,0,0,650.0,1
CCTTTCTCATTGGGCC-JHA710A1,JHA710A1,A1,7.3229495921997385,2,1,1,1,1,0,0,1427.0,0
CCTTTCTGTCTACCTC-JHA710A1,JHA710A1,A1,0.0,1,0,0,0,0,0,0,718.0,0
CCTTTCTGTGCAACTT-JHA710A1,JHA710A1,A1,0.0,2,0,0,0,0,0,0,1054.0,0
CCTTTCTGTGCAGTAG-JHA710A1,JHA710A1,A1,0.0,2,0,0,0,0,0,0,625.0,0
CCTTTCTTCATGGTCA-JHA710A1,JHA710A1,A1,2.4951432864176915,1,1,1,0,0,0,0,899.0,0
CGAACATAGCTTCGCG-JHA710A1,JHA710A1,A1,4.4364254941189705,3,1,1,1,1,1,0,1198.0,0
CGAACATAGTGAATTG-JHA710A1,JHA710A1,A1,0.0,1,0,0,0,0,0,0,574.0,0
CGAACATAGTGATCGG-JHA710A1,JHA710A1,A1,0.0,2,0,0,0,0,0,0,706.0,0
CGAACATAGTGTTGAA-JHA710A1,JHA710A1,A1,0.0,0,0,0,0,0,0,0,457.0,0
CGAACATAGTTACGGG-JHA710A1,JHA710A1,A1,2.127808962236969,2,1,1,1,1,0,0,1352.0,0
CGAACATCACTGAAGG-JHA710A1,JHA710A1,A1,2.0089892916982186,1,1,1,0,0,0,0,1549.0,0
CGAACATCATTGAGCT-JHA710A1,JHA710A1,A1,0.0,1,0,0,0,0,0,0,1197.0,0
CGAACATGTCTAGTGT-JHA710A1,JHA710A1,A1,2.526326854297795,2,1,1,1,1,0,0,869.0,0
CGAACATTCGTCCAGG-JHA710A1,JHA710A1,A1,3.559046722509492,0,1,0,0,0,0,0,586.0,0
CGAACATTCGTTTGCC-JHA710A1,JHA710A1,A1,7.468534586565025,2,1,1,1,1,0,0,1205.0,0
CGAATGTAGAAACCTA-JHA710A1,JHA710A1,A1,0.0,1,0,0,0,0,0,0,923.0,0
CGAATGTAGATGCCTT-JHA710A1,JHA710A1,A1,0.0,1,0,0,0,0,0,0,714.0,0
CGAATGTAGGACTGGT-JHA710A1,JHA710A1,A1,0.0,2,0,0,0,0,0,0,1706.0,0
CGAATGTAGTGACTCT-JHA710A1,JHA710A1,A1,0.0,2,0,0,0,0,0,0,901.0,0
CGAATGTCAAGTAGTA-JHA710A1,JHA710A1,A1,0.0,2,0,0,0,0,0,0,856.0,0
CGAATGTTCTGGGCCA-JHA710A1,JHA710A1,A1,0.0,2,0,0,0,0,0,0,2985.0,0
CGACCTTAGATGTTAG-JHA710A1,JHA710A1,A1,2.5597956556439763,1,1,1,0,0,0,0,838.0,0
CGACCTTAGGTGACCA-JHA710A1,JHA710A1,A1,0.0,0,0,0,0,0,0,0,442.0,0
CGACCTTCAATAACGA-JHA710A1,JHA710A1,A1,0.0,2,0,0,0,0,0,0,546.0,1
CGACCTTCAATCGGTT-JHA710A1,JHA710A1,A1,7.726744700268517,2,1,1,1,1,0,1,494.0,0
CGACCTTCAATGGAAT-JHA710A1,JHA710A1,A1,0.0,0,0,0,0,0,0,0,472.0,0
CGACCTTCACTTGGAT-JHA710A1,JHA710A1,A1,0.0,1,0,0,0,0,0,0,605.0,0
CGACCTTCAGATGAGC-JHA710A1,JHA710A1,A1,0.0,2,0,0,0,0,0,0,1233.0,0
CGACCTTCATGCTAGT-JHA710A1,JHA710A1,A1,7.203829581143206,3,1,1,1,1,1,0,1042.0,0
CGACCTTGTAGCGATG-JHA710A1,JHA710A1,A1,5.895779296973574,2,1,1,1,1,0,0,800.0,0
CGACCTTGTCAAGCGA-JHA710A1,JHA710A1,A1,2.9855300312745556,1,1,1,0,0,0,0,532.0,0
CGACCTTTCACAAACC-JHA710A1,JHA710A1,A1,1.9571365191189691,2,1,1,1,1,0,0,1645.0,0
CGACCTTTCAGGTTCA-JHA710A1,JHA710A1,A1,2.704510704113377,0,1,0,0,0,0,0,717.0,1
CGACCTTTCATGTCTT-JHA710A1,JHA710A1,A1,6.942394914371391,2,1,1,1,1,0,0,1460.0,1
CGACCTTTCGTACCGG-JHA710A1,JHA710A1,A1,0.0,0,0,0,0,0,0,0,459.0,0
CGACCTTTCTCCAGGG-JHA710A1,JHA710A1,A1,0.0,2,0,0,0,0,0,0,955.0,0
CGACTTCAGCCCAACC-JHA710A1,JHA710A1,A1,1.1107581869702179,3,1,1,1,1,1,0,4910.0,1
CGACTTCCAGATCCAT-JHA710A1,JHA710A1,A1,2.623778615466303,2,1,1,1,1,0,0,782.0,0
CGACTTCCAGTATGCT-JHA710A1,JHA710A1,A1,7.602551846541375,2,1,1,1,1,0,1,869.0,0
CGACTTCCATCGGGTC-JHA710A1,JHA710A1,A1,0.0,2,0,0,0,0,0,0,2335.0,0
CGACTTCGTCTAAAGA-JHA710A1,JHA710A1,A1,0.0,2,0,0,0,0,0,0,871.0,0
CGACTTCGTCTGGAGA-JHA710A1,JHA710A1,A1,7.933700954217399,3,1,1,1,1,1,1,710.0,0
CGACTTCGTCTTCTCG-JHA710A1,JHA710A1,A1,6.449284885550075,1,1,1,0,0,0,0,1600.0,0
CGACTTCGTTTAAGCC-JHA710A1,JHA710A1,A1,0.0,2,0,0,0,0,0,0,950.0,0
CGACTTCTCTTTAGGG-JHA710A1,JHA710A1,A1,3.009950862904502,2,1,1,1,1,0,0,1037.0,0
CGAGAAGAGATAGTCA-JHA710A1,JHA710A1,A1,0.0,2,0,0,0,0,0,0,1525.0,0
CGAGAAGAGCGATTCT-JHA710A1,JHA710A1,A1,0.0,2,0,0,0,0,0,0,2255.0,0
CGAGAAGTCGAGAGCA-JHA710A1,JHA710A1,A1,2.9110560559586918,3,1,1,1,1,1,0,1151.0,0
CGAGAAGTCTCTGCTG-JHA710A1,JHA710A1,A1,0.0,2,0,0,0,0,0,0,1386.0,0
CGAGCACAGATAGTCA-JHA710A1,JHA710A1,A1,0.0,2,0,0,0,0,0,0,1131.0,0
CGAGCACAGTACGTAA-JHA710A1,JHA710A1,A1,7.719906195062577,3,1,1,1,1,1,1,715.0,0
CGAGCACAGTCTCGGC-JHA710A1,JHA710A1,A1,3.1772076918021526,3,1,1,1,1,1,0,5222.0,0
CGAGCACCAATACGCT-JHA710A1,JHA710A1,A1,2.0724728723637424,3,1,1,1,1,1,0,2880.0,0
CGAGCACCAGCTGGCT-JHA710A1,JHA710A1,A1,7.1662209232607985,2,1,1,1,1,0,0,1337.0,0
CGAGCACCATCCAACA-JHA710A1,JHA710A1,A1,3.132438445789672,0,1,0,0,0,0,0,456.0,0
CGAGCACGTAAGTGTA-JHA710A1,JHA710A1,A1,0.0,0,0,0,0,0,0,0,505.0,1
CGAGCACGTGTTGAGG-JHA710A1,JHA710A1,A1,0.0,2,0,0,0,0,0,0,1147.0,0
CGAGCACTCAAGAAGT-JHA710A1,JHA710A1,A1,0.0,2,0,0,0,0,0,0,843.0,0
CGAGCACTCACTCCTG-JHA710A1,JHA710A1,A1,2.8468706124785235,1,1,1,0,0,0,0,616.0,0
CGAGCCAAGCAGGTCA-JHA710A1,JHA710A1,A1,2.7316040709166076,1,1,1,0,0,0,0,1393.0,1
CGAGCCAAGTACGCGA-JHA710A1,JHA710A1,A1,0.0,0,0,0,0,0,0,0,521.0,0
CGAGCCAGTGTGACGA-JHA710A1,JHA710A1,A1,6.4094046541735334,2,1,1,1,1,0,0,643.0,0
CGAGCCATCAGCGATT-JHA710A1,JHA710A1,A1,2.82124722950691,2,1,1,1,1,0,0,1266.0,0
CGATCGGAGCCAGGAT-JHA710A1,JHA710A1,A1,3.1942475376942854,2,1,1,1,1,0,0,855.0,0
CGATCGGAGGTGCTTT-JHA710A1,JHA710A1,A1,7.44174165994281,2,1,1,1,1,0,0,657.0,0
CGATCGGAGTCAATAG-JHA710A1,JHA710A1,A1,0.0,2,0,0,0,0,0,0,659.0,0
CGATCGGCAGCTGCAC-JHA710A1,JHA710A1,A1,1.7963575628536814,2,1,1,1,1,0,0,1989.0,0
CGATCGGGTTAAAGAC-JHA710A1,JHA710A1,A1,7.551580071314118,1,1,1,0,0,0,1,473.0,0
CGATCGGGTTATGCGT-JHA710A1,JHA710A1,A1,1.6895349812285765,2,1,1,1,1,0,0,4528.0,0
CGATCGGGTTGATTGC-JHA710A1,JHA710A1,A1,7.889803383487097,2,1,1,1,1,0,1,592.0,0
CGATCGGGTTGTGGAG-JHA710A1,JHA710A1,A1,2.301056521910102,2,1,1,1,1,0,0,1113.0,0
CGATCGGTCCCTCAGT-JHA710A1,JHA710A1,A1,3.3305666659822992,1,1,1,0,0,0,0,742.0,0
CGATGGCCAATCTGCA-JHA710A1,JHA710A1,A1,0.0,1,0,0,0,0,0,0,599.0,0
CGATGGCCAGGAATGC-JHA710A1,JHA710A1,A1,0.0,1,0,0,0,0,0,0,649.0,0
CGATGGCCAGGGAGAG-JHA710A1,JHA710A1,A1,5.490684653085774,2,1,1,1,1,0,0,787.0,0
CGATGGCGTGACAAAT-JHA710A1,JHA710A1,A1,7.484135128391357,2,1,1,1,1,0,0,551.0,0
CGATGGCTCGTAGGTT-JHA710A1,JHA710A1,A1,2.226185877475419,2,1,1,1,1,0,0,1210.0,0
CGATGTAAGGCATTGG-JHA710A1,JHA710A1,A1,0.0,2,0,0,0,0,0,0,709.0,0
CGATGTACACAAGACG-JHA710A1,JHA710A1,A1,0.0,2,0,0,0,0,0,0,632.0,0
CGATGTAGTAGCGTGA-JHA710A1,JHA710A1,A1,2.5798472121421736,0,1,0,0,0,0,0,820.0,0
CGATGTAGTATGCTTG-JHA710A1,JHA710A1,A1,1.3830034082618987,2,1,1,1,1,0,0,3348.0,0
CGATGTAGTCAATACC-JHA710A1,JHA710A1,A1,0.0,2,0,0,0,0,0,0,1508.0,0
CGATGTAGTCGCATAT-JHA710A1,JHA710A1,A1,2.0990230825987735,1,1,1,0,0,0,0,2794.0,0
CGATGTAGTGAGGGAG-JHA710A1,JHA710A1,A1,3.160117406434413,1,1,1,0,0,0,0,886.0,0
CGATGTATCCAAAGTC-JHA710A1,JHA710A1,A1,2.283460649775965,2,1,1,1,1,0,0,3405.0,0
CGATGTATCCTGCAGG-JHA710A1,JHA710A1,A1,7.790129514498596,3,1,1,1,1,1,1,563.0,0
CGATTGAAGTCCCACG-JHA710A1,JHA710A1,A1,7.072155495600294,2,1,1,1,1,0,0,484.0,0
CGATTGACAATCGGTT-JHA710A1,JHA710A1,A1,0.0,1,0,0,0,0,0,0,790.0,0
CGATTGACACTCGACG-JHA710A1,JHA710A1,A1,0.0,1,0,0,0,0,0,0,666.0,0
CGATTGAGTAATCACC-JHA710A1,JHA710A1,A1,0.0,2,0,0,0,0,0,0,794.0,0
CGATTGAGTAGCGTCC-JHA710A1,JHA710A1,A1,0.0,2,0,0,0,0,0,0,2523.0,0
CGATTGATCTCTGTCG-JHA710A1,JHA710A1,A1,3.0035559944081136,1,1,1,0,0,0,0,522.0,0
CGCCAAGAGGAGCGAG-JHA710A1,JHA710A1,A1,1.971896961936368,2,1,1,1,1,0,0,1617.0,0
CGCCAAGAGGCTCAGA-JHA710A1,JHA710A1,A1,0.0,2,0,0,0,0,0,0,1924.0,0
CGCCAAGCATGAAGTA-JHA710A1,JHA710A1,A1,6.5055423460590305,2,1,1,1,1,0,0,569.0,0
CGCCAAGCATGTAAGA-JHA710A1,JHA710A1,A1,3.7971279523952814,2,1,1,1,1,0,0,459.0,0
CGCCAAGGTAGCGTAG-JHA710A1,JHA710A1,A1,0.0,2,0,0,0,0,0,0,588.0,0
CGCCAAGGTGGGTCAA-JHA710A1,JHA710A1,A1,6.5776709434533345,1,1,1,0,0,0,0,599.0,0
CGCCAAGGTGTGGCTC-JHA710A1,JHA710A1,A1,0.0,2,0,0,0,0,0,0,804.0,0
CGCCAAGTCATTATCC-JHA710A1,JHA710A1,A1,8.262749781681276,2,1,1,1,1,0,1,1014.0,0
CGCCAAGTCCTGCTTG-JHA710A1,JHA710A1,A1,0.0,1,0,0,0,0,0,0,1240.0,0
CGCGGTAAGTCTCAAC-JHA710A1,JHA710A1,A1,0.0,2,0,0,0,0,0,0,902.0,0
CGCGGTACACGGCTAC-JHA710A1,JHA710A1,A1,1.7197175650034138,2,1,1,1,1,0,0,2182.0,0
CGCGGTAGTTCCATGA-JHA710A1,JHA710A1,A1,2.686478568177349,2,1,1,1,1,0,0,731.0,0
CGCGGTATCCCTTGCA-JHA710A1,JHA710A1,A1,1.6996938709958043,2,1,1,1,1,0,0,2236.0,0
CGCGGTATCGTGGGAA-JHA710A1,JHA710A1,A1,0.0,2,0,0,0,0,0,0,580.0,0
CGCGTTTAGGACAGCT-JHA710A1,JHA710A1,A1,2.83170873591079,2,1,1,1,1,0,0,1252.0,1
CGCGTTTAGTACTTGC-JHA710A1,JHA710A1,A1,2.881163762741827,1,1,1,0,0,0,0,594.0,0
CGCGTTTAGTGTTGAA-JHA710A1,JHA710A1,A1,2.1129642337184795,0,1,0,0,0,0,0,1375.0,0
CGCGTTTCAGGACCCT-JHA710A1,JHA710A1,A1,0.0,1,0,0,0,0,0,0,492.0,1
CGCGTTTCAGGCAGTA-JHA710A1,JHA710A1,A1,8.298498987432279,3,1,1,1,1,1,1,1663.0,0
CGCGTTTCATATGAGA-JHA710A1,JHA710A1,A1,0.0,2,0,0,0,0,0,0,1786.0,0
CGCGTTTCATGAAGTA-JHA710A1,JHA710A1,A1,2.9505226481200553,0,1,0,0,0,0,0,552.0,0
CGCGTTTGTCCGTTAA-JHA710A1,JHA710A1,A1,0.0,3,0,0,0,0,0,0,621.0,0
CGCGTTTGTCTAGCCG-JHA710A1,JHA710A1,A1,0.0,0,0,0,0,0,0,0,503.0,0
CGCGTTTGTGATAAGT-JHA710A1,JHA710A1,A1,4.151039905898646,2,1,1,1,1,0,0,640.0,0
CGCGTTTTCCTGTAGA-JHA710A1,JHA710A1,A1,0.0,1,0,0,0,0,0,0,644.0,0
CGCGTTTTCGAATGGG-JHA710A1,JHA710A1,A1,0.0,0,0,0,0,0,0,0,567.0,0
CGCGTTTTCGGCTTGG-JHA710A1,JHA710A1,A1,0.0,2,0,0,0,0,0,0,1646.0,0
CGCTATCAGACAGGCT-JHA710A1,JHA710A1,A1,3.337086931108504,1,1,1,0,0,0,0,737.0,0
CGCTATCAGACCTAGG-JHA710A1,JHA710A1,A1,2.978419082352315,1,1,1,0,0,0,0,536.0,0
CGCTATCAGACTTTCG-JHA710A1,JHA710A1,A1,4.298222932501187,2,1,1,1,1,0,0,689.0,0
CGCTATCAGATCCCAT-JHA710A1,JHA710A1,A1,1.4459065760915593,2,1,1,1,1,0,0,3081.0,0
CGCTGGAAGCTACCTA-JHA710A1,JHA710A1,A1,0.0,2,0,0,0,0,0,0,1611.0,0
CGCTGGAAGGCTACGA-JHA710A1,JHA710A1,A1,2.5418185169731644,2,1,1,1,1,0,0,1709.0,0
CGCTGGAAGGTGCACA-JHA710A1,JHA710A1,A1,6.7168885783544185,2,1,1,1,1,0,0,618.0,0
CGCTGGACAAGCTGAG-JHA710A1,JHA710A1,A1,2.4116443436466217,2,1,1,1,1,0,0,985.0,0
CGCTGGACAATACGCT-JHA710A1,JHA710A1,A1,2.3823593184037604,3,1,1,1,1,1,0,4069.0,1
CGCTGGACACACAGAG-JHA710A1,JHA710A1,A1,7.96434223854057,3,1,1,1,1,1,1,932.0,0
CGCTGGAGTACCATCA-JHA710A1,JHA710A1,A1,0.0,2,0,0,0,0,0,0,1705.0,0
CGCTGGAGTGCGAAAC-JHA710A1,JHA710A1,A1,0.0,1,0,0,0,0,0,0,521.0,0
CGCTGGAGTGCTAGCC-JHA710A1,JHA710A1,A1,0.0,1,0,0,0,0,0,0,841.0,1
CGCTGGATCCGTCATC-JHA710A1,JHA710A1,A1,0.0,3,0,0,0,0,0,0,3638.0,0
CGCTTCAAGGCTAGAC-JHA710A1,JHA710A1,A1,0.0,0,0,0,0,0,0,0,493.0,0
CGCTTCACAGGCGATA-JHA710A1,JHA710A1,A1,6.5476230210460145,2,1,1,1,1,0,0,1493.0,0
CGCTTCATCACTGGGC-JHA710A1,JHA710A1,A1,3.1579583673867946,1,1,1,0,0,0,0,444.0,0
CGCTTCATCTAACTGG-JHA710A1,JHA710A1,A1,0.0,1,0,0,0,0,0,0,529.0,0
CGCTTCATCTAAGCCA-JHA710A1,JHA710A1,A1,0.0,0,0,0,0,0,0,0,546.0,0
CGCTTCATCTCTGCTG-JHA710A1,JHA710A1,A1,1.6784598321556474,2,1,1,1,1,0,0,2295.0,0
CGCTTCATCTGTTTGT-JHA710A1,JHA710A1,A1,0.0,1,0,0,0,0,0,0,1819.0,0
CGGACACAGCCCAATT-JHA710A1,JHA710A1,A1,7.52108751939899,3,1,1,1,1,1,1,531.0,0
CGGACACAGCTGATAA-JHA710A1,JHA710A1,A1,0.0,1,0,0,0,0,0,0,1563.0,0
CGGACACAGGCGATAC-JHA710A1,JHA710A1,A1,2.9184804721126527,1,1,1,0,0,0,0,571.0,0
CGGACACAGTAACCCT-JHA710A1,JHA710A1,A1,2.039204269224438,2,1,1,1,1,0,0,1496.0,0
CGGACACAGTACACCT-JHA710A1,JHA710A1,A1,7.43304231114303,2,1,1,1,1,0,0,716.0,0
CGGACACAGTCCCACG-JHA710A1,JHA710A1,A1,6.043630958716232,3,1,1,1,1,1,0,666.0,0
CGGACACCATTGCGGC-JHA710A1,JHA710A1,A1,0.0,1,0,0,0,0,0,0,1095.0,0
CGGACACGTAGTACCT-JHA710A1,JHA710A1,A1,3.160117406434413,2,1,1,1,1,0,0,443.0,0
CGGACACTCTGGGCCA-JHA710A1,JHA710A1,A1,0.0,0,0,0,0,0,0,0,675.0,0
CGGACGTAGGAATTAC-JHA710A1,JHA710A1,A1,0.0,0,0,0,0,0,0,0,907.0,0
CGGACGTAGTCGAGTG-JHA710A1,JHA710A1,A1,0.0,0,0,0,0,0,0,0,1159.0,0
CGGACGTGTAAGGGCT-JHA710A1,JHA710A1,A1,6.5192701909086574,2,1,1,1,1,0,0,768.0,0
CGGACGTGTAGTGAAT-JHA710A1,JHA710A1,A1,0.0,3,0,0,0,0,0,0,465.0,0
CGGACGTGTCTAGAGG-JHA710A1,JHA710A1,A1,0.0,0,0,0,0,0,0,0,629.0,0
CGGACGTTCACATAGC-JHA710A1,JHA710A1,A1,0.0,3,0,0,0,0,0,0,988.0,0
CGGACTGAGATGTGGC-JHA710A1,JHA710A1,A1,2.3675466387640016,1,1,1,0,0,0,0,1034.0,0
CGGACTGAGCCACGTC-JHA710A1,JHA710A1,A1,0.0,1,0,0,0,0,0,0,455.0,0
CGGACTGAGTGAAGAG-JHA710A1,JHA710A1,A1,0.0,1,0,0,0,0,0,0,474.0,0
CGGACTGGTAAGAGGA-JHA710A1,JHA710A1,A1,0.0,0,0,0,0,0,0,0,450.0,0
CGGACTGGTAGAGCTG-JHA710A1,JHA710A1,A1,3.151511540223939,2,1,1,1,1,0,0,447.0,0
CGGACTGGTAGGCTGA-JHA710A1,JHA710A1,A1,0.0,2,0,0,0,0,0,0,1413.0,0
CGGACTGGTGAAAGAG-JHA710A1,JHA710A1,A1,1.6644288588604592,2,1,1,1,1,0,0,2335.0,0
CGGACTGGTGACCAAG-JHA710A1,JHA710A1,A1,7.704007731345449,1,1,1,0,0,0,1,740.0,0
CGGACTGGTTTACTCT-JHA710A1,JHA710A1,A1,0.0,3,0,0,0,0,0,0,2063.0,0
CGGACTGTCCGGGTGT-JHA710A1,JHA710A1,A1,0.0,1,0,0,0,0,0,0,736.0,0
CGGACTGTCTGGGCCA-JHA710A1,JHA710A1,A1,0.0,1,0,0,0,0,0,0,1405.0,0
CGGAGCTAGCGATCCC-JHA710A1,JHA710A1,A1,0.0,0,0,0,0,0,0,0,534.0,1
CGGAGCTAGGCATGTG-JHA710A1,JHA710A1,A1,3.1753744029075848,2,1,1,1,1,0,0,872.0,0
CGGAGCTAGTGTACTC-JHA710A1,JHA710A1,A1,0.0,2,0,0,0,0,0,0,970.0,0
CGGAGCTCAACTTGAC-JHA710A1,JHA710A1,A1,0.0,2,0,0,0,0,0,0,1253.0,0
CGGAGCTCACATCCGG-JHA710A1,JHA710A1,A1,0.0,0,0,0,0,0,0,0,818.0,0
CGGAGCTCATGTCTCC-JHA710A1,JHA710A1,A1,4.460089880877152,3,1,1,1,1,1,0,3392.0,1
CGGAGCTGTAACGTTC-JHA710A1,JHA710A1,A1,0.0,2,0,0,0,0,0,0,1939.0,0
CGGAGCTGTGACTACT-JHA710A1,JHA710A1,A1,2.1536379116236706,2,1,1,1,1,0,0,1313.0,0
CGGAGCTGTGTGGCTC-JHA710A1,JHA710A1,A1,0.0,0,0,0,0,0,0,0,486.0,0
CGGAGCTTCCCTAACC-JHA710A1,JHA710A1,A1,0.0,1,0,0,0,0,0,0,703.0,1
CGGAGCTTCTTTAGTC-JHA710A1,JHA710A1,A1,0.0,1,0,0,0,0,0,0,494.0,0
CGGAGTCAGAGACTTA-JHA710A1,JHA710A1,A1,0.0,2,0,0,0,0,0,0,1058.0,0
CGGAGTCAGTTCGCAT-JHA710A1,JHA710A1,A1,0.0,2,0,0,0,0,0,0,1324.0,0
CGGAGTCCACTATCTT-JHA710A1,JHA710A1,A1,6.087715453640092,2,1,1,1,1,0,0,751.0,0
CGGAGTCCATCTATGG-JHA710A1,JHA710A1,A1,2.148270382555784,2,1,1,1,1,0,0,1321.0,0
CGGAGTCGTCTAACGT-JHA710A1,JHA710A1,A1,8.096201358887242,3,1,1,1,1,1,1,573.0,0
CGGAGTCGTGCAACGA-JHA710A1,JHA710A1,A1,5.436513703737987,1,1,1,0,0,0,0,831.0,0
CGGAGTCTCATCTGCC-JHA710A1,JHA710A1,A1,0.0,2,0,0,0,0,0,0,449.0,0
CGGAGTCTCGTCCAGG-JHA710A1,JHA710A1,A1,0.0,2,0,0,0,0,0,0,841.0,0
CGGAGTCTCTATCCCG-JHA710A1,JHA710A1,A1,5.523191845246581,2,1,1,1,1,0,0,441.0,0
CGGCTAGAGAGTCGGT-JHA710A1,JHA710A1,A1,7.152002433737849,3,1,1,1,1,1,0,682.0,0
CGGCTAGAGCCCAACC-JHA710A1,JHA710A1,A1,0.0,1,0,0,0,0,0,0,514.0,1
CGGCTAGAGTCTTGCA-JHA710A1,JHA710A1,A1,1.9018098250742037,2,1,1,1,1,0,0,3510.0,0
CGGCTAGCACAAGCCC-JHA710A1,JHA710A1,A1,0.0,0,0,0,0,0,0,0,465.0,0
CGGCTAGCACCGATAT-JHA710A1,JHA710A1,A1,2.854549518701995,0,1,0,0,0,0,0,611.0,0
CGGCTAGGTGTTGAGG-JHA710A1,JHA710A1,A1,3.2461546717211958,1,1,1,0,0,0,0,810.0,0
CGGCTAGTCTAACTCT-JHA710A1,JHA710A1,A1,0.0,0,0,0,0,0,0,0,653.0,1
CGGGTCACACAACGTT-JHA710A1,JHA710A1,A1,0.0,1,0,0,0,0,0,0,552.0,0
CGGGTCACACTCGACG-JHA710A1,JHA710A1,A1,0.0,2,0,0,0,0,0,0,455.0,0
CGGGTCACAGGGAGAG-JHA710A1,JHA710A1,A1,0.0,2,0,0,0,0,0,0,517.0,0
CGGGTCACATTAGCCA-JHA710A1,JHA710A1,A1,2.837742508243165,2,1,1,1,1,0,0,622.0,0
CGGGTCAGTTAAAGAC-JHA710A1,JHA710A1,A1,0.0,3,0,0,0,0,0,0,1198.0,0
CGGGTCAGTTCGTGAT-JHA710A1,JHA710A1,A1,1.9592275371581502,2,1,1,1,1,0,0,1641.0,0
CGGGTCAGTTTGTGTG-JHA710A1,JHA710A1,A1,7.873270002197311,3,1,1,1,1,1,1,899.0,0
CGGGTCATCATCTGTT-JHA710A1,JHA710A1,A1,2.6447869365322667,1,1,1,0,0,0,0,1529.0,0
CGGGTCATCTATCCTA-JHA710A1,JHA710A1,A1,3.6476192794946525,0,1,0,0,0,0,0,535.0,0
CGGTTAAAGAATTCCC-JHA710A1,JHA710A1,A1,2.133694896035805,2,1,1,1,1,0,0,2686.0,0
CGGTTAAAGGCGCTCT-JHA710A1,JHA710A1,A1,2.7282548159047963,2,1,1,1,1,0,0,699.0,0
CGGTTAACAAAGGTGC-JHA710A1,JHA710A1,A1,1.6841537359148284,2,1,1,1,1,0,0,4558.0,0
CGGTTAAGTAGCTTGT-JHA710A1,JHA710A1,A1,5.672137590011008,2,1,1,1,1,0,0,725.0,0
CGTAGCGAGAATGTTG-JHA710A1,JHA710A1,A1,6.544176364411952,2,1,1,1,1,0,0,533.0,0
CGTAGCGAGATGCCAG-JHA710A1,JHA710A1,A1,2.727586496280667,2,1,1,1,1,0,0,1399.0,0
CGTAGCGAGTTACGGG-JHA710A1,JHA710A1,A1,0.0,1,0,0,0,0,0,0,611.0,0
CGTAGCGCAAAGGCGT-JHA710A1,JHA710A1,A1,0.0,3,0,0,0,0,0,0,514.0,0
CGTAGCGCATGCAATC-JHA710A1,JHA710A1,A1,2.6928759647180742,0,1,0,0,0,0,0,726.0,1
CGTAGGCAGAAGGCCT-JHA710A1,JHA710A1,A1,6.214365916632182,3,1,1,1,1,1,0,1784.0,0
CGTAGGCAGCAGCCTC-JHA710A1,JHA710A1,A1,0.0,1,0,0,0,0,0,0,1489.0,0
CGTAGGCAGCCCAACC-JHA710A1,JHA710A1,A1,7.714537195400677,3,1,1,1,1,1,1,509.0,0
CGTAGGCAGGAATTAC-JHA710A1,JHA710A1,A1,2.104063913520007,3,1,1,1,1,1,0,1389.0,0
CGTAGGCCAAGTACCT-JHA710A1,JHA710A1,A1,0.0,2,0,0,0,0,0,0,1004.0,0
CGTAGGCTCACCACCT-JHA710A1,JHA710A1,A1,0.0,1,0,0,0,0,0,0,438.0,1
CGTCACTAGCCCTAAT-JHA710A1,JHA710A1,A1,8.043968032836668,2,1,1,1,1,0,1,2036.0,0
CGTCACTAGCGATTCT-JHA710A1,JHA710A1,A1,2.708423614101321,2,1,1,1,1,0,0,714.0,0
CGTCACTAGGCATGGT-JHA710A1,JHA710A1,A1,0.0,2,0,0,0,0,0,0,1044.0,0
CGTCACTAGTTGAGTA-JHA710A1,JHA710A1,A1,0.0,1,0,0,0,0,0,0,580.0,0
CGTCACTCATCACCCT-JHA710A1,JHA710A1,A1,0.0,2,0,0,0,0,0,0,610.0,0
CGTCACTTCACAACGT-JHA710A1,JHA710A1,A1,0.0,2,0,0,0,0,0,0,460.0,0
CGTCAGGCAGTGGAGT-JHA710A1,JHA710A1,A1,0.0,0,0,0,0,0,0,0,538.0,0
CGTCAGGTCAGTTAGC-JHA710A1,JHA710A1,A1,0.0,1,0,0,0,0,0,0,713.0,1
CGTCAGGTCGAGCCCA-JHA710A1,JHA710A1,A1,7.688815419040525,2,1,1,1,1,0,1,3381.0,0
CGTCAGGTCGGAGCAA-JHA710A1,JHA710A1,A1,0.0,1,0,0,0,0,0,0,2250.0,0
CGTCCATCAACAACCT-JHA710A1,JHA710A1,A1,0.0,1,0,0,0,0,0,0,1035.0,0
CGTCCATCAGAGCCAA-JHA710A1,JHA710A1,A1,0.0,0,0,0,0,0,0,0,2153.0,1
CGTCCATGTAGAGCTG-JHA710A1,JHA710A1,A1,3.057954473115221,1,1,1,0,0,0,0,493.0,0
CGTCCATTCAGCCTAA-JHA710A1,JHA710A1,A1,2.4905630075605165,2,1,1,1,1,0,0,1807.0,0
CGTCCATTCAGTGTTG-JHA710A1,JHA710A1,A1,1.828080487918096,2,1,1,1,1,0,0,1915.0,0
CGTCCATTCCAGTATG-JHA710A1,JHA710A1,A1,1.736855661787214,2,1,1,1,1,0,0,2137.0,1
CGTCCATTCTGTCTAT-JHA710A1,JHA710A1,A1,2.6999676598885665,2,1,1,1,1,0,0,1441.0,0
CGTCTACAGACAGAGA-JHA710A1,JHA710A1,A1,0.0,3,0,0,0,0,0,0,1027.0,0
CGTCTACAGTACATGA-JHA710A1,JHA710A1,A1,0.0,2,0,0,0,0,0,0,613.0,0
CGTCTACAGTACGTTC-JHA710A1,JHA710A1,A1,2.032258176103537,2,1,1,1,1,0,0,1508.0,0
CGTCTACCAAGTCTGT-JHA710A1,JHA710A1,A1,5.953471338150587,3,1,1,1,1,1,0,729.0,1
CGTCTACGTTGTGGAG-JHA710A1,JHA710A1,A1,0.0,2,0,0,0,0,0,0,1200.0,1
CGTCTACTCGGTCTAA-JHA710A1,JHA710A1,A1,4.3710288804643405,3,1,1,1,1,1,0,3328.0,0
CGTCTACTCTCCCTGA-JHA710A1,JHA710A1,A1,7.458571516591342,3,1,1,1,1,1,0,796.0,0
CGTGAGCAGAACAATC-JHA710A1,JHA710A1,A1,6.841383193835029,1,1,1,0,0,0,0,460.0,0
CGTGAGCAGTGTTAGA-JHA710A1,JHA710A1,A1,0.0,3,0,0,0,0,0,0,2725.0,1
CGTGAGCCACAGACTT-JHA710A1,JHA710A1,A1,2.303485588327296,0,1,0,0,0,0,0,1110.0,0
CGTGAGCCACAGTCGC-JHA710A1,JHA710A1,A1,0.0,0,0,0,0,0,0,0,487.0,1
CGTGAGCCAGCAGTTT-JHA710A1,JHA710A1,A1,0.0,0,0,0,0,0,0,0,590.0,1
CGTGAGCGTAAGTTCC-JHA710A1,JHA710A1,A1,6.713576691620983,1,1,1,0,0,0,0,462.0,0
CGTGAGCGTACATGTC-JHA710A1,JHA710A1,A1,3.15365545697618,0,1,0,0,0,0,0,446.0,1
CGTGAGCGTAGCGTGA-JHA710A1,JHA710A1,A1,0.0,3,0,0,0,0,0,0,467.0,0
CGTGTAAGTACTCGCG-JHA710A1,JHA710A1,A1,7.512356357931319,2,1,1,1,1,0,0,962.0,0
CGTGTAAGTCACCTAA-JHA710A1,JHA710A1,A1,8.274754409310992,3,1,1,1,1,1,1,594.0,0
CGTGTAAGTCTAGTGT-JHA710A1,JHA710A1,A1,0.0,3,0,0,0,0,0,0,1434.0,0
CGTGTAATCCAACCAA-JHA710A1,JHA710A1,A1,0.0,1,0,0,0,0,0,0,782.0,0
CGTGTCTAGACGCTTT-JHA710A1,JHA710A1,A1,3.015468334666718,1,1,1,0,0,0,0,1031.0,0
CGTGTCTAGCCACGTC-JHA710A1,JHA710A1,A1,1.9940439978934954,1,1,1,0,0,0,0,1576.0,0
CGTGTCTAGGAGCGTT-JHA710A1,JHA710A1,A1,0.0,0,0,0,0,0,0,0,448.0,0
CGTGTCTCAGCATGAG-JHA710A1,JHA710A1,A1,2.9981103959589586,2,1,1,1,1,0,0,1050.0,0
CGTGTCTGTCTGCGGT-JHA710A1,JHA710A1,A1,6.012549467042366,2,1,1,1,1,0,0,638.0,1
CGTGTCTGTTGGTTTG-JHA710A1,JHA710A1,A1,2.5564988616883437,0,1,0,0,0,0,0,841.0,0
CGTGTCTTCTTGAGAC-JHA710A1,JHA710A1,A1,3.020092020405061,2,1,1,1,1,0,0,1026.0,0
CGTTAGAAGACTAGAT-JHA710A1,JHA710A1,A1,7.628350234377701,3,1,1,1,1,1,1,988.0,0
CGTTAGAAGATCACGG-JHA710A1,JHA710A1,A1,7.880451975952628,3,1,1,1,1,1,1,590.0,0
CGTTAGAAGGCAAAGA-JHA710A1,JHA710A1,A1,1.9184765875116407,2,1,1,1,1,0,0,1721.0,0
CGTTAGACAATGGAGC-JHA710A1,JHA710A1,A1,0.0,1,0,0,0,0,0,0,700.0,0
CGTTAGACACATGTGT-JHA710A1,JHA710A1,A1,1.7055667578592613,2,1,1,1,1,0,0,4440.0,0
CGTTAGACACTTGGAT-JHA710A1,JHA710A1,A1,0.0,1,0,0,0,0,0,0,1405.0,0
CGTTAGACATTCTTAC-JHA710A1,JHA710A1,A1,0.0,0,0,0,0,0,0,0,463.0,0
CGTTAGATCAACGCTA-JHA710A1,JHA710A1,A1,2.978419082352315,1,1,1,0,0,0,0,536.0,0
CGTTAGATCACCAGGC-JHA710A1,JHA710A1,A1,3.1579583673867946,2,1,1,1,1,0,0,444.0,0
CGTTAGATCCCACTTG-JHA710A1,JHA710A1,A1,2.4729827839424217,1,1,1,0,0,0,0,921.0,0
CGTTAGATCTTGACGA-JHA710A1,JHA710A1,A1,0.0,2,0,0,0,0,0,0,1192.0,1
CGTTCTGAGACAGAGA-JHA710A1,JHA710A1,A1,2.032258176103537,1,1,1,0,0,0,0,1508.0,0
CGTTCTGAGACTAGGC-JHA710A1,JHA710A1,A1,7.577639093080943,2,1,1,1,1,0,1,681.0,0
CGTTCTGCACCCTATC-JHA710A1,JHA710A1,A1,2.866975062198613,0,1,0,0,0,0,0,603.0,0
CGTTCTGCACTCAGGC-JHA710A1,JHA710A1,A1,0.0,0,0,0,0,0,0,0,535.0,0
CGTTCTGCAGTCAGAG-JHA710A1,JHA710A1,A1,0.0,0,0,0,0,0,0,0,998.0,1
CGTTCTGCAGTGGGAT-JHA710A1,JHA710A1,A1,0.0,1,0,0,0,0,0,0,2264.0,0
CGTTCTGCATTCCTGC-JHA710A1,JHA710A1,A1,0.0,2,0,0,0,0,0,0,741.0,0
CGTTCTGGTACCAGTT-JHA710A1,JHA710A1,A1,0.0,0,0,0,0,0,0,0,616.0,0
CGTTCTGGTGTGACGA-JHA710A1,JHA710A1,A1,7.5958133236511785,2,1,1,1,1,0,1,538.0,0
CGTTCTGTCAGCAACT-JHA710A1,JHA710A1,A1,0.0,1,0,0,0,0,0,0,453.0,0
CGTTCTGTCCCAAGTA-JHA710A1,JHA710A1,A1,0.0,2,0,0,0,0,0,0,552.0,0
CGTTCTGTCTCCTATA-JHA710A1,JHA710A1,A1,0.0,1,0,0,0,0,0,0,654.0,0
CGTTCTGTCTTACCTA-JHA710A1,JHA710A1,A1,0.0,1,0,0,0,0,0,0,911.0,0
CGTTGGGAGATCGATA-JHA710A1,JHA710A1,A1,3.542611494100682,2,1,1,1,1,0,0,1788.0,0
CGTTGGGCAACAACCT-JHA710A1,JHA710A1,A1,0.0,0,0,0,0,0,0,0,535.0,0
CGTTGGGCATCCCACT-JHA710A1,JHA710A1,A1,0.0,2,0,0,0,0,0,0,945.0,0
CGTTGGGGTCCAGTTA-JHA710A1,JHA710A1,A1,7.472992521593648,3,1,1,1,1,1,0,705.0,0
CGTTGGGGTCCGTCAG-JHA710A1,JHA710A1,A1,0.0,1,0,0,0,0,0,0,520.0,0
CGTTGGGGTGACAAAT-JHA710A1,JHA710A1,A1,0.0,1,0,0,0,0,0,0,520.0,0
CGTTGGGTCAACCATG-JHA710A1,JHA710A1,A1,0.0,2,0,0,0,0,0,0,656.0,0
CGTTGGGTCAACGGGA-JHA710A1,JHA710A1,A1,2.8827542855987707,1,1,1,0,0,0,0,593.0,0
CGTTGGGTCACAACGT-JHA710A1,JHA710A1,A1,1.9756326167134286,1,1,1,0,0,0,0,1610.0,1
CGTTGGGTCCTATTCA-JHA710A1,JHA710A1,A1,5.545011442741696,3,1,1,1,1,1,0,706.0,0
CTAACTTAGACACGAC-JHA710A1,JHA710A1,A1,0.0,2,0,0,0,0,0,0,1893.0,0
CTAACTTAGATAGTCA-JHA710A1,JHA710A1,A1,2.9069577829535476,0,1,0,0,0,0,0,578.0,0
CTAAGACTCAAGGCTT-JHA710A1,JHA710A1,A1,0.0,1,0,0,0,0,0,0,612.0,0
CTAAGACTCACAACGT-JHA710A1,JHA710A1,A1,2.884347643292784,3,1,1,1,1,1,0,1776.0,0
CTAAGACTCTTGCATT-JHA710A1,JHA710A1,A1,3.7174825223668555,1,1,1,0,0,0,0,498.0,1
CTAATGGAGACGCAAC-JHA710A1,JHA710A1,A1,7.971424469432697,3,1,1,1,1,1,1,846.0,0
CTAATGGAGCCAGTAG-JHA710A1,JHA710A1,A1,0.0,1,0,0,0,0,0,0,596.0,1
CTAATGGAGCGTTCCG-JHA710A1,JHA710A1,A1,2.748544656607301,3,1,1,1,1,1,0,684.0,0
CTAATGGCAACCGCCA-JHA710A1,JHA710A1,A1,0.0,3,0,0,0,0,0,0,727.0,1
CTAATGGCACACGCTG-JHA710A1,JHA710A1,A1,2.0896582942802033,3,1,1,1,1,1,0,1412.0,1
CTAATGGCACCTATCC-JHA710A1,JHA710A1,A1,0.0,0,0,0,0,0,0,0,490.0,0
CTAATGGCAGGATTGG-JHA710A1,JHA710A1,A1,2.9251319127132787,0,1,0,0,0,0,0,567.0,1
CTAATGGGTCACACGC-JHA710A1,JHA710A1,A1,0.0,0,0,0,0,0,0,0,738.0,0
CTAATGGTCATCTGCC-JHA710A1,JHA710A1,A1,5.1245972336445895,2,1,1,1,1,0,0,1137.0,0
CTACACCAGAGGGATA-JHA710A1,JHA710A1,A1,0.0,3,0,0,0,0,0,0,1647.0,0
CTACACCAGCAACGGT-JHA710A1,JHA710A1,A1,7.335534052115914,1,1,1,0,0,0,0,548.0,0
CTACACCAGCCAGTAG-JHA710A1,JHA710A1,A1,2.0785670335349034,1,1,1,0,0,0,0,1430.0,0
CTACACCAGCCCTAAT-JHA710A1,JHA710A1,A1,7.354682176897896,2,1,1,1,1,0,0,576.0,0
CTACACCCAGCCACCA-JHA710A1,JHA710A1,A1,2.9666905366283323,2,1,1,1,1,0,0,1628.0,0
CTACACCGTCTCTTAT-JHA710A1,JHA710A1,A1,8.02306241343768,3,1,1,1,1,1,1,1010.0,0
CTACACCGTGATGTCT-JHA710A1,JHA710A1,A1,1.4798143617369077,1,1,1,0,0,0,0,2948.0,0
CTACACCGTGCAACTT-JHA710A1,JHA710A1,A1,0.0,0,0,0,0,0,0,0,586.0,0
CTACATTAGGTTACCT-JHA710A1,JHA710A1,A1,0.0,0,0,0,0,0,0,0,815.0,0
CTACATTCAGCTGTTA-JHA710A1,JHA710A1,A1,7.647651336219274,3,1,1,1,1,1,1,549.0,0
CTACATTGTAGCTGCC-JHA710A1,JHA710A1,A1,0.0,2,0,0,0,0,0,0,611.0,0
CTACATTGTTCCTCCA-JHA710A1,JHA710A1,A1,0.0,1,0,0,0,0,0,0,609.0,0
CTACATTTCGCGTTTC-JHA710A1,JHA710A1,A1,0.0,2,0,0,0,0,0,0,473.0,0
CTACCCAAGAAACCAT-JHA710A1,JHA710A1,A1,4.504083578164582,2,1,1,1,1,0,0,1790.0,1
CTACCCAAGGCGATAC-JHA710A1,JHA710A1,A1,7.999422160025005,3,1,1,1,1,1,1,873.0,0
CTACCCACAACTGGCC-JHA710A1,JHA710A1,A1,0.0,2,0,0,0,0,0,0,1078.0,1
CTACCCACACCCATTC-JHA710A1,JHA710A1,A1,0.0,1,0,0,0,0,0,0,439.0,0
CTACCCACACTTGGAT-JHA710A1,JHA710A1,A1,0.0,0,0,0,0,0,0,0,606.0,0
CTACCCACAGCCTGTG-JHA710A1,JHA710A1,A1,0.0,2,0,0,0,0,0,0,1179.0,0
CTACCCACATCAGTCA-JHA710A1,JHA710A1,A1,2.1187396817263315,1,1,1,0,0,0,0,1366.0,1
CTACCCACATTGGGCC-JHA710A1,JHA710A1,A1,1.621384135705839,3,1,1,1,1,1,0,2463.0,0
CTACCCAGTACTTAGC-JHA710A1,JHA710A1,A1,2.3332100223141023,1,1,1,0,0,0,0,1074.0,0
CTACCCAGTTCTGTTT-JHA710A1,JHA710A1,A1,2.407955719824212,1,1,1,0,0,0,0,989.0,0
CTACCCATCCTATGTT-JHA710A1,JHA710A1,A1,0.0,0,0,0,0,0,0,0,537.0,0
CTACCCATCCTTGCCA-JHA710A1,JHA710A1,A1,0.0,3,0,0,0,0,0,0,3640.0,1
CTACCCATCTGTACGA-JHA710A1,JHA710A1,A1,7.686649059826244,3,1,1,1,1,1,1,629.0,0
CTACCCATCTTGTACT-JHA710A1,JHA710A1,A1,0.0,2,0,0,0,0,0,0,1700.0,0
CTACGTCAGAAGGCCT-JHA710A1,JHA710A1,A1,5.542927958317033,2,1,1,1,1,0,0,904.0,0
CTACGTCAGCTACCTA-JHA710A1,JHA710A1,A1,2.881163762741827,3,1,1,1,1,1,0,1188.0,0
CTACGTCCAAGTTAAG-JHA710A1,JHA710A1,A1,0.0,2,0,0,0,0,0,0,1017.0,0
CTACGTCGTCTGGAGA-JHA710A1,JHA710A1,A1,0.0,2,0,0,0,0,0,0,1074.0,0
CTACGTCGTTCGTTGA-JHA710A1,JHA710A1,A1,0.0,1,0,0,0,0,0,0,1944.0,0
CTACGTCTCCACGTGG-JHA710A1,JHA710A1,A1,2.0073141603894435,2,1,1,1,1,0,0,1552.0,0
CTACGTCTCCGTAGGC-JHA710A1,JHA710A1,A1,0.0,2,0,0,0,0,0,0,1309.0,0
CTAGAGTAGAACTGTA-JHA710A1,JHA710A1,A1,0.0,2,0,0,0,0,0,0,2630.0,0
CTAGAGTCAAACAACA-JHA710A1,JHA710A1,A1,2.4562482949004933,2,1,1,1,1,0,0,938.0,0
CTAGAGTGTATAGGTA-JHA710A1,JHA710A1,A1,0.0,0,0,0,0,0,0,0,576.0,0
CTAGAGTGTTGTTTGG-JHA710A1,JHA710A1,A1,2.769313559063233,1,1,1,0,0,0,0,669.0,0
CTAGAGTTCATGCTCC-JHA710A1,JHA710A1,A1,7.554217356656653,2,1,1,1,1,0,1,1106.0,0
CTAGAGTTCCGCAAGC-JHA710A1,JHA710A1,A1,5.094744566152202,2,1,1,1,1,0,0,1295.0,0
CTAGAGTTCTTGAGGT-JHA710A1,JHA710A1,A1,0.0,2,0,0,0,0,0,0,582.0,0
CTAGCCTAGGACATTA-JHA710A1,JHA710A1,A1,6.0427095770028725,2,1,1,1,1,0,0,619.0,0
CTAGCCTAGTATTGGA-JHA710A1,JHA710A1,A1,6.508922765682117,2,1,1,1,1,0,0,1552.0,0
CTAGCCTCAAACCCAT-JHA710A1,JHA710A1,A1,0.0,1,0,0,0,0,0,0,775.0,0
CTAGCCTCAAAGCGGT-JHA710A1,JHA710A1,A1,3.168804658333127,2,1,1,1,1,0,0,878.0,0
CTAGCCTCACATCTTT-JHA710A1,JHA710A1,A1,2.144268500868506,1,1,1,0,0,0,0,2654.0,0
CTAGCCTCACTCGACG-JHA710A1,JHA710A1,A1,2.9335160833731875,2,1,1,1,1,0,0,562.0,0
CTAGCCTGTCCAGTAT-JHA710A1,JHA710A1,A1,0.0,2,0,0,0,0,0,0,798.0,0
CTAGCCTTCGCCTGTT-JHA710A1,JHA710A1,A1,7.103390973706519,3,1,1,1,1,1,0,716.0,0
CTAGCCTTCGCGATCG-JHA710A1,JHA710A1,A1,0.0,1,0,0,0,0,0,0,496.0,0
CTAGCCTTCTAACTCT-JHA710A1,JHA710A1,A1,2.274020565260253,1,1,1,0,0,0,0,1147.0,0
CTAGTGAAGGCTCAGA-JHA710A1,JHA710A1,A1,3.1998728777425853,2,1,1,1,1,0,0,850.0,0
CTAGTGAAGTCCATAC-JHA710A1,JHA710A1,A1,1.9902167250513338,2,1,1,1,1,0,0,1583.0,1
CTAGTGACAATAACGA-JHA710A1,JHA710A1,A1,0.0,1,0,0,0,0,0,0,1303.0,1
CTAGTGACAGGTTTCA-JHA710A1,JHA710A1,A1,6.705715194982434,2,1,1,1,1,0,0,772.0,0
CTAGTGAGTAAGTTCC-JHA710A1,JHA710A1,A1,2.600377973286322,0,1,0,0,0,0,0,802.0,1
CTAGTGAGTAATCACC-JHA710A1,JHA710A1,A1,0.0,1,0,0,0,0,0,0,547.0,0
CTAGTGATCAGTCCCT-JHA710A1,JHA710A1,A1,3.010868111889806,2,1,1,1,1,0,0,1554.0,0
CTAGTGATCCCTGACT-JHA710A1,JHA710A1,A1,0.0,2,0,0,0,0,0,0,987.0,0
CTCACACAGGAATTAC-JHA710A1,JHA710A1,A1,2.3763581876539868,2,1,1,1,1,0,0,3072.0,0
CTCACACAGGACCACA-JHA710A1,JHA710A1,A1,6.814935400354048,2,1,1,1,1,0,0,2153.0,0
CTCACACAGGACGAAA-JHA710A1,JHA710A1,A1,2.247097423620547,1,1,1,0,0,0,0,1182.0,1
CTCACACAGGAGTAGA-JHA710A1,JHA710A1,A1,2.8168011890227884,2,1,1,1,1,0,0,636.0,0
CTCACACCAACTGGCC-JHA710A1,JHA710A1,A1,0.0,2,0,0,0,0,0,0,2264.0,0
CTCACACCAACTTGAC-JHA710A1,JHA710A1,A1,2.9488074571487553,1,1,1,0,0,0,0,553.0,0
CTCACACCAGACGTAG-JHA710A1,JHA710A1,A1,0.0,1,0,0,0,0,0,0,1088.0,0
CTCACACCAGCTCGAC-JHA710A1,JHA710A1,A1,0.0,1,0,0,0,0,0,0,676.0,1
CTCACACCAGGACCCT-JHA710A1,JHA710A1,A1,0.0,3,0,0,0,0,0,0,889.0,0
CTCACACGTCATATCG-JHA710A1,JHA710A1,A1,0.0,0,0,0,0,0,0,0,557.0,0
CTCACACGTGTAATGA-JHA710A1,JHA710A1,A1,0.0,1,0,0,0,0,0,0,499.0,0
CTCACACTCCGTAGTA-JHA710A1,JHA710A1,A1,0.0,1,0,0,0,0,0,0,588.0,0
CTCACACTCGTGACAT-JHA710A1,JHA710A1,A1,4.719490443017389,2,1,1,1,1,0,0,540.0,0
CTCACACTCTACTCAT-JHA710A1,JHA710A1,A1,2.8779911833266105,2,1,1,1,1,0,0,596.0,0
CTCAGAAAGCTACCTA-JHA710A1,JHA710A1,A1,0.0,3,0,0,0,0,0,0,1172.0,0
CTCAGAACAATAGCAA-JHA710A1,JHA710A1,A1,2.61316976459608,2,1,1,1,1,0,0,791.0,0
CTCAGAACACACTGCG-JHA710A1,JHA710A1,A1,0.0,1,0,0,0,0,0,0,1691.0,0
CTCAGAACACATGGGA-JHA710A1,JHA710A1,A1,0.0,1,0,0,0,0,0,0,1253.0,0
CTCAGAACACCACGTG-JHA710A1,JHA710A1,A1,0.0,1,0,0,0,0,0,0,853.0,0
CTCAGAAGTGAAGGCT-JHA710A1,JHA710A1,A1,1.4338666837626428,2,1,1,1,1,0,0,3130.0,0
CTCAGAAGTGGAAAGA-JHA710A1,JHA710A1,A1,7.577316971957825,2,1,1,1,1,0,1,1050.0,0
CTCAGAATCTGGCGAC-JHA710A1,JHA710A1,A1,0.0,1,0,0,0,0,0,0,691.0,0
CTCATTAAGAGCAATT-JHA710A1,JHA710A1,A1,7.60894578269232,3,1,1,1,1,1,1,660.0,0
CTCATTAAGCACCGCT-JHA710A1,JHA710A1,A1,0.0,2,0,0,0,0,0,0,466.0,0
CTCATTACAACACGCC-JHA710A1,JHA710A1,A1,0.0,1,0,0,0,0,0,0,614.0,0
CTCATTACAAGCCCAC-JHA710A1,JHA710A1,A1,2.184525993999092,1,1,1,0,0,0,0,1268.0,0
CTCATTACAGGCAGTA-JHA710A1,JHA710A1,A1,2.481978390008912,1,1,1,0,0,0,0,912.0,0
CTCATTACATCGGACC-JHA710A1,JHA710A1,A1,7.647710213870026,2,1,1,1,1,0,1,1919.0,0
CTCATTAGTCTAGCGC-JHA710A1,JHA710A1,A1,0.0,2,0,0,0,0,0,0,1765.0,0
CTCATTATCTGGAGCC-JHA710A1,JHA710A1,A1,0.0,0,0,0,0,0,0,0,468.0,0
CTCCTAGAGCGAAGGG-JHA710A1,JHA710A1,A1,1.8324764713601618,1,1,1,0,0,0,0,1905.0,0
CTCCTAGAGCTGCAAG-JHA710A1,JHA710A1,A1,0.0,2,0,0,0,0,0,0,777.0,0
CTCCTAGCACCATGTA-JHA710A1,JHA710A1,A1,0.0,0,0,0,0,0,0,0,801.0,0
CTCCTAGCACGAAACG-JHA710A1,JHA710A1,A1,3.4407859874723825,2,1,1,1,1,0,0,662.0,0
CTCCTAGGTGTGACCC-JHA710A1,JHA710A1,A1,0.0,1,0,0,0,0,0,0,830.0,0
CTCCTAGTCAAAGACA-JHA710A1,JHA710A1,A1,0.0,1,0,0,0,0,0,0,590.0,0
CTCCTAGTCTCGCTTG-JHA710A1,JHA710A1,A1,2.2058037184276023,2,1,1,1,1,0,0,1238.0,0
CTCGAAAAGCTTATCG-JHA710A1,JHA710A1,A1,2.824223677747392,2,1,1,1,1,0,0,631.0,0
CTCGAAACAAGCTGTT-JHA710A1,JHA710A1,A1,0.0,0,0,0,0,0,0,0,520.0,0
CTCGAAACAGTCAGCC-JHA710A1,JHA710A1,A1,0.0,2,0,0,0,0,0,0,757.0,0
CTCGAAAGTACATGTC-JHA710A1,JHA710A1,A1,0.0,0,0,0,0,0,0,0,525.0,0
CTCGAAAGTACGCTGC-JHA710A1,JHA710A1,A1,0.0,2,0,0,0,0,0,0,1168.0,0
CTCGAAAGTGACTCAT-JHA710A1,JHA710A1,A1,0.0,2,0,0,0,0,0,0,448.0,0
CTCGAAATCCAAACTG-JHA710A1,JHA710A1,A1,3.174276180906304,1,1,1,0,0,0,0,873.0,0
CTCGAGGAGGCTCAGA-JHA710A1,JHA710A1,A1,7.5700957644686095,3,1,1,1,1,1,1,681.0,0
CTCGAGGCATCCTTGC-JHA710A1,JHA710A1,A1,1.567287266299578,2,1,1,1,1,0,0,2636.0,0
CTCGAGGGTATCACCA-JHA710A1,JHA710A1,A1,0.0,1,0,0,0,0,0,0,490.0,0
CTCGAGGGTTAGAACA-JHA710A1,JHA710A1,A1,0.0,2,0,0,0,0,0,0,514.0,0
CTCGAGGGTTCCACTC-JHA710A1,JHA710A1,A1,3.2242675385620894,2,1,1,1,1,0,0,1243.0,0
CTCGAGGGTTGGTTTG-JHA710A1,JHA710A1,A1,2.1873305036910207,1,1,1,0,0,0,0,1264.0,0
CTCGGAGAGAGCTTCT-JHA710A1,JHA710A1,A1,1.879371849448831,2,1,1,1,1,0,0,1802.0,0
CTCGGAGAGATAGCAT-JHA710A1,JHA710A1,A1,3.119575002436636,4,1,1,1,1,1,0,7857.0,0
CTCGGAGAGATATGGT-JHA710A1,JHA710A1,A1,0.0,1,0,0,0,0,0,0,607.0,0
CTCGGAGCATCCGTGG-JHA710A1,JHA710A1,A1,0.0,2,0,0,0,0,0,0,1396.0,0
CTCGGAGTCAAGGCTT-JHA710A1,JHA710A1,A1,0.0,2,0,0,0,0,0,0,2211.0,0
CTCGGAGTCACGATGT-JHA710A1,JHA710A1,A1,2.35364026379433,2,1,1,1,1,0,0,2100.0,0
CTCGGAGTCTGGTTCC-JHA710A1,JHA710A1,A1,0.0,2,0,0,0,0,0,0,832.0,0
CTCGGGAAGAGACTTA-JHA710A1,JHA710A1,A1,8.103810423214501,3,1,1,1,1,1,1,1588.0,0
CTCGGGAAGTCAAGGC-JHA710A1,JHA710A1,A1,0.0,0,0,0,0,0,0,0,454.0,1
CTCGGGAAGTCCGTAT-JHA710A1,JHA710A1,A1,0.0,2,0,0,0,0,0,0,657.0,0
CTCGGGACAAAGCAAT-JHA710A1,JHA710A1,A1,3.0127054000115994,0,1,0,0,0,0,0,517.0,0
CTCGGGACAATGTTGC-JHA710A1,JHA710A1,A1,6.249581082799418,2,1,1,1,1,0,0,774.0,0
CTCGGGACAGCCAGAA-JHA710A1,JHA710A1,A1,0.0,2,0,0,0,0,0,0,944.0,0
CTCGGGACAGCTATTG-JHA710A1,JHA710A1,A1,0.0,2,0,0,0,0,0,0,1088.0,0
CTCGGGATCACATAGC-JHA710A1,JHA710A1,A1,0.0,0,0,0,0,0,0,0,473.0,0
CTCGGGATCGATGAGG-JHA710A1,JHA710A1,A1,8.243619491208072,3,1,1,1,1,1,1,1052.0,0
CTCGTACAGACTACAA-JHA710A1,JHA710A1,A1,0.0,1,0,0,0,0,0,0,678.0,0
CTCGTACCAGTGAGTG-JHA710A1,JHA710A1,A1,7.524955962963958,2,1,1,1,1,0,1,842.0,0
CTCGTACCATCCAACA-JHA710A1,JHA710A1,A1,4.2867186963494115,3,1,1,1,1,1,0,1673.0,0
CTCGTACGTTCCCTTG-JHA710A1,JHA710A1,A1,0.0,2,0,0,0,0,0,0,505.0,1
CTCGTACGTTGGTTTG-JHA710A1,JHA710A1,A1,2.8732533379118057,2,1,1,1,1,0,0,1198.0,0
CTCGTACTCATGGTCA-JHA710A1,JHA710A1,A1,0.0,4,0,0,0,0,0,0,1295.0,0
CTCGTCAAGTACTTGC-JHA710A1,JHA710A1,A1,0.0,0,0,0,0,0,0,0,568.0,0
CTCGTCACAAGCCGTC-JHA710A1,JHA710A1,A1,7.698619320631952,3,1,1,1,1,1,1,744.0,0
CTCGTCACAGGCAGTA-JHA710A1,JHA710A1,A1,0.0,1,0,0,0,0,0,0,743.0,0
CTCGTCAGTACTTAGC-JHA710A1,JHA710A1,A1,7.812248802476151,3,1,1,1,1,1,1,907.0,0
CTCGTCAGTAGGCTGA-JHA710A1,JHA710A1,A1,0.0,1,0,0,0,0,0,0,727.0,0
CTCGTCAGTCCGAATT-JHA710A1,JHA710A1,A1,0.0,0,0,0,0,0,0,0,522.0,0
CTCGTCAGTGACAAAT-JHA710A1,JHA710A1,A1,2.99090020199846,0,1,0,0,0,0,0,529.0,0
CTCGTCAGTGACGCCT-JHA710A1,JHA710A1,A1,0.0,2,0,0,0,0,0,0,966.0,0
CTCGTCAGTTCTCATT-JHA710A1,JHA710A1,A1,0.0,4,0,0,0,0,0,0,743.0,0
CTCGTCATCTCATTCA-JHA710A1,JHA710A1,A1,0.0,2,0,0,0,0,0,0,2362.0,0
CTCGTCATCTGCTTGC-JHA710A1,JHA710A1,A1,0.0,2,0,0,0,0,0,0,830.0,0
CTCGTCATCTTGGGTA-JHA710A1,JHA710A1,A1,0.0,1,0,0,0,0,0,0,564.0,0
CTCTAATAGAATGTGT-JHA710A1,JHA710A1,A1,0.0,2,0,0,0,0,0,0,1853.0,0
CTCTAATAGTCCGTAT-JHA710A1,JHA710A1,A1,2.358827804607461,0,1,0,0,0,0,0,1044.0,0
CTCTAATCAAGCTGAG-JHA710A1,JHA710A1,A1,2.195094083853929,1,1,1,0,0,0,0,1253.0,0
CTCTAATCAGCAGTTT-JHA710A1,JHA710A1,A1,7.147434377349056,2,1,1,1,1,0,0,1197.0,0
CTCTAATGTGTGAAAT-JHA710A1,JHA710A1,A1,4.585858700198097,2,1,1,1,1,0,0,1133.0,0
CTCTAATGTTACGCGC-JHA710A1,JHA710A1,A1,3.8241275973624536,2,1,1,1,1,0,0,893.0,0
CTCTACGAGAGTACCG-JHA710A1,JHA710A1,A1,7.750129153916009,2,1,1,1,1,0,1,642.0,0
CTCTACGGTCTAACGT-JHA710A1,JHA710A1,A1,0.0,2,0,0,0,0,0,0,514.0,0
CTCTACGGTTCGCGAC-JHA710A1,JHA710A1,A1,1.8035223338100088,2,1,1,1,1,0,0,1972.0,0
CTCTACGTCTGAAAGA-JHA710A1,JHA710A1,A1,0.0,2,0,0,0,0,0,0,631.0,0
CTCTGGTAGGAGTTGC-JHA710A1,JHA710A1,A1,0.0,3,0,0,0,0,0,0,2559.0,0
CTCTGGTAGGTAGCTG-JHA710A1,JHA710A1,A1,7.165983692535255,2,1,1,1,1,0,0,487.0,0
CTCTGGTAGGTGTGGT-JHA710A1,JHA710A1,A1,0.0,0,0,0,0,0,0,0,619.0,1
CTCTGGTCACCAGTTA-JHA710A1,JHA710A1,A1,0.0,3,0,0,0,0,0,0,1488.0,1
CTCTGGTGTAAGGGCT-JHA710A1,JHA710A1,A1,0.0,3,0,0,0,0,0,0,1675.0,0
CTCTGGTGTTAGGGTG-JHA710A1,JHA710A1,A1,0.0,1,0,0,0,0,0,0,745.0,0
CTCTGGTTCAGTCCCT-JHA710A1,JHA710A1,A1,0.0,1,0,0,0,0,0,0,782.0,0
CTCTGGTTCCTTAATC-JHA710A1,JHA710A1,A1,0.0,2,0,0,0,0,0,0,1160.0,0
CTCTGGTTCGTCCGTT-JHA710A1,JHA710A1,A1,0.0,1,0,0,0,0,0,0,772.0,1
CTCTGGTTCTAGCACA-JHA710A1,JHA710A1,A1,0.0,0,0,0,0,0,0,0,511.0,0
CTGAAACAGAGCTATA-JHA710A1,JHA710A1,A1,0.0,2,0,0,0,0,0,0,895.0,0
CTGAAACAGGCAATTA-JHA710A1,JHA710A1,A1,0.0,3,0,0,0,0,0,0,815.0,0
CTGAAACAGGGTGTTG-JHA710A1,JHA710A1,A1,2.967856555975506,2,1,1,1,1,0,0,542.0,0
CTGAAACAGGTGCAAC-JHA710A1,JHA710A1,A1,0.0,1,0,0,0,0,0,0,884.0,0
CTGAAACAGTCGCCGT-JHA710A1,JHA710A1,A1,3.044522437723423,1,1,1,0,0,0,0,500.0,0
CTGAAACCATGCTGGC-JHA710A1,JHA710A1,A1,0.0,1,0,0,0,0,0,0,501.0,0
CTGAAACGTCGAAAGC-JHA710A1,JHA710A1,A1,0.0,1,0,0,0,0,0,0,1260.0,0
CTGAAACGTGCAGACA-JHA710A1,JHA710A1,A1,0.0,0,0,0,0,0,0,0,621.0,0
CTGAAACTCGTACCGG-JHA710A1,JHA710A1,A1,6.965647827815896,1,1,1,0,0,0,0,529.0,0
CTGAAGTAGCGATTCT-JHA710A1,JHA710A1,A1,1.7310961229939337,1,1,1,0,0,0,0,4304.0,0
CTGAAGTGTATGAATG-JHA710A1,JHA710A1,A1,0.0,2,0,0,0,0,0,0,503.0,0
CTGAAGTTCACTTATC-JHA710A1,JHA710A1,A1,0.0,3,0,0,0,0,0,0,515.0,0
CTGAAGTTCCTCCTAG-JHA710A1,JHA710A1,A1,5.0093646458948005,2,1,1,1,1,0,0,1008.0,0
CTGATAGAGGAGCGAG-JHA710A1,JHA710A1,A1,7.7037157217266214,3,1,1,1,1,1,1,501.0,0
CTGATAGCAATGCCAT-JHA710A1,JHA710A1,A1,0.0,0,0,0,0,0,0,0,454.0,0
CTGATAGGTAAGAGGA-JHA710A1,JHA710A1,A1,3.694257125348055,2,1,1,1,1,0,0,765.0,1
CTGATAGGTTACGCGC-JHA710A1,JHA710A1,A1,7.560948868295905,3,1,1,1,1,1,1,479.0,0
CTGATAGTCAAAGTAG-JHA710A1,JHA710A1,A1,3.6530964343385497,1,1,1,0,0,0,0,532.0,0
CTGATAGTCAGAAATG-JHA710A1,JHA710A1,A1,0.0,2,0,0,0,0,0,0,900.0,0
CTGATAGTCATAACCG-JHA710A1,JHA710A1,A1,3.0696275507518154,0,1,0,0,0,0,0,487.0,0
CTGATAGTCATACGGT-JHA710A1,JHA710A1,A1,0.0,0,0,0,0,0,0,0,460.0,0
CTGATCCAGAGAACAG-JHA710A1,JHA710A1,A1,0.0,0,0,0,0,0,0,0,755.0,1
CTGATCCAGATATGCA-JHA710A1,JHA710A1,A1,3.10760996773239,1,1,1,0,0,0,0,468.0,0
CTGATCCAGATCTGCT-JHA710A1,JHA710A1,A1,0.0,2,0,0,0,0,0,0,743.0,0
CTGATCCCAGTAACGG-JHA710A1,JHA710A1,A1,0.0,2,0,0,0,0,0,0,871.0,0
CTGATCCCATTCTCAT-JHA710A1,JHA710A1,A1,7.7857472017327956,3,1,1,1,1,1,1,553.0,0
CTGATCCGTCGTTGTA-JHA710A1,JHA710A1,A1,2.526326854297795,0,1,0,0,0,0,0,869.0,0
CTGATCCGTGTGTGCC-JHA710A1,JHA710A1,A1,0.0,0,0,0,0,0,0,0,539.0,0
CTGATCCTCCAATGGT-JHA710A1,JHA710A1,A1,1.8677097758731103,2,1,1,1,1,0,0,1827.0,0
CTGATCCTCTATCGCC-JHA710A1,JHA710A1,A1,0.0,2,0,0,0,0,0,0,1222.0,0
CTGCCTAAGAAGCCCA-JHA710A1,JHA710A1,A1,0.0,4,0,0,0,0,0,0,3912.0,1
CTGCCTAAGAGGTTAT-JHA710A1,JHA710A1,A1,0.0,1,0,0,0,0,0,0,1886.0,0
CTGCCTACAAACCTAC-JHA710A1,JHA710A1,A1,7.930889022579207,2,1,1,1,1,0,1,712.0,0
CTGCCTACATACAGCT-JHA710A1,JHA710A1,A1,0.0,1,0,0,0,0,0,0,918.0,0
CTGCCTACATGCATGT-JHA710A1,JHA710A1,A1,0.0,2,0,0,0,0,0,0,820.0,0
CTGCCTAGTTCCGGCA-JHA710A1,JHA710A1,A1,0.0,2,0,0,0,0,0,0,1172.0,0
CTGCCTATCACATGCA-JHA710A1,JHA710A1,A1,2.395172453907977,2,1,1,1,1,0,0,1003.0,0
CTGCCTATCCCTCTTT-JHA710A1,JHA710A1,A1,6.830475585683199,2,1,1,1,1,0,0,1287.0,0
CTGCGGAAGAACTGTA-JHA710A1,JHA710A1,A1,2.046800617638257,2,1,1,1,1,0,0,1483.0,0
CTGCGGAAGCGTGAAC-JHA710A1,JHA710A1,A1,1.8081968098531185,3,1,1,1,1,1,0,1961.0,0
CTGCGGAAGGCCGAAT-JHA710A1,JHA710A1,A1,0.0,1,0,0,0,0,0,0,482.0,0
CTGCGGAAGGGCATGT-JHA710A1,JHA710A1,A1,7.487194735272737,2,1,1,1,1,0,0,639.0,0
CTGCGGAAGTCCCACG-JHA710A1,JHA710A1,A1,2.172026393731521,1,1,1,0,0,0,0,1286.0,0
CTGCGGAAGTTAAGTG-JHA710A1,JHA710A1,A1,2.0556596178287996,2,1,1,1,1,0,0,1468.0,0
CTGCGGAGTAAATACG-JHA710A1,JHA710A1,A1,0.0,1,0,0,0,0,0,0,854.0,0
CTGCGGAGTACCATCA-JHA710A1,JHA710A1,A1,0.0,1,0,0,0,0,0,0,450.0,0
CTGCTGTGTCGGCTCA-JHA710A1,JHA710A1,A1,0.0,2,0,0,0,0,0,0,663.0,0
CTGGTCTCAATTGCTG-JHA710A1,JHA710A1,A1,2.4144215394843522,2,1,1,1,1,0,0,1964.0,0
CTGGTCTTCCTCAACC-JHA710A1,JHA710A1,A1,0.0,1,0,0,0,0,0,0,2401.0,0
CTGGTCTTCCTGCCAT-JHA710A1,JHA710A1,A1,3.279987765867281,2,1,1,1,1,0,0,782.0,0
CTGTGCTAGGCAAAGA-JHA710A1,JHA710A1,A1,2.0293823968853086,2,1,1,1,1,0,0,1513.0,0
CTGTGCTCACGAAGCA-JHA710A1,JHA710A1,A1,2.1409490098500727,1,1,1,0,0,0,0,1332.0,0
CTGTGCTCATTCTTAC-JHA710A1,JHA710A1,A1,3.0502547549391688,1,1,1,0,0,0,0,497.0,0
CTGTTTAGTTGGTTTG-JHA710A1,JHA710A1,A1,3.035362405893169,2,1,1,1,1,0,0,3029.0,0
CTGTTTAGTTTGGCGC-JHA710A1,JHA710A1,A1,2.83170873591079,2,1,1,1,1,0,0,626.0,0
CTGTTTATCTCAACTT-JHA710A1,JHA710A1,A1,0.0,1,0,0,0,0,0,0,530.0,0
CTGTTTATCTGGGCCA-JHA710A1,JHA710A1,A1,0.0,2,0,0,0,0,0,0,1341.0,0
CTTAACTAGTGTCCCG-JHA710A1,JHA710A1,A1,3.0090345415733855,2,1,1,1,1,0,0,519.0,0
CTTAACTCAAGCCATT-JHA710A1,JHA710A1,A1,2.5205235834297586,3,1,1,1,1,1,0,1749.0,0
CTTAACTCAATAAGCA-JHA710A1,JHA710A1,A1,2.277547782052351,2,1,1,1,1,0,0,2285.0,0
CTTAACTCATGCAATC-JHA710A1,JHA710A1,A1,1.4304695061680068,2,1,1,1,1,0,0,3144.0,0
CTTAACTGTAAGTGTA-JHA710A1,JHA710A1,A1,0.0,1,0,0,0,0,0,0,938.0,0
CTTAACTGTAGAAGGA-JHA710A1,JHA710A1,A1,0.0,2,0,0,0,0,0,0,2127.0,0
CTTAACTTCATTCACT-JHA710A1,JHA710A1,A1,5.273251624845247,2,1,1,1,1,0,0,773.0,0
CTTAACTTCCATGCTC-JHA710A1,JHA710A1,A1,8.000272104928793,3,1,1,1,1,1,1,1248.0,0
CTTAACTTCCGAGCCA-JHA710A1,JHA710A1,A1,0.0,0,0,0,0,0,0,0,472.0,1
CTTACCGAGCTACCTA-JHA710A1,JHA710A1,A1,0.0,2,0,0,0,0,0,0,815.0,0
CTTACCGAGGCAATTA-JHA710A1,JHA710A1,A1,3.7907598953571466,0,1,0,0,0,0,0,462.0,1
CTTACCGAGGTGCTAG-JHA710A1,JHA710A1,A1,0.0,2,0,0,0,0,0,0,834.0,0
CTTACCGCAAGGACAC-JHA710A1,JHA710A1,A1,0.0,1,0,0,0,0,0,0,572.0,0
CTTACCGCAGGCGATA-JHA710A1,JHA710A1,A1,2.3075501223766746,0,1,0,0,0,0,0,1105.0,0
CTTACCGGTGTATGGG-JHA710A1,JHA710A1,A1,0.0,2,0,0,0,0,0,0,1866.0,0
CTTACCGGTTGCTCCT-JHA710A1,JHA710A1,A1,0.0,3,0,0,0,0,0,0,1248.0,0
CTTACCGTCCACTCCA-JHA710A1,JHA710A1,A1,1.9529718387522392,1,1,1,0,0,0,0,3306.0,0
CTTACCGTCGCCATAA-JHA710A1,JHA710A1,A1,0.0,0,0,0,0,0,0,0,482.0,0
CTTACCGTCTCGTATT-JHA710A1,JHA710A1,A1,3.010868111889806,0,1,0,0,0,0,0,518.0,0
CTTAGGAAGCTAGTGG-JHA710A1,JHA710A1,A1,0.0,1,0,0,0,0,0,0,547.0,0
CTTAGGATCCAGGGCT-JHA710A1,JHA710A1,A1,1.4321657472788298,3,1,1,1,1,1,0,9411.0,0
CTTCTCTAGGAACTGC-JHA710A1,JHA710A1,A1,0.0,2,0,0,0,0,0,0,473.0,0
CTTCTCTCAAGGACTG-JHA710A1,JHA710A1,A1,2.5158047067359055,1,1,1,0,0,0,0,879.0,1
CTTCTCTCACCTCGGA-JHA710A1,JHA710A1,A1,0.0,1,0,0,0,0,0,0,1372.0,1
CTTCTCTCATTGGCGC-JHA710A1,JHA710A1,A1,2.461135816587141,2,1,1,1,1,0,0,933.0,0
CTTCTCTGTAATTGGA-JHA710A1,JHA710A1,A1,0.0,2,0,0,0,0,0,0,1439.0,0
CTTCTCTGTAGCACGA-JHA710A1,JHA710A1,A1,0.0,0,0,0,0,0,0,0,489.0,0
CTTCTCTGTTAAGAAC-JHA710A1,JHA710A1,A1,5.447135727548233,2,1,1,1,1,0,0,476.0,0
CTTCTCTGTTAAGGGC-JHA710A1,JHA710A1,A1,2.756793541119736,2,1,1,1,1,0,0,678.0,0
CTTCTCTTCAACGCTA-JHA710A1,JHA710A1,A1,0.0,2,0,0,0,0,0,0,922.0,1
CTTCTCTTCACCTTAT-JHA710A1,JHA710A1,A1,3.0954439531443563,0,1,0,0,0,0,0,474.0,0
CTTCTCTTCGTAGGAG-JHA710A1,JHA710A1,A1,3.0914243513961823,2,1,1,1,1,0,0,476.0,0
CTTCTCTTCTACCTGC-JHA710A1,JHA710A1,A1,1.8663227111369658,1,1,1,0,0,0,0,1830.0,0
CTTCTCTTCTGAAAGA-JHA710A1,JHA710A1,A1,0.0,2,0,0,0,0,0,0,2926.0,0
CTTGGCTAGGGTTTCT-JHA710A1,JHA710A1,A1,0.0,1,0,0,0,0,0,0,727.0,0
CTTGGCTAGTGTGGCA-JHA710A1,JHA710A1,A1,0.0,1,0,0,0,0,0,0,1382.0,0
CTTGGCTCATCTGGTA-JHA710A1,JHA710A1,A1,0.0,3,0,0,0,0,0,0,849.0,0
CTTGGCTGTCTACCTC-JHA710A1,JHA710A1,A1,0.0,0,0,0,0,0,0,0,485.0,0
CTTGGCTGTCTCACCT-JHA710A1,JHA710A1,A1,0.0,1,0,0,0,0,0,0,817.0,0
CTTGGCTGTTGGTGGA-JHA710A1,JHA710A1,A1,0.0,2,0,0,0,0,0,0,1487.0,0
CTTGGCTTCCTGTACC-JHA710A1,JHA710A1,A1,0.0,2,0,0,0,0,0,0,880.0,0
CTTGGCTTCGTGGACC-JHA710A1,JHA710A1,A1,0.0,1,0,0,0,0,0,0,644.0,0
CTTTGCGAGCCTTGAT-JHA710A1,JHA710A1,A1,0.0,0,0,0,0,0,0,0,773.0,0
CTTTGCGAGCGCCTTG-JHA710A1,JHA710A1,A1,7.433397244221002,2,1,1,1,1,0,0,698.0,0
CTTTGCGAGGGAACGG-JHA710A1,JHA710A1,A1,0.0,2,0,0,0,0,0,0,1175.0,0
CTTTGCGCAAGAGGCT-JHA710A1,JHA710A1,A1,2.5337704679310975,2,1,1,1,1,0,0,1724.0,0
CTTTGCGCAGTACACT-JHA710A1,JHA710A1,A1,7.469301175847478,3,1,1,1,1,1,0,525.0,0
CTTTGCGGTCTGATCA-JHA710A1,JHA710A1,A1,7.741788683409497,2,1,1,1,1,0,1,630.0,0
CTTTGCGGTCTTGATG-JHA710A1,JHA710A1,A1,0.0,1,0,0,0,0,0,0,737.0,0
CTTTGCGGTTCGGCAC-JHA710A1,JHA710A1,A1,0.0,1,0,0,0,0,0,0,678.0,0
CTTTGCGTCGCATGGC-JHA710A1,JHA710A1,A1,2.596921991522423,0,1,0,0,0,0,0,805.0,0
CTTTGCGTCGGCTACG-JHA710A1,JHA710A1,A1,2.6321208856186016,0,1,0,0,0,0,0,775.0,0
CTTTGCGTCTGTTTGT-JHA710A1,JHA710A1,A1,0.0,1,0,0,0,0,0,0,510.0,0
GAAACTCAGACACGAC-JHA710A1,JHA710A1,A1,0.0,3,0,0,0,0,0,0,2542.0,0
GAAACTCAGACTCGGA-JHA710A1,JHA710A1,A1,8.021294815541754,3,1,1,1,1,1,1,680.0,0
GAAACTCAGATCCTGT-JHA710A1,JHA710A1,A1,0.0,0,0,0,0,0,0,0,564.0,0
GAAACTCAGGCCGAAT-JHA710A1,JHA710A1,A1,1.5751399286422263,3,1,1,1,1,1,0,2610.0,0
GAAACTCCACATAACC-JHA710A1,JHA710A1,A1,0.0,1,0,0,0,0,0,0,502.0,0
GAAACTCCATCGACGC-JHA710A1,JHA710A1,A1,1.8960158101442326,2,1,1,1,1,0,0,1767.0,0
GAAACTCGTATCACCA-JHA710A1,JHA710A1,A1,2.907775940198274,2,1,1,1,1,0,0,1155.0,0
GAAACTCGTCCAACTA-JHA710A1,JHA710A1,A1,0.0,0,0,0,0,0,0,0,713.0,0
GAAACTCTCTGTTTGT-JHA710A1,JHA710A1,A1,3.651267202789654,2,1,1,1,1,0,0,533.0,0
GAAATGAAGCTAAGAT-JHA710A1,JHA710A1,A1,0.0,1,0,0,0,0,0,0,440.0,0
GAAATGACAGAGTGTG-JHA710A1,JHA710A1,A1,0.0,0,0,0,0,0,0,0,625.0,0
GAAATGACATGCCACG-JHA710A1,JHA710A1,A1,2.059828834746,1,1,1,0,0,0,0,1461.0,0
GAAATGAGTAACGACG-JHA710A1,JHA710A1,A1,1.5951915298158996,1,1,1,0,0,0,0,2545.0,1
GAAATGAGTGGTGTAG-JHA710A1,JHA710A1,A1,0.0,2,0,0,0,0,0,0,1349.0,0
GAAATGAGTTGACGTT-JHA710A1,JHA710A1,A1,3.0331651322264412,1,1,1,0,0,0,0,506.0,0
GAAATGATCGCATGGC-JHA710A1,JHA710A1,A1,3.142985607091825,2,1,1,1,1,0,0,902.0,0
GAACATCAGAGAACAG-JHA710A1,JHA710A1,A1,0.0,1,0,0,0,0,0,0,1005.0,0
GAACATCCACGTCAGC-JHA710A1,JHA710A1,A1,2.6484400568690174,1,1,1,0,0,0,0,1523.0,0
GAACATCCACGTGAGA-JHA710A1,JHA710A1,A1,0.0,1,0,0,0,0,0,0,450.0,1
GAACATCGTCTCTTTA-JHA710A1,JHA710A1,A1,8.057086097962086,2,1,1,1,1,0,1,561.0,0
GAACATCTCTAACTGG-JHA710A1,JHA710A1,A1,2.772120096709859,1,1,1,0,0,0,0,667.0,0
GAACATCTCTCCAACC-JHA710A1,JHA710A1,A1,2.2152025896316276,1,1,1,0,0,0,0,1225.0,0
GAACCTAAGAAACGAG-JHA710A1,JHA710A1,A1,1.8544104341897223,2,1,1,1,1,0,0,1856.0,0
GAACCTAAGGCGACAT-JHA710A1,JHA710A1,A1,7.698562754799937,2,1,1,1,1,0,1,862.0,0
GAACCTAAGTCAAGCG-JHA710A1,JHA710A1,A1,0.0,0,0,0,0,0,0,0,443.0,0
GAACCTAAGTCTCAAC-JHA710A1,JHA710A1,A1,0.0,3,0,0,0,0,0,0,486.0,0
GAACCTACAGCCACCA-JHA710A1,JHA710A1,A1,7.848700967624299,3,1,1,1,1,1,1,855.0,0
GAACCTACATAAAGGT-JHA710A1,JHA710A1,A1,6.657569457834264,2,1,1,1,1,0,0,913.0,0
GAACCTACATCCTAGA-JHA710A1,JHA710A1,A1,3.3331692955853027,0,1,0,0,0,0,0,740.0,0
GAACCTAGTCGGCTCA-JHA710A1,JHA710A1,A1,0.0,2,0,0,0,0,0,0,2017.0,1
GAACCTAGTTCGTCTC-JHA710A1,JHA710A1,A1,6.287343862377803,2,1,1,1,1,0,0,1062.0,0
GAACCTAGTTGGGACA-JHA710A1,JHA710A1,A1,7.505073769266057,2,1,1,1,1,0,0,468.0,0
GAACCTATCAGCAACT-JHA710A1,JHA710A1,A1,0.0,2,0,0,0,0,0,0,705.0,0
GAACCTATCGTACCGG-JHA710A1,JHA710A1,A1,1.8189350546070198,2,1,1,1,1,0,0,1936.0,0
GAACCTATCTTGAGGT-JHA710A1,JHA710A1,A1,2.6858414003615403,2,1,1,1,1,0,0,1463.0,0
GAACGGAAGCCAGTAG-JHA710A1,JHA710A1,A1,0.0,2,0,0,0,0,0,0,1548.0,0
GAACGGACATACCATG-JHA710A1,JHA710A1,A1,5.18376665246684,2,1,1,1,1,0,0,733.0,0
GAACGGATCTCGTTTA-JHA710A1,JHA710A1,A1,0.0,0,0,0,0,0,0,0,558.0,1
GAACGGATCTGTCAAG-JHA710A1,JHA710A1,A1,0.0,0,0,0,0,0,0,0,453.0,0
GAAGCAGAGGCTCAGA-JHA710A1,JHA710A1,A1,0.0,0,0,0,0,0,0,0,543.0,0
GAAGCAGCAACACGCC-JHA710A1,JHA710A1,A1,5.384625240711863,0,1,0,0,0,0,0,599.0,1
GAAGCAGTCCTCATTA-JHA710A1,JHA710A1,A1,0.0,2,0,0,0,0,0,0,883.0,0
GAAGCAGTCCTGTACC-JHA710A1,JHA710A1,A1,2.2639159518348917,2,1,1,1,1,0,0,1160.0,0
GAATAAGCATCCGGGT-JHA710A1,JHA710A1,A1,0.0,2,0,0,0,0,0,0,1292.0,0
GAATAAGGTCGCATCG-JHA710A1,JHA710A1,A1,2.8407748167567926,1,1,1,0,0,0,0,620.0,0
GAATAAGTCCACGCAG-JHA710A1,JHA710A1,A1,1.6738681088139422,1,1,1,0,0,0,0,2308.0,0
GAATAAGTCCGCTGTT-JHA710A1,JHA710A1,A1,0.0,0,0,0,0,0,0,0,617.0,1
GAATAAGTCGGACAAG-JHA710A1,JHA710A1,A1,0.0,2,0,0,0,0,0,0,2562.0,0
GAATAAGTCTGAGTGT-JHA710A1,JHA710A1,A1,0.0,1,0,0,0,0,0,0,863.0,0
GAATAAGTCTGCGACG-JHA710A1,JHA710A1,A1,2.5477690025111035,1,1,1,0,0,0,0,849.0,0
GAATGAAAGCTACCTA-JHA710A1,JHA710A1,A1,0.0,1,0,0,0,0,0,0,582.0,0
GAATGAACACGTCTCT-JHA710A1,JHA710A1,A1,0.0,1,0,0,0,0,0,0,665.0,0
GAATGAACATCCTTGC-JHA710A1,JHA710A1,A1,2.3594062117597425,2,1,1,1,1,0,0,3130.0,0
GAATGAACATGTCTCC-JHA710A1,JHA710A1,A1,0.0,0,0,0,0,0,0,0,549.0,0
GAATGAAGTAGCTCCG-JHA710A1,JHA710A1,A1,4.380329611948795,1,1,1,0,0,0,0,634.0,1
GAATGAAGTGCTAGCC-JHA710A1,JHA710A1,A1,0.0,2,0,0,0,0,0,0,594.0,0
GAATGAAGTGGTCCGT-JHA710A1,JHA710A1,A1,0.0,0,0,0,0,0,0,0,565.0,0
GAATGAAGTTCGTGAT-JHA710A1,JHA710A1,A1,2.3768012315356914,2,1,1,1,1,0,0,2047.0,0
GAATGAAGTTGTCTTT-JHA710A1,JHA710A1,A1,7.04686989358456,2,1,1,1,1,0,0,688.0,0
GAATGAATCCGTAGGC-JHA710A1,JHA710A1,A1,7.639403053407111,2,1,1,1,1,0,1,929.0,0
GACACGCAGACGACGT-JHA710A1,JHA710A1,A1,8.32642743385043,3,1,1,1,1,1,1,2220.0,0
GACACGCAGGGTGTGT-JHA710A1,JHA710A1,A1,2.4312811628121307,2,1,1,1,1,0,0,964.0,0
GACACGCCACACTGCG-JHA710A1,JHA710A1,A1,2.865412369474101,2,1,1,1,1,0,0,604.0,0
GACACGCCATGCCCGA-JHA710A1,JHA710A1,A1,2.396986677424215,2,1,1,1,1,0,0,1001.0,0
GACACGCGTCTCAACA-JHA710A1,JHA710A1,A1,3.679082586388175,2,1,1,1,1,0,0,518.0,0
GACACGCTCAGGTTCA-JHA710A1,JHA710A1,A1,0.0,2,0,0,0,0,0,0,2345.0,0
GACACGCTCGTGGTCG-JHA710A1,JHA710A1,A1,8.275240435454286,2,1,1,1,1,0,1,609.0,0
GACACGCTCTATCGCC-JHA710A1,JHA710A1,A1,0.0,1,0,0,0,0,0,0,451.0,0
GACACGCTCTCGCTTG-JHA710A1,JHA710A1,A1,1.9302185633075202,2,1,1,1,1,0,0,3395.0,0
GACAGAGAGAGTAAGG-JHA710A1,JHA710A1,A1,0.0,1,0,0,0,0,0,0,445.0,0
GACAGAGCAATCGGTT-JHA710A1,JHA710A1,A1,0.0,2,0,0,0,0,0,0,1457.0,0
GACAGAGGTGTGCCTG-JHA710A1,JHA710A1,A1,3.608973962574738,1,1,1,0,0,0,0,835.0,0
GACAGAGTCAGTCAGT-JHA710A1,JHA710A1,A1,2.2358274587022238,1,1,1,0,0,0,0,1197.0,0
GACAGAGTCTTCGGTC-JHA710A1,JHA710A1,A1,1.6870184918709894,2,1,1,1,1,0,0,2271.0,0
GACCAATCACGGCTAC-JHA710A1,JHA710A1,A1,0.0,2,0,0,0,0,0,0,863.0,0
GACCAATCACGTAAGG-JHA710A1,JHA710A1,A1,5.906701948620087,2,1,1,1,1,0,0,573.0,0
GACCAATGTCTTGATG-JHA710A1,JHA710A1,A1,2.4275051339655733,1,1,1,0,0,0,0,968.0,0
GACCAATTCCGAATGT-JHA710A1,JHA710A1,A1,1.9091167011735128,2,1,1,1,1,0,0,1740.0,0
GACCAATTCGGTCCGA-JHA710A1,JHA710A1,A1,0.0,3,0,0,0,0,0,0,1310.0,0
GACCAATTCTCAAGTG-JHA710A1,JHA710A1,A1,0.0,3,0,0,0,0,0,0,965.0,0
GACCAATTCTGTCTCG-JHA710A1,JHA710A1,A1,2.9020644620522504,2,1,1,1,1,0,0,1743.0,0
GACCTGGAGAGACGAA-JHA710A1,JHA710A1,A1,0.0,2,0,0,0,0,0,0,1439.0,0
GACCTGGAGGCCATAG-JHA710A1,JHA710A1,A1,2.4350742760401247,2,1,1,1,1,0,0,960.0,0
GACCTGGAGTAGCCGA-JHA710A1,JHA710A1,A1,0.0,2,0,0,0,0,0,0,613.0,0
GACCTGGCATATACGC-JHA710A1,JHA710A1,A1,1.740334257420618,1,1,1,0,0,0,0,2128.0,0
GACCTGGGTACAGACG-JHA710A1,JHA710A1,A1,0.0,2,0,0,0,0,0,0,991.0,0
GACCTGGGTCGCCATG-JHA710A1,JHA710A1,A1,1.9514160129298357,2,1,1,1,1,0,0,1656.0,0
GACCTGGTCCACTGGG-JHA710A1,JHA710A1,A1,0.0,2,0,0,0,0,0,0,852.0,1
GACCTGGTCCTCGCAT-JHA710A1,JHA710A1,A1,0.0,2,0,0,0,0,0,0,826.0,0
GACCTGGTCTGCAAGT-JHA710A1,JHA710A1,A1,0.0,0,0,0,0,0,0,0,637.0,0
GACGCGTAGGAGTAGA-JHA710A1,JHA710A1,A1,2.7609471472242952,2,1,1,1,1,0,0,675.0,0
GACGCGTCACTGAAGG-JHA710A1,JHA710A1,A1,3.296125799840491,2,1,1,1,1,0,0,769.0,0
GACGCGTCACTTCTGC-JHA710A1,JHA710A1,A1,2.3816903809221937,2,1,1,1,1,0,0,1018.0,0
GACGCGTCAGAAGCAC-JHA710A1,JHA710A1,A1,2.7163023109465234,1,1,1,0,0,0,0,2124.0,0
GACGCGTCAGACGTAG-JHA710A1,JHA710A1,A1,1.946767782040986,2,1,1,1,1,0,0,1665.0,0
GACGCGTCATGTCTCC-JHA710A1,JHA710A1,A1,0.0,0,0,0,0,0,0,0,797.0,0
GACGCGTCATTCCTGC-JHA710A1,JHA710A1,A1,0.0,0,0,0,0,0,0,0,876.0,0
GACGCGTGTGACAAAT-JHA710A1,JHA710A1,A1,0.0,2,0,0,0,0,0,0,1010.0,0
GACGCGTGTGCACGAA-JHA710A1,JHA710A1,A1,7.720568290143819,3,1,1,1,1,1,1,1003.0,0
GACGCGTGTTCTGGTA-JHA710A1,JHA710A1,A1,0.0,0,0,0,0,0,0,0,926.0,0
GACGCGTTCACATACG-JHA710A1,JHA710A1,A1,0.0,0,0,0,0,0,0,0,508.0,0
GACGCGTTCTGGCGTG-JHA710A1,JHA710A1,A1,0.0,0,0,0,0,0,0,0,564.0,0
GACGGCTAGGCATGGT-JHA710A1,JHA710A1,A1,0.0,0,0,0,0,0,0,0,844.0,0
GACGGCTAGGTCGGAT-JHA710A1,JHA710A1,A1,1.8869339039614141,2,1,1,1,1,0,0,1786.0,0
GACGGCTCACCTGGTG-JHA710A1,JHA710A1,A1,1.821102051447286,2,1,1,1,1,0,0,1931.0,0
GACGGCTGTCGCGAAA-JHA710A1,JHA710A1,A1,2.805782629136551,2,1,1,1,1,0,0,1287.0,0
GACGGCTGTTCAGTAC-JHA710A1,JHA710A1,A1,0.0,2,0,0,0,0,0,0,2110.0,0
GACGGCTTCGACGGAA-JHA710A1,JHA710A1,A1,2.5054111488321564,2,1,1,1,1,0,0,889.0,0
GACGTGCAGTGGTAGC-JHA710A1,JHA710A1,A1,0.0,1,0,0,0,0,0,0,445.0,0
GACGTGCAGTGTTGAA-JHA710A1,JHA710A1,A1,8.130714617424411,1,1,1,0,0,0,1,583.0,0
GACGTGCCAATTGCTG-JHA710A1,JHA710A1,A1,0.0,1,0,0,0,0,0,0,1738.0,0
GACGTGCCACGAAACG-JHA710A1,JHA710A1,A1,0.0,1,0,0,0,0,0,0,484.0,0
GACGTGCCACGGCCAT-JHA710A1,JHA710A1,A1,7.883230941352158,2,1,1,1,1,0,1,875.0,0
GACGTGCCATGTAGTC-JHA710A1,JHA710A1,A1,0.0,1,0,0,0,0,0,0,510.0,0
GACGTGCGTAATCGTC-JHA710A1,JHA710A1,A1,0.0,1,0,0,0,0,0,0,1043.0,0
GACGTGCGTACCGTTA-JHA710A1,JHA710A1,A1,7.566907830602287,3,1,1,1,1,1,1,678.0,0
GACGTGCGTACCTACA-JHA710A1,JHA710A1,A1,7.4829162064543615,2,1,1,1,1,0,0,653.0,0
GACGTGCGTACTCGCG-JHA710A1,JHA710A1,A1,2.527386255885888,3,1,1,1,1,1,0,1736.0,0
GACGTGCTCACTTATC-JHA710A1,JHA710A1,A1,0.0,0,0,0,0,0,0,0,527.0,1
GACGTGCTCCAGAGGA-JHA710A1,JHA710A1,A1,0.0,1,0,0,0,0,0,0,1559.0,1
GACGTTAAGGCCATAG-JHA710A1,JHA710A1,A1,2.9385843826514155,0,1,0,0,0,0,0,559.0,0
GACGTTAGTAGTACCT-JHA710A1,JHA710A1,A1,0.0,0,0,0,0,0,0,0,581.0,0
GACGTTAGTATTCGTG-JHA710A1,JHA710A1,A1,2.3888536198814205,2,1,1,1,1,0,0,2020.0,0
GACGTTAGTCCTCCAT-JHA710A1,JHA710A1,A1,2.573111153835945,1,1,1,0,0,0,0,826.0,0
GACGTTATCAATACCG-JHA710A1,JHA710A1,A1,5.088385500715351,2,1,1,1,1,0,0,993.0,0
GACTAACAGAATGTGT-JHA710A1,JHA710A1,A1,2.4489698037752725,3,1,1,1,1,1,0,1891.0,0
GACTAACAGTACGTAA-JHA710A1,JHA710A1,A1,0.0,1,0,0,0,0,0,0,1251.0,0
GACTAACAGTGTACGG-JHA710A1,JHA710A1,A1,0.0,2,0,0,0,0,0,0,1357.0,0
GACTAACCAAGGTTCT-JHA710A1,JHA710A1,A1,1.9179810120486984,4,1,1,1,1,1,0,3444.0,1
GACTAACCAATCGAAA-JHA710A1,JHA710A1,A1,2.445113541849304,2,1,1,1,1,0,0,1899.0,0
GACTAACCATGTCGAT-JHA710A1,JHA710A1,A1,0.0,0,0,0,0,0,0,0,464.0,0
GACTAACTCCAGAGGA-JHA710A1,JHA710A1,A1,0.0,0,0,0,0,0,0,0,1304.0,0
GACTAACTCCAGGGCT-JHA710A1,JHA710A1,A1,0.0,0,0,0,0,0,0,0,479.0,0
GACTACAAGAAGGGTA-JHA710A1,JHA710A1,A1,8.2901938554535,2,1,1,1,1,0,1,610.0,0
GACTACAAGCCACTAT-JHA710A1,JHA710A1,A1,0.0,3,0,0,0,0,0,0,1105.0,0
GACTACAAGTGGGTTG-JHA710A1,JHA710A1,A1,7.0123842057237304,2,1,1,1,1,0,0,613.0,0
GACTACACAAAGCAAT-JHA710A1,JHA710A1,A1,5.5082804183621015,2,1,1,1,1,0,0,936.0,0
GACTACACACCAGCAC-JHA710A1,JHA710A1,A1,2.3493420473813797,1,1,1,0,0,0,0,1055.0,1
GACTACAGTCACTGGC-JHA710A1,JHA710A1,A1,1.6623488639622728,2,1,1,1,1,0,0,2341.0,0
GACTACAGTTAAGATG-JHA710A1,JHA710A1,A1,7.885382983932328,2,1,1,1,1,0,1,700.0,0
GACTACAGTTGTGGCC-JHA710A1,JHA710A1,A1,2.076733761713798,2,1,1,1,1,0,0,1433.0,0
GACTACATCATCGCTC-JHA710A1,JHA710A1,A1,0.0,1,0,0,0,0,0,0,1606.0,0
GACTACATCCAGTATG-JHA710A1,JHA710A1,A1,2.7920196923347667,1,1,1,0,0,0,0,653.0,0
GACTACATCTGTCCGT-JHA710A1,JHA710A1,A1,0.0,2,0,0,0,0,0,0,1445.0,0
GACTGCGAGTTAGCGG-JHA710A1,JHA710A1,A1,0.0,0,0,0,0,0,0,0,472.0,0
GACTGCGCACTAGTAC-JHA710A1,JHA710A1,A1,2.9352023442237782,1,1,1,0,0,0,0,561.0,1
GACTGCGCACTGCCAG-JHA710A1,JHA710A1,A1,0.0,2,0,0,0,0,0,0,1332.0,0
GACTGCGTCAATACCG-JHA710A1,JHA710A1,A1,0.0,2,0,0,0,0,0,0,494.0,0
GACTGCGTCAGCTTAG-JHA710A1,JHA710A1,A1,2.419070801644534,2,1,1,1,1,0,0,977.0,0
GAGCAGAAGCTGAAAT-JHA710A1,JHA710A1,A1,0.0,1,0,0,0,0,0,0,822.0,1
GAGCAGACACCCATGG-JHA710A1,JHA710A1,A1,2.7963428082478883,1,1,1,0,0,0,0,650.0,0
GAGCAGACATACTCTT-JHA710A1,JHA710A1,A1,2.141611792985455,3,1,1,1,1,1,0,2662.0,0
GAGCAGAGTAGAAAGG-JHA710A1,JHA710A1,A1,2.6417543784484607,3,1,1,1,1,1,0,767.0,0
GAGCAGAGTTAAGAAC-JHA710A1,JHA710A1,A1,0.0,0,0,0,0,0,0,0,440.0,0
GAGCAGAGTTCCACGG-JHA710A1,JHA710A1,A1,0.0,0,0,0,0,0,0,0,577.0,1
GAGCAGAGTTTGGCGC-JHA710A1,JHA710A1,A1,0.0,1,0,0,0,0,0,0,534.0,0
GAGGTGAAGCGAGAAA-JHA710A1,JHA710A1,A1,0.0,3,0,0,0,0,0,0,464.0,0
GAGGTGACATCTCCCA-JHA710A1,JHA710A1,A1,0.0,1,0,0,0,0,0,0,700.0,0
GAGGTGAGTGAAATCA-JHA710A1,JHA710A1,A1,2.3290167382625384,2,1,1,1,1,0,0,1079.0,0
GAGGTGAGTGCATCTA-JHA710A1,JHA710A1,A1,1.9169908506071447,1,1,1,0,0,0,0,1724.0,0
GAGGTGAGTGCGCTTG-JHA710A1,JHA710A1,A1,7.809437868830944,3,1,1,1,1,1,1,1275.0,0
GAGGTGAGTTATGTGC-JHA710A1,JHA710A1,A1,8.074452571738734,3,1,1,1,1,1,1,1003.0,0
GAGGTGATCACAGTAC-JHA710A1,JHA710A1,A1,0.0,2,0,0,0,0,0,0,972.0,0
GAGGTGATCCAAAGTC-JHA710A1,JHA710A1,A1,3.0127054000115994,0,1,0,0,0,0,0,517.0,1
GAGGTGATCCACTGGG-JHA710A1,JHA710A1,A1,1.8686359473435419,2,1,1,1,1,0,0,1825.0,0
GAGGTGATCCCATTAT-JHA710A1,JHA710A1,A1,0.0,2,0,0,0,0,0,0,518.0,0
GAGGTGATCGCACTCT-JHA710A1,JHA710A1,A1,1.734546155580242,3,1,1,1,1,1,0,2143.0,0
GAGGTGATCGTCACGG-JHA710A1,JHA710A1,A1,0.0,1,0,0,0,0,0,0,460.0,0
GAGTCCGAGAAGCCCA-JHA710A1,JHA710A1,A1,2.070653909543844,1,1,1,0,0,0,0,1443.0,0
GAGTCCGAGCGCTCCA-JHA710A1,JHA710A1,A1,1.9639536642492483,1,1,1,0,0,0,0,1632.0,0
GAGTCCGCAGCTATTG-JHA710A1,JHA710A1,A1,2.5832351547702865,2,1,1,1,1,0,0,1634.0,0
GAGTCCGGTAAGAGAG-JHA710A1,JHA710A1,A1,0.0,1,0,0,0,0,0,0,658.0,1
GAGTCCGGTACAAGTA-JHA710A1,JHA710A1,A1,0.0,0,0,0,0,0,0,0,681.0,0
GAGTCCGGTCCTGCTT-JHA710A1,JHA710A1,A1,0.0,3,0,0,0,0,0,0,623.0,0
GAGTCCGTCAGCTCTC-JHA710A1,JHA710A1,A1,2.9118779631171283,1,1,1,0,0,0,0,1150.0,0
GAGTCCGTCTACCTGC-JHA710A1,JHA710A1,A1,6.9523470603271456,1,1,1,0,0,0,0,852.0,0
GATCAGTAGAAGGTGA-JHA710A1,JHA710A1,A1,0.0,0,0,0,0,0,0,0,1176.0,0
GATCAGTAGCTAACAA-JHA710A1,JHA710A1,A1,0.0,1,0,0,0,0,0,0,465.0,0
GATCAGTAGGATGCGT-JHA710A1,JHA710A1,A1,2.389753378716794,1,1,1,0,0,0,0,1009.0,0
GATCAGTCATCCGTGG-JHA710A1,JHA710A1,A1,0.0,2,0,0,0,0,0,0,540.0,0
GATCAGTGTAAATGAC-JHA710A1,JHA710A1,A1,3.746245980775645,3,1,1,1,1,1,0,3143.0,0
GATCAGTTCACAAACC-JHA710A1,JHA710A1,A1,2.869585646398805,2,1,1,1,1,0,0,1804.0,0
GATCAGTTCACATGCA-JHA710A1,JHA710A1,A1,2.5929074615809458,2,1,1,1,1,0,0,1617.0,0
GATCGATAGAGGGATA-JHA710A1,JHA710A1,A1,2.4303355595130025,2,1,1,1,1,0,0,965.0,0
GATCGATAGCCACTAT-JHA710A1,JHA710A1,A1,0.0,1,0,0,0,0,0,0,631.0,0
GATCGATAGCCTTGAT-JHA710A1,JHA710A1,A1,0.0,1,0,0,0,0,0,0,742.0,0
GATCGATCACTGTTAG-JHA710A1,JHA710A1,A1,2.8476355305594407,2,1,1,1,1,0,0,1231.0,0
GATCGATCAGCCTTGG-JHA710A1,JHA710A1,A1,6.118261135389138,2,1,1,1,1,0,0,618.0,0
GATCGATGTGTGTGCC-JHA710A1,JHA710A1,A1,0.0,2,0,0,0,0,0,0,468.0,0
GATCGATTCTTGGGTA-JHA710A1,JHA710A1,A1,6.6324989199975155,2,1,1,1,1,0,0,567.0,0
GATCGCGAGCCAGTTT-JHA710A1,JHA710A1,A1,1.8338004890994617,1,1,1,0,0,0,0,1902.0,0
GATCGCGCAGGAATCG-JHA710A1,JHA710A1,A1,0.0,2,0,0,0,0,0,0,1752.0,0
GATCGCGGTTTACTCT-JHA710A1,JHA710A1,A1,3.046429197763423,0,1,0,0,0,0,0,499.0,0
GATCGCGTCGGAATCT-JHA710A1,JHA710A1,A1,0.0,1,0,0,0,0,0,0,1159.0,0
GATCGTAAGAGGACGG-JHA710A1,JHA710A1,A1,5.925563936780431,2,1,1,1,1,0,0,2731.0,0
GATCGTAAGCGTGTCC-JHA710A1,JHA710A1,A1,0.0,0,0,0,0,0,0,0,565.0,0
GATCGTAAGTGGACGT-JHA710A1,JHA710A1,A1,2.7349661550018722,1,1,1,0,0,0,0,694.0,0
GATCGTAGTCAACATC-JHA710A1,JHA710A1,A1,0.0,0,0,0,0,0,0,0,783.0,0
GATCGTAGTCTCATCC-JHA710A1,JHA710A1,A1,1.5474759187470133,1,1,1,0,0,0,0,2703.0,0
GATCGTAGTGAAGGCT-JHA710A1,JHA710A1,A1,2.670061703369982,1,1,1,0,0,0,0,744.0,0
GATCGTATCAAACCGT-JHA710A1,JHA710A1,A1,6.505808266609515,1,1,1,0,0,0,0,494.0,0
GATCTAGCAGAAGCAC-JHA710A1,JHA710A1,A1,0.0,1,0,0,0,0,0,0,441.0,0
GATCTAGCATCTATGG-JHA710A1,JHA710A1,A1,2.005086356847789,1,1,1,0,0,0,0,1556.0,0
GATGAAACAAGAGGCT-JHA710A1,JHA710A1,A1,7.534688363226708,1,1,1,0,0,0,1,604.0,0
GATGAAACAAGTCTGT-JHA710A1,JHA710A1,A1,7.011406773164749,3,1,1,1,1,1,0,767.0,0
GATGAAACAGCGAACA-JHA710A1,JHA710A1,A1,0.0,0,0,0,0,0,0,0,438.0,0
GATGAAACATCCGTGG-JHA710A1,JHA710A1,A1,0.0,2,0,0,0,0,0,0,639.0,0
GATGAAAGTATTAGCC-JHA710A1,JHA710A1,A1,2.0785670335349034,3,1,1,1,1,1,0,1430.0,0
GATGAAAGTGAGTGAC-JHA710A1,JHA710A1,A1,0.0,3,0,0,0,0,0,0,932.0,1
GATGAAATCGTATCAG-JHA710A1,JHA710A1,A1,7.29929782955429,2,1,1,1,1,0,0,805.0,0
GATGAAATCTATGTGG-JHA710A1,JHA710A1,A1,0.0,2,0,0,0,0,0,0,769.0,0
GATGAGGAGAAACCTA-JHA710A1,JHA710A1,A1,2.8079754114663533,2,1,1,1,1,0,0,642.0,0
GATGAGGAGATAGCAT-JHA710A1,JHA710A1,A1,0.0,2,0,0,0,0,0,0,718.0,0
GATGAGGCACCATGTA-JHA710A1,JHA710A1,A1,0.0,2,0,0,0,0,0,0,1476.0,0
GATGAGGCATTTCAGG-JHA710A1,JHA710A1,A1,1.4023311859010323,2,1,1,1,1,0,0,3263.0,0
GATGAGGGTAAGAGAG-JHA710A1,JHA710A1,A1,0.0,1,0,0,0,0,0,0,1407.0,0
GATGAGGGTCAGAAGC-JHA710A1,JHA710A1,A1,0.0,1,0,0,0,0,0,0,534.0,0
GATGAGGGTGTTCTTT-JHA710A1,JHA710A1,A1,0.0,2,0,0,0,0,0,0,1326.0,0
GATGAGGGTTCAACCA-JHA710A1,JHA710A1,A1,5.400820863635825,2,1,1,1,1,0,0,816.0,0
GATGAGGGTTCCACGG-JHA710A1,JHA710A1,A1,0.0,0,0,0,0,0,0,0,567.0,0
GATGAGGTCACCTCGT-JHA710A1,JHA710A1,A1,1.6964121692099134,1,1,1,0,0,0,0,2245.0,0
GATGAGGTCAGATAAG-JHA710A1,JHA710A1,A1,0.0,1,0,0,0,0,0,0,446.0,0
GATGAGGTCCCAAGAT-JHA710A1,JHA710A1,A1,8.27373137906408,2,1,1,1,1,0,1,1817.0,0
GATGAGGTCGATGAGG-JHA710A1,JHA710A1,A1,1.8167745523643744,1,1,1,0,0,0,0,1941.0,0
GATGAGGTCTCCTATA-JHA710A1,JHA710A1,A1,2.8576397087493746,0,1,0,0,0,0,0,609.0,0
GATGCTAAGCTAGGCA-JHA710A1,JHA710A1,A1,0.0,2,0,0,0,0,0,0,1742.0,0
GATGCTAAGGCAATTA-JHA710A1,JHA710A1,A1,3.3423362108728525,2,1,1,1,1,0,0,733.0,0
GATGCTACATCATCCC-JHA710A1,JHA710A1,A1,0.0,0,0,0,0,0,0,0,445.0,0
GATGCTAGTAAATGAC-JHA710A1,JHA710A1,A1,1.5883364287440043,2,1,1,1,1,0,0,2567.0,0
GATGCTAGTCAAAGCG-JHA710A1,JHA710A1,A1,7.160060259370559,2,1,1,1,1,0,0,521.0,0
GATGCTATCCTAGAAC-JHA710A1,JHA710A1,A1,0.0,1,0,0,0,0,0,0,508.0,1
GATGCTATCTGGGCCA-JHA710A1,JHA710A1,A1,2.3149174944867066,2,1,1,1,1,0,0,1096.0,0
GATTCAGAGACAAGCC-JHA710A1,JHA710A1,A1,0.0,0,0,0,0,0,0,0,465.0,0
GATTCAGTCACGACTA-JHA710A1,JHA710A1,A1,0.0,1,0,0,0,0,0,0,671.0,0
GCAAACTAGTATGACA-JHA710A1,JHA710A1,A1,2.99321150297799,2,1,1,1,1,0,0,3694.0,0
GCAAACTGTCAACTGT-JHA710A1,JHA710A1,A1,7.661782166253187,2,1,1,1,1,0,1,546.0,0
GCAAACTGTCCTCCAT-JHA710A1,JHA710A1,A1,0.0,2,0,0,0,0,0,0,785.0,0
GCAAACTGTTAAGGGC-JHA710A1,JHA710A1,A1,0.0,2,0,0,0,0,0,0,2844.0,0
GCAAACTTCAAGAAGT-JHA710A1,JHA710A1,A1,0.0,0,0,0,0,0,0,0,551.0,1
GCAAACTTCGAATGGG-JHA710A1,JHA710A1,A1,0.0,2,0,0,0,0,0,0,763.0,0
GCAATCAAGACATAAC-JHA710A1,JHA710A1,A1,0.0,2,0,0,0,0,0,0,1726.0,0
GCAATCAAGCTCTCGG-JHA710A1,JHA710A1,A1,2.2639159518348917,2,1,1,1,1,0,0,1160.0,0
GCAATCAAGGAGCGAG-JHA710A1,JHA710A1,A1,0.0,2,0,0,0,0,0,0,565.0,0
GCAATCACAGGTCCAC-JHA710A1,JHA710A1,A1,2.3790200045268763,2,1,1,1,1,0,0,1021.0,0
GCAATCAGTATCGCAT-JHA710A1,JHA710A1,A1,7.543163411017712,2,1,1,1,1,0,1,530.0,0
GCAATCAGTGTTTGTG-JHA710A1,JHA710A1,A1,0.0,2,0,0,0,0,0,0,1026.0,0
GCAATCAGTTACAGAA-JHA710A1,JHA710A1,A1,0.0,3,0,0,0,0,0,0,1618.0,0
GCAATCAGTTCACCTC-JHA710A1,JHA710A1,A1,2.833213344056216,0,1,0,0,0,0,0,625.0,0
GCAATCATCCGCATCT-JHA710A1,JHA710A1,A1,2.786288213736346,0,1,0,0,0,0,0,657.0,0
GCAATCATCCTCCTAG-JHA710A1,JHA710A1,A1,0.0,0,0,0,0,0,0,0,516.0,0
GCAATCATCGTGACAT-JHA710A1,JHA710A1,A1,0.0,2,0,0,0,0,0,0,1900.0,1
GCAATCATCGTTTGCC-JHA710A1,JHA710A1,A1,0.0,0,0,0,0,0,0,0,1503.0,0
GCAATCATCTTAGAGC-JHA710A1,JHA710A1,A1,3.235537226422704,2,1,1,1,1,0,0,819.0,0
GCACATAAGGCGATAC-JHA710A1,JHA710A1,A1,0.0,2,0,0,0,0,0,0,1674.0,0
GCACATACAAAGGCGT-JHA710A1,JHA710A1,A1,0.0,2,0,0,0,0,0,0,1076.0,0
GCACATACACGGATAG-JHA710A1,JHA710A1,A1,8.190847809754763,2,1,1,1,1,0,1,1475.0,0
GCACATAGTACGAAAT-JHA710A1,JHA710A1,A1,8.178029978312901,3,1,1,1,1,1,1,1348.0,0
GCACATATCTTGACGA-JHA710A1,JHA710A1,A1,0.0,2,0,0,0,0,0,0,1091.0,0
GCACATATCTTGTTTG-JHA710A1,JHA710A1,A1,0.0,1,0,0,0,0,0,0,1315.0,0
GCACTCTAGCTAGGCA-JHA710A1,JHA710A1,A1,3.140866446808272,2,1,1,1,1,0,0,452.0,0
GCACTCTAGTAACCCT-JHA710A1,JHA710A1,A1,0.0,2,0,0,0,0,0,0,2102.0,0
GCACTCTAGTACGTTC-JHA710A1,JHA710A1,A1,4.144907776501419,2,1,1,1,1,0,0,805.0,0
GCACTCTAGTAGGCCA-JHA710A1,JHA710A1,A1,0.0,2,0,0,0,0,0,0,799.0,0
GCACTCTCAACGATCT-JHA710A1,JHA710A1,A1,3.138752172049673,0,1,0,0,0,0,0,453.0,0
GCACTCTCAGCCTGTG-JHA710A1,JHA710A1,A1,2.4982106154143633,2,1,1,1,1,0,0,896.0,0
GCACTCTTCAACACTG-JHA710A1,JHA710A1,A1,2.915173144017787,2,1,1,1,1,0,0,573.0,0
GCACTCTTCCGCAGTG-JHA710A1,JHA710A1,A1,2.859188830459477,1,1,1,0,0,0,0,608.0,0
GCACTCTTCCGCGGTA-JHA710A1,JHA710A1,A1,0.0,1,0,0,0,0,0,0,822.0,1
GCACTCTTCTCTAAGG-JHA710A1,JHA710A1,A1,7.8469822555269495,3,1,1,1,1,1,1,614.0,0
GCACTCTTCTGCAGTA-JHA710A1,JHA710A1,A1,0.0,2,0,0,0,0,0,0,555.0,0
GCAGCCAAGACCACGA-JHA710A1,JHA710A1,A1,2.7340683396135574,2,1,1,1,1,0,0,2084.0,0
GCAGCCAAGATAGGAG-JHA710A1,JHA710A1,A1,0.0,2,0,0,0,0,0,0,1039.0,0
GCAGCCAAGTGGAGAA-JHA710A1,JHA710A1,A1,0.0,1,0,0,0,0,0,0,1195.0,0
GCAGCCACAATCTGCA-JHA710A1,JHA710A1,A1,2.042117084492895,3,1,1,1,1,1,0,1491.0,0
GCAGCCACACCTCGGA-JHA710A1,JHA710A1,A1,0.0,0,0,0,0,0,0,0,982.0,0
GCAGCCAGTAGGCATG-JHA710A1,JHA710A1,A1,0.0,1,0,0,0,0,0,0,445.0,0
GCAGCCAGTCCGAAGA-JHA710A1,JHA710A1,A1,0.0,2,0,0,0,0,0,0,1007.0,0
GCAGCCATCCATGCTC-JHA710A1,JHA710A1,A1,0.0,2,0,0,0,0,0,0,1675.0,0
GCAGCCATCTGCTGCT-JHA710A1,JHA710A1,A1,7.808043791190406,2,1,1,1,1,0,1,553.0,0
GCAGTTAAGAATAGGG-JHA710A1,JHA710A1,A1,7.165320094806659,2,1,1,1,1,0,0,526.0,0
GCAGTTACACCGTTGG-JHA710A1,JHA710A1,A1,0.0,0,0,0,0,0,0,0,446.0,1
GCAGTTACAGCTATTG-JHA710A1,JHA710A1,A1,2.0179858913541247,0,1,0,0,0,0,0,1533.0,0
GCAGTTATCAAACGGG-JHA710A1,JHA710A1,A1,0.0,1,0,0,0,0,0,0,789.0,0
GCAGTTATCCGCTGTT-JHA710A1,JHA710A1,A1,0.0,1,0,0,0,0,0,0,1140.0,0
GCAGTTATCTGCAAGT-JHA710A1,JHA710A1,A1,2.9335160833731875,1,1,1,0,0,0,0,562.0,1
GCATACACAGCTTCGG-JHA710A1,JHA710A1,A1,0.0,2,0,0,0,0,0,0,881.0,0
GCATACACATTAGCCA-JHA710A1,JHA710A1,A1,0.0,2,0,0,0,0,0,0,1165.0,0
GCATGATCAAGCGATG-JHA710A1,JHA710A1,A1,0.0,2,0,0,0,0,0,0,1307.0,0
GCATGATGTCTACCTC-JHA710A1,JHA710A1,A1,0.0,2,0,0,0,0,0,0,993.0,0
GCATGATTCGGTTAAC-JHA710A1,JHA710A1,A1,7.751980491550283,2,1,1,1,1,0,1,572.0,0
GCATGCGAGCGCCTTG-JHA710A1,JHA710A1,A1,0.0,0,0,0,0,0,0,0,546.0,1
GCATGCGAGCTTTGGT-JHA710A1,JHA710A1,A1,1.708521991212543,1,1,1,0,0,0,0,2212.0,0
GCATGCGAGTGGCACA-JHA710A1,JHA710A1,A1,0.0,1,0,0,0,0,0,0,537.0,0
GCATGTACAACGATGG-JHA710A1,JHA710A1,A1,0.0,2,0,0,0,0,0,0,1052.0,0
GCATGTACAATGGACG-JHA710A1,JHA710A1,A1,0.0,2,0,0,0,0,0,0,739.0,0
GCATGTACACTGAAGG-JHA710A1,JHA710A1,A1,2.083476988861622,3,1,1,1,1,1,0,1422.0,0
GCATGTATCCAGTATG-JHA710A1,JHA710A1,A1,1.7984574179121826,2,1,1,1,1,0,0,1984.0,0
GCCAAATAGAGGTAGA-JHA710A1,JHA710A1,A1,2.819762739627058,2,1,1,1,1,0,0,1268.0,0
GCCAAATAGTGGAGAA-JHA710A1,JHA710A1,A1,0.0,2,0,0,0,0,0,0,547.0,0
GCCAAATCAAGAAGAG-JHA710A1,JHA710A1,A1,1.8485264306009423,2,1,1,1,1,0,0,1869.0,1
GCCAAATCAAGGTTCT-JHA710A1,JHA710A1,A1,0.0,1,0,0,0,0,0,0,1283.0,0
GCCAAATGTCACACGC-JHA710A1,JHA710A1,A1,2.2858378638826533,2,1,1,1,1,0,0,1132.0,0
GCCAAATGTGATAAGT-JHA710A1,JHA710A1,A1,8.01662319415088,3,1,1,1,1,1,1,802.0,0
GCCTCTAAGAGACTTA-JHA710A1,JHA710A1,A1,2.6999676598885665,2,1,1,1,1,0,0,1441.0,0
GCCTCTAAGTCCATAC-JHA710A1,JHA710A1,A1,2.1422751328062524,2,1,1,1,1,0,0,1330.0,0
GCCTCTAAGTTCGATC-JHA710A1,JHA710A1,A1,2.3605642405306777,4,1,1,1,1,1,0,2084.0,0
GCCTCTACATAGAAAC-JHA710A1,JHA710A1,A1,0.0,0,0,0,0,0,0,0,488.0,0
GCCTCTACATCGACGC-JHA710A1,JHA710A1,A1,0.0,1,0,0,0,0,0,0,1500.0,0
GCCTCTATCGCTAGCG-JHA710A1,JHA710A1,A1,2.387057016415087,2,1,1,1,1,0,0,1012.0,0
GCCTCTATCTTATCTG-JHA710A1,JHA710A1,A1,2.525268768466626,1,1,1,0,0,0,0,870.0,0
GCGACCACAATCCGAT-JHA710A1,JHA710A1,A1,0.0,0,0,0,0,0,0,0,2004.0,0
GCGACCATCTGCTGTC-JHA710A1,JHA710A1,A1,0.0,3,0,0,0,0,0,0,1019.0,0
GCGAGAAAGCAATCTC-JHA710A1,JHA710A1,A1,1.670707176509108,2,1,1,1,1,0,0,2317.0,0
GCGAGAAAGCACCGTC-JHA710A1,JHA710A1,A1,3.2078064814398153,3,1,1,1,1,1,0,843.0,0
GCGAGAAAGTGAAGTT-JHA710A1,JHA710A1,A1,0.0,1,0,0,0,0,0,0,634.0,0
GCGAGAACAATGTTGC-JHA710A1,JHA710A1,A1,2.05328726355058,3,1,1,1,1,1,0,1472.0,0
GCGAGAACACAGACAG-JHA710A1,JHA710A1,A1,0.0,2,0,0,0,0,0,0,1819.0,0
GCGAGAACACAGGTTT-JHA710A1,JHA710A1,A1,0.0,1,0,0,0,0,0,0,1289.0,0
GCGAGAACATGAACCT-JHA710A1,JHA710A1,A1,2.571993598287207,1,1,1,0,0,0,0,827.0,0
GCGAGAAGTTGGAGGT-JHA710A1,JHA710A1,A1,0.0,2,0,0,0,0,0,0,752.0,0
GCGAGAATCGTAGGAG-JHA710A1,JHA710A1,A1,1.7976167364130127,1,1,1,0,0,0,0,1986.0,0
GCGCAACAGCTCAACT-JHA710A1,JHA710A1,A1,0.0,1,0,0,0,0,0,0,848.0,0
GCGCAACCATGATCCA-JHA710A1,JHA710A1,A1,6.624423436553317,2,1,1,1,1,0,0,771.0,0
GCGCAACGTGCGATAG-JHA710A1,JHA710A1,A1,7.7987885799166685,3,1,1,1,1,1,1,513.0,0
GCGCAACTCAGTGCAT-JHA710A1,JHA710A1,A1,0.0,2,0,0,0,0,0,0,1218.0,0
GCGCAACTCTCTGTCG-JHA710A1,JHA710A1,A1,0.0,2,0,0,0,0,0,0,1557.0,0
GCGCAGTAGACAATAC-JHA710A1,JHA710A1,A1,0.0,2,0,0,0,0,0,0,1004.0,0
GCGCAGTAGATCACGG-JHA710A1,JHA710A1,A1,7.919855590331741,3,1,1,1,1,1,1,669.0,0
GCGCAGTAGCAGCCTC-JHA710A1,JHA710A1,A1,0.0,1,0,0,0,0,0,0,754.0,1
GCGCAGTAGGTAAACT-JHA710A1,JHA710A1,A1,0.0,3,0,0,0,0,0,0,4726.0,0
GCGCAGTGTCGCTTTC-JHA710A1,JHA710A1,A1,0.0,1,0,0,0,0,0,0,466.0,0
GCGCAGTGTTTGGCGC-JHA710A1,JHA710A1,A1,5.880104048132251,2,1,1,1,1,0,0,1205.0,0
GCGCAGTTCTGAGGGA-JHA710A1,JHA710A1,A1,4.134269072710809,1,1,1,0,0,0,0,651.0,0
GCGCCAAAGAGATGAG-JHA710A1,JHA710A1,A1,2.5337704679310975,1,1,1,0,0,0,0,862.0,0
GCGCCAAGTTCCGGCA-JHA710A1,JHA710A1,A1,2.2306215105112326,2,1,1,1,1,0,0,2408.0,0
GCGCCAATCTATCGCC-JHA710A1,JHA710A1,A1,2.1142439984164736,2,1,1,1,1,0,0,1373.0,0
GCGCGATCATCGATTG-JHA710A1,JHA710A1,A1,1.983159712031792,2,1,1,1,1,0,0,1596.0,0
GCGCGATCATGTAAGA-JHA710A1,JHA710A1,A1,2.701911788970473,2,1,1,1,1,0,0,719.0,0
GCGCGATGTCGCGGTT-JHA710A1,JHA710A1,A1,0.0,1,0,0,0,0,0,0,493.0,0
GCGCGATGTCGCTTTC-JHA710A1,JHA710A1,A1,0.0,1,0,0,0,0,0,0,650.0,0
GCGCGATGTTGGTAAA-JHA710A1,JHA710A1,A1,0.0,2,0,0,0,0,0,0,652.0,0
GCGCGATTCACGACTA-JHA710A1,JHA710A1,A1,3.2882286201102224,2,1,1,1,1,0,0,1163.0,0
GCGCGATTCGTCACGG-JHA710A1,JHA710A1,A1,7.345440470101556,1,1,1,0,0,0,0,478.0,0
GCGGGTTAGACTACAA-JHA710A1,JHA710A1,A1,0.0,1,0,0,0,0,0,0,570.0,0
GCGGGTTAGATCGATA-JHA710A1,JHA710A1,A1,0.0,2,0,0,0,0,0,0,874.0,0
GCGGGTTAGTCATGCT-JHA710A1,JHA710A1,A1,3.132438445789672,2,1,1,1,1,0,0,456.0,0
GCGGGTTCAATCTGCA-JHA710A1,JHA710A1,A1,7.09322462644626,2,1,1,1,1,0,0,1006.0,0
GCGGGTTCATCACCCT-JHA710A1,JHA710A1,A1,3.3690353810412272,1,1,1,0,0,0,0,713.0,0
GCGGGTTCATGCATGT-JHA710A1,JHA710A1,A1,0.0,1,0,0,0,0,0,0,1051.0,0
GCGGGTTTCCTCCTAG-JHA710A1,JHA710A1,A1,2.138303427273925,2,1,1,1,1,0,0,1336.0,0
GCGGGTTTCTTGAGGT-JHA710A1,JHA710A1,A1,2.172715691922316,0,1,0,0,0,0,0,1285.0,0
GCTCCTAAGATATGCA-JHA710A1,JHA710A1,A1,5.933962106001726,2,1,1,1,1,0,0,1062.0,0
GCTCCTAAGCTGCGAA-JHA710A1,JHA710A1,A1,0.0,1,0,0,0,0,0,0,641.0,1
GCTCCTAAGTGCCAGA-JHA710A1,JHA710A1,A1,0.0,1,0,0,0,0,0,0,688.0,0
GCTCCTAGTTCTGTTT-JHA710A1,JHA710A1,A1,3.684016904791048,3,1,1,1,1,1,0,3350.0,0
GCTCCTATCCAACCAA-JHA710A1,JHA710A1,A1,0.0,2,0,0,0,0,0,0,1013.0,0
GCTCCTATCCGTAGTA-JHA710A1,JHA710A1,A1,7.714524687455145,3,1,1,1,1,1,1,701.0,0
GCTCCTATCTGTGCAA-JHA710A1,JHA710A1,A1,0.0,3,0,0,0,0,0,0,2784.0,0
GCTCTGTAGGACTGGT-JHA710A1,JHA710A1,A1,5.671512984273061,2,1,1,1,1,0,0,1140.0,0
GCTCTGTGTCGCATCG-JHA710A1,JHA710A1,A1,0.0,1,0,0,0,0,0,0,1202.0,0
GCTCTGTGTCTAACGT-JHA710A1,JHA710A1,A1,0.0,2,0,0,0,0,0,0,1518.0,0
GCTCTGTTCACTTACT-JHA710A1,JHA710A1,A1,0.0,2,0,0,0,0,0,0,907.0,0
GCTGCAGAGACAGACC-JHA710A1,JHA710A1,A1,0.0,0,0,0,0,0,0,0,519.0,0
GCTGCAGAGATACACA-JHA710A1,JHA710A1,A1,3.924500665897065,2,1,1,1,1,0,0,3224.0,0
GCTGCAGCAGCTGTTA-JHA710A1,JHA710A1,A1,0.0,1,0,0,0,0,0,0,617.0,1
GCTGCAGTCTACCTGC-JHA710A1,JHA710A1,A1,5.0620802650450045,2,1,1,1,1,0,0,701.0,0
GCTGCGAAGCTAGCCC-JHA710A1,JHA710A1,A1,0.0,2,0,0,0,0,0,0,1523.0,0
GCTGCGAAGGCTCAGA-JHA710A1,JHA710A1,A1,2.4097979952673994,3,1,1,1,1,1,0,987.0,0
GCTGCGACACATGACT-JHA710A1,JHA710A1,A1,7.587423131318376,2,1,1,1,1,0,1,720.0,0
GCTGCGACAGACAAGC-JHA710A1,JHA710A1,A1,2.651496115198279,2,1,1,1,1,0,0,759.0,0
GCTGCGATCGGTTAAC-JHA710A1,JHA710A1,A1,1.5527394650904172,2,1,1,1,1,0,0,2685.0,0
GCTGCGATCTAACGGT-JHA710A1,JHA710A1,A1,7.537254145839336,3,1,1,1,1,1,1,933.0,0
GCTGCTTAGAAGCCCA-JHA710A1,JHA710A1,A1,4.4576887594568655,2,1,1,1,1,0,0,469.0,0
GCTGCTTAGCGCCTTG-JHA710A1,JHA710A1,A1,0.0,0,0,0,0,0,0,0,747.0,0
GCTGCTTCACAAGACG-JHA710A1,JHA710A1,A1,0.0,2,0,0,0,0,0,0,1802.0,0
GCTGCTTTCACCGTAA-JHA710A1,JHA710A1,A1,0.0,3,0,0,0,0,0,0,1541.0,0
GCTGCTTTCATGTAGC-JHA710A1,JHA710A1,A1,0.0,2,0,0,0,0,0,0,675.0,0
GCTGCTTTCTCTAGGA-JHA710A1,JHA710A1,A1,3.1644507668432644,2,1,1,1,1,0,0,441.0,0
GCTGCTTTCTGCTTGC-JHA710A1,JHA710A1,A1,0.0,1,0,0,0,0,0,0,1286.0,0
GCTGGGTAGAAGATTC-JHA710A1,JHA710A1,A1,6.22343402366363,2,1,1,1,1,0,0,874.0,0
GCTGGGTCATGCAATC-JHA710A1,JHA710A1,A1,2.73698960203957,2,1,1,1,1,0,0,1385.0,0
GCTGGGTTCGGAATCT-JHA710A1,JHA710A1,A1,0.0,2,0,0,0,0,0,0,1246.0,0
GCTTCCAAGCGTCTAT-JHA710A1,JHA710A1,A1,0.0,1,0,0,0,0,0,0,571.0,0
GCTTCCAAGGACTGGT-JHA710A1,JHA710A1,A1,0.0,0,0,0,0,0,0,0,465.0,0
GCTTCCAAGGCAGTCA-JHA710A1,JHA710A1,A1,0.0,2,0,0,0,0,0,0,1050.0,1
GCTTCCAAGTACGCGA-JHA710A1,JHA710A1,A1,0.0,0,0,0,0,0,0,0,804.0,0
GCTTCCAGTACATGTC-JHA710A1,JHA710A1,A1,0.0,1,0,0,0,0,0,0,1079.0,0
GCTTCCAGTTGGACCC-JHA710A1,JHA710A1,A1,2.1369839541960753,1,1,1,0,0,0,0,1338.0,0
GCTTCCATCGCAAACT-JHA710A1,JHA710A1,A1,0.0,1,0,0,0,0,0,0,1090.0,0
GCTTGAAAGTAGTGCG-JHA710A1,JHA710A1,A1,7.502959165895719,2,1,1,1,1,0,0,629.0,0
GCTTGAACACACCGCA-JHA710A1,JHA710A1,A1,2.5337704679310975,0,1,0,0,0,0,0,862.0,0
GCTTGAACAGCCAGAA-JHA710A1,JHA710A1,A1,0.0,0,0,0,0,0,0,0,522.0,0
GCTTGAACAGTCGATT-JHA710A1,JHA710A1,A1,7.663176150695375,2,1,1,1,1,0,1,1396.0,0
GCTTGAATCCAAATGC-JHA710A1,JHA710A1,A1,0.0,1,0,0,0,0,0,0,633.0,0
GCTTGAATCGCGATCG-JHA710A1,JHA710A1,A1,1.9978906332958561,2,1,1,1,1,0,0,1569.0,1
GCTTGAATCTTGCAAG-JHA710A1,JHA710A1,A1,0.0,0,0,0,0,0,0,0,444.0,0
GGAAAGCAGCACACAG-JHA710A1,JHA710A1,A1,6.972206706163205,3,1,1,1,1,1,0,1220.0,0
GGAAAGCCAGCAGTTT-JHA710A1,JHA710A1,A1,0.0,1,0,0,0,0,0,0,866.0,1
GGAAAGCCATTTCACT-JHA710A1,JHA710A1,A1,3.5707239397695534,1,1,1,0,0,0,0,1158.0,0
GGAAAGCTCACATGCA-JHA710A1,JHA710A1,A1,0.0,2,0,0,0,0,0,0,707.0,0
GGAAAGCTCAGTTTGG-JHA710A1,JHA710A1,A1,0.0,1,0,0,0,0,0,0,1222.0,0
GGAACTTTCATGGTCA-JHA710A1,JHA710A1,A1,0.0,2,0,0,0,0,0,0,1682.0,1
GGAACTTTCTCCAACC-JHA710A1,JHA710A1,A1,0.0,2,0,0,0,0,0,0,475.0,0
GGAATAAAGACTCGGA-JHA710A1,JHA710A1,A1,0.0,2,0,0,0,0,0,0,949.0,0
GGAATAAAGATGCCAG-JHA710A1,JHA710A1,A1,4.886556652957003,2,1,1,1,1,0,0,1597.0,0
GGAATAAAGGGCATGT-JHA710A1,JHA710A1,A1,7.867328486611816,2,1,1,1,1,0,1,981.0,0
GGAATAACACGACTCG-JHA710A1,JHA710A1,A1,2.1713376923594994,2,1,1,1,1,0,0,3861.0,0
GGAATAACACTCAGGC-JHA710A1,JHA710A1,A1,0.0,2,0,0,0,0,0,0,1930.0,0
GGAATAACACTGCCAG-JHA710A1,JHA710A1,A1,1.9788493568148349,2,1,1,1,1,0,0,3208.0,0
GGAATAACAGTCAGAG-JHA710A1,JHA710A1,A1,0.0,1,0,0,0,0,0,0,622.0,0
GGAATAAGTCTTGTCC-JHA710A1,JHA710A1,A1,3.835513825933391,1,1,1,0,0,0,0,662.0,0
GGAATAAGTGAAGGCT-JHA710A1,JHA710A1,A1,6.016378864610026,2,1,1,1,1,0,0,440.0,0
GGACAAGAGATAGGAG-JHA710A1,JHA710A1,A1,0.0,2,0,0,0,0,0,0,1246.0,0
GGACAAGAGATCCTGT-JHA710A1,JHA710A1,A1,0.0,2,0,0,0,0,0,0,557.0,0
GGACAAGAGCGTTTAC-JHA710A1,JHA710A1,A1,0.0,3,0,0,0,0,0,0,727.0,0
GGACAAGAGTGTTGAA-JHA710A1,JHA710A1,A1,0.0,1,0,0,0,0,0,0,559.0,1
GGACAAGCAACGATGG-JHA710A1,JHA710A1,A1,0.0,2,0,0,0,0,0,0,1217.0,0
GGACAAGCACCAGCAC-JHA710A1,JHA710A1,A1,1.887409121156492,1,1,1,0,0,0,0,1785.0,0
GGACAAGCATTCACTT-JHA710A1,JHA710A1,A1,2.9118779631171283,2,1,1,1,1,0,0,1150.0,0
GGACAAGTCCACTCCA-JHA710A1,JHA710A1,A1,0.0,0,0,0,0,0,0,0,710.0,0
GGACAAGTCTGCTGTC-JHA710A1,JHA710A1,A1,0.0,1,0,0,0,0,0,0,534.0,0
GGACAAGTCTGTTTGT-JHA710A1,JHA710A1,A1,0.0,1,0,0,0,0,0,0,1134.0,0
GGACAGAAGGGATCTG-JHA710A1,JHA710A1,A1,0.0,1,0,0,0,0,0,0,764.0,0
GGACAGAAGTTTAGGA-JHA710A1,JHA710A1,A1,0.0,1,0,0,0,0,0,0,572.0,0
GGACAGAGTACATGTC-JHA710A1,JHA710A1,A1,2.915173144017787,1,1,1,0,0,0,0,573.0,0
GGACAGAGTGTGTGCC-JHA710A1,JHA710A1,A1,0.0,3,0,0,0,0,0,0,1887.0,1
GGACAGATCCGCGCAA-JHA710A1,JHA710A1,A1,0.0,1,0,0,0,0,0,0,1137.0,0
GGACATTAGATGTGTA-JHA710A1,JHA710A1,A1,0.0,1,0,0,0,0,0,0,895.0,0
GGACATTAGTACACCT-JHA710A1,JHA710A1,A1,1.8043699768199846,2,1,1,1,1,0,0,1970.0,0
GGACATTCAATAAGCA-JHA710A1,JHA710A1,A1,0.0,0,0,0,0,0,0,0,459.0,0
GGACATTCACTATCTT-JHA710A1,JHA710A1,A1,2.1901449017481576,0,1,0,0,0,0,0,1260.0,0
GGACATTGTAGTAGTA-JHA710A1,JHA710A1,A1,0.0,2,0,0,0,0,0,0,604.0,0
GGACATTGTTCAGTAC-JHA710A1,JHA710A1,A1,0.0,1,0,0,0,0,0,0,1100.0,0
GGACGTCAGACCCACC-JHA710A1,JHA710A1,A1,1.7269024096653776,2,1,1,1,1,0,0,2163.0,0
GGACGTCAGGTCATCT-JHA710A1,JHA710A1,A1,4.62257452307909,2,1,1,1,1,0,0,794.0,0
GGACGTCAGTGTTTGC-JHA710A1,JHA710A1,A1,0.0,2,0,0,0,0,0,0,1140.0,0
GGAGCAAAGCAATCTC-JHA710A1,JHA710A1,A1,1.5785924952750652,4,1,1,1,1,1,0,7796.0,0
GGAGCAAAGGGAGTAA-JHA710A1,JHA710A1,A1,0.0,2,0,0,0,0,0,0,502.0,0
GGAGCAACAATGCCAT-JHA710A1,JHA710A1,A1,0.0,2,0,0,0,0,0,0,833.0,0
GGAGCAACACCATCCT-JHA710A1,JHA710A1,A1,0.0,1,0,0,0,0,0,0,524.0,0
GGAGCAATCACAAACC-JHA710A1,JHA710A1,A1,3.057954473115221,2,1,1,1,1,0,0,1972.0,0
GGAGCAATCTTTAGGG-JHA710A1,JHA710A1,A1,2.7512857030562534,1,1,1,0,0,0,0,682.0,0
GGATGTTAGAGAACAG-JHA710A1,JHA710A1,A1,0.0,1,0,0,0,0,0,0,489.0,0
GGATGTTAGTAGCCGA-JHA710A1,JHA710A1,A1,0.0,0,0,0,0,0,0,0,456.0,0
GGATGTTAGTCATCCA-JHA710A1,JHA710A1,A1,0.0,0,0,0,0,0,0,0,514.0,0
GGATGTTCAATCTACG-JHA710A1,JHA710A1,A1,0.0,2,0,0,0,0,0,0,933.0,0
GGATGTTCACATCCGG-JHA710A1,JHA710A1,A1,5.093768271245333,2,1,1,1,1,0,0,679.0,0
GGATGTTCAGATCCAT-JHA710A1,JHA710A1,A1,0.0,2,0,0,0,0,0,0,1787.0,0
GGATGTTCAGGGAGAG-JHA710A1,JHA710A1,A1,0.0,2,0,0,0,0,0,0,626.0,0
GGATGTTCATCAGTAC-JHA710A1,JHA710A1,A1,1.8465006869011151,2,1,1,1,1,0,0,3747.0,0
GGATGTTGTCTTCTCG-JHA710A1,JHA710A1,A1,3.010868111889806,0,1,0,0,0,0,0,518.0,0
GGATGTTGTGATAAAC-JHA710A1,JHA710A1,A1,0.0,2,0,0,0,0,0,0,1216.0,0
GGATGTTGTGATGCCC-JHA710A1,JHA710A1,A1,0.0,3,0,0,0,0,0,0,759.0,0
GGATGTTTCAACCATG-JHA710A1,JHA710A1,A1,2.978419082352315,0,1,0,0,0,0,0,536.0,0
GGATGTTTCCTTAATC-JHA710A1,JHA710A1,A1,6.315186897640474,2,1,1,1,1,0,0,1522.0,0
GGATGTTTCGCGTAGC-JHA710A1,JHA710A1,A1,0.0,2,0,0,0,0,0,0,1356.0,0
GGATTACAGACTCGGA-JHA710A1,JHA710A1,A1,2.310407347063233,1,1,1,0,0,0,0,2203.0,0
GGATTACAGTCTCCTC-JHA710A1,JHA710A1,A1,2.496164496840844,1,1,1,0,0,0,0,898.0,1
GGATTACAGTTGTAGA-JHA710A1,JHA710A1,A1,2.989106598581854,1,1,1,0,0,0,0,530.0,0
GGATTACCAGGCTCAC-JHA710A1,JHA710A1,A1,2.462607618675299,3,1,1,1,1,1,0,1863.0,0
GGATTACGTAGGCTGA-JHA710A1,JHA710A1,A1,0.0,0,0,0,0,0,0,0,439.0,0
GGATTACGTCAGAATA-JHA710A1,JHA710A1,A1,0.0,0,0,0,0,0,0,0,469.0,0
GGATTACGTTCCGGCA-JHA710A1,JHA710A1,A1,2.6061689179569254,3,1,1,1,1,1,0,797.0,1
GGCAATTAGACTACAA-JHA710A1,JHA710A1,A1,1.7671882084975497,2,1,1,1,1,0,0,2060.0,0
GGCAATTAGGCGATAC-JHA710A1,JHA710A1,A1,7.5441564270394625,3,1,1,1,1,1,1,503.0,0
GGCAATTAGGGCATGT-JHA710A1,JHA710A1,A1,2.380799301265052,2,1,1,1,1,0,0,1019.0,0
GGCAATTCACAACTGT-JHA710A1,JHA710A1,A1,0.0,1,0,0,0,0,0,0,1601.0,0
GGCAATTCATGTAAGA-JHA710A1,JHA710A1,A1,2.0646213198274332,1,1,1,0,0,0,0,1453.0,0
GGCAATTGTGACGGTA-JHA710A1,JHA710A1,A1,0.0,3,0,0,0,0,0,0,833.0,0
GGCAATTTCAGTTAGC-JHA710A1,JHA710A1,A1,5.531329225315265,2,1,1,1,1,0,0,676.0,0
GGCAATTTCCGTAGGC-JHA710A1,JHA710A1,A1,0.0,1,0,0,0,0,0,0,505.0,0
GGCAATTTCGTCCAGG-JHA710A1,JHA710A1,A1,2.3570950058362645,3,1,1,1,1,1,0,1046.0,0
GGCCGATAGTATGACA-JHA710A1,JHA710A1,A1,0.0,0,0,0,0,0,0,0,630.0,0
GGCCGATAGTCATCCA-JHA710A1,JHA710A1,A1,0.0,1,0,0,0,0,0,0,1322.0,0
GGCCGATGTGCAACGA-JHA710A1,JHA710A1,A1,7.628981116179119,2,1,1,1,1,0,1,1537.0,0
GGCCGATGTGCGGTAA-JHA710A1,JHA710A1,A1,7.990392750563089,3,1,1,1,1,1,1,515.0,0
GGCCGATTCCATGAAC-JHA710A1,JHA710A1,A1,1.6630414903143547,2,1,1,1,1,0,0,2339.0,0
GGCCGATTCTTACCGC-JHA710A1,JHA710A1,A1,0.0,2,0,0,0,0,0,0,727.0,0
GGCGACTAGATCCCGC-JHA710A1,JHA710A1,A1,2.399715440756296,1,1,1,0,0,0,0,998.0,0
GGCGACTAGATGCCAG-JHA710A1,JHA710A1,A1,0.0,2,0,0,0,0,0,0,1188.0,0
GGCGACTCAGCGTAAG-JHA710A1,JHA710A1,A1,2.470500911126853,2,1,1,1,1,0,0,3694.0,0
GGCGACTCAGGCAGTA-JHA710A1,JHA710A1,A1,2.7544944191345,1,1,1,0,0,0,0,2039.0,0
GGCGACTCAGTGGAGT-JHA710A1,JHA710A1,A1,0.0,0,0,0,0,0,0,0,807.0,0
GGCGACTCATGGGACA-JHA710A1,JHA710A1,A1,0.0,1,0,0,0,0,0,0,780.0,0
GGCGACTGTATAATGG-JHA710A1,JHA710A1,A1,0.0,2,0,0,0,0,0,0,523.0,0
GGCGACTGTTCGTTGA-JHA710A1,JHA710A1,A1,2.603847870466485,2,1,1,1,1,0,0,799.0,0
GGCGACTGTTTGTGTG-JHA710A1,JHA710A1,A1,7.082658239321924,1,1,1,0,0,0,0,689.0,0
GGCGTGTAGACGCTTT-JHA710A1,JHA710A1,A1,2.7189443734600847,2,1,1,1,1,0,0,706.0,0
GGCGTGTAGTTGCAGG-JHA710A1,JHA710A1,A1,0.0,2,0,0,0,0,0,0,591.0,0
GGCGTGTGTCCAACTA-JHA710A1,JHA710A1,A1,0.0,1,0,0,0,0,0,0,815.0,0
GGCGTGTGTGCGATAG-JHA710A1,JHA710A1,A1,0.0,1,0,0,0,0,0,0,1257.0,0
GGCTCGACACTGCCAG-JHA710A1,JHA710A1,A1,0.0,3,0,0,0,0,0,0,499.0,0
GGCTCGAGTATGAAAC-JHA710A1,JHA710A1,A1,2.9436814033726324,1,1,1,0,0,0,0,556.0,0
GGCTGGTGTTTCGCTC-JHA710A1,JHA710A1,A1,0.0,0,0,0,0,0,0,0,467.0,1
GGCTGGTTCCGAGCCA-JHA710A1,JHA710A1,A1,0.0,1,0,0,0,0,0,0,548.0,1
GGGAATGAGATGCCAG-JHA710A1,JHA710A1,A1,6.1064908844046855,1,1,1,0,0,0,0,737.0,0
GGGAATGCACGGCCAT-JHA710A1,JHA710A1,A1,0.0,2,0,0,0,0,0,0,1556.0,0
GGGAATGTCAAGAAGT-JHA710A1,JHA710A1,A1,0.0,1,0,0,0,0,0,0,807.0,0
GGGACCTAGAGCTTCT-JHA710A1,JHA710A1,A1,8.449295839557918,2,1,1,1,1,0,1,972.0,0
GGGACCTCAAGACACG-JHA710A1,JHA710A1,A1,0.0,1,0,0,0,0,0,0,703.0,0
GGGACCTGTCCAACTA-JHA710A1,JHA710A1,A1,0.0,1,0,0,0,0,0,0,2484.0,0
GGGACCTGTCGGCTCA-JHA710A1,JHA710A1,A1,3.127210032197455,2,1,1,1,1,0,0,1834.0,0
GGGACCTTCGTACCGG-JHA710A1,JHA710A1,A1,0.0,2,0,0,0,0,0,0,1031.0,0
GGGACCTTCTCGCTTG-JHA710A1,JHA710A1,A1,0.0,2,0,0,0,0,0,0,804.0,0
GGGAGATCAAAGCAAT-JHA710A1,JHA710A1,A1,0.0,2,0,0,0,0,0,0,1392.0,0
GGGAGATGTACCGGCT-JHA710A1,JHA710A1,A1,1.94368488281696,2,1,1,1,1,0,0,1671.0,0
GGGAGATGTGCGATAG-JHA710A1,JHA710A1,A1,2.3132745688163707,1,1,1,0,0,0,0,1098.0,0
GGGAGATTCCTAGGGC-JHA710A1,JHA710A1,A1,0.0,2,0,0,0,0,0,0,1456.0,0
GGGATGAAGAGCCTAG-JHA710A1,JHA710A1,A1,7.24716465518925,3,1,1,1,1,1,0,449.0,0
GGGATGAAGTACACCT-JHA710A1,JHA710A1,A1,8.139096430696805,3,1,1,1,1,1,1,838.0,0
GGGATGACACTATCTT-JHA710A1,JHA710A1,A1,6.250441116947621,2,1,1,1,1,0,0,696.0,0
GGGATGACAGATGGCA-JHA710A1,JHA710A1,A1,0.0,1,0,0,0,0,0,0,512.0,0
GGGATGAGTCAAAGCG-JHA710A1,JHA710A1,A1,1.9042374526547452,3,1,1,1,1,1,0,1750.0,0
GGGATGAGTCACCCAG-JHA710A1,JHA710A1,A1,0.0,3,0,0,0,0,0,0,1451.0,0
GGGATGAGTGCTAGCC-JHA710A1,JHA710A1,A1,0.0,1,0,0,0,0,0,0,619.0,0
GGGATGATCCTAGTGA-JHA710A1,JHA710A1,A1,0.0,1,0,0,0,0,0,0,1687.0,0
GGGCACTCAAGCGTAG-JHA710A1,JHA710A1,A1,0.0,2,0,0,0,0,0,0,1354.0,0
GGGCACTCACGTTGGC-JHA710A1,JHA710A1,A1,0.0,1,0,0,0,0,0,0,591.0,0
GGGCACTCAGCTCCGA-JHA710A1,JHA710A1,A1,2.6839326845948728,2,1,1,1,1,0,0,1466.0,0
GGGCACTGTTACGACT-JHA710A1,JHA710A1,A1,0.0,1,0,0,0,0,0,0,984.0,1
GGGCACTTCATGCTCC-JHA710A1,JHA710A1,A1,8.159118707868211,3,1,1,1,1,1,1,933.0,0
GGGCACTTCTGTCTAT-JHA710A1,JHA710A1,A1,1.2764737272850497,2,1,1,1,1,0,0,3870.0,0
GGGCATCAGAGACTTA-JHA710A1,JHA710A1,A1,0.0,2,0,0,0,0,0,0,812.0,0
GGGCATCAGAGGACGG-JHA710A1,JHA710A1,A1,1.2996709946114116,3,1,1,1,1,1,0,3748.0,0
GGGCATCCAACACCTA-JHA710A1,JHA710A1,A1,3.1178734492948132,0,1,0,0,0,0,0,463.0,0
GGGCATCCATCCGCGA-JHA710A1,JHA710A1,A1,0.0,0,0,0,0,0,0,0,477.0,0
GGGCATCGTATCGCAT-JHA710A1,JHA710A1,A1,3.423402040216123,1,1,1,0,0,0,0,674.0,0
GGGCATCGTCAGAGGT-JHA710A1,JHA710A1,A1,2.3075501223766746,2,1,1,1,1,0,0,1105.0,1
GGGCATCGTGTGGCTC-JHA710A1,JHA710A1,A1,0.0,2,0,0,0,0,0,0,1512.0,0
GGGCATCGTGTTGAGG-JHA710A1,JHA710A1,A1,0.0,1,0,0,0,0,0,0,702.0,0
GGGCATCGTTGATTCG-JHA710A1,JHA710A1,A1,0.0,1,0,0,0,0,0,0,583.0,0
GGGCATCTCCAGAGGA-JHA710A1,JHA710A1,A1,2.8499342352406978,0,1,0,0,0,0,0,614.0,0
GGGCATCTCCTGTAGA-JHA710A1,JHA710A1,A1,3.0774935228,0,1,0,0,0,0,0,483.0,0
GGGCATCTCGGCGCTA-JHA710A1,JHA710A1,A1,2.35105865117698,2,1,1,1,1,0,0,1053.0,0
GGGCATCTCTGTCTCG-JHA710A1,JHA710A1,A1,3.7174825223668555,1,1,1,0,0,0,0,498.0,0
GGGCATCTCTTGCATT-JHA710A1,JHA710A1,A1,2.9118779631171283,0,1,0,0,0,0,0,575.0,0
GGGTCTGAGAAGGTTT-JHA710A1,JHA710A1,A1,0.0,2,0,0,0,0,0,0,531.0,0
GGGTCTGAGATCCGAG-JHA710A1,JHA710A1,A1,0.0,1,0,0,0,0,0,0,1575.0,0
GGGTCTGAGTACCGGA-JHA710A1,JHA710A1,A1,7.954498009475917,3,1,1,1,1,1,1,1022.0,0
GGGTCTGCAGCCAGAA-JHA710A1,JHA710A1,A1,3.1178734492948132,1,1,1,0,0,0,0,463.0,1
GGGTCTGTCATTTGGG-JHA710A1,JHA710A1,A1,0.0,2,0,0,0,0,0,0,1286.0,0
GGGTCTGTCGGACAAG-JHA710A1,JHA710A1,A1,0.0,0,0,0,0,0,0,0,484.0,0
GGGTCTGTCGTTACGA-JHA710A1,JHA710A1,A1,7.898997779319921,3,1,1,1,1,1,1,1511.0,0
GGGTCTGTCTCGCTTG-JHA710A1,JHA710A1,A1,7.456898841659437,2,1,1,1,1,0,0,572.0,0
GGGTTGCAGATACACA-JHA710A1,JHA710A1,A1,0.0,1,0,0,0,0,0,0,611.0,0
GGGTTGCAGCCCAATT-JHA710A1,JHA710A1,A1,2.419070801644534,1,1,1,0,0,0,0,977.0,0
GGGTTGCAGCTAACTC-JHA710A1,JHA710A1,A1,7.373598194386594,3,1,1,1,1,1,0,628.0,0
GGGTTGCAGCTGATAA-JHA710A1,JHA710A1,A1,6.962391062558422,2,1,1,1,1,0,0,1251.0,0
GGGTTGCAGGGCATGT-JHA710A1,JHA710A1,A1,5.829478671246304,2,1,1,1,1,0,0,855.0,0
GGGTTGCCAGAGCCAA-JHA710A1,JHA710A1,A1,7.055705684898711,3,1,1,1,1,1,0,751.0,0
GGGTTGCCATGCCACG-JHA710A1,JHA710A1,A1,2.191555828763586,2,1,1,1,1,0,0,1258.0,0
GGGTTGCGTTCCACGG-JHA710A1,JHA710A1,A1,0.0,1,0,0,0,0,0,0,701.0,0
GGGTTGCTCAAGAAGT-JHA710A1,JHA710A1,A1,8.055445031287983,3,1,1,1,1,1,1,527.0,0
GGGTTGCTCAGGATCT-JHA710A1,JHA710A1,A1,3.516896426935789,0,1,0,0,0,0,0,612.0,0
GGTATTGAGTGCAAGC-JHA710A1,JHA710A1,A1,0.0,3,0,0,0,0,0,0,1070.0,0
GGTATTGCAATCTGCA-JHA710A1,JHA710A1,A1,5.968888929689868,2,1,1,1,1,0,0,564.0,0
GGTATTGCACCTCGGA-JHA710A1,JHA710A1,A1,1.4407178255553377,2,1,1,1,1,0,0,3102.0,0
GGTATTGCAGCGAACA-JHA710A1,JHA710A1,A1,3.021948115684884,2,1,1,1,1,0,0,512.0,0
GGTATTGCAGCTCGCA-JHA710A1,JHA710A1,A1,2.8028673363464502,2,1,1,1,1,0,0,1291.0,1
GGTATTGGTTGCGTTA-JHA710A1,JHA710A1,A1,0.0,2,0,0,0,0,0,0,2613.0,0
GGTATTGTCTGCGTAA-JHA710A1,JHA710A1,A1,0.0,1,0,0,0,0,0,0,658.0,0
GGTGAAGCAATAACGA-JHA710A1,JHA710A1,A1,0.0,2,0,0,0,0,0,0,1120.0,0
GGTGAAGCAATCTACG-JHA710A1,JHA710A1,A1,5.951250526416813,2,1,1,1,1,0,0,835.0,0
GGTGAAGCACGTTGGC-JHA710A1,JHA710A1,A1,0.0,1,0,0,0,0,0,0,872.0,0
GGTGAAGTCATGTGGT-JHA710A1,JHA710A1,A1,2.1310734943806255,2,1,1,1,1,0,0,1347.0,0
GGTGAAGTCTCACATT-JHA710A1,JHA710A1,A1,7.64508066007726,1,1,1,0,0,0,1,694.0,0
GGTGCGTAGAGTTGGC-JHA710A1,JHA710A1,A1,8.414739540493924,3,1,1,1,1,1,1,1281.0,0
GGTGCGTAGATCTGAA-JHA710A1,JHA710A1,A1,6.253198226587244,2,1,1,1,1,0,0,482.0,0
GGTGCGTAGCGGCTTC-JHA710A1,JHA710A1,A1,0.0,0,0,0,0,0,0,0,531.0,0
GGTGCGTAGGATGGTC-JHA710A1,JHA710A1,A1,0.0,0,0,0,0,0,0,0,475.0,0
GGTGCGTCAGTCGTGC-JHA710A1,JHA710A1,A1,0.0,0,0,0,0,0,0,0,558.0,0
GGTGCGTTCAACACAC-JHA710A1,JHA710A1,A1,0.0,1,0,0,0,0,0,0,782.0,1
GGTGCGTTCCTGTACC-JHA710A1,JHA710A1,A1,1.795519343315237,2,1,1,1,1,0,0,1991.0,0
GGTGCGTTCGTGGTCG-JHA710A1,JHA710A1,A1,0.0,1,0,0,0,0,0,0,2639.0,1
GGTGCGTTCTTGCATT-JHA710A1,JHA710A1,A1,0.0,1,0,0,0,0,0,0,651.0,0
GGTGTTAAGCGCCTTG-JHA710A1,JHA710A1,A1,0.0,1,0,0,0,0,0,0,669.0,0
GGTGTTAAGGTAGCTG-JHA710A1,JHA710A1,A1,0.0,2,0,0,0,0,0,0,1188.0,0
GGTGTTAAGGTCGGAT-JHA710A1,JHA710A1,A1,2.3116349285139637,3,1,1,1,1,1,0,1100.0,0
GGTGTTAAGGTGCAAC-JHA710A1,JHA710A1,A1,0.0,3,0,0,0,0,0,0,1255.0,1
GGTGTTACAAGCCATT-JHA710A1,JHA710A1,A1,0.0,2,0,0,0,0,0,0,643.0,0
GGTGTTACAAGTAGTA-JHA710A1,JHA710A1,A1,0.0,1,0,0,0,0,0,0,596.0,1
GGTGTTACAATCTACG-JHA710A1,JHA710A1,A1,0.0,2,0,0,0,0,0,0,1456.0,0
GGTGTTACACACTGCG-JHA710A1,JHA710A1,A1,0.0,2,0,0,0,0,0,0,1217.0,0
GGTGTTACACTTACGA-JHA710A1,JHA710A1,A1,0.0,0,0,0,0,0,0,0,461.0,0
GGTGTTAGTCTCCCTA-JHA710A1,JHA710A1,A1,0.0,2,0,0,0,0,0,0,905.0,0
GGTGTTATCTGAAAGA-JHA710A1,JHA710A1,A1,7.296856816412585,2,1,1,1,1,0,0,651.0,0
GTAACGTAGCTAGTTC-JHA710A1,JHA710A1,A1,2.7269186854065928,2,1,1,1,1,0,0,700.0,0
GTAACGTCACGAGAGT-JHA710A1,JHA710A1,A1,0.0,3,0,0,0,0,0,0,1041.0,0
GTAACGTCATGCTAGT-JHA710A1,JHA710A1,A1,2.540202825372963,2,1,1,1,1,0,0,856.0,0
GTAACGTTCAAGGTAA-JHA710A1,JHA710A1,A1,3.057954473115221,2,1,1,1,1,0,0,493.0,0
GTAACGTTCGGATGGA-JHA710A1,JHA710A1,A1,2.5742301665360094,2,1,1,1,1,0,0,825.0,0
GTAACTGTCCAAAGTC-JHA710A1,JHA710A1,A1,0.0,2,0,0,0,0,0,0,510.0,0
GTAACTGTCTATCGCC-JHA710A1,JHA710A1,A1,1.653750005580182,2,1,1,1,1,0,0,2366.0,0
GTACGTAAGATATACG-JHA710A1,JHA710A1,A1,0.0,2,0,0,0,0,0,0,1238.0,0
GTACGTAAGCTACCTA-JHA710A1,JHA710A1,A1,0.0,0,0,0,0,0,0,0,488.0,0
GTACGTACAATGAAAC-JHA710A1,JHA710A1,A1,7.614430080817348,2,1,1,1,1,0,1,686.0,0
GTACGTACATGACATC-JHA710A1,JHA710A1,A1,7.833595669667821,2,1,1,1,1,0,1,1740.0,0
GTACGTACATTGCGGC-JHA710A1,JHA710A1,A1,3.169350347687364,4,1,1,1,1,1,0,1755.0,0
GTACGTAGTCGAATCT-JHA710A1,JHA710A1,A1,2.3459195094739536,0,1,0,0,0,0,0,1059.0,0
GTACGTAGTGACTACT-JHA710A1,JHA710A1,A1,0.0,0,0,0,0,0,0,0,828.0,1
GTACGTATCAGCAACT-JHA710A1,JHA710A1,A1,3.057954473115221,1,1,1,0,0,0,0,493.0,0
GTACTCCAGATCTGAA-JHA710A1,JHA710A1,A1,0.0,2,0,0,0,0,0,0,851.0,0
GTACTCCCACACAGAG-JHA710A1,JHA710A1,A1,2.032258176103537,1,1,1,0,0,0,0,1508.0,0
GTACTCCCACATCCGG-JHA710A1,JHA710A1,A1,8.069576567510378,3,1,1,1,1,1,1,914.0,0
GTACTCCCAGTATGCT-JHA710A1,JHA710A1,A1,2.3315301435691227,1,1,1,0,0,0,0,1076.0,0
GTACTCCCATGTTGAC-JHA710A1,JHA710A1,A1,2.7848611315314105,2,1,1,1,1,0,0,1316.0,0
GTACTCCCATTGGTAC-JHA710A1,JHA710A1,A1,0.0,0,0,0,0,0,0,0,551.0,0
GTACTCCGTATATGAG-JHA710A1,JHA710A1,A1,3.400013963862138,2,1,1,1,1,0,0,1381.0,0
GTACTCCGTATTACCG-JHA710A1,JHA710A1,A1,0.0,1,0,0,0,0,0,0,865.0,0
GTACTCCGTGTGACGA-JHA710A1,JHA710A1,A1,1.9056978576898296,2,1,1,1,1,0,0,1747.0,0
GTACTCCGTTACAGAA-JHA710A1,JHA710A1,A1,8.509568306282555,2,1,1,1,1,0,1,1411.0,0
GTACTCCGTTCGCGAC-JHA710A1,JHA710A1,A1,0.0,0,0,0,0,0,0,0,591.0,0
GTACTCCTCTTCATGT-JHA710A1,JHA710A1,A1,0.0,2,0,0,0,0,0,0,1983.0,0
GTACTTTAGAGCTGGT-JHA710A1,JHA710A1,A1,1.4782444366515373,2,1,1,1,1,0,0,2954.0,0
GTACTTTAGTACGTAA-JHA710A1,JHA710A1,A1,3.620697941697864,2,1,1,1,1,0,0,1100.0,0
GTACTTTCAAGCTGTT-JHA710A1,JHA710A1,A1,0.0,2,0,0,0,0,0,0,759.0,1
GTACTTTCAATACGCT-JHA710A1,JHA710A1,A1,1.915508076314386,2,1,1,1,1,0,0,1727.0,0
GTACTTTCAATCTACG-JHA710A1,JHA710A1,A1,0.0,2,0,0,0,0,0,0,1287.0,0
GTACTTTCACGAGAGT-JHA710A1,JHA710A1,A1,2.5753506399411523,0,1,0,0,0,0,0,824.0,1
GTACTTTCAGCCAGAA-JHA710A1,JHA710A1,A1,0.0,1,0,0,0,0,0,0,1781.0,0
GTACTTTCATGGTAGG-JHA710A1,JHA710A1,A1,0.0,1,0,0,0,0,0,0,900.0,0
GTACTTTGTAGATTAG-JHA710A1,JHA710A1,A1,2.1123251335497333,2,1,1,1,1,0,0,1376.0,0
GTACTTTGTTACGTCA-JHA710A1,JHA710A1,A1,2.662587827025453,0,1,0,0,0,0,0,750.0,0
GTACTTTTCAGGCGAA-JHA710A1,JHA710A1,A1,7.733293867768849,2,1,1,1,1,0,1,872.0,0
GTACTTTTCGCGGATC-JHA710A1,JHA710A1,A1,0.0,2,0,0,0,0,0,0,1637.0,0
GTAGGCCCAATGAATG-JHA710A1,JHA710A1,A1,2.1142439984164736,2,1,1,1,1,0,0,1373.0,0
GTAGGCCCACAAGACG-JHA710A1,JHA710A1,A1,0.0,2,0,0,0,0,0,0,559.0,0
GTAGGCCCACCTGGTG-JHA710A1,JHA710A1,A1,0.0,3,0,0,0,0,0,0,2794.0,0
GTAGGCCCAGCTGGCT-JHA710A1,JHA710A1,A1,0.0,3,0,0,0,0,0,0,3304.0,0
GTAGGCCTCTGGTGTA-JHA710A1,JHA710A1,A1,7.588287847072602,2,1,1,1,1,0,1,537.0,0
GTAGTCAAGAGCTGGT-JHA710A1,JHA710A1,A1,0.0,1,0,0,0,0,0,0,494.0,0
GTAGTCAAGCGTTTAC-JHA710A1,JHA710A1,A1,3.2849234894520856,2,1,1,1,1,0,0,778.0,0
GTAGTCACATGGTTGT-JHA710A1,JHA710A1,A1,4.952739542578979,2,1,1,1,1,0,0,498.0,0
GTAGTCAGTACTCTCC-JHA710A1,JHA710A1,A1,2.5321699275885625,2,1,1,1,1,0,0,1727.0,0
GTAGTCAGTTTGCATG-JHA710A1,JHA710A1,A1,7.673316470475951,2,1,1,1,1,0,1,563.0,0
GTAGTCATCGTAGATC-JHA710A1,JHA710A1,A1,7.506142128543193,3,1,1,1,1,1,0,1023.0,0
GTATCTTCACAGACAG-JHA710A1,JHA710A1,A1,0.0,0,0,0,0,0,0,0,540.0,1
GTATCTTCATGTCGAT-JHA710A1,JHA710A1,A1,0.0,0,0,0,0,0,0,0,584.0,0
GTATCTTCATTCCTCG-JHA710A1,JHA710A1,A1,2.689031902628088,0,1,0,0,0,0,0,729.0,1
GTATCTTGTCAGTGGA-JHA710A1,JHA710A1,A1,0.0,1,0,0,0,0,0,0,743.0,0
GTATCTTGTGATGATA-JHA710A1,JHA710A1,A1,0.0,2,0,0,0,0,0,0,485.0,1
GTATCTTGTGCTTCTC-JHA710A1,JHA710A1,A1,4.492731825873449,2,1,1,1,1,0,0,679.0,0
GTATCTTTCATAACCG-JHA710A1,JHA710A1,A1,8.153401095891402,2,1,1,1,1,0,1,1065.0,0
GTATCTTTCCAAACTG-JHA710A1,JHA710A1,A1,7.4987222855713185,3,1,1,1,1,1,0,676.0,0
GTATTCTAGAATAGGG-JHA710A1,JHA710A1,A1,6.375377222040131,2,1,1,1,1,0,0,870.0,0
GTATTCTAGATGTAAC-JHA710A1,JHA710A1,A1,2.9436814033726324,0,1,0,0,0,0,0,556.0,0
GTATTCTAGGCTATCT-JHA710A1,JHA710A1,A1,7.538122718042827,2,1,1,1,1,0,1,815.0,0
GTATTCTCATGCTAGT-JHA710A1,JHA710A1,A1,2.419070801644534,2,1,1,1,1,0,0,1954.0,0
GTATTCTGTCTTCGTC-JHA710A1,JHA710A1,A1,0.0,2,0,0,0,0,0,0,2088.0,0
GTATTCTGTGGTTTCA-JHA710A1,JHA710A1,A1,1.9576587292493886,2,1,1,1,1,0,0,1644.0,0
GTATTCTTCCTGTACC-JHA710A1,JHA710A1,A1,0.9594674398021974,2,1,1,1,0,0,0,6210.0,0
GTATTCTTCGACGGAA-JHA710A1,JHA710A1,A1,2.405199907177258,3,1,1,1,1,1,0,2976.0,0
GTCAAGTCAAGCTGTT-JHA710A1,JHA710A1,A1,0.0,2,0,0,0,0,0,0,935.0,0
GTCAAGTCACTAAGTC-JHA710A1,JHA710A1,A1,2.4822296395748182,4,1,1,1,1,1,0,3647.0,0
GTCAAGTCATGACGGA-JHA710A1,JHA710A1,A1,0.0,1,0,0,0,0,0,0,2310.0,0
GTCAAGTGTACCGGCT-JHA710A1,JHA710A1,A1,0.0,1,0,0,0,0,0,0,495.0,0
GTCACAACACCCAGTG-JHA710A1,JHA710A1,A1,7.897951667651781,1,1,1,0,0,0,1,498.0,0
GTCACAACATGCATGT-JHA710A1,JHA710A1,A1,7.5283179811145695,3,1,1,1,1,1,1,624.0,0
GTCACAACATGCCACG-JHA710A1,JHA710A1,A1,1.9866800144138743,2,1,1,1,1,0,0,3179.0,0
GTCACAACATTAACCG-JHA710A1,JHA710A1,A1,7.771545259625434,3,1,1,1,1,1,1,776.0,0
GTCACAATCTGACCTC-JHA710A1,JHA710A1,A1,2.7679136319107873,2,1,1,1,1,0,0,670.0,0
GTCACGGAGAGCAATT-JHA710A1,JHA710A1,A1,0.0,1,0,0,0,0,0,0,719.0,0
GTCACGGAGTTGTCGT-JHA710A1,JHA710A1,A1,0.0,3,0,0,0,0,0,0,2722.0,0
GTCACGGCAAGCTGAG-JHA710A1,JHA710A1,A1,2.4591774038221814,3,1,1,1,1,1,0,935.0,0
GTCACGGCAATGTTGC-JHA710A1,JHA710A1,A1,3.075520657726665,1,1,1,0,0,0,0,484.0,0
GTCACGGCATACGCCG-JHA710A1,JHA710A1,A1,0.0,2,0,0,0,0,0,0,684.0,0
GTCACGGGTCTAGCGC-JHA710A1,JHA710A1,A1,0.0,2,0,0,0,0,0,0,1433.0,0
GTCACGGTCCCTTGTG-JHA710A1,JHA710A1,A1,5.8499464339375775,2,1,1,1,1,0,0,1242.0,0
GTCACGGTCGGTCCGA-JHA710A1,JHA710A1,A1,0.0,2,0,0,0,0,0,0,575.0,1
GTCACGGTCTCAACTT-JHA710A1,JHA710A1,A1,0.0,0,0,0,0,0,0,0,573.0,1
GTCATTTAGACGCACA-JHA710A1,JHA710A1,A1,1.8228403481643025,1,1,1,0,0,0,0,1927.0,0
GTCATTTAGATCCGAG-JHA710A1,JHA710A1,A1,0.0,2,0,0,0,0,0,0,1419.0,0
GTCATTTCAATGGAAT-JHA710A1,JHA710A1,A1,0.0,1,0,0,0,0,0,0,1702.0,0
GTCATTTCACCAGGTC-JHA710A1,JHA710A1,A1,0.0,1,0,0,0,0,0,0,656.0,0
GTCATTTGTACGCACC-JHA710A1,JHA710A1,A1,3.973141408221351,2,1,1,1,1,0,0,767.0,0
GTCATTTGTCCGAAGA-JHA710A1,JHA710A1,A1,2.9347804824105905,1,1,1,0,0,0,0,2245.0,0
GTCATTTGTCGCGGTT-JHA710A1,JHA710A1,A1,0.0,2,0,0,0,0,0,0,951.0,0
GTCATTTGTTGCGCAC-JHA710A1,JHA710A1,A1,2.5798472121421736,3,1,1,1,1,1,0,1640.0,0
GTCATTTTCGCGATCG-JHA710A1,JHA710A1,A1,3.5507933487020487,0,1,0,0,0,0,0,591.0,0
GTCATTTTCGGTTAAC-JHA710A1,JHA710A1,A1,2.3306914883605443,2,1,1,1,1,0,0,1077.0,0
GTCATTTTCTTTAGGG-JHA710A1,JHA710A1,A1,8.089392429712282,3,1,1,1,1,1,1,804.0,0
GTCCTCACAGATCTGT-JHA710A1,JHA710A1,A1,6.915291362659026,2,1,1,1,1,0,0,457.0,0
GTCCTCAGTACACCGC-JHA710A1,JHA710A1,A1,0.0,0,0,0,0,0,0,0,1236.0,0
GTCCTCATCAAGATCC-JHA710A1,JHA710A1,A1,7.963958438520482,2,1,1,1,1,0,1,661.0,0
GTCCTCATCATTTGGG-JHA710A1,JHA710A1,A1,6.641015734541751,2,1,1,1,1,0,0,1059.0,0
GTCCTCATCCGGCACA-JHA710A1,JHA710A1,A1,0.0,2,0,0,0,0,0,0,797.0,0
GTCCTCATCGGAAACG-JHA710A1,JHA710A1,A1,0.0,2,0,0,0,0,0,0,1149.0,0
GTCCTCATCTAACTTC-JHA710A1,JHA710A1,A1,2.421872813976386,2,1,1,1,1,0,0,974.0,0
GTCGGGTAGCGTCAAG-JHA710A1,JHA710A1,A1,0.0,1,0,0,0,0,0,0,608.0,0
GTCGGGTAGGATCGCA-JHA710A1,JHA710A1,A1,0.0,1,0,0,0,0,0,0,668.0,0
GTCGGGTAGGGTTCCC-JHA710A1,JHA710A1,A1,3.427717893827554,2,1,1,1,1,0,0,671.0,0
GTCGGGTAGTACGTAA-JHA710A1,JHA710A1,A1,0.0,2,0,0,0,0,0,0,912.0,0
GTCGGGTCATGTCCTC-JHA710A1,JHA710A1,A1,5.8579139788441905,2,1,1,1,1,0,0,745.0,0
GTCGGGTGTACTCGCG-JHA710A1,JHA710A1,A1,2.599224438370223,1,1,1,0,0,0,0,803.0,1
GTCGGGTGTCAAAGCG-JHA710A1,JHA710A1,A1,2.095888989996992,1,1,1,0,0,0,0,1402.0,0
GTCGGGTGTCGGGTCT-JHA710A1,JHA710A1,A1,2.523684100115038,0,1,0,0,0,0,0,1743.0,0
GTCGGGTGTTCCGTCT-JHA710A1,JHA710A1,A1,0.0,2,0,0,0,0,0,0,1256.0,0
GTCGTAAAGACCTTTG-JHA710A1,JHA710A1,A1,2.335736285411718,3,1,1,1,1,1,0,2142.0,0
GTCGTAAAGTGTCCCG-JHA710A1,JHA710A1,A1,0.0,0,0,0,0,0,0,0,467.0,0
GTCGTAACAGCGATCC-JHA710A1,JHA710A1,A1,2.8362302219925604,3,1,1,1,1,1,0,1869.0,0
GTCGTAACATATACCG-JHA710A1,JHA710A1,A1,2.5686496392043927,2,1,1,1,1,0,0,830.0,0
GTCGTAAGTAGCACGA-JHA710A1,JHA710A1,A1,3.151511540223939,2,1,1,1,1,0,0,447.0,0
GTCGTAAGTTATTCTC-JHA710A1,JHA710A1,A1,1.6432365524037624,2,1,1,1,1,0,0,2397.0,0
GTCGTAATCAGCGACC-JHA710A1,JHA710A1,A1,0.0,1,0,0,0,0,0,0,593.0,0
GTCGTAATCCAGGGCT-JHA710A1,JHA710A1,A1,2.52844697628231,1,1,1,0,0,0,0,867.0,1
GTCGTAATCTAACTGG-JHA710A1,JHA710A1,A1,0.0,2,0,0,0,0,0,0,847.0,0
GTCTCGTAGCACGCCT-JHA710A1,JHA710A1,A1,1.7055667578592613,1,1,1,0,0,0,0,2220.0,1
GTCTCGTCAAAGCGGT-JHA710A1,JHA710A1,A1,8.286017829977336,3,1,1,1,1,1,1,1394.0,0
GTCTCGTGTAAATACG-JHA710A1,JHA710A1,A1,0.0,0,0,0,0,0,0,0,597.0,0
GTCTCGTGTCCCTACT-JHA710A1,JHA710A1,A1,3.2032646373303826,2,1,1,1,1,0,0,847.0,0
GTCTCGTTCCATGCTC-JHA710A1,JHA710A1,A1,6.393284647116958,2,1,1,1,1,0,0,754.0,0
GTCTTCGAGGTGACCA-JHA710A1,JHA710A1,A1,3.1089717965409314,1,1,1,0,0,0,0,2804.0,0
GTCTTCGCAACTGCTA-JHA710A1,JHA710A1,A1,2.2693412787254776,2,1,1,1,1,0,0,1153.0,0
GTCTTCGCACAGCCCA-JHA710A1,JHA710A1,A1,0.0,2,0,0,0,0,0,0,634.0,0
GTCTTCGGTAGCCTCG-JHA710A1,JHA710A1,A1,2.7077702458932147,2,1,1,1,1,0,0,1429.0,0
GTCTTCGGTCATCCCT-JHA710A1,JHA710A1,A1,0.0,2,0,0,0,0,0,0,452.0,0
GTCTTCGTCAGTCCCT-JHA710A1,JHA710A1,A1,0.0,2,0,0,0,0,0,0,813.0,0
GTCTTCGTCTACTTAC-JHA710A1,JHA710A1,A1,0.0,2,0,0,0,0,0,0,1459.0,0
GTCTTCGTCTGATACG-JHA710A1,JHA710A1,A1,0.0,0,0,0,0,0,0,0,769.0,0
GTGAAGGCACTTAAGC-JHA710A1,JHA710A1,A1,0.0,0,0,0,0,0,0,0,494.0,0
GTGCAGCAGACAGGCT-JHA710A1,JHA710A1,A1,7.027989143019438,3,1,1,1,1,1,0,639.0,0
GTGCAGCAGAGGTACC-JHA710A1,JHA710A1,A1,0.0,1,0,0,0,0,0,0,1172.0,1
GTGCAGCAGGAGTCTG-JHA710A1,JHA710A1,A1,0.0,4,0,0,0,0,0,0,2537.0,1
GTGCAGCGTACACCGC-JHA710A1,JHA710A1,A1,2.9419791860624107,0,1,0,0,0,0,0,557.0,0
GTGCAGCTCAACCAAC-JHA710A1,JHA710A1,A1,0.0,0,0,0,0,0,0,0,986.0,0
GTGCAGCTCGATCCCT-JHA710A1,JHA710A1,A1,0.0,2,0,0,0,0,0,0,697.0,0
GTGCAGCTCTGGTGTA-JHA710A1,JHA710A1,A1,2.6527215571908163,2,1,1,1,1,0,0,758.0,0
GTGCATAAGCGATAGC-JHA710A1,JHA710A1,A1,2.267787483910739,2,1,1,1,1,0,0,1155.0,0
GTGCATACAAACGTGG-JHA710A1,JHA710A1,A1,0.0,2,0,0,0,0,0,0,1540.0,0
GTGCATACACGAAATA-JHA710A1,JHA710A1,A1,2.976650057090663,1,1,1,0,0,0,0,537.0,1
GTGCATACATCAGTCA-JHA710A1,JHA710A1,A1,0.0,2,0,0,0,0,0,0,1621.0,0
GTGCATAGTAAGGGCT-JHA710A1,JHA710A1,A1,2.500261682770106,2,1,1,1,1,0,0,1788.0,0
GTGCATAGTTTGCATG-JHA710A1,JHA710A1,A1,2.452358600047408,2,1,1,1,1,0,0,942.0,0
GTGCATATCTGCTTGC-JHA710A1,JHA710A1,A1,1.8760877462059864,3,1,1,1,1,1,0,1809.0,0
GTGCATATCTTTACAC-JHA710A1,JHA710A1,A1,0.0,2,0,0,0,0,0,0,1635.0,1
GTGCGGTAGGCTAGGT-JHA710A1,JHA710A1,A1,3.837363060481751,2,1,1,1,1,0,0,881.0,0
GTGCGGTAGTCAAGGC-JHA710A1,JHA710A1,A1,0.0,2,0,0,0,0,0,0,3582.0,1
GTGCGGTCAACCGCCA-JHA710A1,JHA710A1,A1,3.054096469686043,0,1,0,0,0,0,0,495.0,0
GTGCGGTCATCCGCGA-JHA710A1,JHA710A1,A1,1.9178158935710274,1,1,1,0,0,0,0,5167.0,0
GTGCTTCCACTTAACG-JHA710A1,JHA710A1,A1,0.0,1,0,0,0,0,0,0,1213.0,0
GTGCTTCCATGCAACT-JHA710A1,JHA710A1,A1,7.786292014376722,2,1,1,1,1,0,1,1255.0,0
GTGCTTCGTAGCGCTC-JHA710A1,JHA710A1,A1,2.5821043558286254,1,1,1,0,0,0,0,818.0,0
GTGCTTCGTGCTAGCC-JHA710A1,JHA710A1,A1,1.3208215943176869,2,1,1,1,1,0,0,3641.0,0
GTGCTTCGTGGTCCGT-JHA710A1,JHA710A1,A1,2.799236663722673,0,1,0,0,0,0,0,648.0,0
GTGCTTCTCATTATCC-JHA710A1,JHA710A1,A1,2.650272400435399,1,1,1,0,0,0,0,760.0,0
GTGCTTCTCCTGCTTG-JHA710A1,JHA710A1,A1,6.68386544128147,2,1,1,1,1,0,0,501.0,0
GTGGGTCAGAATTCCC-JHA710A1,JHA710A1,A1,2.039785951372495,3,1,1,1,1,1,0,1495.0,0
GTGGGTCAGAGCTGCA-JHA710A1,JHA710A1,A1,0.0,1,0,0,0,0,0,0,496.0,1
GTGGGTCAGTCGCCGT-JHA710A1,JHA710A1,A1,2.6357209039067135,2,1,1,1,1,0,0,772.0,0
GTGGGTCCATATGGTC-JHA710A1,JHA710A1,A1,0.0,2,0,0,0,0,0,0,679.0,0
GTGGGTCGTGCAGTAG-JHA710A1,JHA710A1,A1,3.140866446808272,1,1,1,0,0,0,0,452.0,0
GTGTGCGAGATGCCTT-JHA710A1,JHA710A1,A1,3.1931265794715955,0,1,0,0,0,0,0,856.0,0
GTGTGCGGTCAACATC-JHA710A1,JHA710A1,A1,0.0,2,0,0,0,0,0,0,713.0,0
GTGTGCGGTCTCGTTC-JHA710A1,JHA710A1,A1,2.5199979695992702,2,1,1,1,1,0,0,875.0,0
GTGTGCGTCGTAGGAG-JHA710A1,JHA710A1,A1,0.0,0,0,0,0,0,0,0,1187.0,1
GTGTGCGTCGTCGTTC-JHA710A1,JHA710A1,A1,5.506951251964073,1,1,1,0,0,0,0,489.0,0
GTGTGCGTCTGCTTGC-JHA710A1,JHA710A1,A1,8.051827793255882,3,1,1,1,1,1,1,924.0,0
GTGTTAGCAATGGATA-JHA710A1,JHA710A1,A1,2.229880540310272,1,1,1,0,0,0,0,1205.0,0
GTGTTAGCATTGCGGC-JHA710A1,JHA710A1,A1,0.0,3,0,0,0,0,0,0,1524.0,0
GTGTTAGTCCAAACTG-JHA710A1,JHA710A1,A1,0.0,1,0,0,0,0,0,0,619.0,0
GTTAAGCAGAGGTAGA-JHA710A1,JHA710A1,A1,5.079571379914148,2,1,1,1,1,0,0,814.0,0
GTTAAGCAGCCTATGT-JHA710A1,JHA710A1,A1,0.0,2,0,0,0,0,0,0,2320.0,0
GTTAAGCAGGACATTA-JHA710A1,JHA710A1,A1,1.6418917972815192,1,1,1,0,0,0,0,2401.0,0
GTTAAGCGTATGGTTC-JHA710A1,JHA710A1,A1,0.0,2,0,0,0,0,0,0,467.0,0
GTTACAGAGATCTGCT-JHA710A1,JHA710A1,A1,2.8499342352406978,3,1,1,1,1,1,0,614.0,0
GTTACAGTCCGCAAGC-JHA710A1,JHA710A1,A1,0.0,2,0,0,0,0,0,0,1520.0,0
GTTACAGTCGCCCTTA-JHA710A1,JHA710A1,A1,8.172935665836325,2,1,1,1,1,0,1,1369.0,0
GTTCATTAGAAGGCCT-JHA710A1,JHA710A1,A1,0.0,2,0,0,0,0,0,0,1317.0,0
GTTCATTAGCTATGCT-JHA710A1,JHA710A1,A1,3.148305024921302,2,1,1,1,1,0,0,897.0,0
GTTCATTAGGTAAACT-JHA710A1,JHA710A1,A1,0.0,1,0,0,0,0,0,0,511.0,0
GTTCATTAGTGTACTC-JHA710A1,JHA710A1,A1,0.0,3,0,0,0,0,0,0,1421.0,0
GTTCATTGTAGCGATG-JHA710A1,JHA710A1,A1,0.0,1,0,0,0,0,0,0,446.0,0
GTTCATTGTCAAAGAT-JHA710A1,JHA710A1,A1,0.0,2,0,0,0,0,0,0,1235.0,0
GTTCATTGTTTGACTG-JHA710A1,JHA710A1,A1,0.0,1,0,0,0,0,0,0,1008.0,0
GTTCATTTCTCCGGTT-JHA710A1,JHA710A1,A1,0.0,2,0,0,0,0,0,0,1751.0,0
GTTCATTTCTTTCCTC-JHA710A1,JHA710A1,A1,0.0,0,0,0,0,0,0,0,941.0,0
GTTCGGGAGAGTAATC-JHA710A1,JHA710A1,A1,0.0,0,0,0,0,0,0,0,529.0,0
GTTCGGGAGGGTGTTG-JHA710A1,JHA710A1,A1,0.0,0,0,0,0,0,0,0,467.0,0
GTTCGGGAGTGGTAGC-JHA710A1,JHA710A1,A1,2.596921991522423,1,1,1,0,0,0,0,805.0,0
GTTCGGGAGTTTGCGT-JHA710A1,JHA710A1,A1,0.0,1,0,0,0,0,0,0,1906.0,0
GTTCGGGGTGTTCGAT-JHA710A1,JHA710A1,A1,7.794425833950297,3,1,1,1,1,1,1,507.0,0
GTTCGGGTCAGCACAT-JHA710A1,JHA710A1,A1,0.0,1,0,0,0,0,0,0,1172.0,0
GTTCGGGTCGTCCGTT-JHA710A1,JHA710A1,A1,0.0,2,0,0,0,0,0,0,651.0,0
GTTCTCGAGCTGCCCA-JHA710A1,JHA710A1,A1,0.0,2,0,0,0,0,0,0,751.0,0
GTTCTCGCACATGGGA-JHA710A1,JHA710A1,A1,2.7032102810065712,2,1,1,1,1,0,0,718.0,0
GTTCTCGGTATATGAG-JHA710A1,JHA710A1,A1,7.886088849982775,2,1,1,1,1,0,1,959.0,0
GTTCTCGGTCGCTTTC-JHA710A1,JHA710A1,A1,0.0,0,0,0,0,0,0,0,457.0,0
GTTCTCGGTGACGCCT-JHA710A1,JHA710A1,A1,0.0,0,0,0,0,0,0,0,514.0,1
GTTCTCGGTTCCCGAG-JHA710A1,JHA710A1,A1,0.0,2,0,0,0,0,0,0,1244.0,0
GTTCTCGGTTTAGGAA-JHA710A1,JHA710A1,A1,0.0,2,0,0,0,0,0,0,1436.0,0
GTTCTCGTCAGAGCTT-JHA710A1,JHA710A1,A1,0.0,2,0,0,0,0,0,0,785.0,0
GTTCTCGTCCGTTGCT-JHA710A1,JHA710A1,A1,0.0,2,0,0,0,0,0,0,1052.0,0
GTTCTCGTCTGATTCT-JHA710A1,JHA710A1,A1,1.4441721476978615,2,1,1,1,1,0,0,3088.0,0
GTTTCTAAGGCACATG-JHA710A1,JHA710A1,A1,0.0,2,0,0,0,0,0,0,737.0,0
GTTTCTAGTCGCCATG-JHA710A1,JHA710A1,A1,2.6162995700535774,2,1,1,1,1,0,0,2365.0,0
GTTTCTATCTCTGCTG-JHA710A1,JHA710A1,A1,0.0,1,0,0,0,0,0,0,774.0,1
TAAACCGAGATGGGTC-JHA710A1,JHA710A1,A1,8.17303343687273,3,1,1,1,1,1,1,1033.0,0
TAAACCGAGCGATAGC-JHA710A1,JHA710A1,A1,0.0,1,0,0,0,0,0,0,1070.0,0
TAAACCGAGGCGCTCT-JHA710A1,JHA710A1,A1,3.6660006717290052,1,1,1,0,0,0,0,525.0,0
TAAACCGAGGTAAACT-JHA710A1,JHA710A1,A1,0.0,0,0,0,0,0,0,0,533.0,0
TAAACCGAGTCTTGCA-JHA710A1,JHA710A1,A1,7.096343796690055,2,1,1,1,1,0,0,489.0,0
TAAACCGAGTGAACAT-JHA710A1,JHA710A1,A1,0.0,2,0,0,0,0,0,0,738.0,1
TAAACCGCACGAAATA-JHA710A1,JHA710A1,A1,0.0,3,0,0,0,0,0,0,1455.0,0
TAAACCGCACGGCTAC-JHA710A1,JHA710A1,A1,1.8239289134325336,5,1,1,1,1,1,0,7698.0,1
TAAACCGCACGGTGTC-JHA710A1,JHA710A1,A1,2.8685404962389303,2,1,1,1,1,0,0,602.0,0
TAAACCGGTAGCGATG-JHA710A1,JHA710A1,A1,0.0,2,0,0,0,0,0,0,1568.0,0
TAAACCGGTATGGTTC-JHA710A1,JHA710A1,A1,0.0,1,0,0,0,0,0,0,785.0,0
TAAACCGTCGCCAGCA-JHA710A1,JHA710A1,A1,0.0,1,0,0,0,0,0,0,1116.0,0
TAAACCGTCGTTTATC-JHA710A1,JHA710A1,A1,2.5877732833977265,1,1,1,0,0,0,0,813.0,0
TAAGAGAAGGAATCGC-JHA710A1,JHA710A1,A1,0.0,1,0,0,0,0,0,0,555.0,0
TAAGAGAAGTACCGGA-JHA710A1,JHA710A1,A1,0.0,3,0,0,0,0,0,0,2663.0,0
TAAGAGAAGTGAACAT-JHA710A1,JHA710A1,A1,2.155660152914969,1,1,1,0,0,0,0,1310.0,0
TAAGAGAGTACCTACA-JHA710A1,JHA710A1,A1,0.0,1,0,0,0,0,0,0,695.0,0
TAAGAGAGTACTCTCC-JHA710A1,JHA710A1,A1,0.0,2,0,0,0,0,0,0,2661.0,0
TAAGAGAGTTGTCTTT-JHA710A1,JHA710A1,A1,2.989106598581854,2,1,1,1,1,0,0,530.0,0
TAAGAGATCCTACAGA-JHA710A1,JHA710A1,A1,1.821970676376217,2,1,1,1,1,0,0,1929.0,0
TAAGAGATCTGTTTGT-JHA710A1,JHA710A1,A1,0.0,1,0,0,0,0,0,0,1076.0,1
TAAGCGTAGAGCCTAG-JHA710A1,JHA710A1,A1,2.0432853021693558,1,1,1,0,0,0,0,1489.0,0
TAAGCGTAGAGTACAT-JHA710A1,JHA710A1,A1,0.0,2,0,0,0,0,0,0,1243.0,0
TAAGCGTCATATACCG-JHA710A1,JHA710A1,A1,1.4513894860695036,0,1,0,0,0,0,0,3059.0,1
TAAGCGTCATGGTCTA-JHA710A1,JHA710A1,A1,0.0,1,0,0,0,0,0,0,2551.0,0
TAAGCGTGTAGGGACT-JHA710A1,JHA710A1,A1,1.6920607045236293,1,1,1,0,0,0,0,2257.0,0
TAAGCGTGTAGTACCT-JHA710A1,JHA710A1,A1,2.460156041226102,1,1,1,0,0,0,0,934.0,0
TAAGCGTGTTTCGCTC-JHA710A1,JHA710A1,A1,3.1178734492948132,1,1,1,0,0,0,0,463.0,0
TAAGCGTTCAGCACAT-JHA710A1,JHA710A1,A1,0.0,0,0,0,0,0,0,0,537.0,1
TAAGCGTTCGGCTACG-JHA710A1,JHA710A1,A1,6.867071410868613,2,1,1,1,1,0,0,1199.0,0
TAAGTGCAGGTGATTA-JHA710A1,JHA710A1,A1,7.834425402932749,3,1,1,1,1,1,1,598.0,0
TAAGTGCCAATAGCAA-JHA710A1,JHA710A1,A1,0.0,2,0,0,0,0,0,0,527.0,0
TAAGTGCCATCGATGT-JHA710A1,JHA710A1,A1,4.048041920738108,2,1,1,1,1,0,0,533.0,0
TAAGTGCTCACAACGT-JHA710A1,JHA710A1,A1,0.0,1,0,0,0,0,0,0,781.0,0
TACACGAAGAAGGTTT-JHA710A1,JHA710A1,A1,0.0,2,0,0,0,0,0,0,497.0,0
TACACGAGTCCAGTGC-JHA710A1,JHA710A1,A1,2.1409490098500727,2,1,1,1,1,0,0,1332.0,0
TACACGAGTCCGAGTC-JHA710A1,JHA710A1,A1,3.9769868287820636,1,1,1,0,0,0,0,573.0,1
TACACGATCCCACTTG-JHA710A1,JHA710A1,A1,2.255463049973131,1,1,1,0,0,0,0,1171.0,0
TACACGATCGTTTGCC-JHA710A1,JHA710A1,A1,8.09969680243976,3,1,1,1,1,1,1,1713.0,0
TACAGTGAGAAACCGC-JHA710A1,JHA710A1,A1,5.765477742866568,1,1,1,0,0,0,0,503.0,0
TACAGTGAGACCCACC-JHA710A1,JHA710A1,A1,0.0,2,0,0,0,0,0,0,1472.0,0
TACAGTGAGCCATCGC-JHA710A1,JHA710A1,A1,2.1059626297611787,2,1,1,1,1,0,0,1386.0,0
TACAGTGAGCGTCAAG-JHA710A1,JHA710A1,A1,2.1429390301602433,0,1,0,0,0,0,0,1329.0,0
TACAGTGCACGTTGGC-JHA710A1,JHA710A1,A1,0.0,1,0,0,0,0,0,0,1124.0,0
TACAGTGCACTTAAGC-JHA710A1,JHA710A1,A1,3.1472386712918565,0,1,0,0,0,0,0,449.0,0
TACAGTGGTTGACGTT-JHA710A1,JHA710A1,A1,2.2970240417983705,1,1,1,0,0,0,0,1118.0,0
TACAGTGGTTGCCTCT-JHA710A1,JHA710A1,A1,1.3634130980255759,2,1,1,1,1,0,0,3437.0,0
TACAGTGTCAGCACAT-JHA710A1,JHA710A1,A1,0.0,2,0,0,0,0,0,0,1305.0,1
TACCTATAGTCCATAC-JHA710A1,JHA710A1,A1,0.0,2,0,0,0,0,0,0,501.0,0
TACCTATGTAGCGTAG-JHA710A1,JHA710A1,A1,0.0,3,0,0,0,0,0,0,2048.0,1
TACCTATTCCACTGGG-JHA710A1,JHA710A1,A1,2.915173144017787,0,1,0,0,0,0,0,573.0,0
TACCTATTCCAGTATG-JHA710A1,JHA710A1,A1,0.0,1,0,0,0,0,0,0,443.0,0
TACCTTAAGACTAGGC-JHA710A1,JHA710A1,A1,2.133694896035805,2,1,1,1,1,0,0,1343.0,0
TACCTTAAGAGGTTGC-JHA710A1,JHA710A1,A1,5.571791844560622,2,1,1,1,1,0,0,840.0,0
TACCTTAAGTGAAGTT-JHA710A1,JHA710A1,A1,6.798698677655027,2,1,1,1,1,0,0,949.0,0
TACCTTACAGCTTCGG-JHA710A1,JHA710A1,A1,2.7130109001557154,2,1,1,1,1,0,0,1421.0,1
TACCTTACATGAAGTA-JHA710A1,JHA710A1,A1,0.0,3,0,0,0,0,0,0,689.0,1
TACCTTAGTAAGGGAA-JHA710A1,JHA710A1,A1,2.8272101368331413,2,1,1,1,1,0,0,629.0,0
TACCTTAGTACAGTTC-JHA710A1,JHA710A1,A1,2.7097318158482624,1,1,1,0,0,0,0,2139.0,1
TACCTTAGTGGCAAAC-JHA710A1,JHA710A1,A1,0.0,1,0,0,0,0,0,0,712.0,0
TACCTTAGTTGTGGCC-JHA710A1,JHA710A1,A1,0.0,0,0,0,0,0,0,0,451.0,0
TACCTTATCGGCGCTA-JHA710A1,JHA710A1,A1,1.322232702966614,4,1,1,1,1,1,0,3634.0,0
TACCTTATCTCCTATA-JHA710A1,JHA710A1,A1,0.0,2,0,0,0,0,0,0,721.0,0
TACCTTATCTGTCAAG-JHA710A1,JHA710A1,A1,3.0794706653115114,1,1,1,0,0,0,0,482.0,0
TACGGATAGTCAAGGC-JHA710A1,JHA710A1,A1,8.215560255777719,3,1,1,1,1,1,1,779.0,0
TACGGATCAAACGCGA-JHA710A1,JHA710A1,A1,0.0,2,0,0,0,0,0,0,1013.0,0
TACGGATCAAGGCTCC-JHA710A1,JHA710A1,A1,5.197701770974996,2,1,1,1,1,0,0,556.0,0
TACGGATCAGGTCCAC-JHA710A1,JHA710A1,A1,0.0,1,0,0,0,0,0,0,741.0,1
TACGGATGTAAACGCG-JHA710A1,JHA710A1,A1,2.9505226481200553,0,1,0,0,0,0,0,552.0,0
TACGGATGTACATGTC-JHA710A1,JHA710A1,A1,0.0,0,0,0,0,0,0,0,549.0,0
TACGGATGTACTCTCC-JHA710A1,JHA710A1,A1,0.0,1,0,0,0,0,0,0,720.0,0
TACGGATTCTCTGTCG-JHA710A1,JHA710A1,A1,0.0,2,0,0,0,0,0,0,1242.0,0
TACGGGCCAAGGTTTC-JHA710A1,JHA710A1,A1,0.0,2,0,0,0,0,0,0,1303.0,0
TACGGGCCAGTCAGAG-JHA710A1,JHA710A1,A1,0.0,3,0,0,0,0,0,0,797.0,0
TACGGGCGTGCGCTTG-JHA710A1,JHA710A1,A1,0.0,3,0,0,0,0,0,0,2875.0,1
TACGGGCGTTGGTAAA-JHA710A1,JHA710A1,A1,0.0,0,0,0,0,0,0,0,1197.0,0
TACGGGCTCGGCGCTA-JHA710A1,JHA710A1,A1,2.3149174944867066,2,1,1,1,1,0,0,1096.0,0
TACGGTAAGTCAATAG-JHA710A1,JHA710A1,A1,0.0,2,0,0,0,0,0,0,608.0,0
TACGGTAAGTCTTGCA-JHA710A1,JHA710A1,A1,2.283460649775965,2,1,1,1,1,0,0,1135.0,0
TACGGTAAGTGTGAAT-JHA710A1,JHA710A1,A1,2.4275051339655733,2,1,1,1,1,0,0,968.0,0
TACGGTATCAGCTCGG-JHA710A1,JHA710A1,A1,0.0,2,0,0,0,0,0,0,2225.0,0
TACTCATCAATTCCTT-JHA710A1,JHA710A1,A1,0.0,1,0,0,0,0,0,0,511.0,0
TACTCATCACTTCTGC-JHA710A1,JHA710A1,A1,0.0,2,0,0,0,0,0,0,715.0,0
TACTCATGTACAAGTA-JHA710A1,JHA710A1,A1,2.324567341104477,2,1,1,1,1,0,0,3253.0,0
TACTCATGTATAGTAG-JHA710A1,JHA710A1,A1,2.5658729317594657,1,1,1,0,0,0,0,1665.0,0
TACTCATGTGAAGGCT-JHA710A1,JHA710A1,A1,3.1345381929117835,2,1,1,1,1,0,0,455.0,0
TACTCATTCGATAGAA-JHA710A1,JHA710A1,A1,3.044522437723423,0,1,0,0,0,0,0,500.0,0
TACTCGCAGCGATAGC-JHA710A1,JHA710A1,A1,0.0,2,0,0,0,0,0,0,3391.0,0
TACTCGCAGCTGCAAG-JHA710A1,JHA710A1,A1,3.0728967941902616,3,1,1,1,1,1,0,1456.0,0
TACTCGCAGGAATTAC-JHA710A1,JHA710A1,A1,7.742461894784888,2,1,1,1,1,0,1,1689.0,0
TACTCGCGTATGCTTG-JHA710A1,JHA710A1,A1,7.855946792709163,3,1,1,1,1,1,1,531.0,0
TACTCGCGTGATGATA-JHA710A1,JHA710A1,A1,2.774935590249597,1,1,1,0,0,0,0,665.0,0
TACTCGCGTTCCTCCA-JHA710A1,JHA710A1,A1,0.0,0,0,0,0,0,0,0,615.0,0
TACTCGCTCGAATGCT-JHA710A1,JHA710A1,A1,1.9441978198698007,2,1,1,1,1,0,0,1670.0,0
TACTTACAGGCGCTCT-JHA710A1,JHA710A1,A1,7.666425166021658,2,1,1,1,1,0,1,848.0,0
TACTTACCAAACGCGA-JHA710A1,JHA710A1,A1,0.0,1,0,0,0,0,0,0,470.0,0
TACTTACGTATAGGTA-JHA710A1,JHA710A1,A1,0.0,3,0,0,0,0,0,0,574.0,0
TACTTACGTGCACCAC-JHA710A1,JHA710A1,A1,0.0,2,0,0,0,0,0,0,611.0,0
TACTTACGTTCAGTAC-JHA710A1,JHA710A1,A1,0.0,2,0,0,0,0,0,0,918.0,0
TACTTACGTTCCGGCA-JHA710A1,JHA710A1,A1,0.0,0,0,0,0,0,0,0,851.0,1
TACTTACGTTCGCGAC-JHA710A1,JHA710A1,A1,0.0,2,0,0,0,0,0,0,657.0,0
TACTTACGTTCGTCTC-JHA710A1,JHA710A1,A1,0.0,1,0,0,0,0,0,0,1141.0,0
TACTTACGTTGGAGGT-JHA710A1,JHA710A1,A1,6.448304778087487,2,1,1,1,1,0,0,666.0,0
TACTTACTCATTGCCC-JHA710A1,JHA710A1,A1,4.5955158897437265,3,1,1,1,1,1,0,1224.0,0
TACTTACTCTGAAAGA-JHA710A1,JHA710A1,A1,2.164483298410485,2,1,1,1,1,0,0,5188.0,1
TACTTGTAGCAACGGT-JHA710A1,JHA710A1,A1,0.0,1,0,0,0,0,0,0,1046.0,0
TACTTGTAGGCTCATT-JHA710A1,JHA710A1,A1,0.0,1,0,0,0,0,0,0,456.0,0
TACTTGTCACTCAGGC-JHA710A1,JHA710A1,A1,0.0,0,0,0,0,0,0,0,453.0,1
TACTTGTCATCGGAAG-JHA710A1,JHA710A1,A1,5.2084921169742815,2,1,1,1,1,0,0,495.0,0
TACTTGTTCACGATGT-JHA710A1,JHA710A1,A1,0.0,0,0,0,0,0,0,0,449.0,0
TACTTGTTCATGCATG-JHA710A1,JHA710A1,A1,0.0,0,0,0,0,0,0,0,587.0,0
TAGACCAAGATCCCAT-JHA710A1,JHA710A1,A1,3.66414644146795,2,1,1,1,1,0,0,526.0,0
TAGACCAAGATGGGTC-JHA710A1,JHA710A1,A1,7.787646951644893,2,1,1,1,1,0,1,581.0,0
TAGACCAAGCTCAACT-JHA710A1,JHA710A1,A1,6.7565122352458,2,1,1,1,1,0,0,955.0,0
TAGACCAAGGATATAC-JHA710A1,JHA710A1,A1,0.0,1,0,0,0,0,0,0,1593.0,0
TAGACCACAGAGCCAA-JHA710A1,JHA710A1,A1,0.0,1,0,0,0,0,0,0,1340.0,0
TAGACCAGTCTAGGTT-JHA710A1,JHA710A1,A1,2.6096622419314524,2,1,1,1,1,0,0,1588.0,0
TAGACCAGTTACTGAC-JHA710A1,JHA710A1,A1,3.014546420368209,0,1,0,0,0,0,0,516.0,0
TAGACCATCATGCATG-JHA710A1,JHA710A1,A1,0.0,2,0,0,0,0,0,0,2205.0,0
TAGACCATCCCTAATT-JHA710A1,JHA710A1,A1,0.0,2,0,0,0,0,0,0,1287.0,0
TAGACCATCTAACCGA-JHA710A1,JHA710A1,A1,7.503013958722957,3,1,1,1,1,1,0,480.0,0
TAGACCATCTCTGTCG-JHA710A1,JHA710A1,A1,1.7769150600795225,2,1,1,1,1,0,0,2036.0,1
TAGAGCTAGTTACCCA-JHA710A1,JHA710A1,A1,2.0017568072427903,2,1,1,1,1,0,0,1562.0,0
TAGAGCTCAGACTCGC-JHA710A1,JHA710A1,A1,3.8434909888147346,3,1,1,1,1,1,0,1751.0,0
TAGAGCTGTACAGTGG-JHA710A1,JHA710A1,A1,2.8875429016956873,2,1,1,1,1,0,0,590.0,0
TAGAGCTGTCAAAGCG-JHA710A1,JHA710A1,A1,0.0,1,0,0,0,0,0,0,613.0,0
TAGAGCTGTTACGCGC-JHA710A1,JHA710A1,A1,0.0,4,0,0,0,0,0,0,1366.0,0
TAGAGCTTCCACGTGG-JHA710A1,JHA710A1,A1,0.0,2,0,0,0,0,0,0,508.0,0
TAGAGCTTCCTAAGTG-JHA710A1,JHA710A1,A1,7.628820466302533,2,1,1,1,1,0,1,827.0,0
TAGAGCTTCTCTAGGA-JHA710A1,JHA710A1,A1,5.963967891949032,2,1,1,1,1,0,0,979.0,1
TAGCCGGAGAACTGTA-JHA710A1,JHA710A1,A1,2.9453868465359867,0,1,0,0,0,0,0,555.0,0
TAGCCGGAGAAGGTTT-JHA710A1,JHA710A1,A1,0.0,2,0,0,0,0,0,0,933.0,0
TAGCCGGAGACAGACC-JHA710A1,JHA710A1,A1,5.690636332250352,2,1,1,1,1,0,0,2135.0,0
TAGCCGGCAACGATGG-JHA710A1,JHA710A1,A1,0.0,1,0,0,0,0,0,0,776.0,0
TAGCCGGCACTTACGA-JHA710A1,JHA710A1,A1,0.0,2,0,0,0,0,0,0,1189.0,0
TAGCCGGCAGATCCAT-JHA710A1,JHA710A1,A1,3.078481558265877,0,1,0,0,0,0,0,965.0,0
TAGCCGGTCAGAAATG-JHA710A1,JHA710A1,A1,0.0,2,0,0,0,0,0,0,3090.0,1
TAGCCGGTCTTACCTA-JHA710A1,JHA710A1,A1,6.576020763437432,2,1,1,1,1,0,0,1493.0,0
TAGGCATAGAGGACGG-JHA710A1,JHA710A1,A1,0.0,2,0,0,0,0,0,0,787.0,0
TAGGCATAGGGTGTGT-JHA710A1,JHA710A1,A1,0.0,2,0,0,0,0,0,0,1173.0,1
TAGGCATAGTATCTCG-JHA710A1,JHA710A1,A1,0.0,2,0,0,0,0,0,0,488.0,0
TAGGCATCACGACTCG-JHA710A1,JHA710A1,A1,7.025980876220692,1,1,1,0,0,0,0,747.0,0
TAGGCATCACGGATAG-JHA710A1,JHA710A1,A1,0.0,2,0,0,0,0,0,0,898.0,0
TAGGCATCACTTAAGC-JHA710A1,JHA710A1,A1,0.0,1,0,0,0,0,0,0,525.0,0
TAGGCATCAGTCGATT-JHA710A1,JHA710A1,A1,6.658944429637198,2,1,1,1,1,0,0,1053.0,0
TAGGCATGTACCAGTT-JHA710A1,JHA710A1,A1,2.3888536198814205,1,1,1,0,0,0,0,1010.0,0
TAGGCATGTTGTGGCC-JHA710A1,JHA710A1,A1,1.7615752705668988,2,1,1,1,1,0,0,2074.0,0
TAGGCATTCGATGAGG-JHA710A1,JHA710A1,A1,0.0,1,0,0,0,0,0,0,608.0,0
TAGTGGTAGTTACCCA-JHA710A1,JHA710A1,A1,1.9970647154870251,2,1,1,1,1,0,0,3141.0,0
TAGTGGTAGTTAGGTA-JHA710A1,JHA710A1,A1,2.9352023442237782,1,1,1,0,0,0,0,1122.0,0
TAGTGGTCACCTATCC-JHA710A1,JHA710A1,A1,0.0,0,0,0,0,0,0,0,472.0,0
TAGTGGTTCCTGCCAT-JHA710A1,JHA710A1,A1,1.964480623718025,1,1,1,0,0,0,0,3262.0,0
TAGTGGTTCGGCGCAT-JHA710A1,JHA710A1,A1,0.0,0,0,0,0,0,0,0,1670.0,0
TAGTGGTTCTGTCAAG-JHA710A1,JHA710A1,A1,0.0,0,0,0,0,0,0,0,524.0,0
TAGTTGGAGCTGTCTA-JHA710A1,JHA710A1,A1,0.0,2,0,0,0,0,0,0,1252.0,0
TAGTTGGAGGAGCGTT-JHA710A1,JHA710A1,A1,6.188319011658794,0,1,0,0,0,0,0,823.0,0
TAGTTGGGTCTGCAAT-JHA710A1,JHA710A1,A1,0.0,0,0,0,0,0,0,0,557.0,0
TAGTTGGGTGATGTGG-JHA710A1,JHA710A1,A1,4.5093065796440746,2,1,1,1,1,0,0,779.0,0
TAGTTGGTCTTGAGAC-JHA710A1,JHA710A1,A1,7.8947544125634135,1,1,1,0,0,0,1,645.0,0
TAGTTGGTCTTTAGGG-JHA710A1,JHA710A1,A1,0.0,1,0,0,0,0,0,0,1748.0,0
TATCAGGCAGATAATG-JHA710A1,JHA710A1,A1,5.6104867660916815,3,1,1,1,1,1,0,808.0,0
TATCAGGGTCAAAGAT-JHA710A1,JHA710A1,A1,0.0,2,0,0,0,0,0,0,522.0,0
TATCAGGGTCGCTTCT-JHA710A1,JHA710A1,A1,0.0,1,0,0,0,0,0,0,557.0,1
TATCAGGGTGAGGGAG-JHA710A1,JHA710A1,A1,3.043570555304208,1,1,1,0,0,0,0,1001.0,0
TATCAGGGTGGTACAG-JHA710A1,JHA710A1,A1,2.856093274440672,2,1,1,1,1,0,0,610.0,0
TATCAGGTCGTACCGG-JHA710A1,JHA710A1,A1,0.0,2,0,0,0,0,0,0,704.0,0
TATCTCAAGTGAAGAG-JHA710A1,JHA710A1,A1,0.0,0,0,0,0,0,0,0,506.0,0
TATCTCAAGTGACATA-JHA710A1,JHA710A1,A1,7.695289348230539,3,1,1,1,1,1,1,792.0,1
TATCTCACAGCCAATT-JHA710A1,JHA710A1,A1,7.659960846841197,3,1,1,1,1,1,1,1127.0,0
TATCTCACAGGAACGT-JHA710A1,JHA710A1,A1,7.371532581013868,2,1,1,1,1,0,0,988.0,0
TATCTCAGTCCGTGAC-JHA710A1,JHA710A1,A1,1.9929485232331303,3,1,1,1,1,1,0,1578.0,0
TATCTCAGTCTTCAAG-JHA710A1,JHA710A1,A1,4.718458609843416,2,1,1,1,1,0,0,2883.0,0
TATCTCAGTTGCTCCT-JHA710A1,JHA710A1,A1,0.0,0,0,0,0,0,0,0,490.0,0
TATCTCATCTTAGAGC-JHA710A1,JHA710A1,A1,7.871283045453491,3,1,1,1,1,1,1,1084.0,0
TATGCCCAGTACGCGA-JHA710A1,JHA710A1,A1,2.783843196198119,2,1,1,1,1,0,0,4611.0,1
TATGCCCAGTACGTTC-JHA710A1,JHA710A1,A1,6.693352204702195,2,1,1,1,1,0,0,1129.0,0
TATGCCCCACAGATTC-JHA710A1,JHA710A1,A1,0.0,2,0,0,0,0,0,0,457.0,0
TATGCCCCAGGGTTAG-JHA710A1,JHA710A1,A1,1.6253048364243,2,1,1,1,1,0,0,2451.0,0
TATGCCCCATGTTCCC-JHA710A1,JHA710A1,A1,0.0,2,0,0,0,0,0,0,1429.0,0
TATGCCCGTACATGTC-JHA710A1,JHA710A1,A1,6.283846860799217,2,1,1,1,1,0,0,617.0,0
TATGCCCGTCACTTCC-JHA710A1,JHA710A1,A1,0.0,1,0,0,0,0,0,0,627.0,1
TATGCCCGTCGGGTCT-JHA710A1,JHA710A1,A1,0.0,1,0,0,0,0,0,0,610.0,0
TATGCCCGTTCATGGT-JHA710A1,JHA710A1,A1,7.756469338261118,3,1,1,1,1,1,1,1156.0,0
TATGCCCTCACTCTTA-JHA710A1,JHA710A1,A1,2.4403179665624717,2,1,1,1,1,0,0,1909.0,0
TATGCCCTCGGCATCG-JHA710A1,JHA710A1,A1,4.582022317769989,0,1,0,0,0,0,0,517.0,0
TATTACCAGCGATGAC-JHA710A1,JHA710A1,A1,0.0,0,0,0,0,0,0,0,472.0,0
TATTACCAGTCGAGTG-JHA710A1,JHA710A1,A1,0.0,1,0,0,0,0,0,0,764.0,0
TATTACCTCCTTCAAT-JHA710A1,JHA710A1,A1,2.999921957839141,0,1,0,0,0,0,0,524.0,0
TATTACCTCGGTTAAC-JHA710A1,JHA710A1,A1,0.0,2,0,0,0,0,0,0,1317.0,0
TCAACGAAGATGTGGC-JHA710A1,JHA710A1,A1,0.0,1,0,0,0,0,0,0,509.0,0
TCAACGACAGTACACT-JHA710A1,JHA710A1,A1,3.6476192794946525,1,1,1,0,0,0,0,535.0,0
TCAACGAGTTAAGATG-JHA710A1,JHA710A1,A1,8.129264718071308,3,1,1,1,1,1,1,690.0,0
TCAACGATCTAACTTC-JHA710A1,JHA710A1,A1,2.3628851705847076,1,1,1,0,0,0,0,3118.0,0
TCAATCTAGATGCCTT-JHA710A1,JHA710A1,A1,7.587423131318376,3,1,1,1,1,1,1,720.0,0
TCAATCTAGCTAGTCT-JHA710A1,JHA710A1,A1,0.0,1,0,0,0,0,0,0,553.0,0
TCAATCTAGTGGTCCC-JHA710A1,JHA710A1,A1,3.166625134524323,0,1,0,0,0,0,0,440.0,0
TCAATCTCAATCCAAC-JHA710A1,JHA710A1,A1,1.79113474252566,2,1,1,1,1,0,0,4003.0,0
TCAATCTGTAGTACCT-JHA710A1,JHA710A1,A1,0.0,2,0,0,0,0,0,0,1477.0,0
TCAATCTGTCCAGTGC-JHA710A1,JHA710A1,A1,2.1873305036910207,2,1,1,1,1,0,0,1264.0,0
TCAATCTGTCTTGATG-JHA710A1,JHA710A1,A1,0.0,1,0,0,0,0,0,0,888.0,0
TCAATCTGTGACGCCT-JHA710A1,JHA710A1,A1,5.237323358335028,2,1,1,1,1,0,0,748.0,0
TCAATCTTCGGGAGTA-JHA710A1,JHA710A1,A1,0.0,1,0,0,0,0,0,0,1854.0,0
TCAATCTTCTGTCTCG-JHA710A1,JHA710A1,A1,2.903692601871825,2,1,1,1,1,0,0,580.0,0
TCACAAGAGATGTTAG-JHA710A1,JHA710A1,A1,2.336580098246731,1,1,1,0,0,0,0,2140.0,0
TCACAAGCAACACGCC-JHA710A1,JHA710A1,A1,0.0,1,0,0,0,0,0,0,1251.0,0
TCACAAGCACAGGTTT-JHA710A1,JHA710A1,A1,0.0,0,0,0,0,0,0,0,497.0,1
TCACAAGCACGAGGTA-JHA710A1,JHA710A1,A1,2.287426532563204,2,1,1,1,1,0,0,1130.0,0
TCACAAGGTCGTTGTA-JHA710A1,JHA710A1,A1,0.0,0,0,0,0,0,0,0,824.0,0
TCACGAAAGAGCTTCT-JHA710A1,JHA710A1,A1,0.0,4,0,0,0,0,0,0,1354.0,0
TCACGAACACCACGTG-JHA710A1,JHA710A1,A1,0.0,1,0,0,0,0,0,0,2179.0,0
TCACGAAGTGTGCGTC-JHA710A1,JHA710A1,A1,2.6980278454946567,0,1,0,0,0,0,0,722.0,0
TCACGAATCATGTCCC-JHA710A1,JHA710A1,A1,0.0,3,0,0,0,0,0,0,1598.0,0
TCACGAATCCCATTTA-JHA710A1,JHA710A1,A1,2.404283321533691,0,1,0,0,0,0,0,993.0,0
TCAGATGCAGTCACTA-JHA710A1,JHA710A1,A1,0.0,2,0,0,0,0,0,0,3276.0,0
TCAGATGGTTAAGATG-JHA710A1,JHA710A1,A1,7.606541171259715,2,1,1,1,1,0,1,970.0,0
TCAGATGGTTTGGCGC-JHA710A1,JHA710A1,A1,2.8035952605318073,0,1,0,0,0,0,0,645.0,0
TCAGCAAAGCGTAGTG-JHA710A1,JHA710A1,A1,0.0,0,0,0,0,0,0,0,466.0,0
TCAGCAAAGGACGAAA-JHA710A1,JHA710A1,A1,5.055018080276695,2,1,1,1,1,0,0,706.0,0
TCAGCAAAGGAGTACC-JHA710A1,JHA710A1,A1,2.779175741445698,1,1,1,0,0,0,0,662.0,0
TCAGCAAAGGCTCATT-JHA710A1,JHA710A1,A1,2.4759706917212125,1,1,1,0,0,0,0,918.0,0
TCAGCAACACAACGTT-JHA710A1,JHA710A1,A1,0.0,2,0,0,0,0,0,0,1003.0,0
TCAGCAAGTTACGACT-JHA710A1,JHA710A1,A1,1.4734283826769579,3,1,1,1,1,1,0,5945.0,1
TCAGCAAGTTCAGGCC-JHA710A1,JHA710A1,A1,2.9218000328830165,1,1,1,0,0,0,0,569.0,0
TCAGCAATCGCTGATA-JHA710A1,JHA710A1,A1,0.0,2,0,0,0,0,0,0,1426.0,0
TCAGCAATCTGAGTGT-JHA710A1,JHA710A1,A1,0.0,3,0,0,0,0,0,0,5929.0,1
TCAGCTCAGACAGACC-JHA710A1,JHA710A1,A1,3.5836809893728625,2,1,1,1,1,0,0,857.0,0
TCAGCTCAGCCAGTTT-JHA710A1,JHA710A1,A1,3.874732503689362,0,1,0,0,0,0,0,636.0,0
TCAGCTCCACGACGAA-JHA710A1,JHA710A1,A1,0.0,2,0,0,0,0,0,0,685.0,1
TCAGCTCCATCGACGC-JHA710A1,JHA710A1,A1,0.0,1,0,0,0,0,0,0,987.0,0
TCAGCTCGTTGTACAC-JHA710A1,JHA710A1,A1,2.194385178800358,0,1,0,0,0,0,0,1254.0,0
TCAGCTCTCGCTTAGA-JHA710A1,JHA710A1,A1,0.0,2,0,0,0,0,0,0,821.0,0
TCAGCTCTCTCCTATA-JHA710A1,JHA710A1,A1,0.0,1,0,0,0,0,0,0,572.0,1
TCAGCTCTCTTACCTA-JHA710A1,JHA710A1,A1,2.170649586868351,2,1,1,1,1,0,0,1288.0,0
TCAGGATAGGTGTTAA-JHA710A1,JHA710A1,A1,0.0,2,0,0,0,0,0,0,1687.0,0
TCAGGATCAAATCCGT-JHA710A1,JHA710A1,A1,0.0,1,0,0,0,0,0,0,535.0,0
TCAGGATCAGCAGTTT-JHA710A1,JHA710A1,A1,1.896496914260496,2,1,1,1,1,0,0,1766.0,0
TCAGGATCATCTCCCA-JHA710A1,JHA710A1,A1,2.708423614101321,1,1,1,0,0,0,0,714.0,0
TCAGGATCATGCATGT-JHA710A1,JHA710A1,A1,3.213515421490046,3,1,1,1,1,1,0,1257.0,0
TCAGGATTCCAGTAGT-JHA710A1,JHA710A1,A1,0.0,0,0,0,0,0,0,0,583.0,0
TCAGGATTCGTCCAGG-JHA710A1,JHA710A1,A1,0.0,2,0,0,0,0,0,0,1610.0,0
TCAGGATTCTAACTGG-JHA710A1,JHA710A1,A1,0.0,2,0,0,0,0,0,0,1531.0,0
TCAGGTATCATCTGCC-JHA710A1,JHA710A1,A1,0.0,1,0,0,0,0,0,0,566.0,0
TCAGGTATCGTTTAGG-JHA710A1,JHA710A1,A1,2.07125975698358,3,1,1,1,1,1,0,2884.0,0
TCATTACAGCGATATA-JHA710A1,JHA710A1,A1,0.0,1,0,0,0,0,0,0,483.0,0
TCATTACAGGAGTTGC-JHA710A1,JHA710A1,A1,0.0,1,0,0,0,0,0,0,861.0,1
TCATTACAGGATCGCA-JHA710A1,JHA710A1,A1,1.8489773626219246,2,1,1,1,1,0,0,1868.0,0
TCATTACCAAGCCATT-JHA710A1,JHA710A1,A1,0.0,1,0,0,0,0,0,0,606.0,0
TCATTACTCCGCGCAA-JHA710A1,JHA710A1,A1,0.0,2,0,0,0,0,0,0,1136.0,0
TCATTTGAGACTAAGT-JHA710A1,JHA710A1,A1,5.26854373436524,2,1,1,1,1,0,0,2796.0,0
TCATTTGCACTGCCAG-JHA710A1,JHA710A1,A1,5.159464881421127,4,1,1,1,1,1,0,3409.0,1
TCATTTGGTACGCACC-JHA710A1,JHA710A1,A1,1.799299087753937,1,1,1,0,0,0,0,1982.0,1
TCATTTGGTTCCTCCA-JHA710A1,JHA710A1,A1,0.0,0,0,0,0,0,0,0,649.0,0
TCATTTGTCAGCAACT-JHA710A1,JHA710A1,A1,0.0,2,0,0,0,0,0,0,1748.0,0
TCATTTGTCATTGCCC-JHA710A1,JHA710A1,A1,2.603847870466485,1,1,1,0,0,0,0,799.0,0
TCCACACAGACTAGGC-JHA710A1,JHA710A1,A1,7.419180722820095,2,1,1,1,1,0,0,522.0,0
TCCACACAGCCATCGC-JHA710A1,JHA710A1,A1,0.0,1,0,0,0,0,0,0,1122.0,0
TCCACACAGCGTTGCC-JHA710A1,JHA710A1,A1,2.1396251102539954,2,1,1,1,1,0,0,1334.0,0
TCCACACAGTGAACAT-JHA710A1,JHA710A1,A1,0.0,1,0,0,0,0,0,0,1029.0,0
TCCACACCAGTTTACG-JHA710A1,JHA710A1,A1,7.71301921425387,2,1,1,1,1,0,1,474.0,0
TCCACACCATGGGAAC-JHA710A1,JHA710A1,A1,0.0,2,0,0,0,0,0,0,947.0,0
TCCACACGTTGTCTTT-JHA710A1,JHA710A1,A1,2.0724728723637424,1,1,1,0,0,0,0,1440.0,0
TCCACACTCGCGTTTC-JHA710A1,JHA710A1,A1,0.0,3,0,0,0,0,0,0,1681.0,0
TCCCGATAGCTGATAA-JHA710A1,JHA710A1,A1,0.0,0,0,0,0,0,0,0,846.0,1
TCCCGATCAATCTGCA-JHA710A1,JHA710A1,A1,0.0,1,0,0,0,0,0,0,1262.0,1
TCCCGATCATGTCTCC-JHA710A1,JHA710A1,A1,1.9059415386122154,3,1,1,1,1,1,0,3493.0,1
TCCCGATGTATTAGCC-JHA710A1,JHA710A1,A1,5.974208674078378,1,1,1,0,0,0,0,765.0,0
TCCCGATTCCGAATGT-JHA710A1,JHA710A1,A1,0.0,2,0,0,0,0,0,0,1061.0,0
TCCCGATTCGAGGTAG-JHA710A1,JHA710A1,A1,0.0,0,0,0,0,0,0,0,500.0,1
TCCCGATTCTCTGAGA-JHA710A1,JHA710A1,A1,0.0,2,0,0,0,0,0,0,1019.0,0
TCGAGGCCAATTCCTT-JHA710A1,JHA710A1,A1,0.0,2,0,0,0,0,0,0,474.0,0
TCGAGGCGTAAATACG-JHA710A1,JHA710A1,A1,0.0,1,0,0,0,0,0,0,778.0,0
TCGAGGCGTCGCGAAA-JHA710A1,JHA710A1,A1,2.570877496348932,1,1,1,0,0,0,0,828.0,0
TCGAGGCTCCTGCAGG-JHA710A1,JHA710A1,A1,0.0,0,0,0,0,0,0,0,483.0,1
TCGAGGCTCGCATGAT-JHA710A1,JHA710A1,A1,0.0,0,0,0,0,0,0,0,480.0,0
TCGCGAGAGACACTAA-JHA710A1,JHA710A1,A1,2.2914117923959205,2,1,1,1,1,0,0,1125.0,0
TCGCGAGAGATATACG-JHA710A1,JHA710A1,A1,0.0,1,0,0,0,0,0,0,1246.0,0
TCGCGAGAGGCGCTCT-JHA710A1,JHA710A1,A1,0.0,0,0,0,0,0,0,0,464.0,0
TCGCGAGCAGACTCGC-JHA710A1,JHA710A1,A1,0.0,2,0,0,0,0,0,0,517.0,0
TCGCGAGGTAAGCACG-JHA710A1,JHA710A1,A1,6.932767630588263,2,1,1,1,1,0,0,781.0,0
TCGCGAGGTAGTACCT-JHA710A1,JHA710A1,A1,1.8377871195179225,2,1,1,1,1,0,0,1893.0,0
TCGCGAGGTGCATCTA-JHA710A1,JHA710A1,A1,6.837565546417911,2,1,1,1,1,0,0,945.0,0
TCGCGAGTCCAACCAA-JHA710A1,JHA710A1,A1,0.0,2,0,0,0,0,0,0,1576.0,0
TCGCGAGTCCAGTAGT-JHA710A1,JHA710A1,A1,0.0,0,0,0,0,0,0,0,514.0,1
TCGCGAGTCCGAAGAG-JHA710A1,JHA710A1,A1,0.0,2,0,0,0,0,0,0,547.0,0
TCGCGAGTCGCGGATC-JHA710A1,JHA710A1,A1,0.0,2,0,0,0,0,0,0,1123.0,0
TCGCGAGTCTGAGTGT-JHA710A1,JHA710A1,A1,0.0,0,0,0,0,0,0,0,532.0,0
TCGCGTTAGCACACAG-JHA710A1,JHA710A1,A1,4.246062167934238,2,1,1,1,1,0,0,1017.0,0
TCGCGTTAGGCACATG-JHA710A1,JHA710A1,A1,3.8429322817957083,0,1,0,0,0,0,0,438.0,0
TCGCGTTAGGCAGGTT-JHA710A1,JHA710A1,A1,7.3078938195065515,2,1,1,1,1,0,0,892.0,1
TCGCGTTGTACAGTGG-JHA710A1,JHA710A1,A1,2.0694436318401346,1,1,1,0,0,0,0,1445.0,0
TCGCGTTGTACCGTAT-JHA710A1,JHA710A1,A1,0.0,2,0,0,0,0,0,0,1311.0,0
TCGCGTTGTCGGATCC-JHA710A1,JHA710A1,A1,0.0,1,0,0,0,0,0,0,802.0,0
TCGCGTTTCAAACAAG-JHA710A1,JHA710A1,A1,0.0,2,0,0,0,0,0,0,4352.0,0
TCGCGTTTCAAACGGG-JHA710A1,JHA710A1,A1,0.0,2,0,0,0,0,0,0,1350.0,0
TCGCGTTTCGTAGATC-JHA710A1,JHA710A1,A1,1.5405236171464585,3,1,1,1,1,1,0,2727.0,0
TCGGGACAGACAGGCT-JHA710A1,JHA710A1,A1,2.3570950058362645,2,1,1,1,1,0,0,1046.0,0
TCGGGACAGTGGGCTA-JHA710A1,JHA710A1,A1,0.0,1,0,0,0,0,0,0,835.0,0
TCGGGACAGTTGAGAT-JHA710A1,JHA710A1,A1,7.916783970380635,3,1,1,1,1,1,1,868.0,0
TCGGGACCAACTTGAC-JHA710A1,JHA710A1,A1,2.094014552950642,2,1,1,1,1,0,0,1405.0,0
TCGGGACCAAGACACG-JHA710A1,JHA710A1,A1,7.749983549417295,3,1,1,1,1,1,1,599.0,0
TCGGGACCAATCAGAA-JHA710A1,JHA710A1,A1,2.229510310554417,2,1,1,1,1,0,0,2411.0,0
TCGGGACCAATTCCTT-JHA710A1,JHA710A1,A1,6.2166061010848646,1,1,1,0,0,0,0,460.0,0
TCGGGACGTGGTCTCG-JHA710A1,JHA710A1,A1,2.8347205033467873,1,1,1,0,0,0,0,624.0,0
TCGGGACTCGGTTAAC-JHA710A1,JHA710A1,A1,2.4793030293264633,2,1,1,1,1,0,0,2744.0,0
TCGGGACTCTAACGGT-JHA710A1,JHA710A1,A1,7.662532618625794,2,1,1,1,1,0,1,1538.0,1
TCGGTAACACATTTCT-JHA710A1,JHA710A1,A1,0.0,2,0,0,0,0,0,0,1311.0,0
TCGGTAAGTAAGGGCT-JHA710A1,JHA710A1,A1,0.0,1,0,0,0,0,0,0,1362.0,0
TCGGTAAGTCACCCAG-JHA710A1,JHA710A1,A1,0.0,1,0,0,0,0,0,0,853.0,0
TCGGTAAGTCCCGACA-JHA710A1,JHA710A1,A1,6.866087253042899,3,1,1,1,1,1,0,574.0,0
TCGGTAAGTTAAGTAG-JHA710A1,JHA710A1,A1,3.587659932851832,2,1,1,1,1,0,0,569.0,0
TCGGTAAGTTGACGTT-JHA710A1,JHA710A1,A1,7.904275216760097,2,1,1,1,1,0,1,842.0,0
TCGGTAATCTCTTGAT-JHA710A1,JHA710A1,A1,0.0,2,0,0,0,0,0,0,604.0,0
TCGTACCAGCGTTTAC-JHA710A1,JHA710A1,A1,0.0,1,0,0,0,0,0,0,488.0,0
TCGTACCAGCTGCAAG-JHA710A1,JHA710A1,A1,6.378825584555548,2,1,1,1,1,0,0,595.0,0
TCGTACCCAAGCCTAT-JHA710A1,JHA710A1,A1,1.7000594688291029,2,1,1,1,1,0,0,2235.0,1
TCGTACCGTCGAACAG-JHA710A1,JHA710A1,A1,0.0,1,0,0,0,0,0,0,1588.0,0
TCGTACCTCCCTCTTT-JHA710A1,JHA710A1,A1,7.892021104869719,2,1,1,1,1,0,1,815.0,0
TCGTAGAAGAGCTGCA-JHA710A1,JHA710A1,A1,6.072335314212522,2,1,1,1,1,0,0,624.0,0
TCGTAGAAGGCATGGT-JHA710A1,JHA710A1,A1,2.968732060519003,3,1,1,1,1,1,0,1083.0,0
TCGTAGACACGAAACG-JHA710A1,JHA710A1,A1,0.0,1,0,0,0,0,0,0,588.0,0
TCGTAGACAGTGAGTG-JHA710A1,JHA710A1,A1,0.0,1,0,0,0,0,0,0,585.0,1
TCGTAGACATGGATGG-JHA710A1,JHA710A1,A1,0.0,2,0,0,0,0,0,0,1008.0,0
TCGTAGAGTATTCTCT-JHA710A1,JHA710A1,A1,6.297119301567729,1,1,1,0,0,0,0,1107.0,0
TCGTAGAGTCCCTACT-JHA710A1,JHA710A1,A1,2.152292613455773,2,1,1,1,1,0,0,1315.0,0
TCGTAGAGTCGAGTTT-JHA710A1,JHA710A1,A1,0.0,1,0,0,0,0,0,0,1640.0,0
TCGTAGAGTGAGTGAC-JHA710A1,JHA710A1,A1,2.6061689179569254,3,1,1,1,1,1,0,1594.0,0
TCGTAGAGTTGAGGTG-JHA710A1,JHA710A1,A1,0.0,1,0,0,0,0,0,0,886.0,0
TCGTAGATCCATGCTC-JHA710A1,JHA710A1,A1,0.0,2,0,0,0,0,0,0,680.0,0
TCGTAGATCTCGCTTG-JHA710A1,JHA710A1,A1,2.7458121247918315,0,1,0,0,0,0,0,686.0,0
TCTATTGAGATCGGGT-JHA710A1,JHA710A1,A1,0.0,0,0,0,0,0,0,0,464.0,0
TCTATTGCAGTTCATG-JHA710A1,JHA710A1,A1,0.0,1,0,0,0,0,0,0,471.0,0
TCTATTGCATTCCTCG-JHA710A1,JHA710A1,A1,0.0,2,0,0,0,0,0,0,1893.0,0
TCTATTGGTATGGTTC-JHA710A1,JHA710A1,A1,5.413713944214477,2,1,1,1,1,0,0,1074.0,0
TCTATTGGTCGAATCT-JHA710A1,JHA710A1,A1,0.0,0,0,0,0,0,0,0,447.0,0
TCTATTGGTGAACCTT-JHA710A1,JHA710A1,A1,7.55945955311784,3,1,1,1,1,1,1,949.0,0
TCTATTGTCAAGCCTA-JHA710A1,JHA710A1,A1,7.483501215155986,3,1,1,1,1,1,0,692.0,0
TCTATTGTCGCCTGAG-JHA710A1,JHA710A1,A1,0.0,1,0,0,0,0,0,0,1453.0,0
TCTCTAAAGAAACCGC-JHA710A1,JHA710A1,A1,0.0,2,0,0,0,0,0,0,847.0,0
TCTCTAAAGCAATCTC-JHA710A1,JHA710A1,A1,0.0,0,0,0,0,0,0,0,498.0,0
TCTCTAACAAAGTGCG-JHA710A1,JHA710A1,A1,0.0,2,0,0,0,0,0,0,2334.0,0
TCTCTAACAAGGCTCC-JHA710A1,JHA710A1,A1,3.4451828042891215,1,1,1,0,0,0,0,659.0,0
TCTCTAACAGCTGTGC-JHA710A1,JHA710A1,A1,0.0,2,0,0,0,0,0,0,1015.0,0
TCTCTAAGTAGCTGCC-JHA710A1,JHA710A1,A1,0.0,1,0,0,0,0,0,0,466.0,0
TCTCTAAGTATTAGCC-JHA710A1,JHA710A1,A1,2.3960790717905933,1,1,1,0,0,0,0,1002.0,0
TCTCTAAGTGCTCTTC-JHA710A1,JHA710A1,A1,8.176660592706552,3,1,1,1,1,1,1,1108.0,0
TCTCTAATCCGCGGTA-JHA710A1,JHA710A1,A1,2.6441795759719278,1,1,1,0,0,0,0,765.0,0
TCTGAGAAGCTTATCG-JHA710A1,JHA710A1,A1,0.0,2,0,0,0,0,0,0,518.0,0
TCTGAGACAATGGAGC-JHA710A1,JHA710A1,A1,0.0,3,0,0,0,0,0,0,1310.0,0
TCTGAGAGTAGCTAAA-JHA710A1,JHA710A1,A1,0.0,0,0,0,0,0,0,0,466.0,0
TCTGAGAGTGTCTGAT-JHA710A1,JHA710A1,A1,0.0,1,0,0,0,0,0,0,875.0,1
TCTGAGAGTTCACCTC-JHA710A1,JHA710A1,A1,0.0,2,0,0,0,0,0,0,2738.0,0
TCTGAGATCACCACCT-JHA710A1,JHA710A1,A1,1.2129843119635926,2,1,1,1,1,0,0,4231.0,0
TCTGAGATCCGTTGTC-JHA710A1,JHA710A1,A1,0.0,0,0,0,0,0,0,0,444.0,0
TCTGGAAAGGGAGTAA-JHA710A1,JHA710A1,A1,0.0,2,0,0,0,0,0,0,1386.0,0
TCTGGAACACAACGCC-JHA710A1,JHA710A1,A1,3.0035559944081136,2,1,1,1,1,0,0,522.0,0
TCTGGAACACATGTGT-JHA710A1,JHA710A1,A1,2.87010868073789,0,1,0,0,0,0,0,1202.0,1
TCTGGAACACCAGATT-JHA710A1,JHA710A1,A1,0.0,2,0,0,0,0,0,0,483.0,0
TCTGGAACAGCTGCAC-JHA710A1,JHA710A1,A1,1.5387971416453674,3,1,1,1,1,1,0,2733.0,0
TCTGGAAGTGATGTGG-JHA710A1,JHA710A1,A1,0.0,2,0,0,0,0,0,0,926.0,0
TCTGGAATCCTTGCCA-JHA710A1,JHA710A1,A1,0.0,1,0,0,0,0,0,0,567.0,0
TCTGGAATCTGAGTGT-JHA710A1,JHA710A1,A1,0.0,1,0,0,0,0,0,0,784.0,0
TCTTCGGAGCCAGTTT-JHA710A1,JHA710A1,A1,3.155804391824426,2,1,1,1,1,0,0,445.0,0
TCTTCGGAGGACAGAA-JHA710A1,JHA710A1,A1,0.0,2,0,0,0,0,0,0,969.0,0
TCTTCGGAGGACCACA-JHA710A1,JHA710A1,A1,0.0,0,0,0,0,0,0,0,724.0,1
TCTTCGGCAATCGAAA-JHA710A1,JHA710A1,A1,0.0,1,0,0,0,0,0,0,679.0,0
TCTTCGGCAGCGAACA-JHA710A1,JHA710A1,A1,0.0,2,0,0,0,0,0,0,1214.0,0
TCTTCGGGTCTGCCAG-JHA710A1,JHA710A1,A1,5.101482840983107,1,1,1,0,0,0,0,490.0,0
TCTTCGGGTGACCAAG-JHA710A1,JHA710A1,A1,7.237700328900035,1,1,1,0,0,0,0,554.0,0
TCTTCGGGTGGCAAAC-JHA710A1,JHA710A1,A1,7.463032986530336,2,1,1,1,1,0,0,758.0,0
TCTTCGGGTTCACGGC-JHA710A1,JHA710A1,A1,0.0,1,0,0,0,0,0,0,613.0,0
TCTTCGGGTTTGGGCC-JHA710A1,JHA710A1,A1,2.1819638262904832,3,1,1,1,1,1,0,3815.0,1
TCTTTCCAGACCTAGG-JHA710A1,JHA710A1,A1,2.6763393329100147,1,1,1,0,0,0,0,1478.0,0
TCTTTCCAGAGAGCTC-JHA710A1,JHA710A1,A1,3.282452344969581,1,1,1,0,0,0,0,780.0,0
TCTTTCCAGATCCCGC-JHA710A1,JHA710A1,A1,2.8971977229665646,2,1,1,1,1,0,0,1168.0,0
TCTTTCCAGCAGGTCA-JHA710A1,JHA710A1,A1,2.808707546347167,2,1,1,1,1,0,0,1283.0,0
TCTTTCCAGGCAGTCA-JHA710A1,JHA710A1,A1,3.1015067162710444,2,1,1,1,1,0,0,471.0,0
TCTTTCCAGTGAAGAG-JHA710A1,JHA710A1,A1,1.4817822932847327,1,1,1,0,0,0,0,5881.0,0
TCTTTCCAGTGGTCCC-JHA710A1,JHA710A1,A1,0.0,1,0,0,0,0,0,0,520.0,0
TCTTTCCCACACCGCA-JHA710A1,JHA710A1,A1,1.7826511840186907,3,1,1,1,1,1,0,2022.0,0
TCTTTCCCAGACAAGC-JHA710A1,JHA710A1,A1,2.1469341701990836,2,1,1,1,1,0,0,1323.0,0
TCTTTCCTCAGGTTCA-JHA710A1,JHA710A1,A1,2.0840929169535065,3,1,1,1,1,1,0,1421.0,0
TCTTTCCTCTCCGGTT-JHA710A1,JHA710A1,A1,2.506789631972778,2,1,1,1,1,0,0,2663.0,0
TGAAAGACAGGACGTA-JHA710A1,JHA710A1,A1,0.0,2,0,0,0,0,0,0,2054.0,0
TGAAAGAGTAAAGTCA-JHA710A1,JHA710A1,A1,0.0,1,0,0,0,0,0,0,1511.0,0
TGAAAGAGTCTTGATG-JHA710A1,JHA710A1,A1,0.0,0,0,0,0,0,0,0,560.0,1
TGAAAGATCAATCACG-JHA710A1,JHA710A1,A1,1.7564028667822562,2,1,1,1,1,0,0,2087.0,0
TGAAAGATCATTATCC-JHA710A1,JHA710A1,A1,0.0,1,0,0,0,0,0,0,801.0,0
TGAAAGATCGAATGGG-JHA710A1,JHA710A1,A1,0.0,2,0,0,0,0,0,0,1228.0,0
TGACAACGTAAGAGAG-JHA710A1,JHA710A1,A1,0.0,2,0,0,0,0,0,0,773.0,0
TGACAACTCCCAGGTG-JHA710A1,JHA710A1,A1,2.074296106702192,1,1,1,0,0,0,0,1437.0,0
TGACGGCAGCCTCGTG-JHA710A1,JHA710A1,A1,3.160117406434413,2,1,1,1,1,0,0,443.0,0
TGACGGCAGGAGTCTG-JHA710A1,JHA710A1,A1,2.3879548330931195,2,1,1,1,1,0,0,1011.0,0
TGACGGCCAAGTAATG-JHA710A1,JHA710A1,A1,6.69209483989397,2,1,1,1,1,0,0,559.0,0
TGACGGCCATGTTGAC-JHA710A1,JHA710A1,A1,7.7183636043166945,3,1,1,1,1,1,1,725.0,0
TGACGGCGTGATGATA-JHA710A1,JHA710A1,A1,0.0,1,0,0,0,0,0,0,509.0,0
TGACGGCTCAGTGTTG-JHA710A1,JHA710A1,A1,2.3290167382625384,2,1,1,1,1,0,0,1079.0,0
TGACGGCTCATTCACT-JHA710A1,JHA710A1,A1,2.167903105030833,1,1,1,0,0,0,0,1292.0,0
TGACTAGAGCTCCCAG-JHA710A1,JHA710A1,A1,0.0,0,0,0,0,0,0,0,456.0,0
TGACTAGAGTATTGGA-JHA710A1,JHA710A1,A1,0.0,1,0,0,0,0,0,0,528.0,0
TGACTAGCAAGCCGTC-JHA710A1,JHA710A1,A1,0.0,2,0,0,0,0,0,0,688.0,0
TGACTAGCAGCTCGAC-JHA710A1,JHA710A1,A1,5.226741797688246,2,1,1,1,1,0,0,864.0,0
TGACTAGCAGTCACTA-JHA710A1,JHA710A1,A1,0.0,2,0,0,0,0,0,0,1265.0,0
TGACTAGGTAAGGGCT-JHA710A1,JHA710A1,A1,4.401245256096477,2,1,1,1,1,0,0,1738.0,0
TGACTAGGTACAAGTA-JHA710A1,JHA710A1,A1,6.816627530712777,2,1,1,1,1,0,0,647.0,0
TGACTAGTCACGATGT-JHA710A1,JHA710A1,A1,0.0,0,0,0,0,0,0,0,1154.0,0
TGACTTTAGATATACG-JHA710A1,JHA710A1,A1,0.0,0,0,0,0,0,0,0,473.0,0
TGACTTTAGCCAGTAG-JHA710A1,JHA710A1,A1,0.0,2,0,0,0,0,0,0,648.0,1
TGACTTTAGCTGAAAT-JHA710A1,JHA710A1,A1,3.3813038411425844,1,1,1,0,0,0,0,704.0,0
TGACTTTCACAAGCCC-JHA710A1,JHA710A1,A1,0.0,1,0,0,0,0,0,0,959.0,0
TGACTTTCATGGTCTA-JHA710A1,JHA710A1,A1,7.957927342245102,3,1,1,1,1,1,1,777.0,0
TGACTTTCATTTGCTT-JHA710A1,JHA710A1,A1,0.0,2,0,0,0,0,0,0,2022.0,0
TGACTTTTCCAGTAGT-JHA710A1,JHA710A1,A1,0.0,1,0,0,0,0,0,0,579.0,1
TGAGAGGAGAGCTATA-JHA710A1,JHA710A1,A1,2.7058130637038538,1,1,1,0,0,0,0,716.0,0
TGAGAGGAGAGTAAGG-JHA710A1,JHA710A1,A1,0.0,1,0,0,0,0,0,0,786.0,0
TGAGAGGAGGATGCGT-JHA710A1,JHA710A1,A1,0.0,1,0,0,0,0,0,0,857.0,0
TGAGAGGAGTCCGTAT-JHA710A1,JHA710A1,A1,0.0,0,0,0,0,0,0,0,656.0,0
TGAGAGGGTCTAAAGA-JHA710A1,JHA710A1,A1,0.0,1,0,0,0,0,0,0,1301.0,0
TGAGAGGGTCTAGAGG-JHA710A1,JHA710A1,A1,0.0,1,0,0,0,0,0,0,551.0,0
TGAGAGGGTGGAAAGA-JHA710A1,JHA710A1,A1,0.0,2,0,0,0,0,0,0,1117.0,0
TGAGAGGGTTCGCGAC-JHA710A1,JHA710A1,A1,2.8123773191388315,0,1,0,0,0,0,0,639.0,0
TGAGAGGTCACAGTAC-JHA710A1,JHA710A1,A1,5.973753941493541,3,1,1,1,1,1,0,1097.0,0
TGAGAGGTCCACTCCA-JHA710A1,JHA710A1,A1,7.4560635534247535,1,1,1,0,0,0,0,532.0,0
TGAGAGGTCTCTGCTG-JHA710A1,JHA710A1,A1,1.986951484797675,2,1,1,1,1,0,0,1589.0,0
TGAGAGGTCTGCAAGT-JHA710A1,JHA710A1,A1,0.0,1,0,0,0,0,0,0,621.0,0
TGAGCATAGATGTGTA-JHA710A1,JHA710A1,A1,7.417267995373197,3,1,1,1,1,1,0,523.0,0
TGAGCATAGTCCATAC-JHA710A1,JHA710A1,A1,0.0,1,0,0,0,0,0,0,528.0,0
TGAGCATCAGCCAATT-JHA710A1,JHA710A1,A1,0.0,1,0,0,0,0,0,0,772.0,0
TGAGCATGTCTCTCGT-JHA710A1,JHA710A1,A1,3.4735180432417816,1,1,1,0,0,0,0,640.0,0
TGAGCATTCACGCATA-JHA710A1,JHA710A1,A1,5.839087407782843,2,1,1,1,1,0,0,876.0,0
TGAGCATTCAGTTCGA-JHA710A1,JHA710A1,A1,0.0,2,0,0,0,0,0,0,1321.0,0
TGAGCATTCCATGAGT-JHA710A1,JHA710A1,A1,7.191203275996012,2,1,1,1,1,0,0,603.0,0
TGAGCATTCTCTGAGA-JHA710A1,JHA710A1,A1,0.0,1,0,0,0,0,0,0,1104.0,1
TGAGCCGAGAATTCCC-JHA710A1,JHA710A1,A1,2.4572235330968035,0,1,0,0,0,0,0,937.0,0
TGAGCCGAGGATCGCA-JHA710A1,JHA710A1,A1,0.0,0,0,0,0,0,0,0,1176.0,0
TGAGCCGAGTCCATAC-JHA710A1,JHA710A1,A1,7.684743962713568,2,1,1,1,1,0,1,460.0,0
TGAGCCGGTATCACCA-JHA710A1,JHA710A1,A1,0.0,1,0,0,0,0,0,0,1705.0,0
TGAGCCGGTCACTGGC-JHA710A1,JHA710A1,A1,0.0,1,0,0,0,0,0,0,3121.0,1
TGAGCCGGTTAAGAAC-JHA710A1,JHA710A1,A1,0.0,2,0,0,0,0,0,0,575.0,0
TGAGCCGGTTCGTCTC-JHA710A1,JHA710A1,A1,7.389566959343315,3,1,1,1,1,1,0,822.0,0
TGAGCCGTCAGCCTAA-JHA710A1,JHA710A1,A1,0.0,0,0,0,0,0,0,0,444.0,0
TGAGCCGTCGCAAGCC-JHA710A1,JHA710A1,A1,2.4275051339655733,2,1,1,1,1,0,0,968.0,0
TGAGCCGTCTACTCAT-JHA710A1,JHA710A1,A1,1.575747889051117,2,1,1,1,1,0,0,2608.0,0
TGAGCCGTCTCGAGTA-JHA710A1,JHA710A1,A1,0.0,0,0,0,0,0,0,0,673.0,1
TGAGCCGTCTTGTTTG-JHA710A1,JHA710A1,A1,0.0,2,0,0,0,0,0,0,609.0,0
TGAGGGAAGCCAGAAC-JHA710A1,JHA710A1,A1,0.0,0,0,0,0,0,0,0,471.0,1
TGAGGGACACATCTTT-JHA710A1,JHA710A1,A1,3.34058316227308,3,1,1,1,1,1,0,2203.0,0
TGAGGGACACGACTCG-JHA710A1,JHA710A1,A1,0.0,1,0,0,0,0,0,0,474.0,1
TGAGGGACATGGATGG-JHA710A1,JHA710A1,A1,4.289670719821888,0,1,0,0,0,0,0,556.0,0
TGAGGGAGTGTTGGGA-JHA710A1,JHA710A1,A1,0.0,1,0,0,0,0,0,0,608.0,1
TGAGGGATCAACGGGA-JHA710A1,JHA710A1,A1,0.0,1,0,0,0,0,0,0,605.0,0
TGAGGGATCACCTCGT-JHA710A1,JHA710A1,A1,5.169899274927001,2,1,1,1,1,0,0,972.0,0
TGAGGGATCCCTCAGT-JHA710A1,JHA710A1,A1,2.712354099961389,0,1,0,0,0,0,0,711.0,1
TGAGGGATCCTATGTT-JHA710A1,JHA710A1,A1,2.0196845988766237,2,1,1,1,1,0,0,1530.0,0
TGAGGGATCTGTCTAT-JHA710A1,JHA710A1,A1,0.0,1,0,0,0,0,0,0,733.0,0
TGATTTCAGCGTGTCC-JHA710A1,JHA710A1,A1,2.5787208601192204,2,1,1,1,1,0,0,1642.0,0
TGATTTCAGGGCATGT-JHA710A1,JHA710A1,A1,0.0,2,0,0,0,0,0,0,2236.0,0
TGATTTCAGTTACCCA-JHA710A1,JHA710A1,A1,0.0,1,0,0,0,0,0,0,633.0,0
TGATTTCCAAGCGATG-JHA710A1,JHA710A1,A1,0.0,2,0,0,0,0,0,0,1501.0,0
TGATTTCCAGCTCGCA-JHA710A1,JHA710A1,A1,7.686581917200999,2,1,1,1,1,0,1,652.0,0
TGATTTCCATAACCTG-JHA710A1,JHA710A1,A1,0.0,0,0,0,0,0,0,0,465.0,1
TGATTTCCATTTGCCC-JHA710A1,JHA710A1,A1,7.915282093886297,2,1,1,1,1,0,1,862.0,0
TGATTTCGTTTGGGCC-JHA710A1,JHA710A1,A1,2.3942668217927907,3,1,1,1,1,1,0,1004.0,0
TGATTTCTCCAGTAGT-JHA710A1,JHA710A1,A1,3.020092020405061,1,1,1,0,0,0,0,513.0,0
TGCACCTGTAAACGCG-JHA710A1,JHA710A1,A1,0.0,2,0,0,0,0,0,0,1069.0,0
TGCACCTTCACCGTAA-JHA710A1,JHA710A1,A1,0.0,2,0,0,0,0,0,0,785.0,0
TGCACCTTCTCACATT-JHA710A1,JHA710A1,A1,0.0,1,0,0,0,0,0,0,1336.0,1
TGCCAAAAGAGAACAG-JHA710A1,JHA710A1,A1,8.096842463272157,3,1,1,1,1,1,1,597.0,0
TGCCAAAAGATAGTCA-JHA710A1,JHA710A1,A1,2.0078721291121417,1,1,1,0,0,0,0,3102.0,0
TGCCAAAAGATGTAAC-JHA710A1,JHA710A1,A1,2.626153924779351,2,1,1,1,1,0,0,780.0,0
TGCCAAACACTTCGAA-JHA710A1,JHA710A1,A1,0.0,1,0,0,0,0,0,0,536.0,0
TGCCAAACATCCTAGA-JHA710A1,JHA710A1,A1,2.3843693677605557,3,1,1,1,1,1,0,1015.0,0
TGCCAAAGTCAGCTAT-JHA710A1,JHA710A1,A1,6.9855169410847235,1,1,1,0,0,0,0,889.0,0
TGCCAAAGTCGCGAAA-JHA710A1,JHA710A1,A1,0.0,1,0,0,0,0,0,0,479.0,0
TGCCAAAGTGGCAAAC-JHA710A1,JHA710A1,A1,6.967538191937328,3,1,1,1,1,1,0,792.0,0
TGCCCATAGCGTCTAT-JHA710A1,JHA710A1,A1,0.0,2,0,0,0,0,0,0,791.0,0
TGCCCATAGGCGCTCT-JHA710A1,JHA710A1,A1,2.2662366553995033,3,1,1,1,1,1,0,1157.0,0
TGCCCATCAAAGCGGT-JHA710A1,JHA710A1,A1,2.263143855957823,2,1,1,1,1,0,0,1161.0,0
TGCCCATCACATGTGT-JHA710A1,JHA710A1,A1,0.0,3,0,0,0,0,0,0,1038.0,0
TGCCCATGTCTTGATG-JHA710A1,JHA710A1,A1,1.5769654995487052,1,1,1,0,0,0,0,2604.0,0
TGCCCATTCACCATAG-JHA710A1,JHA710A1,A1,6.655805301244906,2,1,1,1,1,0,0,1636.0,0
TGCCCATTCCTCTAGC-JHA710A1,JHA710A1,A1,0.0,3,0,0,0,0,0,0,1861.0,0
TGCCCATTCGCATGGC-JHA710A1,JHA710A1,A1,0.0,2,0,0,0,0,0,0,508.0,0
TGCCCTAAGACACTAA-JHA710A1,JHA710A1,A1,1.3440304734517343,2,1,1,1,1,0,0,3528.0,0
TGCCCTAAGCCAGGAT-JHA710A1,JHA710A1,A1,0.0,0,0,0,0,0,0,0,893.0,0
TGCCCTAAGTCTCCTC-JHA710A1,JHA710A1,A1,2.3198661051212235,1,1,1,0,0,0,0,1090.0,0
TGCCCTACATCCGTGG-JHA710A1,JHA710A1,A1,0.0,0,0,0,0,0,0,0,466.0,0
TGCCCTAGTCATACTG-JHA710A1,JHA710A1,A1,0.0,2,0,0,0,0,0,0,1252.0,0
TGCCCTAGTCTCAACA-JHA710A1,JHA710A1,A1,0.0,0,0,0,0,0,0,0,494.0,1
TGCCCTAGTCTCACCT-JHA710A1,JHA710A1,A1,0.0,1,0,0,0,0,0,0,594.0,0
TGCCCTATCTCCAGGG-JHA710A1,JHA710A1,A1,0.0,0,0,0,0,0,0,0,529.0,0
TGCCCTATCTTTAGGG-JHA710A1,JHA710A1,A1,7.668811022448669,3,1,1,1,1,1,1,645.0,0
TGCGCAGGTAAACACA-JHA710A1,JHA710A1,A1,0.0,1,0,0,0,0,0,0,1247.0,1
TGCGGGTAGAGTCGGT-JHA710A1,JHA710A1,A1,0.0,1,0,0,0,0,0,0,927.0,0
TGCGGGTAGGATGTAT-JHA710A1,JHA710A1,A1,2.8980070118336143,1,1,1,0,0,0,0,1167.0,0
TGCGGGTCAAGCGAGT-JHA710A1,JHA710A1,A1,0.0,1,0,0,0,0,0,0,787.0,0
TGCGGGTGTAGCGATG-JHA710A1,JHA710A1,A1,2.6321208856186016,1,1,1,0,0,0,0,775.0,0
TGCGGGTGTCCGACGT-JHA710A1,JHA710A1,A1,0.0,1,0,0,0,0,0,0,1089.0,0
TGCGGGTGTGGTCTCG-JHA710A1,JHA710A1,A1,0.0,1,0,0,0,0,0,0,597.0,0
TGCGGGTGTTCAACCA-JHA710A1,JHA710A1,A1,0.0,2,0,0,0,0,0,0,583.0,0
TGCGGGTTCCCATTTA-JHA710A1,JHA710A1,A1,2.4608907659291654,2,1,1,1,1,0,0,3733.0,0
TGCGGGTTCCCTCAGT-JHA710A1,JHA710A1,A1,3.862493437532358,1,1,1,0,0,0,0,644.0,0
TGCGTGGAGACTAGAT-JHA710A1,JHA710A1,A1,2.802140009950101,1,1,1,0,0,0,0,646.0,0
TGCGTGGAGAGGTACC-JHA710A1,JHA710A1,A1,4.944616449542722,2,1,1,1,1,0,0,789.0,0
TGCGTGGAGCTACCTA-JHA710A1,JHA710A1,A1,0.0,2,0,0,0,0,0,0,1406.0,0
TGCGTGGAGTACATGA-JHA710A1,JHA710A1,A1,2.773526720620158,1,1,1,0,0,0,0,666.0,1
TGCGTGGAGTGTACGG-JHA710A1,JHA710A1,A1,6.882516425320396,2,1,1,1,1,0,0,1273.0,0
TGCGTGGAGTTAAGTG-JHA710A1,JHA710A1,A1,2.3231818294858693,1,1,1,0,0,0,0,1086.0,0
TGCGTGGCATTGCGGC-JHA710A1,JHA710A1,A1,7.446603037564923,2,1,1,1,1,0,0,1366.0,0
TGCGTGGGTGCGGTAA-JHA710A1,JHA710A1,A1,2.3915558203048297,3,1,1,1,1,1,0,1007.0,0
TGCGTGGTCACGAAGG-JHA710A1,JHA710A1,A1,1.8765560058881319,2,1,1,1,1,0,0,3616.0,0
TGCGTGGTCCAGGGCT-JHA710A1,JHA710A1,A1,2.9548249705725067,2,1,1,1,1,0,0,1099.0,1
TGCGTGGTCGCCTGAG-JHA710A1,JHA710A1,A1,0.0,1,0,0,0,0,0,0,722.0,0
TGCGTGGTCGCGCCAA-JHA710A1,JHA710A1,A1,0.0,0,0,0,0,0,0,0,783.0,1
TGCGTGGTCTAACTCT-JHA710A1,JHA710A1,A1,0.0,0,0,0,0,0,0,0,496.0,0
TGCGTGGTCTTCCTTC-JHA710A1,JHA710A1,A1,6.436998424957357,2,1,1,1,1,0,0,850.0,0
TGCTACCAGAATAGGG-JHA710A1,JHA710A1,A1,0.0,2,0,0,0,0,0,0,678.0,0
TGCTACCCACCACGTG-JHA710A1,JHA710A1,A1,0.0,0,0,0,0,0,0,0,453.0,0
TGCTACCCACGGTAGA-JHA710A1,JHA710A1,A1,8.097090973083281,2,1,1,1,1,0,1,472.0,0
TGCTACCCATGGGAAC-JHA710A1,JHA710A1,A1,1.378989073320264,3,1,1,1,1,1,0,3366.0,0
TGCTACCCATTCCTGC-JHA710A1,JHA710A1,A1,0.0,2,0,0,0,0,0,0,1933.0,0
TGCTACCGTAACGACG-JHA710A1,JHA710A1,A1,2.2343366125551793,2,1,1,1,1,0,0,1199.0,0
TGCTACCTCAAGGTAA-JHA710A1,JHA710A1,A1,1.9793868117379925,2,1,1,1,1,0,0,1603.0,0
TGCTACCTCACCGTAA-JHA710A1,JHA710A1,A1,0.0,2,0,0,0,0,0,0,795.0,0
TGCTACCTCGGCGGTT-JHA710A1,JHA710A1,A1,0.0,0,0,0,0,0,0,0,441.0,0
TGCTACCTCGTACGGC-JHA710A1,JHA710A1,A1,7.7151074819239565,3,1,1,1,1,1,1,830.0,0
TGCTACCTCTTGTATC-JHA710A1,JHA710A1,A1,0.0,0,0,0,0,0,0,0,675.0,0
TGCTGCTAGCTGTTCA-JHA710A1,JHA710A1,A1,2.309181601800763,2,1,1,1,1,0,0,1103.0,0
TGCTGCTCAAAGCGGT-JHA710A1,JHA710A1,A1,0.0,0,0,0,0,0,0,0,822.0,0
TGCTGCTCATGCCCGA-JHA710A1,JHA710A1,A1,0.0,0,0,0,0,0,0,0,1109.0,0
TGCTGCTGTACCGCTG-JHA710A1,JHA710A1,A1,1.7679937026553558,4,1,1,1,1,1,0,2058.0,1
TGCTGCTGTAGCGCAA-JHA710A1,JHA710A1,A1,7.919518241629629,2,1,1,1,1,0,1,1804.0,0
TGCTGCTTCCTGCCAT-JHA710A1,JHA710A1,A1,0.0,1,0,0,0,0,0,0,699.0,0
TGGACGCAGAAGGCCT-JHA710A1,JHA710A1,A1,0.0,2,0,0,0,0,0,0,1204.0,0
TGGACGCAGTATCTCG-JHA710A1,JHA710A1,A1,0.0,0,0,0,0,0,0,0,1398.0,0
TGGACGCCACAACTGT-JHA710A1,JHA710A1,A1,2.8607406484459723,0,1,0,0,0,0,0,607.0,0
TGGACGCCACTGTTAG-JHA710A1,JHA710A1,A1,1.941636638277931,3,1,1,1,1,1,0,3350.0,0
TGGACGCCAGTCTTCC-JHA710A1,JHA710A1,A1,3.1366427612315193,1,1,1,0,0,0,0,454.0,0
TGGACGCGTCAGATAA-JHA710A1,JHA710A1,A1,1.5775751514295502,1,1,1,0,0,0,0,2602.0,0
TGGCCAGAGTTAACGA-JHA710A1,JHA710A1,A1,3.9476412399418765,2,1,1,1,1,0,0,984.0,0
TGGCCAGGTCGCATAT-JHA710A1,JHA710A1,A1,4.226341169469962,2,1,1,1,1,0,0,1334.0,0
TGGCCAGGTCGTGGCT-JHA710A1,JHA710A1,A1,6.750597014924348,2,1,1,1,1,0,0,1359.0,0
TGGCCAGGTGACAAAT-JHA710A1,JHA710A1,A1,0.0,1,0,0,0,0,0,0,1877.0,0
TGGCCAGGTTGCTCCT-JHA710A1,JHA710A1,A1,1.5967594541743295,1,1,1,0,0,0,0,2540.0,0
TGGCGCAAGAATCTCC-JHA710A1,JHA710A1,A1,2.978419082352315,1,1,1,0,0,0,0,536.0,0
TGGCGCACACAGGAGT-JHA710A1,JHA710A1,A1,0.0,1,0,0,0,0,0,0,984.0,0
TGGCGCACACTTCTGC-JHA710A1,JHA710A1,A1,2.292211184900219,1,1,1,0,0,0,0,1124.0,0
TGGCGCATCCGTACAA-JHA710A1,JHA710A1,A1,0.0,0,0,0,0,0,0,0,967.0,1
TGGCTGGAGACGACGT-JHA710A1,JHA710A1,A1,0.0,2,0,0,0,0,0,0,485.0,0
TGGCTGGAGCGGCTTC-JHA710A1,JHA710A1,A1,0.0,2,0,0,0,0,0,0,563.0,0
TGGCTGGAGGTAGCTG-JHA710A1,JHA710A1,A1,0.0,0,0,0,0,0,0,0,568.0,0
TGGCTGGAGTTAACGA-JHA710A1,JHA710A1,A1,0.0,2,0,0,0,0,0,0,1166.0,0
TGGCTGGAGTTCGCAT-JHA710A1,JHA710A1,A1,0.0,2,0,0,0,0,0,0,1259.0,0
TGGCTGGCACATTCGA-JHA710A1,JHA710A1,A1,3.6494414888987152,1,1,1,0,0,0,0,534.0,0
TGGCTGGTCACGATGT-JHA710A1,JHA710A1,A1,5.750919284930148,1,1,1,0,0,0,0,638.0,0
TGGCTGGTCCCATTTA-JHA710A1,JHA710A1,A1,0.0,0,0,0,0,0,0,0,456.0,0
TGGCTGGTCGAGAACG-JHA710A1,JHA710A1,A1,2.639335945823237,1,1,1,0,0,0,0,769.0,1
TGGCTGGTCGCAAACT-JHA710A1,JHA710A1,A1,0.0,2,0,0,0,0,0,0,619.0,0
TGGCTGGTCTCGTATT-JHA710A1,JHA710A1,A1,0.0,2,0,0,0,0,0,0,1829.0,0
TGGGAAGAGGAGTAGA-JHA710A1,JHA710A1,A1,7.9539462560392,2,1,1,1,1,0,1,629.0,0
TGGGAAGAGTAACCCT-JHA710A1,JHA710A1,A1,0.0,2,0,0,0,0,0,0,487.0,0
TGGGAAGGTACCCAAT-JHA710A1,JHA710A1,A1,0.0,2,0,0,0,0,0,0,1787.0,0
TGGGAAGGTCCGAGTC-JHA710A1,JHA710A1,A1,2.1685888363338797,1,1,1,0,0,0,0,1291.0,0
TGGGAAGTCGAATCCA-JHA710A1,JHA710A1,A1,2.0196845988766237,1,1,1,0,0,0,0,1530.0,0
TGGGAAGTCTTTAGGG-JHA710A1,JHA710A1,A1,0.0,2,0,0,0,0,0,0,2220.0,0
TGGGCGTCACGTAAGG-JHA710A1,JHA710A1,A1,5.985683405655828,2,1,1,1,1,0,0,605.0,0
TGGGCGTCATTCTCAT-JHA710A1,JHA710A1,A1,7.919143213917718,2,1,1,1,1,0,1,473.0,0
TGGGCGTGTGAGCGAT-JHA710A1,JHA710A1,A1,0.0,1,0,0,0,0,0,0,860.0,0
TGGGCGTTCAGTACGT-JHA710A1,JHA710A1,A1,8.020941859171696,3,1,1,1,1,1,1,999.0,0
TGGGCGTTCCAGAAGG-JHA710A1,JHA710A1,A1,7.214257314880441,2,1,1,1,1,0,0,2055.0,0
TGGGCGTTCTCAAACG-JHA710A1,JHA710A1,A1,0.0,0,0,0,0,0,0,0,591.0,1
TGGGCGTTCTGTACGA-JHA710A1,JHA710A1,A1,6.880108040763511,2,1,1,1,1,0,0,566.0,0
TGGTTAGAGAAGGGTA-JHA710A1,JHA710A1,A1,4.379480415865615,2,1,1,1,1,0,0,1396.0,0
TGGTTAGAGAGATGAG-JHA710A1,JHA710A1,A1,2.401539591700538,2,1,1,1,1,0,0,1992.0,0
TGGTTAGAGTCAATAG-JHA710A1,JHA710A1,A1,3.247341947354288,2,1,1,1,1,0,0,809.0,0
TGGTTAGCAACAACCT-JHA710A1,JHA710A1,A1,0.0,0,0,0,0,0,0,0,567.0,0
TGGTTAGCAAGCTGTT-JHA710A1,JHA710A1,A1,0.0,1,0,0,0,0,0,0,552.0,0
TGGTTAGCAATGTAAG-JHA710A1,JHA710A1,A1,3.15365545697618,1,1,1,0,0,0,0,892.0,0
TGGTTAGCACGAAATA-JHA710A1,JHA710A1,A1,0.0,0,0,0,0,0,0,0,877.0,1
TGGTTAGCATATGAGA-JHA710A1,JHA710A1,A1,8.045942204909329,2,1,1,1,1,0,1,1532.0,0
TGGTTAGGTTGTGGAG-JHA710A1,JHA710A1,A1,7.351319900393454,3,1,1,1,1,1,0,655.0,0
TGGTTAGTCCTAAGTG-JHA710A1,JHA710A1,A1,7.666273815263514,2,1,1,1,1,0,1,1715.0,0
TGGTTAGTCGGCGCTA-JHA710A1,JHA710A1,A1,0.0,3,0,0,0,0,0,0,750.0,0
TGGTTCCAGCACGCCT-JHA710A1,JHA710A1,A1,0.0,1,0,0,0,0,0,0,524.0,0
TGGTTCCAGTGGTCCC-JHA710A1,JHA710A1,A1,2.8732533379118057,0,1,0,0,0,0,0,599.0,1
TGGTTCCCATTTGCCC-JHA710A1,JHA710A1,A1,2.952241111989178,0,1,0,0,0,0,0,551.0,1
TGGTTCCGTAGGGTAC-JHA710A1,JHA710A1,A1,0.0,2,0,0,0,0,0,0,588.0,0
TGGTTCCGTTGAACTC-JHA710A1,JHA710A1,A1,0.0,1,0,0,0,0,0,0,1127.0,1
TGGTTCCTCGTAGGTT-JHA710A1,JHA710A1,A1,6.9110278226929625,3,1,1,1,1,1,0,439.0,0
TGGTTCCTCTGGTTCC-JHA710A1,JHA710A1,A1,0.0,0,0,0,0,0,0,0,522.0,0
TGTATTCCAAGAAAGG-JHA710A1,JHA710A1,A1,0.0,2,0,0,0,0,0,0,1651.0,0
TGTATTCCAAGGACAC-JHA710A1,JHA710A1,A1,0.0,0,0,0,0,0,0,0,779.0,1
TGTATTCCACTTCGAA-JHA710A1,JHA710A1,A1,0.0,3,0,0,0,0,0,0,3190.0,1
TGTATTCCATTGCGGC-JHA710A1,JHA710A1,A1,2.9505226481200553,2,1,1,1,1,0,0,552.0,0
TGTATTCGTACAGACG-JHA710A1,JHA710A1,A1,0.0,1,0,0,0,0,0,0,497.0,1
TGTATTCGTTAAGTAG-JHA710A1,JHA710A1,A1,6.892319745392535,2,1,1,1,1,0,0,2145.0,0
TGTCCCAAGACAAAGG-JHA710A1,JHA710A1,A1,2.268564009881454,2,1,1,1,1,0,0,1154.0,0
TGTCCCACACTACAGT-JHA710A1,JHA710A1,A1,0.0,0,0,0,0,0,0,0,839.0,1
TGTCCCACATGGGACA-JHA710A1,JHA710A1,A1,7.537346631292094,1,1,1,0,0,0,1,741.0,0
TGTCCCAGTTGTGGAG-JHA710A1,JHA710A1,A1,0.0,1,0,0,0,0,0,0,1787.0,0
TGTCCCATCAGCAACT-JHA710A1,JHA710A1,A1,0.0,2,0,0,0,0,0,0,1392.0,0
TGTCCCATCCTCCTAG-JHA710A1,JHA710A1,A1,0.0,2,0,0,0,0,0,0,1151.0,0
TGTCCCATCGCACTCT-JHA710A1,JHA710A1,A1,1.3126250175279202,3,1,1,1,1,1,0,3682.0,0
TGTCCCATCTGTCCGT-JHA710A1,JHA710A1,A1,7.879891438053596,2,1,1,1,1,0,1,526.0,0
TGTGGTAAGCCGATTT-JHA710A1,JHA710A1,A1,1.7716297996843766,2,1,1,1,1,0,0,2049.0,0
TGTGGTAAGCTAGTTC-JHA710A1,JHA710A1,A1,0.0,0,0,0,0,0,0,0,500.0,0
TGTGGTAAGGCTCTTA-JHA710A1,JHA710A1,A1,0.0,2,0,0,0,0,0,0,2291.0,0
TGTGGTACAGGCGATA-JHA710A1,JHA710A1,A1,0.0,1,0,0,0,0,0,0,1821.0,0
TGTGGTAGTCATTAGC-JHA710A1,JHA710A1,A1,0.0,0,0,0,0,0,0,0,571.0,1
TGTGGTATCACATACG-JHA710A1,JHA710A1,A1,2.4951432864176915,2,1,1,1,1,0,0,899.0,0
TGTGGTATCGAGAGCA-JHA710A1,JHA710A1,A1,0.0,1,0,0,0,0,0,0,517.0,1
TGTGTTTAGTTACCCA-JHA710A1,JHA710A1,A1,0.0,2,0,0,0,0,0,0,1229.0,0
TGTGTTTCAAGACGTG-JHA710A1,JHA710A1,A1,0.0,0,0,0,0,0,0,0,546.0,0
TGTGTTTCAGATTGCT-JHA710A1,JHA710A1,A1,2.6417543784484607,1,1,1,0,0,0,0,767.0,0
TGTGTTTCAGGGTATG-JHA710A1,JHA710A1,A1,1.7504814557453703,2,1,1,1,1,0,0,2102.0,0
TGTGTTTCATGGGAAC-JHA710A1,JHA710A1,A1,0.0,2,0,0,0,0,0,0,1165.0,0
TGTGTTTGTCCGTGAC-JHA710A1,JHA710A1,A1,0.0,0,0,0,0,0,0,0,594.0,1
TGTGTTTGTGTGAAAT-JHA710A1,JHA710A1,A1,0.0,2,0,0,0,0,0,0,711.0,0
TGTGTTTTCAGCTCGG-JHA710A1,JHA710A1,A1,0.0,0,0,0,0,0,0,0,624.0,0
TGTGTTTTCCATTCTA-JHA710A1,JHA710A1,A1,3.718353697001811,3,1,1,1,1,1,0,2239.0,0
TGTTCCGAGAGTACAT-JHA710A1,JHA710A1,A1,2.9184804721126527,0,1,0,0,0,0,0,571.0,0
TGTTCCGAGCCACCTG-JHA710A1,JHA710A1,A1,2.751972300953702,3,1,1,1,1,1,0,1363.0,0
TGTTCCGCAATAGAGT-JHA710A1,JHA710A1,A1,3.3854294002307634,0,1,0,0,0,0,0,701.0,1
TGTTCCGCATTCACTT-JHA710A1,JHA710A1,A1,0.0,1,0,0,0,0,0,0,2038.0,1
TGTTCCGGTCCAAGTT-JHA710A1,JHA710A1,A1,0.0,1,0,0,0,0,0,0,610.0,0
TGTTCCGGTGACTACT-JHA710A1,JHA710A1,A1,2.2623724939365224,3,1,1,1,1,1,0,1162.0,0
TGTTCCGGTTCGTCTC-JHA710A1,JHA710A1,A1,3.118389657921251,2,1,1,1,1,0,0,1851.0,0
TGTTCCGTCGATAGAA-JHA710A1,JHA710A1,A1,6.6701904738937925,2,1,1,1,1,0,0,546.0,0
TGTTCCGTCTGGGCCA-JHA710A1,JHA710A1,A1,2.805052905993226,1,1,1,0,0,0,0,644.0,0
TTAACTCAGGTGCACA-JHA710A1,JHA710A1,A1,5.7143854050539575,2,1,1,1,1,0,0,2548.0,0
TTAACTCAGTTACCCA-JHA710A1,JHA710A1,A1,0.0,2,0,0,0,0,0,0,1737.0,0
TTAACTCCAAAGGCGT-JHA710A1,JHA710A1,A1,0.0,0,0,0,0,0,0,0,1508.0,0
TTAACTCCAGTCGATT-JHA710A1,JHA710A1,A1,0.0,1,0,0,0,0,0,0,606.0,0
TTAACTCCATCACCCT-JHA710A1,JHA710A1,A1,0.0,2,0,0,0,0,0,0,1349.0,0
TTAACTCGTCATATCG-JHA710A1,JHA710A1,A1,5.108886486144311,3,1,1,1,1,1,0,2675.0,0
TTAACTCGTTCGTCTC-JHA710A1,JHA710A1,A1,7.795130215714199,2,1,1,1,1,0,1,519.0,0
TTAGGACAGACCTAGG-JHA710A1,JHA710A1,A1,0.0,2,0,0,0,0,0,0,1821.0,0
TTAGGACCACAAGTAA-JHA710A1,JHA710A1,A1,0.0,3,0,0,0,0,0,0,1769.0,0
TTAGGACCAGCCAGAA-JHA710A1,JHA710A1,A1,0.0,0,0,0,0,0,0,0,481.0,0
TTAGGACCAGTATCTG-JHA710A1,JHA710A1,A1,0.0,2,0,0,0,0,0,0,829.0,0
TTAGGACGTAGTAGTA-JHA710A1,JHA710A1,A1,0.0,2,0,0,0,0,0,0,1460.0,0
TTAGGACGTGCACCAC-JHA710A1,JHA710A1,A1,0.0,0,0,0,0,0,0,0,476.0,0
TTAGGCAAGACTTGAA-JHA710A1,JHA710A1,A1,0.0,1,0,0,0,0,0,0,477.0,1
TTAGGCACACACTGCG-JHA710A1,JHA710A1,A1,2.597305305560588,2,1,1,1,1,0,0,2414.0,1
TTAGGCACATGCCTAA-JHA710A1,JHA710A1,A1,0.0,0,0,0,0,0,0,0,488.0,0
TTAGGCAGTAGTAGTA-JHA710A1,JHA710A1,A1,0.0,1,0,0,0,0,0,0,1462.0,0
TTAGGCAGTGTCCTCT-JHA710A1,JHA710A1,A1,0.0,0,0,0,0,0,0,0,486.0,0
TTAGGCATCCGCGTTT-JHA710A1,JHA710A1,A1,0.0,1,0,0,0,0,0,0,1347.0,0
TTAGGCATCTCGCATC-JHA710A1,JHA710A1,A1,0.0,0,0,0,0,0,0,0,791.0,0
TTAGTTCAGACAAAGG-JHA710A1,JHA710A1,A1,0.0,1,0,0,0,0,0,0,2116.0,0
TTAGTTCAGGTGCTAG-JHA710A1,JHA710A1,A1,0.0,0,0,0,0,0,0,0,492.0,0
TTAGTTCAGTACGTAA-JHA710A1,JHA710A1,A1,0.0,0,0,0,0,0,0,0,448.0,0
TTAGTTCCACTGCCAG-JHA710A1,JHA710A1,A1,0.0,2,0,0,0,0,0,0,831.0,0
TTAGTTCGTAAACGCG-JHA710A1,JHA710A1,A1,7.4720798864174895,2,1,1,1,1,0,0,1343.0,0
TTAGTTCGTATAGGGC-JHA710A1,JHA710A1,A1,7.352752289349117,3,1,1,1,1,1,0,622.0,1
TTAGTTCGTGGCTCCA-JHA710A1,JHA710A1,A1,0.0,0,0,0,0,0,0,0,479.0,0
TTATGCTAGAGTGACC-JHA710A1,JHA710A1,A1,2.8939678628409204,2,1,1,1,1,0,0,586.0,0
TTATGCTAGCGATCCC-JHA710A1,JHA710A1,A1,2.7282548159047963,2,1,1,1,1,0,0,699.0,0
TTATGCTCAGCCAGAA-JHA710A1,JHA710A1,A1,0.0,1,0,0,0,0,0,0,1912.0,1
TTATGCTGTATTACCG-JHA710A1,JHA710A1,A1,0.0,0,0,0,0,0,0,0,534.0,0
TTATGCTGTCTTGCGG-JHA710A1,JHA710A1,A1,6.995056714151452,2,1,1,1,1,0,0,532.0,0
TTATGCTGTTGAGTTC-JHA710A1,JHA710A1,A1,2.797788553311294,2,1,1,1,1,0,0,649.0,0
TTCCCAGCACTTAACG-JHA710A1,JHA710A1,A1,7.7888199863524035,2,1,1,1,1,0,1,2342.0,0
TTCCCAGTCAACGAAA-JHA710A1,JHA710A1,A1,0.0,3,0,0,0,0,0,0,1263.0,0
TTCCCAGTCGGCCGAT-JHA710A1,JHA710A1,A1,0.0,2,0,0,0,0,0,0,1324.0,0
TTCCCAGTCTTGAGAC-JHA710A1,JHA710A1,A1,7.821683332323832,3,1,1,1,1,1,1,1087.0,0
TTCGAAGGTGGCTCCA-JHA710A1,JHA710A1,A1,2.41534932603235,2,1,1,1,1,0,0,981.0,0
TTCGAAGTCACGGTTA-JHA710A1,JHA710A1,A1,0.0,1,0,0,0,0,0,0,613.0,0
TTCGGTCCAAATCCGT-JHA710A1,JHA710A1,A1,0.0,0,0,0,0,0,0,0,664.0,0
TTCGGTCCAAGACGTG-JHA710A1,JHA710A1,A1,0.0,2,0,0,0,0,0,0,515.0,0
TTCGGTCCACGGCCAT-JHA710A1,JHA710A1,A1,0.0,1,0,0,0,0,0,0,1204.0,0
TTCGGTCGTACCCAAT-JHA710A1,JHA710A1,A1,7.227035950819201,3,1,1,1,1,1,0,909.0,0
TTCGGTCGTACCGTAT-JHA710A1,JHA710A1,A1,0.0,2,0,0,0,0,0,0,1068.0,0
TTCGGTCGTCTCACCT-JHA710A1,JHA710A1,A1,2.769313559063233,1,1,1,0,0,0,0,669.0,0
TTCGGTCGTGCCTGGT-JHA710A1,JHA710A1,A1,0.0,2,0,0,0,0,0,0,1309.0,0
TTCGGTCGTTACGTCA-JHA710A1,JHA710A1,A1,0.0,0,0,0,0,0,0,0,536.0,0
TTCGGTCTCAATCACG-JHA710A1,JHA710A1,A1,2.232848516931756,2,1,1,1,1,0,0,1201.0,0
TTCGGTCTCAGCGATT-JHA710A1,JHA710A1,A1,7.8563217350727905,1,1,1,0,0,0,1,895.0,0
TTCGGTCTCAGGTTCA-JHA710A1,JHA710A1,A1,6.527309871048263,2,1,1,1,1,0,0,923.0,0
TTCGGTCTCATTGCGA-JHA710A1,JHA710A1,A1,7.231152374055795,2,1,1,1,1,0,0,1376.0,0
TTCGGTCTCCGTCAAA-JHA710A1,JHA710A1,A1,0.0,2,0,0,0,0,0,0,680.0,0
TTCGGTCTCTGCCAGG-JHA710A1,JHA710A1,A1,0.0,2,0,0,0,0,0,0,824.0,0
TTCTACAAGCTAGTGG-JHA710A1,JHA710A1,A1,0.0,1,0,0,0,0,0,0,588.0,0
TTCTACAAGGGAGTAA-JHA710A1,JHA710A1,A1,0.0,1,0,0,0,0,0,0,928.0,0
TTCTACAAGGTGTTAA-JHA710A1,JHA710A1,A1,1.5675875588468318,2,1,1,1,1,0,0,2635.0,0
TTCTACAGTAACGTTC-JHA710A1,JHA710A1,A1,6.822576257378179,2,1,1,1,1,0,0,1101.0,0
TTCTACAGTACCTACA-JHA710A1,JHA710A1,A1,2.2054444136554676,3,1,1,1,1,1,0,2477.0,0
TTCTACAGTTGGGACA-JHA710A1,JHA710A1,A1,6.6021276070074695,3,1,1,1,1,1,0,802.0,0
TTCTACAGTTTGACTG-JHA710A1,JHA710A1,A1,1.9566146711600503,3,1,1,1,1,1,0,1646.0,0
TTCTACATCTCCAGGG-JHA710A1,JHA710A1,A1,3.073552052398537,2,1,1,1,1,0,0,485.0,1
TTCTCAAAGTCAATAG-JHA710A1,JHA710A1,A1,7.615863966946806,3,1,1,1,1,1,1,1784.0,0
TTCTCAAAGTCGTTTG-JHA710A1,JHA710A1,A1,7.923133436805079,3,1,1,1,1,1,1,877.0,0
TTCTCAAGTCTACCTC-JHA710A1,JHA710A1,A1,0.0,1,0,0,0,0,0,0,769.0,0
TTCTCAAGTCTCTCGT-JHA710A1,JHA710A1,A1,0.0,1,0,0,0,0,0,0,509.0,0
TTCTCAATCAAACCGT-JHA710A1,JHA710A1,A1,6.967952997102655,2,1,1,1,1,0,0,688.0,0
TTCTCAATCCAGATCA-JHA710A1,JHA710A1,A1,2.232353094685017,3,1,1,1,1,1,0,3605.0,1
TTCTCAATCGGGAGTA-JHA710A1,JHA710A1,A1,3.0994813220041806,1,1,1,0,0,0,0,472.0,0
TTCTCCTCAAGCGTAG-JHA710A1,JHA710A1,A1,3.1493726191012272,4,1,1,1,1,1,0,896.0,1
TTCTCCTCATTTGCTT-JHA710A1,JHA710A1,A1,3.8230328568294856,1,1,1,0,0,0,0,447.0,0
TTCTCCTGTCTAGGTT-JHA710A1,JHA710A1,A1,2.854549518701995,2,1,1,1,1,0,0,611.0,0
TTCTCCTTCACTGGGC-JHA710A1,JHA710A1,A1,0.0,1,0,0,0,0,0,0,811.0,0
TTCTCCTTCGTTGACA-JHA710A1,JHA710A1,A1,0.0,2,0,0,0,0,0,0,1957.0,0
TTCTCCTTCTGGTGTA-JHA710A1,JHA710A1,A1,3.584248386296464,2,1,1,1,1,0,0,571.0,0
TTCTTAGAGTTGTCGT-JHA710A1,JHA710A1,A1,0.0,0,0,0,0,0,0,0,516.0,0
TTCTTAGCACAGAGGT-JHA710A1,JHA710A1,A1,0.0,0,0,0,0,0,0,0,715.0,0
TTCTTAGCATGACGGA-JHA710A1,JHA710A1,A1,2.73766512164114,2,1,1,1,1,0,0,1384.0,0
TTCTTAGGTCGATTGT-JHA710A1,JHA710A1,A1,0.0,2,0,0,0,0,0,0,1728.0,0
TTCTTAGGTCTTGATG-JHA710A1,JHA710A1,A1,0.0,2,0,0,0,0,0,0,521.0,0
TTCTTAGGTTCCGGCA-JHA710A1,JHA710A1,A1,0.0,0,0,0,0,0,0,0,643.0,1
TTCTTAGGTTGTGGAG-JHA710A1,JHA710A1,A1,3.1644507668432644,1,1,1,0,0,0,0,441.0,0
TTCTTAGTCACTTATC-JHA710A1,JHA710A1,A1,1.9145212008382146,2,1,1,1,1,0,0,1729.0,0
TTCTTAGTCAGTCAGT-JHA710A1,JHA710A1,A1,0.0,1,0,0,0,0,0,0,484.0,0
TTCTTAGTCATTGCCC-JHA710A1,JHA710A1,A1,0.0,0,0,0,0,0,0,0,454.0,0
TTCTTAGTCCAAACTG-JHA710A1,JHA710A1,A1,2.6896714052498765,3,1,1,1,1,1,0,1457.0,0
TTGAACGAGCAACGGT-JHA710A1,JHA710A1,A1,2.67508018186464,0,1,0,0,0,0,0,740.0,0
TTGAACGAGCATGGCA-JHA710A1,JHA710A1,A1,1.9956901747898,2,1,1,1,1,0,0,1573.0,0
TTGAACGCACAGCCCA-JHA710A1,JHA710A1,A1,0.0,1,0,0,0,0,0,0,541.0,0
TTGAACGCATGACGGA-JHA710A1,JHA710A1,A1,0.0,2,0,0,0,0,0,0,2489.0,0
TTGAACGCATTTCAGG-JHA710A1,JHA710A1,A1,0.0,2,0,0,0,0,0,0,1081.0,0
TTGAACGGTAAGAGAG-JHA710A1,JHA710A1,A1,2.0952636775548976,1,1,1,0,0,0,0,1403.0,1
TTGAACGGTGTCCTCT-JHA710A1,JHA710A1,A1,7.3783837129967145,2,1,1,1,1,0,0,675.0,0
TTGACTTAGCCCAATT-JHA710A1,JHA710A1,A1,0.0,1,0,0,0,0,0,0,612.0,0
TTGACTTCACGTTGGC-JHA710A1,JHA710A1,A1,0.0,2,0,0,0,0,0,0,859.0,0
TTGACTTCAGACGTAG-JHA710A1,JHA710A1,A1,0.0,1,0,0,0,0,0,0,774.0,0
TTGACTTCATTAACCG-JHA710A1,JHA710A1,A1,0.0,2,0,0,0,0,0,0,551.0,0
TTGACTTGTCTAGCCG-JHA710A1,JHA710A1,A1,0.0,1,0,0,0,0,0,0,444.0,1
TTGACTTGTCTCTTAT-JHA710A1,JHA710A1,A1,0.0,2,0,0,0,0,0,0,1240.0,0
TTGACTTGTGCTGTAT-JHA710A1,JHA710A1,A1,0.0,2,0,0,0,0,0,0,1218.0,0
TTGACTTTCCAAACTG-JHA710A1,JHA710A1,A1,2.5832351547702865,1,1,1,0,0,0,0,817.0,0
TTGCCGTAGCTTCGCG-JHA710A1,JHA710A1,A1,0.0,2,0,0,0,0,0,0,2787.0,0
TTGCCGTAGTGATCGG-JHA710A1,JHA710A1,A1,0.0,2,0,0,0,0,0,0,982.0,0
TTGCCGTAGTGCTGCC-JHA710A1,JHA710A1,A1,2.643572640440498,1,1,1,0,0,0,0,1531.0,0
TTGCCGTCAGTGGGAT-JHA710A1,JHA710A1,A1,0.0,2,0,0,0,0,0,0,1127.0,0
TTGCCGTGTAAACCTC-JHA710A1,JHA710A1,A1,2.666316739708336,2,1,1,1,1,0,0,747.0,0
TTGCCGTGTGTATGGG-JHA710A1,JHA710A1,A1,7.899419865162154,3,1,1,1,1,1,1,1117.0,0
TTGCGTCGTCAAACTC-JHA710A1,JHA710A1,A1,6.470129339881064,1,1,1,0,0,0,0,543.0,0
TTGCGTCGTCCTCCAT-JHA710A1,JHA710A1,A1,1.9334992451082387,2,1,1,1,1,0,0,1691.0,0
TTGGAACAGAATTGTG-JHA710A1,JHA710A1,A1,0.0,2,0,0,0,0,0,0,845.0,0
TTGGAACAGGGTCTCC-JHA710A1,JHA710A1,A1,3.057954473115221,0,1,0,0,0,0,0,493.0,1
TTGGAACGTCAGAAGC-JHA710A1,JHA710A1,A1,1.7438301897001882,3,1,1,1,1,1,0,4238.0,1
TTGGAACTCCATGCTC-JHA710A1,JHA710A1,A1,2.417207993704222,2,1,1,1,1,0,0,1958.0,0
TTGGAACTCTTGCCGT-JHA710A1,JHA710A1,A1,3.007204674716228,1,1,1,0,0,0,0,520.0,0
TTGGCAAAGACTGTAA-JHA710A1,JHA710A1,A1,2.3974408512691476,2,1,1,1,1,0,0,2001.0,0
TTGGCAAAGCTACCTA-JHA710A1,JHA710A1,A1,3.2367109394726667,0,1,0,0,0,0,0,818.0,0
TTGGCAAAGGAGTACC-JHA710A1,JHA710A1,A1,0.0,2,0,0,0,0,0,0,486.0,0
TTGGCAAAGGCTAGAC-JHA710A1,JHA710A1,A1,5.9690751066679315,2,1,1,1,1,0,0,487.0,0
TTGGCAACACAAGCCC-JHA710A1,JHA710A1,A1,7.396072331972585,3,1,1,1,1,1,0,700.0,0
TTGGCAATCGCAAACT-JHA710A1,JHA710A1,A1,0.0,2,0,0,0,0,0,0,1293.0,0
TTGTAGGAGACAGAGA-JHA710A1,JHA710A1,A1,2.8685404962389303,1,1,1,0,0,0,0,602.0,1
TTGTAGGAGATGTTAG-JHA710A1,JHA710A1,A1,0.0,1,0,0,0,0,0,0,1110.0,1
TTGTAGGCAAGAGTCG-JHA710A1,JHA710A1,A1,8.101459286836155,3,1,1,1,1,1,1,1046.0,0
TTGTAGGCACTCAGGC-JHA710A1,JHA710A1,A1,7.887994106761934,3,1,1,1,1,1,1,1036.0,0
TTGTAGGCATGATCCA-JHA710A1,JHA710A1,A1,0.0,1,0,0,0,0,0,0,648.0,0
TTGTAGGGTCAGTGGA-JHA710A1,JHA710A1,A1,7.967084521265947,2,1,1,1,1,0,1,489.0,0
TTGTAGGTCACCATAG-JHA710A1,JHA710A1,A1,0.0,2,0,0,0,0,0,0,562.0,0
TTTACTGAGGTGATTA-JHA710A1,JHA710A1,A1,7.764385880571784,2,1,1,1,1,0,1,463.0,0
TTTACTGAGTGTGGCA-JHA710A1,JHA710A1,A1,3.633166209358576,0,1,0,0,0,0,0,543.0,1
TTTACTGGTCAAACTC-JHA710A1,JHA710A1,A1,4.002269104128708,3,1,1,1,1,1,0,2606.0,0
TTTACTGGTGTTCGAT-JHA710A1,JHA710A1,A1,0.0,1,0,0,0,0,0,0,861.0,0
TTTACTGTCGGTCTAA-JHA710A1,JHA710A1,A1,7.700071329907716,2,1,1,1,1,0,1,453.0,0
TTTATGCCAGACAAGC-JHA710A1,JHA710A1,A1,0.0,2,0,0,0,0,0,0,1809.0,0
TTTATGCCATCGATGT-JHA710A1,JHA710A1,A1,0.0,1,0,0,0,0,0,0,1527.0,0
TTTATGCGTACTCAAC-JHA710A1,JHA710A1,A1,0.0,0,0,0,0,0,0,0,866.0,0
TTTATGCGTACTCTCC-JHA710A1,JHA710A1,A1,3.3357792205177508,2,1,1,1,1,0,0,1107.0,0
TTTATGCGTGCCTGGT-JHA710A1,JHA710A1,A1,2.104063913520007,2,1,1,1,1,0,0,1389.0,0
TTTATGCGTTCCACAA-JHA710A1,JHA710A1,A1,3.061828897936965,1,1,1,0,0,0,0,491.0,0
TTTATGCTCCCTAATT-JHA710A1,JHA710A1,A1,5.9807494502115865,2,1,1,1,1,0,0,608.0,0
TTTATGCTCTGCGACG-JHA710A1,JHA710A1,A1,2.066426173567766,3,1,1,1,1,1,0,1450.0,0
TTTCCTCAGAACAACT-JHA710A1,JHA710A1,A1,0.0,2,0,0,0,0,0,0,1660.0,0
TTTCCTCAGACAATAC-JHA710A1,JHA710A1,A1,0.0,0,0,0,0,0,0,0,514.0,0
TTTCCTCAGCTGATAA-JHA710A1,JHA710A1,A1,0.0,1,0,0,0,0,0,0,947.0,1
TTTCCTCCAAGACACG-JHA710A1,JHA710A1,A1,2.901251500341789,1,1,1,0,0,0,0,1163.0,0
TTTCCTCCAAGTTGTC-JHA710A1,JHA710A1,A1,1.8043699768199846,4,1,1,1,1,1,0,3940.0,0
TTTCCTCCAGTATAAG-JHA710A1,JHA710A1,A1,2.1796417067783525,3,1,1,1,1,1,0,1275.0,0
TTTCCTCGTAAGGATT-JHA710A1,JHA710A1,A1,0.0,1,0,0,0,0,0,0,467.0,0
TTTCCTCTCCTATTCA-JHA710A1,JHA710A1,A1,5.6263229486413895,2,1,1,1,1,0,0,976.0,0
TTTGCGCAGAGGGATA-JHA710A1,JHA710A1,A1,3.692347016378199,2,1,1,1,1,0,0,511.0,0
TTTGCGCAGCGATCCC-JHA710A1,JHA710A1,A1,2.8779911833266105,1,1,1,0,0,0,0,596.0,0
TTTGCGCAGGAACTGC-JHA710A1,JHA710A1,A1,0.0,1,0,0,0,0,0,0,581.0,0
TTTGCGCAGTGTGGCA-JHA710A1,JHA710A1,A1,1.9967896086207164,2,1,1,1,1,0,0,1571.0,0
TTTGCGCCAAGTCTAC-JHA710A1,JHA710A1,A1,0.0,1,0,0,0,0,0,0,905.0,0
TTTGCGCCACATCCGG-JHA710A1,JHA710A1,A1,6.085310392533218,2,1,1,1,1,0,0,730.0,0
TTTGCGCCAGCTGTGC-JHA710A1,JHA710A1,A1,2.749914112375097,0,1,0,0,0,0,0,683.0,0
TTTGCGCGTTACGACT-JHA710A1,JHA710A1,A1,0.0,1,0,0,0,0,0,0,462.0,0
TTTGCGCTCATGCTCC-JHA710A1,JHA710A1,A1,0.0,2,0,0,0,0,0,0,813.0,0
TTTGCGCTCCCTAATT-JHA710A1,JHA710A1,A1,0.0,2,0,0,0,0,0,0,466.0,0
TTTGCGCTCCGTCAAA-JHA710A1,JHA710A1,A1,0.0,2,0,0,0,0,0,0,593.0,0
TTTGCGCTCCTGCCAT-JHA710A1,JHA710A1,A1,4.916090010518366,1,1,1,0,0,0,0,812.0,0
TTTGCGCTCCTGCTTG-JHA710A1,JHA710A1,A1,0.0,0,0,0,0,0,0,0,577.0,0
TTTGCGCTCGAACTGT-JHA710A1,JHA710A1,A1,2.424684238526166,2,1,1,1,1,0,0,971.0,0
TTTGCGCTCGCTTGTC-JHA710A1,JHA710A1,A1,0.0,2,0,0,0,0,0,0,750.0,0
TTTGCGCTCTATGTGG-JHA710A1,JHA710A1,A1,3.226200805815325,2,1,1,1,1,0,0,827.0,0
TTTGGTTCAGTATCTG-JHA710A1,JHA710A1,A1,7.967440357237555,3,1,1,1,1,1,1,1255.0,0
TTTGTCAAGAGTGACC-JHA710A1,JHA710A1,A1,1.3881722959440908,3,1,1,1,1,1,0,3325.0,1
TTTGTCACAGCGAACA-JHA710A1,JHA710A1,A1,0.0,1,0,0,0,0,0,0,503.0,1
TTTGTCACAGGGATTG-JHA710A1,JHA710A1,A1,1.6985982367835837,2,1,1,1,1,0,0,2239.0,1
TTTGTCAGTCGGCACT-JHA710A1,JHA710A1,A1,0.0,0,0,0,0,0,0,0,601.0,0
TTTGTCAGTTGCCTCT-JHA710A1,JHA710A1,A1,7.585499859361833,3,1,1,1,1,1,1,1077.0,0
TTTGTCATCCAGAGGA-JHA710A1,JHA710A1,A1,0.0,0,0,0,0,0,0,0,443.0,0
TTTGTCATCGCTGATA-JHA710A1,JHA710A1,A1,0.0,3,0,0,0,0,0,0,1241.0,0
TTTGTCATCTTTACAC-JHA710A1,JHA710A1,A1,3.130343498704384,1,1,1,0,0,0,0,457.0,0
AAACCTGAGCGCCTTG-JHA710A2,JHA710A2,A2,0.0,2,0,0,0,0,0,0,2028.0,0
AAACCTGAGTCTCCTC-JHA710A2,JHA710A2,A2,0.0,1,0,0,0,0,0,0,354.0,0
AAACCTGCACAACGTT-JHA710A2,JHA710A2,A2,0.0,2,0,0,0,0,0,0,926.0,0
AAACCTGTCTTGTCAT-JHA710A2,JHA710A2,A2,0.0,1,0,0,0,0,0,0,942.0,1
AAACGGGAGCCCAGCT-JHA710A2,JHA710A2,A2,0.0,1,0,0,0,0,0,0,334.0,0
AAACGGGCACTATCTT-JHA710A2,JHA710A2,A2,0.0,2,0,0,0,0,0,0,804.0,0
AAACGGGGTAAATGTG-JHA710A2,JHA710A2,A2,0.0,3,0,0,0,0,0,0,1121.0,1
AAACGGGGTGTGAAAT-JHA710A2,JHA710A2,A2,0.0,1,0,0,0,0,0,0,321.0,0
AAACGGGGTTCTGAAC-JHA710A2,JHA710A2,A2,0.0,2,0,0,0,0,0,0,753.0,0
AAACGGGTCAGTCAGT-JHA710A2,JHA710A2,A2,0.0,1,0,0,0,0,0,0,368.0,0
AAACGGGTCATTGCGA-JHA710A2,JHA710A2,A2,0.0,2,0,0,0,0,0,0,483.0,0
AAACGGGTCCGTTGCT-JHA710A2,JHA710A2,A2,0.0,3,0,0,0,0,0,0,3766.0,1
AAACGGGTCTAACTTC-JHA710A2,JHA710A2,A2,0.0,2,0,0,0,0,0,0,1250.0,0
AAAGATGAGCGTGAGT-JHA710A2,JHA710A2,A2,0.0,0,0,0,0,0,0,0,389.0,0
AAAGATGCACCTCGTT-JHA710A2,JHA710A2,A2,0.0,1,0,0,0,0,0,0,643.0,0
AAAGATGCAGCTGGCT-JHA710A2,JHA710A2,A2,6.071735918864585,2,1,1,1,1,0,0,740.0,0
AAAGATGCAGTCAGCC-JHA710A2,JHA710A2,A2,0.0,1,0,0,0,0,0,0,509.0,1
AAAGATGCATGGTCAT-JHA710A2,JHA710A2,A2,0.0,1,0,0,0,0,0,0,1956.0,0
AAAGATGGTGGAAAGA-JHA710A2,JHA710A2,A2,0.0,0,0,0,0,0,0,0,630.0,0
AAAGATGTCAACGAAA-JHA710A2,JHA710A2,A2,0.0,1,0,0,0,0,0,0,1161.0,0
AAAGATGTCCATTCTA-JHA710A2,JHA710A2,A2,0.0,2,0,0,0,0,0,0,945.0,0
AAAGCAAAGACTAGGC-JHA710A2,JHA710A2,A2,0.0,1,0,0,0,0,0,0,443.0,0
AAAGCAACACGGTGTC-JHA710A2,JHA710A2,A2,0.0,1,0,0,0,0,0,0,584.0,0
AAAGCAACATCACAAC-JHA710A2,JHA710A2,A2,0.0,0,0,0,0,0,0,0,1151.0,0
AAAGCAAGTACGCTGC-JHA710A2,JHA710A2,A2,0.0,1,0,0,0,0,0,0,342.0,0
AAAGCAAGTCTCTTAT-JHA710A2,JHA710A2,A2,0.0,0,0,0,0,0,0,0,629.0,0
AAAGCAATCACATAGC-JHA710A2,JHA710A2,A2,0.0,1,0,0,0,0,0,0,791.0,0
AAAGCAATCCGTCAAA-JHA710A2,JHA710A2,A2,0.0,1,0,0,0,0,0,0,1593.0,0
AAAGCAATCTCCAGGG-JHA710A2,JHA710A2,A2,0.0,0,0,0,0,0,0,0,357.0,0
AAAGCAATCTGGTTCC-JHA710A2,JHA710A2,A2,0.0,1,0,0,0,0,0,0,622.0,0
AAAGTAGCACATGTGT-JHA710A2,JHA710A2,A2,0.0,2,0,0,0,0,0,0,1422.0,0
AAAGTAGCAGATAATG-JHA710A2,JHA710A2,A2,0.0,3,0,0,0,0,0,0,1331.0,0
AAAGTAGCAGCCTTTC-JHA710A2,JHA710A2,A2,0.0,0,0,0,0,0,0,0,757.0,0
AAAGTAGGTAGCGATG-JHA710A2,JHA710A2,A2,0.0,0,0,0,0,0,0,0,379.0,1
AAAGTAGGTCCAACTA-JHA710A2,JHA710A2,A2,0.0,0,0,0,0,0,0,0,391.0,1
AAAGTAGTCGAGCCCA-JHA710A2,JHA710A2,A2,0.0,1,0,0,0,0,0,0,345.0,0
AAATGCCAGCTGCGAA-JHA710A2,JHA710A2,A2,0.0,1,0,0,0,0,0,0,351.0,1
AAATGCCAGGTGCTTT-JHA710A2,JHA710A2,A2,0.0,1,0,0,0,0,0,0,341.0,0
AAATGCCCATACGCTA-JHA710A2,JHA710A2,A2,0.0,1,0,0,0,0,0,0,314.0,0
AAATGCCTCGTCTGAA-JHA710A2,JHA710A2,A2,0.0,0,0,0,0,0,0,0,545.0,0
AACACGTAGGAATGGA-JHA710A2,JHA710A2,A2,0.0,0,0,0,0,0,0,0,391.0,0
AACACGTCATCACAAC-JHA710A2,JHA710A2,A2,0.0,0,0,0,0,0,0,0,1119.0,0
AACACGTCATCTACGA-JHA710A2,JHA710A2,A2,0.0,0,0,0,0,0,0,0,501.0,0
AACACGTGTCTAGTCA-JHA710A2,JHA710A2,A2,0.0,0,0,0,0,0,0,0,362.0,0
AACACGTGTTGCTCCT-JHA710A2,JHA710A2,A2,0.0,1,0,0,0,0,0,0,411.0,0
AACACGTTCTCTTATG-JHA710A2,JHA710A2,A2,0.0,0,0,0,0,0,0,0,443.0,0
AACACGTTCTCTTGAT-JHA710A2,JHA710A2,A2,0.0,2,0,0,0,0,0,0,482.0,0
AACCATGCAATAACGA-JHA710A2,JHA710A2,A2,0.0,2,0,0,0,0,0,0,603.0,0
AACCATGCAATGTAAG-JHA710A2,JHA710A2,A2,0.0,1,0,0,0,0,0,0,864.0,1
AACCATGCAGGGTACA-JHA710A2,JHA710A2,A2,0.0,1,0,0,0,0,0,0,348.0,0
AACCATGGTCTCTCGT-JHA710A2,JHA710A2,A2,0.0,1,0,0,0,0,0,0,340.0,1
AACCATGGTTATCCGA-JHA710A2,JHA710A2,A2,0.0,2,0,0,0,0,0,0,402.0,0
AACCATGGTTCCAACA-JHA710A2,JHA710A2,A2,0.0,0,0,0,0,0,0,0,326.0,0
AACCATGTCTGCTTGC-JHA710A2,JHA710A2,A2,0.0,1,0,0,0,0,0,0,1680.0,0
AACCATGTCTTCATGT-JHA710A2,JHA710A2,A2,3.1117015528065073,1,1,1,0,0,0,0,466.0,0
AACCGCGAGAGGACGG-JHA710A2,JHA710A2,A2,0.0,0,0,0,0,0,0,0,334.0,0
AACCGCGAGGTGGGTT-JHA710A2,JHA710A2,A2,0.0,2,0,0,0,0,0,0,523.0,0
AACCGCGAGGTGTGGT-JHA710A2,JHA710A2,A2,0.0,2,0,0,0,0,0,0,1025.0,0
AACCGCGGTACCATCA-JHA710A2,JHA710A2,A2,0.0,1,0,0,0,0,0,0,808.0,0
AACCGCGGTTCAGGCC-JHA710A2,JHA710A2,A2,0.0,1,0,0,0,0,0,0,360.0,0
AACCGCGTCTCGAGTA-JHA710A2,JHA710A2,A2,0.0,3,0,0,0,0,0,0,2936.0,1
AACGTTGAGATCGGGT-JHA710A2,JHA710A2,A2,0.0,0,0,0,0,0,0,0,602.0,0
AACGTTGGTATTCGTG-JHA710A2,JHA710A2,A2,0.0,3,0,0,0,0,0,0,769.0,0
AACGTTGGTTAAGGGC-JHA710A2,JHA710A2,A2,0.0,2,0,0,0,0,0,0,667.0,0
AACTCAGGTTTGACTG-JHA710A2,JHA710A2,A2,0.0,1,0,0,0,0,0,0,1478.0,0
AACTCAGTCATCGGAT-JHA710A2,JHA710A2,A2,0.0,0,0,0,0,0,0,0,513.0,1
AACTCAGTCGGCGCAT-JHA710A2,JHA710A2,A2,0.0,2,0,0,0,0,0,0,2040.0,0
AACTCCCAGTTTGCGT-JHA710A2,JHA710A2,A2,0.0,0,0,0,0,0,0,0,457.0,0
AACTCTTAGCTTTGGT-JHA710A2,JHA710A2,A2,0.0,2,0,0,0,0,0,0,932.0,1
AACTCTTCACAAGACG-JHA710A2,JHA710A2,A2,0.0,1,0,0,0,0,0,0,775.0,0
AACTCTTCACAGGCCT-JHA710A2,JHA710A2,A2,0.0,2,0,0,0,0,0,0,498.0,0
AACTCTTCACGAAAGC-JHA710A2,JHA710A2,A2,0.0,1,0,0,0,0,0,0,481.0,1
AACTCTTCATTGGGCC-JHA710A2,JHA710A2,A2,0.0,1,0,0,0,0,0,0,400.0,0
AACTGGTAGAAACCGC-JHA710A2,JHA710A2,A2,1.5257120478661996,2,1,1,1,1,0,0,2779.0,0
AACTGGTCATCTATGG-JHA710A2,JHA710A2,A2,0.0,1,0,0,0,0,0,0,2393.0,0
AACTGGTGTGTGCGTC-JHA710A2,JHA710A2,A2,0.0,1,0,0,0,0,0,0,427.0,0
AACTGGTTCAGCATGT-JHA710A2,JHA710A2,A2,0.0,1,0,0,0,0,0,0,316.0,0
AACTTTCAGGGTGTTG-JHA710A2,JHA710A2,A2,5.129103768469116,2,1,1,1,1,0,0,834.0,1
AACTTTCCAAGGTGTG-JHA710A2,JHA710A2,A2,0.0,1,0,0,0,0,0,0,482.0,0
AACTTTCGTAAGTGGC-JHA710A2,JHA710A2,A2,0.0,0,0,0,0,0,0,0,1236.0,0
AAGACCTCACGAGGTA-JHA710A2,JHA710A2,A2,0.0,1,0,0,0,0,0,0,360.0,0
AAGACCTCAGATCTGT-JHA710A2,JHA710A2,A2,0.0,3,0,0,0,0,0,0,1028.0,0
AAGACCTTCCAGAAGG-JHA710A2,JHA710A2,A2,2.6926191666688624,3,1,1,1,1,1,0,3631.0,1
AAGACCTTCCTAGGGC-JHA710A2,JHA710A2,A2,0.0,1,0,0,0,0,0,0,384.0,1
AAGCCGCGTATCGCAT-JHA710A2,JHA710A2,A2,0.0,2,0,0,0,0,0,0,1236.0,0
AAGCCGCGTTGTCTTT-JHA710A2,JHA710A2,A2,0.0,2,0,0,0,0,0,0,550.0,0
AAGGAGCAGAAACCAT-JHA710A2,JHA710A2,A2,0.0,1,0,0,0,0,0,0,387.0,0
AAGGAGCAGCAGACTG-JHA710A2,JHA710A2,A2,0.0,3,0,0,0,0,0,0,451.0,0
AAGGAGCCATTGGGCC-JHA710A2,JHA710A2,A2,0.0,2,0,0,0,0,0,0,441.0,0
AAGGAGCGTACAGTGG-JHA710A2,JHA710A2,A2,0.0,0,0,0,0,0,0,0,465.0,0
AAGGAGCTCGTGGTCG-JHA710A2,JHA710A2,A2,0.0,0,0,0,0,0,0,0,565.0,0
AAGGAGCTCTTTCCTC-JHA710A2,JHA710A2,A2,0.0,1,0,0,0,0,0,0,893.0,0
AAGGCAGAGAGTCTGG-JHA710A2,JHA710A2,A2,0.0,0,0,0,0,0,0,0,559.0,1
AAGGCAGCAGGCGATA-JHA710A2,JHA710A2,A2,0.0,1,0,0,0,0,0,0,408.0,0
AAGGCAGCAGTCAGCC-JHA710A2,JHA710A2,A2,0.0,1,0,0,0,0,0,0,338.0,0
AAGGCAGTCCCTCTTT-JHA710A2,JHA710A2,A2,0.0,0,0,0,0,0,0,0,326.0,0
AAGGCAGTCGATAGAA-JHA710A2,JHA710A2,A2,0.0,1,0,0,0,0,0,0,409.0,0
AAGGTTCAGAAGGGTA-JHA710A2,JHA710A2,A2,6.628695270141235,2,1,1,1,1,0,0,728.0,0
AAGGTTCAGACCTTTG-JHA710A2,JHA710A2,A2,0.0,0,0,0,0,0,0,0,494.0,0
AAGGTTCCAAGTAATG-JHA710A2,JHA710A2,A2,0.0,2,0,0,0,0,0,0,1019.0,0
AAGGTTCGTCATCGGC-JHA710A2,JHA710A2,A2,1.6110398350834336,2,1,1,1,1,0,0,2495.0,0
AAGGTTCGTCTTTCAT-JHA710A2,JHA710A2,A2,0.0,2,0,0,0,0,0,0,615.0,0
AAGGTTCGTGAAATCA-JHA710A2,JHA710A2,A2,6.882980243283003,2,1,1,1,1,0,0,1806.0,0
AAGTCTGAGCGTTCCG-JHA710A2,JHA710A2,A2,0.0,1,0,0,0,0,0,0,317.0,0
AAGTCTGAGGAGTAGA-JHA710A2,JHA710A2,A2,0.0,1,0,0,0,0,0,0,456.0,1
AAGTCTGGTTCTGTTT-JHA710A2,JHA710A2,A2,0.0,1,0,0,0,0,0,0,1023.0,0
AAGTCTGTCAACCATG-JHA710A2,JHA710A2,A2,0.0,1,0,0,0,0,0,0,731.0,0
AATCCAGCAAAGGTGC-JHA710A2,JHA710A2,A2,0.0,2,0,0,0,0,0,0,813.0,0
AATCCAGCAGTTTACG-JHA710A2,JHA710A2,A2,0.0,2,0,0,0,0,0,0,1090.0,0
AATCCAGGTACAGACG-JHA710A2,JHA710A2,A2,0.0,1,0,0,0,0,0,0,518.0,0
AATCCAGGTACCGTTA-JHA710A2,JHA710A2,A2,0.0,1,0,0,0,0,0,0,375.0,1
AATCCAGGTCCGCTGA-JHA710A2,JHA710A2,A2,3.1886563393072103,2,1,1,1,1,0,0,430.0,0
AATCCAGGTTAAAGTG-JHA710A2,JHA710A2,A2,0.0,0,0,0,0,0,0,0,1310.0,1
AATCCAGGTTACGTCA-JHA710A2,JHA710A2,A2,0.0,1,0,0,0,0,0,0,623.0,0
AATCGGTAGAAGGCCT-JHA710A2,JHA710A2,A2,0.0,1,0,0,0,0,0,0,321.0,0
AATCGGTAGAAGGGTA-JHA710A2,JHA710A2,A2,3.4407859874723825,0,1,0,0,0,0,0,331.0,0
AATCGGTCACGAGAGT-JHA710A2,JHA710A2,A2,0.0,1,0,0,0,0,0,0,358.0,0
AATCGGTCAGCTGTGC-JHA710A2,JHA710A2,A2,0.0,2,0,0,0,0,0,0,963.0,0
AATCGGTGTAAGTTCC-JHA710A2,JHA710A2,A2,0.0,1,0,0,0,0,0,0,527.0,0
AATCGGTGTCAGATAA-JHA710A2,JHA710A2,A2,0.0,2,0,0,0,0,0,0,1029.0,0
AATCGGTGTCGTTGTA-JHA710A2,JHA710A2,A2,0.0,1,0,0,0,0,0,0,904.0,0
AATCGGTTCTTGTCAT-JHA710A2,JHA710A2,A2,0.0,1,0,0,0,0,0,0,415.0,0
ACACCAAAGCAGGTCA-JHA710A2,JHA710A2,A2,0.0,1,0,0,0,0,0,0,1621.0,0
ACACCAACAGGCTGAA-JHA710A2,JHA710A2,A2,0.0,1,0,0,0,0,0,0,686.0,0
ACACCAACATCCCATC-JHA710A2,JHA710A2,A2,0.0,0,0,0,0,0,0,0,374.0,0
ACACCAAGTCTAAAGA-JHA710A2,JHA710A2,A2,0.0,2,0,0,0,0,0,0,1624.0,1
ACACCAAGTGTGAATA-JHA710A2,JHA710A2,A2,0.0,3,0,0,0,0,0,0,3456.0,0
ACACCAATCATTTGGG-JHA710A2,JHA710A2,A2,0.0,0,0,0,0,0,0,0,442.0,0
ACACCAATCTCTGCTG-JHA710A2,JHA710A2,A2,0.0,2,0,0,0,0,0,0,445.0,0
ACACCCTAGCACAGGT-JHA710A2,JHA710A2,A2,0.0,1,0,0,0,0,0,0,749.0,0
ACACCCTAGCTCCTCT-JHA710A2,JHA710A2,A2,0.0,1,0,0,0,0,0,0,436.0,0
ACACCCTAGTAGTGCG-JHA710A2,JHA710A2,A2,0.0,0,0,0,0,0,0,0,1078.0,0
ACACCCTAGTGGGATC-JHA710A2,JHA710A2,A2,0.0,3,0,0,0,0,0,0,1032.0,0
ACACCCTCACGTCAGC-JHA710A2,JHA710A2,A2,0.0,0,0,0,0,0,0,0,352.0,1
ACACCCTGTCGACTAT-JHA710A2,JHA710A2,A2,4.679921062771398,2,1,1,1,1,0,0,562.0,0
ACACCCTGTGACTCAT-JHA710A2,JHA710A2,A2,0.0,2,0,0,0,0,0,0,435.0,0
ACACCCTGTTCCAACA-JHA710A2,JHA710A2,A2,0.0,0,0,0,0,0,0,0,423.0,1
ACACCGGAGTGGGTTG-JHA710A2,JHA710A2,A2,0.0,0,0,0,0,0,0,0,627.0,0
ACACCGGCACGAGGTA-JHA710A2,JHA710A2,A2,0.0,2,0,0,0,0,0,0,363.0,0
ACACCGGCATCCCATC-JHA710A2,JHA710A2,A2,0.0,1,0,0,0,0,0,0,921.0,0
ACACCGGGTAGCGATG-JHA710A2,JHA710A2,A2,0.0,0,0,0,0,0,0,0,351.0,0
ACACCGGGTTAGGGTG-JHA710A2,JHA710A2,A2,0.0,2,0,0,0,0,0,0,655.0,0
ACACCGGTCCTTGGTC-JHA710A2,JHA710A2,A2,0.0,0,0,0,0,0,0,0,591.0,1
ACACCGGTCTCAACTT-JHA710A2,JHA710A2,A2,0.0,1,0,0,0,0,0,0,316.0,0
ACACTGAAGCTGCAAG-JHA710A2,JHA710A2,A2,0.0,0,0,0,0,0,0,0,403.0,0
ACACTGAAGCTGGAAC-JHA710A2,JHA710A2,A2,0.0,1,0,0,0,0,0,0,350.0,0
ACACTGACACCTCGTT-JHA710A2,JHA710A2,A2,0.0,0,0,0,0,0,0,0,653.0,0
ACACTGACAGTAGAGC-JHA710A2,JHA710A2,A2,6.331519318908027,2,1,1,1,1,0,0,713.0,0
ACACTGACATGTCCTC-JHA710A2,JHA710A2,A2,0.0,1,0,0,0,0,0,0,480.0,0
ACACTGATCCTCAACC-JHA710A2,JHA710A2,A2,0.0,1,0,0,0,0,0,0,531.0,0
ACAGCCGAGAACTGTA-JHA710A2,JHA710A2,A2,0.0,2,0,0,0,0,0,0,1685.0,0
ACAGCCGAGCGTTCCG-JHA710A2,JHA710A2,A2,0.0,2,0,0,0,0,0,0,769.0,0
ACAGCCGCATGCCTAA-JHA710A2,JHA710A2,A2,0.0,1,0,0,0,0,0,0,362.0,0
ACAGCCGGTGAAGGCT-JHA710A2,JHA710A2,A2,0.0,1,0,0,0,0,0,0,579.0,0
ACAGCTAAGCCAGAAC-JHA710A2,JHA710A2,A2,0.0,0,0,0,0,0,0,0,514.0,0
ACAGCTAAGCTAGCCC-JHA710A2,JHA710A2,A2,0.0,1,0,0,0,0,0,0,743.0,0
ACAGCTAAGGAGCGAG-JHA710A2,JHA710A2,A2,0.0,2,0,0,0,0,0,0,1288.0,0
ACAGCTAAGGCATGGT-JHA710A2,JHA710A2,A2,0.0,1,0,0,0,0,0,0,599.0,1
ACAGCTAGTGAGGGAG-JHA710A2,JHA710A2,A2,0.0,1,0,0,0,0,0,0,473.0,0
ACAGCTAGTTCAGACT-JHA710A2,JHA710A2,A2,0.0,0,0,0,0,0,0,0,345.0,0
ACAGCTATCCCGACTT-JHA710A2,JHA710A2,A2,0.0,1,0,0,0,0,0,0,514.0,0
ACATACGAGTGCTGCC-JHA710A2,JHA710A2,A2,0.0,2,0,0,0,0,0,0,785.0,0
ACATACGCAATCACAC-JHA710A2,JHA710A2,A2,3.9528879109051074,2,1,1,1,1,0,0,783.0,0
ACATACGCAGTAAGAT-JHA710A2,JHA710A2,A2,0.0,2,0,0,0,0,0,0,436.0,0
ACATACGGTACCGGCT-JHA710A2,JHA710A2,A2,0.0,2,0,0,0,0,0,0,638.0,0
ACATACGGTCTAGTCA-JHA710A2,JHA710A2,A2,0.0,2,0,0,0,0,0,0,736.0,0
ACATACGGTCTCTTAT-JHA710A2,JHA710A2,A2,0.0,0,0,0,0,0,0,0,516.0,0
ACATACGGTTCCCGAG-JHA710A2,JHA710A2,A2,0.0,2,0,0,0,0,0,0,1006.0,0
ACATCAGAGACTCGGA-JHA710A2,JHA710A2,A2,0.0,0,0,0,0,0,0,0,668.0,0
ACATCAGCAGGCTGAA-JHA710A2,JHA710A2,A2,0.0,0,0,0,0,0,0,0,451.0,1
ACATCAGGTCGCCATG-JHA710A2,JHA710A2,A2,0.0,0,0,0,0,0,0,0,450.0,1
ACATCAGTCCGGCACA-JHA710A2,JHA710A2,A2,0.0,2,0,0,0,0,0,0,441.0,0
ACATGGTAGCGATATA-JHA710A2,JHA710A2,A2,0.0,1,0,0,0,0,0,0,316.0,0
ACATGGTAGTCACGCC-JHA710A2,JHA710A2,A2,0.0,0,0,0,0,0,0,0,416.0,0
ACATGGTTCGTGGTCG-JHA710A2,JHA710A2,A2,0.0,2,0,0,0,0,0,0,571.0,0
ACCAGTACAAGGCTCC-JHA710A2,JHA710A2,A2,0.0,0,0,0,0,0,0,0,371.0,0
ACCAGTAGTAGTAGTA-JHA710A2,JHA710A2,A2,0.0,0,0,0,0,0,0,0,455.0,1
ACCAGTAGTGGTGTAG-JHA710A2,JHA710A2,A2,0.0,2,0,0,0,0,0,0,355.0,1
ACCAGTAGTTTAGCTG-JHA710A2,JHA710A2,A2,0.0,1,0,0,0,0,0,0,316.0,1
ACCAGTATCAGAAATG-JHA710A2,JHA710A2,A2,0.0,2,0,0,0,0,0,0,1805.0,0
ACCAGTATCATGGTCA-JHA710A2,JHA710A2,A2,0.0,1,0,0,0,0,0,0,686.0,0
ACCCACTAGAGTCGGT-JHA710A2,JHA710A2,A2,0.0,1,0,0,0,0,0,0,1204.0,0
ACCCACTAGGTGATAT-JHA710A2,JHA710A2,A2,0.0,0,0,0,0,0,0,0,1150.0,0
ACCCACTGTACACCGC-JHA710A2,JHA710A2,A2,0.0,1,0,0,0,0,0,0,363.0,0
ACCCACTGTCTTCAAG-JHA710A2,JHA710A2,A2,0.0,1,0,0,0,0,0,0,621.0,0
ACCCACTTCGTTGCCT-JHA710A2,JHA710A2,A2,0.0,2,0,0,0,0,0,0,470.0,0
ACCCACTTCTGTTTGT-JHA710A2,JHA710A2,A2,0.0,1,0,0,0,0,0,0,1015.0,0
ACCGTAAAGACAAGCC-JHA710A2,JHA710A2,A2,0.0,2,0,0,0,0,0,0,712.0,0
ACCGTAAAGAGGTTAT-JHA710A2,JHA710A2,A2,0.0,1,0,0,0,0,0,0,1313.0,1
ACCGTAAAGGGTATCG-JHA710A2,JHA710A2,A2,0.0,1,0,0,0,0,0,0,1415.0,1
ACCGTAAAGTATTGGA-JHA710A2,JHA710A2,A2,0.0,0,0,0,0,0,0,0,326.0,0
ACCGTAACATCGGAAG-JHA710A2,JHA710A2,A2,0.0,3,0,0,0,0,0,0,1010.0,0
ACCTTTAAGCTGGAAC-JHA710A2,JHA710A2,A2,0.0,0,0,0,0,0,0,0,318.0,1
ACCTTTAAGGCTATCT-JHA710A2,JHA710A2,A2,0.0,1,0,0,0,0,0,0,681.0,1
ACCTTTAAGTGTACGG-JHA710A2,JHA710A2,A2,0.0,2,0,0,0,0,0,0,420.0,0
ACCTTTACAATGAATG-JHA710A2,JHA710A2,A2,0.0,1,0,0,0,0,0,0,1140.0,0
ACCTTTAGTCCAAGTT-JHA710A2,JHA710A2,A2,5.463126723849855,2,1,1,1,1,0,0,511.0,0
ACCTTTAGTTTGGGCC-JHA710A2,JHA710A2,A2,0.0,2,0,0,0,0,0,0,477.0,0
ACGAGCCAGCGCTCCA-JHA710A2,JHA710A2,A2,0.0,1,0,0,0,0,0,0,752.0,0
ACGAGCCCATCCGGGT-JHA710A2,JHA710A2,A2,0.0,2,0,0,0,0,0,0,1150.0,0
ACGAGCCCATGTAGTC-JHA710A2,JHA710A2,A2,0.0,1,0,0,0,0,0,0,466.0,1
ACGAGCCGTACCATCA-JHA710A2,JHA710A2,A2,0.0,2,0,0,0,0,0,0,3005.0,0
ACGAGCCGTGAAGGCT-JHA710A2,JHA710A2,A2,0.0,3,0,0,0,0,0,0,482.0,1
ACGAGCCGTTTGTTGG-JHA710A2,JHA710A2,A2,0.0,0,0,0,0,0,0,0,410.0,1
ACGAGCCTCAAAGTAG-JHA710A2,JHA710A2,A2,0.0,1,0,0,0,0,0,0,682.0,1
ACGAGGAAGATGCCAG-JHA710A2,JHA710A2,A2,0.0,1,0,0,0,0,0,0,359.0,0
ACGAGGAAGGCTAGCA-JHA710A2,JHA710A2,A2,0.0,2,0,0,0,0,0,0,1614.0,0
ACGAGGAAGTGTTGAA-JHA710A2,JHA710A2,A2,2.73766512164114,1,1,1,0,0,0,0,692.0,0
ACGAGGAGTTGGAGGT-JHA710A2,JHA710A2,A2,0.0,1,0,0,0,0,0,0,667.0,0
ACGAGGAGTTTCGCTC-JHA710A2,JHA710A2,A2,0.0,0,0,0,0,0,0,0,334.0,1
ACGAGGATCAACGAAA-JHA710A2,JHA710A2,A2,0.0,0,0,0,0,0,0,0,722.0,0
ACGAGGATCAGTTAGC-JHA710A2,JHA710A2,A2,0.0,2,0,0,0,0,0,0,868.0,0
ACGAGGATCGCGTAGC-JHA710A2,JHA710A2,A2,0.0,0,0,0,0,0,0,0,343.0,1
ACGAGGATCTATCCTA-JHA710A2,JHA710A2,A2,0.0,0,0,0,0,0,0,0,345.0,0
ACGAGGATCTGAGGGA-JHA710A2,JHA710A2,A2,0.0,2,0,0,0,0,0,0,2382.0,0
ACGATACAGAAGAAGC-JHA710A2,JHA710A2,A2,0.0,5,0,0,0,0,0,0,4626.0,1
ACGATACAGAGCAATT-JHA710A2,JHA710A2,A2,0.0,1,0,0,0,0,0,0,449.0,0
ACGATACAGAGTGAGA-JHA710A2,JHA710A2,A2,0.0,1,0,0,0,0,0,0,2376.0,0
ACGATACCACTTAAGC-JHA710A2,JHA710A2,A2,0.0,1,0,0,0,0,0,0,933.0,0
ACGATACGTGGTCCGT-JHA710A2,JHA710A2,A2,0.0,1,0,0,0,0,0,0,865.0,0
ACGATACGTTCCGTCT-JHA710A2,JHA710A2,A2,0.0,2,0,0,0,0,0,0,1313.0,0
ACGATACTCAGTTCGA-JHA710A2,JHA710A2,A2,0.0,0,0,0,0,0,0,0,510.0,0
ACGATACTCTTGACGA-JHA710A2,JHA710A2,A2,0.0,0,0,0,0,0,0,0,661.0,1
ACGATGTAGCAAATCA-JHA710A2,JHA710A2,A2,0.0,0,0,0,0,0,0,0,320.0,1
ACGATGTAGGATATAC-JHA710A2,JHA710A2,A2,0.0,0,0,0,0,0,0,0,437.0,1
ACGATGTGTACACCGC-JHA710A2,JHA710A2,A2,0.0,2,0,0,0,0,0,0,337.0,0
ACGATGTGTAGAGGAA-JHA710A2,JHA710A2,A2,0.0,0,0,0,0,0,0,0,382.0,0
ACGATGTGTTATGCGT-JHA710A2,JHA710A2,A2,0.0,2,0,0,0,0,0,0,715.0,0
ACGATGTTCACTATTC-JHA710A2,JHA710A2,A2,0.0,0,0,0,0,0,0,0,396.0,0
ACGATGTTCATGCTCC-JHA710A2,JHA710A2,A2,0.0,1,0,0,0,0,0,0,383.0,1
ACGATGTTCGCGGATC-JHA710A2,JHA710A2,A2,0.0,1,0,0,0,0,0,0,545.0,0
ACGCAGCAGCACCGTC-JHA710A2,JHA710A2,A2,0.0,0,0,0,0,0,0,0,732.0,0
ACGCAGCGTCCGAACC-JHA710A2,JHA710A2,A2,0.0,1,0,0,0,0,0,0,781.0,1
ACGCAGCGTTTAGCTG-JHA710A2,JHA710A2,A2,0.0,3,0,0,0,0,0,0,1166.0,0
ACGCAGCGTTTGACAC-JHA710A2,JHA710A2,A2,0.0,0,0,0,0,0,0,0,543.0,0
ACGCAGCTCATGTCTT-JHA710A2,JHA710A2,A2,0.0,0,0,0,0,0,0,0,1265.0,0
ACGCAGCTCGATAGAA-JHA710A2,JHA710A2,A2,0.0,1,0,0,0,0,0,0,348.0,0
ACGCCAGAGCTACCGC-JHA710A2,JHA710A2,A2,0.0,1,0,0,0,0,0,0,692.0,0
ACGCCAGAGGCAGTCA-JHA710A2,JHA710A2,A2,0.0,2,0,0,0,0,0,0,775.0,0
ACGCCAGCAAAGGCGT-JHA710A2,JHA710A2,A2,0.0,2,0,0,0,0,0,0,1279.0,0
ACGCCAGCAATGACCT-JHA710A2,JHA710A2,A2,0.0,2,0,0,0,0,0,0,1449.0,0
ACGCCAGCAGCTGTGC-JHA710A2,JHA710A2,A2,7.587308140361138,1,1,1,0,0,0,1,857.0,0
ACGCCAGCATAGAAAC-JHA710A2,JHA710A2,A2,0.0,2,0,0,0,0,0,0,766.0,0
ACGCCAGCATCCCATC-JHA710A2,JHA710A2,A2,2.601533054350115,2,1,1,1,1,0,0,801.0,0
ACGCCAGGTCCTCTTG-JHA710A2,JHA710A2,A2,0.0,1,0,0,0,0,0,0,567.0,0
ACGCCAGGTGTGGTTT-JHA710A2,JHA710A2,A2,0.0,1,0,0,0,0,0,0,600.0,0
ACGCCAGTCACGGTTA-JHA710A2,JHA710A2,A2,0.0,1,0,0,0,0,0,0,348.0,0
ACGCCGAAGCCCTAAT-JHA710A2,JHA710A2,A2,0.0,2,0,0,0,0,0,0,3273.0,0
ACGCCGACACTTACGA-JHA710A2,JHA710A2,A2,0.0,2,0,0,0,0,0,0,988.0,0
ACGCCGACATACGCCG-JHA710A2,JHA710A2,A2,0.0,0,0,0,0,0,0,0,317.0,0
ACGCCGAGTCTGCAAT-JHA710A2,JHA710A2,A2,0.0,1,0,0,0,0,0,0,923.0,0
ACGCCGAGTGCAACGA-JHA710A2,JHA710A2,A2,6.550318302253729,2,1,1,1,1,0,0,587.0,0
ACGCCGAGTTATCCGA-JHA710A2,JHA710A2,A2,0.0,0,0,0,0,0,0,0,430.0,0
ACGCCGAGTTGCGCAC-JHA710A2,JHA710A2,A2,0.0,2,0,0,0,0,0,0,980.0,0
ACGCCGAGTTGTCGCG-JHA710A2,JHA710A2,A2,0.0,1,0,0,0,0,0,0,851.0,0
ACGCCGATCTAACTTC-JHA710A2,JHA710A2,A2,0.0,2,0,0,0,0,0,0,622.0,1
ACGCCGATCTCTGAGA-JHA710A2,JHA710A2,A2,0.0,0,0,0,0,0,0,0,461.0,0
ACGGAGAAGAGGGCTT-JHA710A2,JHA710A2,A2,0.0,1,0,0,0,0,0,0,722.0,1
ACGGAGACACCAGGTC-JHA710A2,JHA710A2,A2,0.0,1,0,0,0,0,0,0,1249.0,0
ACGGAGAGTGCTGTAT-JHA710A2,JHA710A2,A2,0.0,2,0,0,0,0,0,0,2759.0,0
ACGGAGAGTTCCACTC-JHA710A2,JHA710A2,A2,0.0,0,0,0,0,0,0,0,374.0,1
ACGGAGAGTTGGTAAA-JHA710A2,JHA710A2,A2,0.0,0,0,0,0,0,0,0,352.0,0
ACGGAGATCAGTGCAT-JHA710A2,JHA710A2,A2,0.0,2,0,0,0,0,0,0,1186.0,0
ACGGAGATCGATCCCT-JHA710A2,JHA710A2,A2,0.0,0,0,0,0,0,0,0,591.0,0
ACGGCCAAGCTACCTA-JHA710A2,JHA710A2,A2,0.0,2,0,0,0,0,0,0,650.0,0
ACGGCCACACGTCTCT-JHA710A2,JHA710A2,A2,0.0,0,0,0,0,0,0,0,328.0,1
ACGGCCAGTCGCTTCT-JHA710A2,JHA710A2,A2,0.0,0,0,0,0,0,0,0,335.0,0
ACGGCCAGTTCTGAAC-JHA710A2,JHA710A2,A2,0.0,0,0,0,0,0,0,0,602.0,0
ACGGCCAGTTGAACTC-JHA710A2,JHA710A2,A2,6.099072535306288,2,1,1,1,1,0,0,945.0,0
ACGGGCTCAAAGGAAG-JHA710A2,JHA710A2,A2,0.0,0,0,0,0,0,0,0,413.0,0
ACGGGCTCAAAGGTGC-JHA710A2,JHA710A2,A2,0.0,0,0,0,0,0,0,0,343.0,0
ACGGGCTCATATACGC-JHA710A2,JHA710A2,A2,0.0,0,0,0,0,0,0,0,462.0,0
ACGGGCTGTGTTAAGA-JHA710A2,JHA710A2,A2,0.0,1,0,0,0,0,0,0,522.0,0
ACGGGCTGTTCAGCGC-JHA710A2,JHA710A2,A2,0.0,2,0,0,0,0,0,0,1365.0,0
ACGGGCTGTTCCACAA-JHA710A2,JHA710A2,A2,2.7941786097253583,2,1,1,1,1,0,0,1303.0,0
ACGGGCTTCGCGGATC-JHA710A2,JHA710A2,A2,0.0,1,0,0,0,0,0,0,389.0,0
ACGGGTCAGCAATCTC-JHA710A2,JHA710A2,A2,0.0,1,0,0,0,0,0,0,480.0,1
ACGGGTCCACAACGCC-JHA710A2,JHA710A2,A2,2.626153924779351,2,1,1,1,1,0,0,780.0,0
ACGGGTCCAGTAAGCG-JHA710A2,JHA710A2,A2,0.0,2,0,0,0,0,0,0,540.0,0
ACGGGTCTCGTCGTTC-JHA710A2,JHA710A2,A2,0.0,1,0,0,0,0,0,0,938.0,0
ACGTCAAAGCAGGTCA-JHA710A2,JHA710A2,A2,0.0,2,0,0,0,0,0,0,1384.0,0
ACGTCAACATATGGTC-JHA710A2,JHA710A2,A2,0.0,4,0,0,0,0,0,0,1578.0,0
ACGTCAATCGTCTGCT-JHA710A2,JHA710A2,A2,0.0,0,0,0,0,0,0,0,525.0,0
ACTATCTAGAATGTTG-JHA710A2,JHA710A2,A2,0.0,2,0,0,0,0,0,0,1469.0,0
ACTATCTCAAACCTAC-JHA710A2,JHA710A2,A2,0.0,0,0,0,0,0,0,0,384.0,0
ACTATCTCAATGAATG-JHA710A2,JHA710A2,A2,0.0,1,0,0,0,0,0,0,959.0,0
ACTATCTGTTAAGATG-JHA710A2,JHA710A2,A2,7.787972496425386,2,1,1,1,1,0,1,1228.0,0
ACTATCTTCGCGCCAA-JHA710A2,JHA710A2,A2,0.0,0,0,0,0,0,0,0,373.0,0
ACTGAACAGTATCGAA-JHA710A2,JHA710A2,A2,0.0,1,0,0,0,0,0,0,1042.0,0
ACTGAACGTAAACGCG-JHA710A2,JHA710A2,A2,0.0,1,0,0,0,0,0,0,421.0,0
ACTGAACGTATGCTTG-JHA710A2,JHA710A2,A2,2.9402801830022507,0,1,0,0,0,0,0,558.0,0
ACTGAACGTCAACTGT-JHA710A2,JHA710A2,A2,0.0,1,0,0,0,0,0,0,730.0,0
ACTGAACGTGAGGGAG-JHA710A2,JHA710A2,A2,0.0,0,0,0,0,0,0,0,370.0,1
ACTGAACTCATCTGCC-JHA710A2,JHA710A2,A2,0.0,0,0,0,0,0,0,0,395.0,0
ACTGAACTCGAATGGG-JHA710A2,JHA710A2,A2,0.0,2,0,0,0,0,0,0,477.0,0
ACTGAGTAGGGCTCTC-JHA710A2,JHA710A2,A2,0.0,1,0,0,0,0,0,0,1284.0,1
ACTGAGTCACATAACC-JHA710A2,JHA710A2,A2,0.0,1,0,0,0,0,0,0,963.0,0
ACTGAGTCATATACCG-JHA710A2,JHA710A2,A2,0.0,1,0,0,0,0,0,0,438.0,0
ACTGAGTTCAGTGTTG-JHA710A2,JHA710A2,A2,0.0,0,0,0,0,0,0,0,2234.0,0
ACTGAGTTCGAATGGG-JHA710A2,JHA710A2,A2,0.0,0,0,0,0,0,0,0,352.0,0
ACTGATGAGATACACA-JHA710A2,JHA710A2,A2,0.0,2,0,0,0,0,0,0,574.0,0
ACTGATGCACGGCTAC-JHA710A2,JHA710A2,A2,0.0,2,0,0,0,0,0,0,325.0,0
ACTGATGCATACGCTA-JHA710A2,JHA710A2,A2,0.0,1,0,0,0,0,0,0,988.0,0
ACTGATGGTGGCAAAC-JHA710A2,JHA710A2,A2,0.0,1,0,0,0,0,0,0,449.0,0
ACTGCTCAGCTTATCG-JHA710A2,JHA710A2,A2,3.126167920693723,1,1,1,0,0,0,0,459.0,0
ACTGCTCCATGCAACT-JHA710A2,JHA710A2,A2,0.0,1,0,0,0,0,0,0,1202.0,0
ACTGCTCGTCTCTTAT-JHA710A2,JHA710A2,A2,0.0,1,0,0,0,0,0,0,599.0,0
ACTGCTCTCATCGCTC-JHA710A2,JHA710A2,A2,0.0,0,0,0,0,0,0,0,448.0,0
ACTGTCCAGCGTTCCG-JHA710A2,JHA710A2,A2,0.0,0,0,0,0,0,0,0,338.0,0
ACTGTCCAGGTGCTAG-JHA710A2,JHA710A2,A2,0.0,2,0,0,0,0,0,0,1033.0,0
ACTGTCCCACTTCTGC-JHA710A2,JHA710A2,A2,0.0,1,0,0,0,0,0,0,416.0,0
ACTGTCCCATAAAGGT-JHA710A2,JHA710A2,A2,0.0,2,0,0,0,0,0,0,890.0,1
ACTGTCCTCCACGTTC-JHA710A2,JHA710A2,A2,0.0,1,0,0,0,0,0,0,1169.0,0
ACTGTCCTCGATCCCT-JHA710A2,JHA710A2,A2,0.0,1,0,0,0,0,0,0,855.0,0
ACTGTCCTCTTAACCT-JHA710A2,JHA710A2,A2,6.259950825074583,2,1,1,1,1,0,0,766.0,0
ACTTACTAGATCTGAA-JHA710A2,JHA710A2,A2,0.0,1,0,0,0,0,0,0,393.0,0
ACTTACTAGTGACATA-JHA710A2,JHA710A2,A2,0.0,1,0,0,0,0,0,0,1414.0,0
ACTTACTCAGCTGTGC-JHA710A2,JHA710A2,A2,0.0,0,0,0,0,0,0,0,466.0,1
ACTTACTCATCTACGA-JHA710A2,JHA710A2,A2,0.0,1,0,0,0,0,0,0,426.0,0
ACTTACTCATGTCGAT-JHA710A2,JHA710A2,A2,2.7526594349401834,2,1,1,1,1,0,0,681.0,0
ACTTACTCATTTCACT-JHA710A2,JHA710A2,A2,3.179780449481933,0,1,0,0,0,0,0,434.0,1
ACTTACTTCGTTTGCC-JHA710A2,JHA710A2,A2,0.0,1,0,0,0,0,0,0,2751.0,0
ACTTGTTAGGCCCGTT-JHA710A2,JHA710A2,A2,0.0,0,0,0,0,0,0,0,428.0,0
ACTTGTTGTACTTGAC-JHA710A2,JHA710A2,A2,0.0,1,0,0,0,0,0,0,613.0,0
ACTTGTTGTGTGAATA-JHA710A2,JHA710A2,A2,0.0,0,0,0,0,0,0,0,1459.0,0
ACTTGTTTCTTTACAC-JHA710A2,JHA710A2,A2,0.0,1,0,0,0,0,0,0,432.0,0
ACTTTCAAGACTCGGA-JHA710A2,JHA710A2,A2,0.0,0,0,0,0,0,0,0,406.0,0
ACTTTCAAGAGTGAGA-JHA710A2,JHA710A2,A2,0.0,3,0,0,0,0,0,0,455.0,0
ACTTTCAAGGCTCATT-JHA710A2,JHA710A2,A2,0.0,2,0,0,0,0,0,0,2825.0,1
ACTTTCACAAGGTGTG-JHA710A2,JHA710A2,A2,0.0,0,0,0,0,0,0,0,2190.0,0
ACTTTCACAGTATGCT-JHA710A2,JHA710A2,A2,0.0,2,0,0,0,0,0,0,421.0,0
ACTTTCACATCGATGT-JHA710A2,JHA710A2,A2,0.0,0,0,0,0,0,0,0,359.0,0
ACTTTCAGTCTCAACA-JHA710A2,JHA710A2,A2,0.0,0,0,0,0,0,0,0,637.0,0
ACTTTCATCTAACCGA-JHA710A2,JHA710A2,A2,0.0,1,0,0,0,0,0,0,1094.0,0
AGAATAGTCTGCAAGT-JHA710A2,JHA710A2,A2,0.0,0,0,0,0,0,0,0,487.0,0
AGACGTTCACCGTTGG-JHA710A2,JHA710A2,A2,0.0,2,0,0,0,0,0,0,693.0,0
AGACGTTGTAAGGGCT-JHA710A2,JHA710A2,A2,0.0,2,0,0,0,0,0,0,1550.0,0
AGACGTTGTACTTAGC-JHA710A2,JHA710A2,A2,0.0,2,0,0,0,0,0,0,1889.0,0
AGACGTTTCATCTGTT-JHA710A2,JHA710A2,A2,0.0,2,0,0,0,0,0,0,1491.0,0
AGACGTTTCTCTTATG-JHA710A2,JHA710A2,A2,0.0,1,0,0,0,0,0,0,1660.0,0
AGAGCGAAGGAGTCTG-JHA710A2,JHA710A2,A2,0.0,3,0,0,0,0,0,0,392.0,0
AGAGCGAAGTGCAAGC-JHA710A2,JHA710A2,A2,0.0,1,0,0,0,0,0,0,754.0,0
AGAGCGACAGCCACCA-JHA710A2,JHA710A2,A2,0.0,1,0,0,0,0,0,0,716.0,0
AGAGCGACATCTACGA-JHA710A2,JHA710A2,A2,0.0,1,0,0,0,0,0,0,725.0,0
AGAGCGAGTACAGACG-JHA710A2,JHA710A2,A2,0.0,2,0,0,0,0,0,0,390.0,0
AGAGCGAGTCTGGAGA-JHA710A2,JHA710A2,A2,3.3542563355489623,1,1,1,0,0,0,0,362.0,0
AGAGCGATCCGATATG-JHA710A2,JHA710A2,A2,0.0,0,0,0,0,0,0,0,332.0,1
AGAGCTTCATTCCTCG-JHA710A2,JHA710A2,A2,0.0,0,0,0,0,0,0,0,360.0,1
AGAGCTTGTAGCCTAT-JHA710A2,JHA710A2,A2,7.380074228062418,2,1,1,1,1,0,0,886.0,0
AGAGCTTGTCGCGAAA-JHA710A2,JHA710A2,A2,0.0,1,0,0,0,0,0,0,384.0,0
AGAGCTTGTCTGGAGA-JHA710A2,JHA710A2,A2,0.0,0,0,0,0,0,0,0,862.0,0
AGAGCTTGTTCCACGG-JHA710A2,JHA710A2,A2,0.0,2,0,0,0,0,0,0,458.0,0
AGAGCTTGTTTGGCGC-JHA710A2,JHA710A2,A2,0.0,3,0,0,0,0,0,0,1269.0,0
AGAGTGGAGAAACCAT-JHA710A2,JHA710A2,A2,0.0,2,0,0,0,0,0,0,1372.0,0
AGAGTGGAGCAGGTCA-JHA710A2,JHA710A2,A2,2.5445181469495064,2,1,1,1,1,0,0,852.0,0
AGAGTGGAGCGCTTAT-JHA710A2,JHA710A2,A2,0.0,2,0,0,0,0,0,0,502.0,0
AGAGTGGAGGGCTTGA-JHA710A2,JHA710A2,A2,0.0,0,0,0,0,0,0,0,425.0,0
AGAGTGGCACAAGACG-JHA710A2,JHA710A2,A2,0.0,2,0,0,0,0,0,0,1097.0,0
AGAGTGGCAGAAGCAC-JHA710A2,JHA710A2,A2,0.0,1,0,0,0,0,0,0,348.0,0
AGAGTGGGTCGCGGTT-JHA710A2,JHA710A2,A2,0.0,0,0,0,0,0,0,0,316.0,0
AGAGTGGTCCCTAATT-JHA710A2,JHA710A2,A2,2.1958036179497036,1,1,1,0,0,0,0,1252.0,0
AGAGTGGTCGTTGACA-JHA710A2,JHA710A2,A2,0.0,1,0,0,0,0,0,0,482.0,0
AGATCTGAGATAGGAG-JHA710A2,JHA710A2,A2,0.0,2,0,0,0,0,0,0,346.0,0
AGATCTGCAAGTCATC-JHA710A2,JHA710A2,A2,0.0,2,0,0,0,0,0,0,1012.0,0
AGATCTGCAGATCGGA-JHA710A2,JHA710A2,A2,0.0,2,0,0,0,0,0,0,772.0,0
AGATCTGCATGTCCTC-JHA710A2,JHA710A2,A2,0.0,0,0,0,0,0,0,0,436.0,0
AGATCTGGTTGGTGGA-JHA710A2,JHA710A2,A2,0.0,0,0,0,0,0,0,0,2254.0,0
AGATTGCAGTTAACGA-JHA710A2,JHA710A2,A2,0.0,1,0,0,0,0,0,0,349.0,0
AGATTGCCACACGCTG-JHA710A2,JHA710A2,A2,0.0,0,0,0,0,0,0,0,366.0,0
AGATTGCCACGGATAG-JHA710A2,JHA710A2,A2,0.0,1,0,0,0,0,0,0,764.0,0
AGATTGCCAGGAACGT-JHA710A2,JHA710A2,A2,0.0,2,0,0,0,0,0,0,1130.0,0
AGATTGCCAGTTCCCT-JHA710A2,JHA710A2,A2,0.0,0,0,0,0,0,0,0,483.0,0
AGATTGCCATCCGGGT-JHA710A2,JHA710A2,A2,0.0,1,0,0,0,0,0,0,1246.0,0
AGATTGCGTATTACCG-JHA710A2,JHA710A2,A2,0.0,2,0,0,0,0,0,0,1940.0,0
AGATTGCTCAGTACGT-JHA710A2,JHA710A2,A2,0.0,0,0,0,0,0,0,0,496.0,1
AGATTGCTCATCATTC-JHA710A2,JHA710A2,A2,0.0,0,0,0,0,0,0,0,521.0,1
AGATTGCTCCGTAGGC-JHA710A2,JHA710A2,A2,0.0,2,0,0,0,0,0,0,451.0,0
AGCAGCCAGGGTATCG-JHA710A2,JHA710A2,A2,0.0,0,0,0,0,0,0,0,413.0,0
AGCAGCCGTACCGCTG-JHA710A2,JHA710A2,A2,0.0,2,0,0,0,0,0,0,452.0,0
AGCAGCCGTGAGTGAC-JHA710A2,JHA710A2,A2,0.0,2,0,0,0,0,0,0,1119.0,0
AGCATACAGTTTGCGT-JHA710A2,JHA710A2,A2,0.0,1,0,0,0,0,0,0,452.0,0
AGCATACCAACAACCT-JHA710A2,JHA710A2,A2,6.633125373019457,2,1,1,1,1,0,0,593.0,0
AGCATACGTCCATCCT-JHA710A2,JHA710A2,A2,0.0,2,0,0,0,0,0,0,363.0,0
AGCATACGTTACGGAG-JHA710A2,JHA710A2,A2,0.0,2,0,0,0,0,0,0,540.0,1
AGCATACTCAACCAAC-JHA710A2,JHA710A2,A2,5.644351389118177,1,1,1,0,0,0,0,426.0,0
AGCATACTCGCATGAT-JHA710A2,JHA710A2,A2,0.0,0,0,0,0,0,0,0,330.0,0
AGCATACTCGGATGGA-JHA710A2,JHA710A2,A2,0.0,2,0,0,0,0,0,0,530.0,0
AGCCTAAAGCGTGAGT-JHA710A2,JHA710A2,A2,0.0,1,0,0,0,0,0,0,423.0,1
AGCCTAACATCGACGC-JHA710A2,JHA710A2,A2,3.816490578706582,2,1,1,1,1,0,0,450.0,0
AGCCTAAGTAGCGATG-JHA710A2,JHA710A2,A2,0.0,1,0,0,0,0,0,0,346.0,0
AGCCTAAGTATCGCAT-JHA710A2,JHA710A2,A2,0.0,2,0,0,0,0,0,0,2185.0,0
AGCCTAAGTCTAGCGC-JHA710A2,JHA710A2,A2,0.0,0,0,0,0,0,0,0,602.0,0
AGCCTAATCACATACG-JHA710A2,JHA710A2,A2,0.0,0,0,0,0,0,0,0,431.0,1
AGCCTAATCCAAACTG-JHA710A2,JHA710A2,A2,0.0,1,0,0,0,0,0,0,455.0,0
AGCCTAATCTCCAACC-JHA710A2,JHA710A2,A2,0.0,2,0,0,0,0,0,0,563.0,0
AGCGGTCTCAGCTCTC-JHA710A2,JHA710A2,A2,0.0,0,0,0,0,0,0,0,357.0,0
AGCGGTCTCGGAAATA-JHA710A2,JHA710A2,A2,0.0,0,0,0,0,0,0,0,780.0,1
AGCGTATAGGTGACCA-JHA710A2,JHA710A2,A2,0.0,1,0,0,0,0,0,0,352.0,0
AGCGTATAGTGGTAAT-JHA710A2,JHA710A2,A2,0.0,0,0,0,0,0,0,0,483.0,0
AGCGTATCACATGGGA-JHA710A2,JHA710A2,A2,0.0,1,0,0,0,0,0,0,994.0,0
AGCGTATGTAGAAAGG-JHA710A2,JHA710A2,A2,0.0,1,0,0,0,0,0,0,397.0,1
AGCGTATGTATGAAAC-JHA710A2,JHA710A2,A2,0.0,1,0,0,0,0,0,0,761.0,0
AGCGTATGTTCAGTAC-JHA710A2,JHA710A2,A2,0.0,1,0,0,0,0,0,0,721.0,0
AGCGTATGTTGGTTTG-JHA710A2,JHA710A2,A2,0.0,0,0,0,0,0,0,0,625.0,0
AGCGTATTCGGCGCAT-JHA710A2,JHA710A2,A2,0.0,0,0,0,0,0,0,0,478.0,1
AGCGTATTCTGCCCTA-JHA710A2,JHA710A2,A2,0.0,1,0,0,0,0,0,0,2129.0,0
AGCGTCGAGAGAACAG-JHA710A2,JHA710A2,A2,0.0,1,0,0,0,0,0,0,350.0,0
AGCGTCGAGGTCGGAT-JHA710A2,JHA710A2,A2,0.0,2,0,0,0,0,0,0,801.0,0
AGCGTCGCAAGTAATG-JHA710A2,JHA710A2,A2,0.0,0,0,0,0,0,0,0,462.0,0
AGCGTCGCACAGTCGC-JHA710A2,JHA710A2,A2,0.0,2,0,0,0,0,0,0,430.0,0
AGCGTCGCACCTTGTC-JHA710A2,JHA710A2,A2,2.59807244573354,2,1,1,1,1,0,0,804.0,0
AGCGTCGGTCCTAGCG-JHA710A2,JHA710A2,A2,0.0,0,0,0,0,0,0,0,662.0,1
AGCGTCGGTTACCAGT-JHA710A2,JHA710A2,A2,0.0,3,0,0,0,0,0,0,603.0,0
AGCTCCTGTTGCTCCT-JHA710A2,JHA710A2,A2,0.0,1,0,0,0,0,0,0,435.0,0
AGCTCTCCAATCGAAA-JHA710A2,JHA710A2,A2,0.0,1,0,0,0,0,0,0,363.0,0
AGCTCTCCACGAAGCA-JHA710A2,JHA710A2,A2,2.3149174944867066,0,1,0,0,0,0,0,1096.0,0
AGCTCTCGTCAACTGT-JHA710A2,JHA710A2,A2,0.0,3,0,0,0,0,0,0,1113.0,0
AGCTCTCGTCAGAAGC-JHA710A2,JHA710A2,A2,0.0,0,0,0,0,0,0,0,518.0,0
AGCTCTCGTCTAGCCG-JHA710A2,JHA710A2,A2,2.6178687359580257,2,1,1,1,1,0,0,787.0,0
AGCTCTCGTGCATCTA-JHA710A2,JHA710A2,A2,0.0,3,0,0,0,0,0,0,393.0,0
AGGCCACAGCCAGTTT-JHA710A2,JHA710A2,A2,0.0,0,0,0,0,0,0,0,455.0,0
AGGCCACAGGGTTTCT-JHA710A2,JHA710A2,A2,0.0,3,0,0,0,0,0,0,2618.0,0
AGGCCACAGGTCGGAT-JHA710A2,JHA710A2,A2,0.0,1,0,0,0,0,0,0,947.0,0
AGGCCACAGGTGGGTT-JHA710A2,JHA710A2,A2,0.0,0,0,0,0,0,0,0,915.0,0
AGGCCACCAGATGAGC-JHA710A2,JHA710A2,A2,0.0,1,0,0,0,0,0,0,727.0,1
AGGCCACCATACGCTA-JHA710A2,JHA710A2,A2,0.0,1,0,0,0,0,0,0,503.0,0
AGGCCACCATGGTAGG-JHA710A2,JHA710A2,A2,0.0,0,0,0,0,0,0,0,612.0,1
AGGCCACGTAAGCACG-JHA710A2,JHA710A2,A2,0.0,2,0,0,0,0,0,0,1655.0,0
AGGCCGTAGTGAATTG-JHA710A2,JHA710A2,A2,0.0,2,0,0,0,0,0,0,750.0,0
AGGCCGTCAAGCCGTC-JHA710A2,JHA710A2,A2,5.5794642011575935,2,1,1,1,1,0,0,341.0,0
AGGCCGTCAGCCACCA-JHA710A2,JHA710A2,A2,0.0,0,0,0,0,0,0,0,425.0,0
AGGCCGTCATACGCTA-JHA710A2,JHA710A2,A2,0.0,2,0,0,0,0,0,0,1400.0,0
AGGCCGTGTAATCGTC-JHA710A2,JHA710A2,A2,0.0,2,0,0,0,0,0,0,1765.0,0
AGGCCGTGTATGAATG-JHA710A2,JHA710A2,A2,0.0,2,0,0,0,0,0,0,895.0,0
AGGCCGTTCTGCAAGT-JHA710A2,JHA710A2,A2,0.0,2,0,0,0,0,0,0,1921.0,0
AGGGAGTAGCGAGAAA-JHA710A2,JHA710A2,A2,0.0,2,0,0,0,0,0,0,846.0,1
AGGGAGTAGGTGATTA-JHA710A2,JHA710A2,A2,0.0,2,0,0,0,0,0,0,1146.0,0
AGGGAGTGTACAGTTC-JHA710A2,JHA710A2,A2,0.0,0,0,0,0,0,0,0,364.0,0
AGGGAGTGTCTGGTCG-JHA710A2,JHA710A2,A2,0.0,1,0,0,0,0,0,0,324.0,0
AGGGAGTGTTTACTCT-JHA710A2,JHA710A2,A2,0.0,1,0,0,0,0,0,0,1599.0,0
AGGGAGTTCACTTATC-JHA710A2,JHA710A2,A2,0.0,0,0,0,0,0,0,0,869.0,0
AGGGAGTTCCCATTTA-JHA710A2,JHA710A2,A2,0.0,1,0,0,0,0,0,0,520.0,0
AGGGAGTTCGTTTAGG-JHA710A2,JHA710A2,A2,0.0,1,0,0,0,0,0,0,636.0,0
AGGGATGAGACAAAGG-JHA710A2,JHA710A2,A2,0.0,2,0,0,0,0,0,0,1682.0,0
AGGGATGAGACCACGA-JHA710A2,JHA710A2,A2,0.0,0,0,0,0,0,0,0,475.0,1
AGGGATGAGGCCCTTG-JHA710A2,JHA710A2,A2,0.0,0,0,0,0,0,0,0,365.0,0
AGGGATGCAAGCCATT-JHA710A2,JHA710A2,A2,0.0,1,0,0,0,0,0,0,648.0,0
AGGGATGCACCAGATT-JHA710A2,JHA710A2,A2,0.0,1,0,0,0,0,0,0,315.0,0
AGGGATGGTGCACCAC-JHA710A2,JHA710A2,A2,0.0,1,0,0,0,0,0,0,419.0,0
AGGGATGGTGCTAGCC-JHA710A2,JHA710A2,A2,0.0,0,0,0,0,0,0,0,615.0,1
AGGGATGGTTATCGGT-JHA710A2,JHA710A2,A2,0.0,0,0,0,0,0,0,0,436.0,0
AGGGATGGTTGGAGGT-JHA710A2,JHA710A2,A2,0.0,0,0,0,0,0,0,0,364.0,0
AGGGTGAAGCTAGTTC-JHA710A2,JHA710A2,A2,0.0,2,0,0,0,0,0,0,677.0,0
AGGGTGACAAAGCAAT-JHA710A2,JHA710A2,A2,0.0,2,0,0,0,0,0,0,724.0,0
AGGGTGACACATGGGA-JHA710A2,JHA710A2,A2,0.0,1,0,0,0,0,0,0,382.0,0
AGGGTGACATTGGGCC-JHA710A2,JHA710A2,A2,0.0,2,0,0,0,0,0,0,1134.0,0
AGGGTGAGTTGATTGC-JHA710A2,JHA710A2,A2,2.163119488538647,1,1,1,0,0,0,0,1299.0,0
AGGGTGATCTTGAGAC-JHA710A2,JHA710A2,A2,0.0,2,0,0,0,0,0,0,350.0,1
AGGTCATAGGCCCGTT-JHA710A2,JHA710A2,A2,0.0,1,0,0,0,0,0,0,1034.0,0
AGGTCATAGTTCGATC-JHA710A2,JHA710A2,A2,0.0,1,0,0,0,0,0,0,415.0,0
AGGTCATCACAACTGT-JHA710A2,JHA710A2,A2,0.0,0,0,0,0,0,0,0,382.0,0
AGGTCATCAGAGTGTG-JHA710A2,JHA710A2,A2,5.921504203321757,2,1,1,1,1,0,0,1156.0,0
AGGTCATCATGGTCTA-JHA710A2,JHA710A2,A2,0.0,0,0,0,0,0,0,0,335.0,1
AGGTCCGAGACTAGAT-JHA710A2,JHA710A2,A2,0.0,0,0,0,0,0,0,0,729.0,0
AGGTCCGCAAAGCAAT-JHA710A2,JHA710A2,A2,0.0,2,0,0,0,0,0,0,766.0,0
AGGTCCGTCGTAGGAG-JHA710A2,JHA710A2,A2,0.0,0,0,0,0,0,0,0,326.0,0
AGTAGTCCATAACCTG-JHA710A2,JHA710A2,A2,0.0,0,0,0,0,0,0,0,656.0,0
AGTAGTCCATACGCCG-JHA710A2,JHA710A2,A2,0.0,0,0,0,0,0,0,0,333.0,0
AGTAGTCGTACGAAAT-JHA710A2,JHA710A2,A2,0.0,1,0,0,0,0,0,0,439.0,0
AGTAGTCGTCTTCAAG-JHA710A2,JHA710A2,A2,0.0,0,0,0,0,0,0,0,377.0,0
AGTCTTTAGGGCACTA-JHA710A2,JHA710A2,A2,0.0,1,0,0,0,0,0,0,544.0,0
AGTCTTTCACCAGTTA-JHA710A2,JHA710A2,A2,0.0,3,0,0,0,0,0,0,1599.0,0
AGTCTTTCATCGGGTC-JHA710A2,JHA710A2,A2,0.0,1,0,0,0,0,0,0,457.0,0
AGTCTTTGTAGCCTAT-JHA710A2,JHA710A2,A2,0.0,2,0,0,0,0,0,0,677.0,0
AGTCTTTGTTCAGGCC-JHA710A2,JHA710A2,A2,0.0,1,0,0,0,0,0,0,545.0,0
AGTGAGGAGACTAGGC-JHA710A2,JHA710A2,A2,0.0,0,0,0,0,0,0,0,2423.0,1
AGTGAGGAGATCGGGT-JHA710A2,JHA710A2,A2,0.0,1,0,0,0,0,0,0,496.0,0
AGTGAGGAGCCCGAAA-JHA710A2,JHA710A2,A2,5.453431037699777,2,1,1,1,1,0,0,559.0,0
AGTGAGGAGTAACCCT-JHA710A2,JHA710A2,A2,0.0,2,0,0,0,0,0,0,5269.0,0
AGTGAGGCACGCCAGT-JHA710A2,JHA710A2,A2,0.0,2,0,0,0,0,0,0,2008.0,0
AGTGAGGGTCTGCAAT-JHA710A2,JHA710A2,A2,0.0,1,0,0,0,0,0,0,674.0,0
AGTGAGGGTTGGAGGT-JHA710A2,JHA710A2,A2,0.0,1,0,0,0,0,0,0,1482.0,0
AGTGAGGTCAAAGACA-JHA710A2,JHA710A2,A2,0.0,1,0,0,0,0,0,0,552.0,1
AGTGAGGTCAACACAC-JHA710A2,JHA710A2,A2,0.0,1,0,0,0,0,0,0,484.0,0
AGTGAGGTCCGCGCAA-JHA710A2,JHA710A2,A2,0.0,1,0,0,0,0,0,0,381.0,1
AGTGAGGTCTGTCTAT-JHA710A2,JHA710A2,A2,0.0,1,0,0,0,0,0,0,654.0,0
AGTGAGGTCTGTCTCG-JHA710A2,JHA710A2,A2,0.0,2,0,0,0,0,0,0,3213.0,0
AGTGGGAAGATCTGAA-JHA710A2,JHA710A2,A2,0.0,2,0,0,0,0,0,0,2162.0,0
AGTGGGAAGTCATCCA-JHA710A2,JHA710A2,A2,0.0,0,0,0,0,0,0,0,582.0,0
AGTGGGAAGTCCATAC-JHA710A2,JHA710A2,A2,0.0,0,0,0,0,0,0,0,385.0,0
AGTGGGAGTAGCGTGA-JHA710A2,JHA710A2,A2,0.0,0,0,0,0,0,0,0,908.0,1
AGTGGGAGTCCTGCTT-JHA710A2,JHA710A2,A2,0.0,3,0,0,0,0,0,0,1092.0,0
AGTGGGAGTCTTTCAT-JHA710A2,JHA710A2,A2,0.0,0,0,0,0,0,0,0,347.0,0
AGTGGGATCCTGCCAT-JHA710A2,JHA710A2,A2,0.0,2,0,0,0,0,0,0,881.0,0
AGTGGGATCTATCCCG-JHA710A2,JHA710A2,A2,0.0,1,0,0,0,0,0,0,326.0,0
AGTGGGATCTGGTTCC-JHA710A2,JHA710A2,A2,0.0,1,0,0,0,0,0,0,851.0,0
AGTGTCACAATACGCT-JHA710A2,JHA710A2,A2,0.0,1,0,0,0,0,0,0,379.0,0
AGTGTCACACTACAGT-JHA710A2,JHA710A2,A2,2.4144215394843522,0,1,0,0,0,0,0,982.0,0
AGTGTCAGTTGATTCG-JHA710A2,JHA710A2,A2,0.0,0,0,0,0,0,0,0,407.0,0
AGTGTCAGTTTGTTGG-JHA710A2,JHA710A2,A2,0.0,0,0,0,0,0,0,0,353.0,0
AGTTGGTCATGCAATC-JHA710A2,JHA710A2,A2,0.0,0,0,0,0,0,0,0,367.0,0
AGTTGGTCATTGTGCA-JHA710A2,JHA710A2,A2,0.0,1,0,0,0,0,0,0,2379.0,0
AGTTGGTGTAGCGATG-JHA710A2,JHA710A2,A2,0.0,0,0,0,0,0,0,0,408.0,0
AGTTGGTGTTCAGCGC-JHA710A2,JHA710A2,A2,0.0,0,0,0,0,0,0,0,395.0,0
ATAACGCAGTGCCAGA-JHA710A2,JHA710A2,A2,0.0,2,0,0,0,0,0,0,440.0,0
ATAACGCCAGCCTTGG-JHA710A2,JHA710A2,A2,0.0,3,0,0,0,0,0,0,887.0,0
ATAACGCCATTCTTAC-JHA710A2,JHA710A2,A2,0.0,1,0,0,0,0,0,0,457.0,0
ATAACGCGTACTCTCC-JHA710A2,JHA710A2,A2,0.0,0,0,0,0,0,0,0,716.0,0
ATAACGCGTCCTAGCG-JHA710A2,JHA710A2,A2,0.0,1,0,0,0,0,0,0,491.0,0
ATAACGCGTCGAGATG-JHA710A2,JHA710A2,A2,0.0,1,0,0,0,0,0,0,320.0,0
ATAAGAGCACCGGAAA-JHA710A2,JHA710A2,A2,0.0,0,0,0,0,0,0,0,480.0,0
ATAAGAGGTCAAACTC-JHA710A2,JHA710A2,A2,0.0,0,0,0,0,0,0,0,393.0,0
ATAAGAGTCCTCAACC-JHA710A2,JHA710A2,A2,0.0,0,0,0,0,0,0,0,372.0,0
ATAGACCAGCCACCTG-JHA710A2,JHA710A2,A2,0.0,2,0,0,0,0,0,0,2093.0,0
ATAGACCAGGACTGGT-JHA710A2,JHA710A2,A2,0.0,0,0,0,0,0,0,0,413.0,0
ATAGACCAGTGGGCTA-JHA710A2,JHA710A2,A2,0.0,1,0,0,0,0,0,0,405.0,0
ATAGACCCAAGCGTAG-JHA710A2,JHA710A2,A2,0.0,0,0,0,0,0,0,0,649.0,0
ATAGACCCACCGATAT-JHA710A2,JHA710A2,A2,0.0,1,0,0,0,0,0,0,391.0,0
ATAGACCCAGCTCGCA-JHA710A2,JHA710A2,A2,0.0,2,0,0,0,0,0,0,979.0,0
ATAGACCGTGTAATGA-JHA710A2,JHA710A2,A2,0.0,2,0,0,0,0,0,0,878.0,0
ATAGACCTCGTGGACC-JHA710A2,JHA710A2,A2,0.0,1,0,0,0,0,0,0,898.0,0
ATAGACCTCTGCGGCA-JHA710A2,JHA710A2,A2,0.0,1,0,0,0,0,0,0,421.0,0
ATCACGACAAGCCGTC-JHA710A2,JHA710A2,A2,0.0,1,0,0,0,0,0,0,483.0,0
ATCACGACATCCTAGA-JHA710A2,JHA710A2,A2,2.680127740482587,1,1,1,0,0,0,0,736.0,0
ATCACGAGTCGCGTGT-JHA710A2,JHA710A2,A2,0.0,1,0,0,0,0,0,0,713.0,0
ATCACGATCCCAGGTG-JHA710A2,JHA710A2,A2,0.0,1,0,0,0,0,0,0,494.0,0
ATCACGATCGTAGGAG-JHA710A2,JHA710A2,A2,0.0,0,0,0,0,0,0,0,765.0,0
ATCACGATCTTGAGGT-JHA710A2,JHA710A2,A2,0.0,1,0,0,0,0,0,0,392.0,0
ATCATCTCACGAAATA-JHA710A2,JHA710A2,A2,0.0,0,0,0,0,0,0,0,605.0,1
ATCATCTCACTGTGTA-JHA710A2,JHA710A2,A2,0.0,2,0,0,0,0,0,0,977.0,0
ATCATCTCATGGATGG-JHA710A2,JHA710A2,A2,0.0,1,0,0,0,0,0,0,354.0,0
ATCATCTGTAGGCTGA-JHA710A2,JHA710A2,A2,0.0,2,0,0,0,0,0,0,439.0,1
ATCATCTGTCCGACGT-JHA710A2,JHA710A2,A2,0.0,1,0,0,0,0,0,0,387.0,0
ATCATCTGTTCCAACA-JHA710A2,JHA710A2,A2,6.455908225019002,2,1,1,1,1,0,0,598.0,0
ATCATCTTCAGCTGGC-JHA710A2,JHA710A2,A2,0.0,3,0,0,0,0,0,0,1495.0,0
ATCATCTTCCAATGGT-JHA710A2,JHA710A2,A2,0.0,2,0,0,0,0,0,0,367.0,0
ATCATGGAGCTACCGC-JHA710A2,JHA710A2,A2,0.0,2,0,0,0,0,0,0,604.0,0
ATCATGGCAGAAGCAC-JHA710A2,JHA710A2,A2,0.0,1,0,0,0,0,0,0,406.0,0
ATCATGGCATGTAAGA-JHA710A2,JHA710A2,A2,0.0,1,0,0,0,0,0,0,956.0,0
ATCATGGTCTTGTCAT-JHA710A2,JHA710A2,A2,0.0,1,0,0,0,0,0,0,464.0,0
ATCCACCAGCGCCTTG-JHA710A2,JHA710A2,A2,0.0,0,0,0,0,0,0,0,418.0,0
ATCCACCAGGGAGTAA-JHA710A2,JHA710A2,A2,0.0,2,0,0,0,0,0,0,2920.0,0
ATCCACCCAAACGCGA-JHA710A2,JHA710A2,A2,0.0,0,0,0,0,0,0,0,986.0,0
ATCCACCCACCGCTAG-JHA710A2,JHA710A2,A2,0.0,2,0,0,0,0,0,0,526.0,0
ATCCACCCACCTGGTG-JHA710A2,JHA710A2,A2,0.0,0,0,0,0,0,0,0,349.0,0
ATCCACCCATCGTCGG-JHA710A2,JHA710A2,A2,6.256801207329883,2,1,1,1,1,0,0,365.0,0
ATCCACCCATTCTCAT-JHA710A2,JHA710A2,A2,0.0,0,0,0,0,0,0,0,1097.0,0
ATCCACCGTACCATCA-JHA710A2,JHA710A2,A2,0.0,2,0,0,0,0,0,0,793.0,0
ATCCACCGTATAGTAG-JHA710A2,JHA710A2,A2,0.0,2,0,0,0,0,0,0,1845.0,0
ATCCGAAAGACTCGGA-JHA710A2,JHA710A2,A2,0.0,1,0,0,0,0,0,0,478.0,0
ATCCGAAGTCTTCGTC-JHA710A2,JHA710A2,A2,0.0,2,0,0,0,0,0,0,1439.0,0
ATCCGAATCCCAGGTG-JHA710A2,JHA710A2,A2,0.0,2,0,0,0,0,0,0,914.0,0
ATCCGAATCCGTACAA-JHA710A2,JHA710A2,A2,0.0,1,0,0,0,0,0,0,473.0,0
ATCCGAATCGGTCCGA-JHA710A2,JHA710A2,A2,0.0,0,0,0,0,0,0,0,365.0,0
ATCCGAATCGTTGACA-JHA710A2,JHA710A2,A2,0.0,2,0,0,0,0,0,0,1062.0,0
ATCGAGTAGATCCTGT-JHA710A2,JHA710A2,A2,0.0,4,0,0,0,0,0,0,7187.0,0
ATCGAGTAGGGTTTCT-JHA710A2,JHA710A2,A2,0.0,0,0,0,0,0,0,0,358.0,0
ATCGAGTCAATGGAAT-JHA710A2,JHA710A2,A2,0.0,2,0,0,0,0,0,0,3934.0,0
ATCGAGTCACCACGTG-JHA710A2,JHA710A2,A2,0.0,0,0,0,0,0,0,0,430.0,1
ATCGAGTCACCAGGCT-JHA710A2,JHA710A2,A2,0.0,1,0,0,0,0,0,0,317.0,0
ATCGAGTGTGCACCAC-JHA710A2,JHA710A2,A2,0.0,0,0,0,0,0,0,0,333.0,0
ATCGAGTGTTCAACCA-JHA710A2,JHA710A2,A2,0.0,2,0,0,0,0,0,0,498.0,0
ATCGAGTTCAACACAC-JHA710A2,JHA710A2,A2,0.0,1,0,0,0,0,0,0,431.0,0
ATCTACTAGGGAACGG-JHA710A2,JHA710A2,A2,0.0,1,0,0,0,0,0,0,342.0,0
ATCTACTAGTAATCCC-JHA710A2,JHA710A2,A2,0.0,2,0,0,0,0,0,0,504.0,0
ATCTACTCAAGTAGTA-JHA710A2,JHA710A2,A2,0.0,2,0,0,0,0,0,0,1485.0,0
ATCTACTCACACTGCG-JHA710A2,JHA710A2,A2,0.0,0,0,0,0,0,0,0,921.0,1
ATCTACTCAGAGCCAA-JHA710A2,JHA710A2,A2,0.0,1,0,0,0,0,0,0,494.0,0
ATCTACTGTCTGATTG-JHA710A2,JHA710A2,A2,0.0,0,0,0,0,0,0,0,353.0,0
ATCTACTTCACGCGGT-JHA710A2,JHA710A2,A2,0.0,0,0,0,0,0,0,0,444.0,1
ATCTACTTCATAAAGG-JHA710A2,JHA710A2,A2,0.0,4,0,0,0,0,0,0,3049.0,1
ATCTACTTCATCTGTT-JHA710A2,JHA710A2,A2,0.0,0,0,0,0,0,0,0,549.0,0
ATCTGCCAGTGGGTTG-JHA710A2,JHA710A2,A2,0.0,3,0,0,0,0,0,0,1415.0,0
ATCTGCCCAAGTCTGT-JHA710A2,JHA710A2,A2,0.0,0,0,0,0,0,0,0,344.0,0
ATCTGCCCATGATCCA-JHA710A2,JHA710A2,A2,0.0,1,0,0,0,0,0,0,480.0,0
ATCTGCCGTTACGTCA-JHA710A2,JHA710A2,A2,0.0,3,0,0,0,0,0,0,667.0,1
ATCTGCCGTTGGTAAA-JHA710A2,JHA710A2,A2,0.0,1,0,0,0,0,0,0,1146.0,0
ATCTGCCGTTTGTTGG-JHA710A2,JHA710A2,A2,0.0,2,0,0,0,0,0,0,1328.0,0
ATCTGCCTCAGCAACT-JHA710A2,JHA710A2,A2,0.0,0,0,0,0,0,0,0,316.0,0
ATCTGCCTCCGGCACA-JHA710A2,JHA710A2,A2,0.0,3,0,0,0,0,0,0,1218.0,0
ATCTGCCTCGTCCAGG-JHA710A2,JHA710A2,A2,0.0,0,0,0,0,0,0,0,1003.0,0
ATCTGCCTCTATCCCG-JHA710A2,JHA710A2,A2,0.0,1,0,0,0,0,0,0,1397.0,0
ATGAGGGCAAACCTAC-JHA710A2,JHA710A2,A2,0.0,2,0,0,0,0,0,0,1354.0,0
ATGAGGGGTTGTTTGG-JHA710A2,JHA710A2,A2,0.0,1,0,0,0,0,0,0,403.0,0
ATGAGGGTCAGGCAAG-JHA710A2,JHA710A2,A2,0.0,1,0,0,0,0,0,0,512.0,0
ATGCGATAGCCTATGT-JHA710A2,JHA710A2,A2,0.0,1,0,0,0,0,0,0,465.0,1
ATGCGATAGTGAAGAG-JHA710A2,JHA710A2,A2,0.0,1,0,0,0,0,0,0,1003.0,0
ATGCGATCAAGCGTAG-JHA710A2,JHA710A2,A2,0.0,1,0,0,0,0,0,0,478.0,0
ATGCGATCAGGCGATA-JHA710A2,JHA710A2,A2,0.0,2,0,0,0,0,0,0,1257.0,0
ATGCGATGTAAGTGGC-JHA710A2,JHA710A2,A2,0.0,2,0,0,0,0,0,0,448.0,0
ATGCGATGTCAGGACA-JHA710A2,JHA710A2,A2,0.0,2,0,0,0,0,0,0,1828.0,0
ATGCGATGTTCTGAAC-JHA710A2,JHA710A2,A2,0.0,2,0,0,0,0,0,0,657.0,0
ATGCGATTCGCTAGCG-JHA710A2,JHA710A2,A2,0.0,2,0,0,0,0,0,0,797.0,0
ATGGGAGAGCATCATC-JHA710A2,JHA710A2,A2,0.0,0,0,0,0,0,0,0,590.0,0
ATGGGAGAGGAATCGC-JHA710A2,JHA710A2,A2,0.0,0,0,0,0,0,0,0,412.0,0
ATGGGAGCAACACGCC-JHA710A2,JHA710A2,A2,0.0,1,0,0,0,0,0,0,388.0,0
ATGGGAGCACCTATCC-JHA710A2,JHA710A2,A2,0.0,2,0,0,0,0,0,0,1056.0,0
ATGGGAGGTTCGAATC-JHA710A2,JHA710A2,A2,0.0,2,0,0,0,0,0,0,2498.0,1
ATGGGAGTCTCCAACC-JHA710A2,JHA710A2,A2,3.565701738664599,3,1,1,1,1,1,0,582.0,0
ATGGGAGTCTGAGGGA-JHA710A2,JHA710A2,A2,0.0,2,0,0,0,0,0,0,921.0,0
ATGGGAGTCTGCGGCA-JHA710A2,JHA710A2,A2,0.0,1,0,0,0,0,0,0,322.0,0
ATGTGTGAGTAAGTAC-JHA710A2,JHA710A2,A2,0.0,1,0,0,0,0,0,0,1019.0,0
ATGTGTGAGTGCCATT-JHA710A2,JHA710A2,A2,0.0,2,0,0,0,0,0,0,431.0,0
ATGTGTGAGTTGCAGG-JHA710A2,JHA710A2,A2,0.0,1,0,0,0,0,0,0,364.0,0
ATGTGTGGTCTAGAGG-JHA710A2,JHA710A2,A2,0.0,2,0,0,0,0,0,0,2046.0,0
ATGTGTGGTGATGATA-JHA710A2,JHA710A2,A2,0.0,2,0,0,0,0,0,0,1609.0,0
ATGTGTGTCACCCGAG-JHA710A2,JHA710A2,A2,2.532703107350323,1,1,1,0,0,0,0,863.0,0
ATGTGTGTCACCTCGT-JHA710A2,JHA710A2,A2,0.0,2,0,0,0,0,0,0,761.0,0
ATGTGTGTCGCGGATC-JHA710A2,JHA710A2,A2,0.0,1,0,0,0,0,0,0,492.0,1
ATTACTCCATATGAGA-JHA710A2,JHA710A2,A2,0.0,2,0,0,0,0,0,0,418.0,0
ATTACTCCATTGAGCT-JHA710A2,JHA710A2,A2,0.0,0,0,0,0,0,0,0,360.0,0
ATTATCCAGTCCAGGA-JHA710A2,JHA710A2,A2,0.0,0,0,0,0,0,0,0,438.0,0
ATTATCCCAGTGGGAT-JHA710A2,JHA710A2,A2,0.0,0,0,0,0,0,0,0,683.0,1
ATTATCCCATTGGGCC-JHA710A2,JHA710A2,A2,7.715566361337411,1,1,1,0,0,0,1,562.0,0
ATTATCCGTCGCCATG-JHA710A2,JHA710A2,A2,0.0,1,0,0,0,0,0,0,315.0,0
ATTATCCTCATGTCTT-JHA710A2,JHA710A2,A2,0.0,2,0,0,0,0,0,0,733.0,0
ATTCTACAGCTAGTTC-JHA710A2,JHA710A2,A2,0.0,1,0,0,0,0,0,0,392.0,0
ATTCTACCACTGTCGG-JHA710A2,JHA710A2,A2,0.0,1,0,0,0,0,0,0,323.0,0
ATTCTACTCCAAACAC-JHA710A2,JHA710A2,A2,0.0,1,0,0,0,0,0,0,724.0,0
ATTCTACTCGTCTGAA-JHA710A2,JHA710A2,A2,0.0,2,0,0,0,0,0,0,1213.0,0
ATTCTACTCGTTGACA-JHA710A2,JHA710A2,A2,0.0,2,0,0,0,0,0,0,926.0,0
ATTGGACCACTGTGTA-JHA710A2,JHA710A2,A2,0.0,1,0,0,0,0,0,0,1837.0,0
ATTGGACGTACGACCC-JHA710A2,JHA710A2,A2,0.0,0,0,0,0,0,0,0,392.0,0
ATTGGACTCAAGCCTA-JHA710A2,JHA710A2,A2,0.0,1,0,0,0,0,0,0,426.0,0
ATTGGTGAGCGGATCA-JHA710A2,JHA710A2,A2,0.0,1,0,0,0,0,0,0,1160.0,0
ATTGGTGCAGCCAATT-JHA710A2,JHA710A2,A2,0.0,1,0,0,0,0,0,0,530.0,0
ATTGGTGTCACTTATC-JHA710A2,JHA710A2,A2,0.0,1,0,0,0,0,0,0,632.0,0
ATTGGTGTCTTGAGGT-JHA710A2,JHA710A2,A2,0.0,3,0,0,0,0,0,0,1532.0,0
ATTGGTGTCTTGCAAG-JHA710A2,JHA710A2,A2,0.0,0,0,0,0,0,0,0,664.0,0
ATTGGTGTCTTTCCTC-JHA710A2,JHA710A2,A2,2.339116734963032,2,1,1,1,1,0,0,1067.0,0
ATTTCTGCAGCTTCGG-JHA710A2,JHA710A2,A2,0.0,0,0,0,0,0,0,0,339.0,0
ATTTCTGCAGTCAGCC-JHA710A2,JHA710A2,A2,0.0,0,0,0,0,0,0,0,429.0,0
ATTTCTGGTTGATTGC-JHA710A2,JHA710A2,A2,0.0,1,0,0,0,0,0,0,1691.0,0
ATTTCTGTCACGCATA-JHA710A2,JHA710A2,A2,0.0,1,0,0,0,0,0,0,1049.0,0
ATTTCTGTCCGAAGAG-JHA710A2,JHA710A2,A2,0.0,0,0,0,0,0,0,0,400.0,1
ATTTCTGTCGAGAGCA-JHA710A2,JHA710A2,A2,0.0,2,0,0,0,0,0,0,853.0,0
ATTTCTGTCTGGGCCA-JHA710A2,JHA710A2,A2,0.0,1,0,0,0,0,0,0,335.0,0
ATTTCTGTCTTGACGA-JHA710A2,JHA710A2,A2,0.0,1,0,0,0,0,0,0,591.0,1
ATTTCTGTCTTGGGTA-JHA710A2,JHA710A2,A2,0.0,1,0,0,0,0,0,0,1495.0,0
ATTTCTGTCTTGTTTG-JHA710A2,JHA710A2,A2,0.0,2,0,0,0,0,0,0,931.0,0
CAACCAAAGCGGCTTC-JHA710A2,JHA710A2,A2,0.0,1,0,0,0,0,0,0,450.0,0
CAACCAAAGGGTCGAT-JHA710A2,JHA710A2,A2,0.0,1,0,0,0,0,0,0,649.0,0
CAACCAACAATGGAGC-JHA710A2,JHA710A2,A2,0.0,0,0,0,0,0,0,0,321.0,0
CAACCAACACAACTGT-JHA710A2,JHA710A2,A2,0.0,0,0,0,0,0,0,0,1704.0,0
CAACCAACACACTGCG-JHA710A2,JHA710A2,A2,0.0,2,0,0,0,0,0,0,1401.0,0
CAACCAACACTAGTAC-JHA710A2,JHA710A2,A2,5.645431567508792,2,1,1,1,1,0,0,461.0,0
CAACCAAGTAGCGTCC-JHA710A2,JHA710A2,A2,0.0,1,0,0,0,0,0,0,375.0,1
CAACCAATCTCGCTTG-JHA710A2,JHA710A2,A2,0.0,0,0,0,0,0,0,0,400.0,1
CAACCTCAGAGTGAGA-JHA710A2,JHA710A2,A2,0.0,0,0,0,0,0,0,0,402.0,1
CAACCTCCACATTTCT-JHA710A2,JHA710A2,A2,0.0,0,0,0,0,0,0,0,761.0,0
CAACCTCCATACGCCG-JHA710A2,JHA710A2,A2,0.0,0,0,0,0,0,0,0,471.0,0
CAACCTCCATTCACTT-JHA710A2,JHA710A2,A2,0.0,1,0,0,0,0,0,0,846.0,0
CAACCTCGTATTAGCC-JHA710A2,JHA710A2,A2,0.0,0,0,0,0,0,0,0,564.0,0
CAACCTCGTTACCAGT-JHA710A2,JHA710A2,A2,0.0,2,0,0,0,0,0,0,1208.0,0
CAACCTCTCACAACGT-JHA710A2,JHA710A2,A2,0.0,0,0,0,0,0,0,0,638.0,0
CAACCTCTCCGAGCCA-JHA710A2,JHA710A2,A2,0.0,1,0,0,0,0,0,0,845.0,1
CAACCTCTCCGGGTGT-JHA710A2,JHA710A2,A2,0.0,1,0,0,0,0,0,0,703.0,0
CAACCTCTCTTCCTTC-JHA710A2,JHA710A2,A2,0.0,0,0,0,0,0,0,0,519.0,0
CAACCTCTCTTGTTTG-JHA710A2,JHA710A2,A2,0.0,0,0,0,0,0,0,0,506.0,0
CAACTAGAGAATTGTG-JHA710A2,JHA710A2,A2,0.0,1,0,0,0,0,0,0,360.0,0
CAACTAGAGACATAAC-JHA710A2,JHA710A2,A2,0.0,0,0,0,0,0,0,0,516.0,0
CAACTAGAGTTCCACA-JHA710A2,JHA710A2,A2,0.0,2,0,0,0,0,0,0,898.0,0
CAACTAGCACACGCTG-JHA710A2,JHA710A2,A2,0.0,0,0,0,0,0,0,0,394.0,0
CAACTAGGTAAATGAC-JHA710A2,JHA710A2,A2,0.0,0,0,0,0,0,0,0,533.0,0
CAACTAGGTATCTGCA-JHA710A2,JHA710A2,A2,0.0,1,0,0,0,0,0,0,948.0,0
CAAGAAAAGAGCAATT-JHA710A2,JHA710A2,A2,0.0,0,0,0,0,0,0,0,320.0,0
CAAGAAAAGTGGACGT-JHA710A2,JHA710A2,A2,0.0,0,0,0,0,0,0,0,384.0,0
CAAGAAACAAGAAAGG-JHA710A2,JHA710A2,A2,0.0,1,0,0,0,0,0,0,1868.0,0
CAAGAAACAGGAACGT-JHA710A2,JHA710A2,A2,0.0,1,0,0,0,0,0,0,809.0,0
CAAGAAAGTTCCACGG-JHA710A2,JHA710A2,A2,0.0,0,0,0,0,0,0,0,583.0,0
CAAGATCAGTCAATAG-JHA710A2,JHA710A2,A2,0.0,1,0,0,0,0,0,0,428.0,0
CAAGATCCAATAGCGG-JHA710A2,JHA710A2,A2,0.0,4,0,0,0,0,0,0,1086.0,0
CAAGATCCACTTAACG-JHA710A2,JHA710A2,A2,0.0,2,0,0,0,0,0,0,1036.0,0
CAAGATCCAGTATCTG-JHA710A2,JHA710A2,A2,0.0,2,0,0,0,0,0,0,647.0,0
CAAGATCTCACCTTAT-JHA710A2,JHA710A2,A2,0.0,1,0,0,0,0,0,0,621.0,0
CAAGATCTCGTTTGCC-JHA710A2,JHA710A2,A2,0.0,0,0,0,0,0,0,0,421.0,0
CAAGATCTCTCGCATC-JHA710A2,JHA710A2,A2,2.0859436294321316,2,1,1,1,1,0,0,1418.0,0
CAAGATCTCTGTCAAG-JHA710A2,JHA710A2,A2,0.0,2,0,0,0,0,0,0,593.0,0
CAAGGCCAGCAGGTCA-JHA710A2,JHA710A2,A2,0.0,1,0,0,0,0,0,0,783.0,0
CAAGGCCCACCATGTA-JHA710A2,JHA710A2,A2,6.521054868006085,2,1,1,1,1,0,0,516.0,0
CAAGGCCCAGGTCTCG-JHA710A2,JHA710A2,A2,0.0,1,0,0,0,0,0,0,2817.0,0
CAAGGCCCAGTCGATT-JHA710A2,JHA710A2,A2,0.0,0,0,0,0,0,0,0,494.0,0
CAAGGCCTCAGGCGAA-JHA710A2,JHA710A2,A2,0.0,1,0,0,0,0,0,0,497.0,0
CAAGTTGAGGGAGTAA-JHA710A2,JHA710A2,A2,0.0,0,0,0,0,0,0,0,338.0,0
CAAGTTGAGTCACGCC-JHA710A2,JHA710A2,A2,0.0,1,0,0,0,0,0,0,1136.0,0
CAAGTTGCAAGCGCTC-JHA710A2,JHA710A2,A2,0.0,2,0,0,0,0,0,0,414.0,0
CAAGTTGCATGCCACG-JHA710A2,JHA710A2,A2,0.0,1,0,0,0,0,0,0,339.0,0
CAAGTTGGTAAGCACG-JHA710A2,JHA710A2,A2,0.0,2,0,0,0,0,0,0,558.0,0
CAAGTTGGTCTTCAAG-JHA710A2,JHA710A2,A2,0.0,2,0,0,0,0,0,0,1048.0,0
CAAGTTGGTGTGCCTG-JHA710A2,JHA710A2,A2,0.0,0,0,0,0,0,0,0,472.0,0
CACAAACCAATCCAAC-JHA710A2,JHA710A2,A2,0.0,0,0,0,0,0,0,0,360.0,0
CACAAACGTTTGTTTC-JHA710A2,JHA710A2,A2,0.0,2,0,0,0,0,0,0,558.0,1
CACAAACTCACCATAG-JHA710A2,JHA710A2,A2,0.0,0,0,0,0,0,0,0,545.0,0
CACACAAAGAACAATC-JHA710A2,JHA710A2,A2,0.0,2,0,0,0,0,0,0,4423.0,1
CACACAAAGTATGACA-JHA710A2,JHA710A2,A2,0.0,2,0,0,0,0,0,0,1444.0,0
CACACAACAGATGGCA-JHA710A2,JHA710A2,A2,0.0,2,0,0,0,0,0,0,556.0,0
CACACAACAGCTGCAC-JHA710A2,JHA710A2,A2,0.0,2,0,0,0,0,0,0,504.0,0
CACACAAGTAGAGTGC-JHA710A2,JHA710A2,A2,0.0,2,0,0,0,0,0,0,841.0,0
CACACAAGTTGTCTTT-JHA710A2,JHA710A2,A2,0.0,0,0,0,0,0,0,0,505.0,0
CACACAATCAGTACGT-JHA710A2,JHA710A2,A2,0.0,1,0,0,0,0,0,0,571.0,0
CACACAATCTGTTGAG-JHA710A2,JHA710A2,A2,0.0,2,0,0,0,0,0,0,2006.0,0
CACACCTAGCATCATC-JHA710A2,JHA710A2,A2,5.253410955185557,2,1,1,1,1,0,0,368.0,0
CACACCTAGCCGGTAA-JHA710A2,JHA710A2,A2,0.0,0,0,0,0,0,0,0,322.0,0
CACACCTAGCGTGAAC-JHA710A2,JHA710A2,A2,2.2463411830498017,3,1,1,1,1,1,0,1183.0,0
CACACCTCAATCCAAC-JHA710A2,JHA710A2,A2,1.9047239345489706,1,1,1,0,0,0,0,1749.0,0
CACACCTCATACGCCG-JHA710A2,JHA710A2,A2,0.0,0,0,0,0,0,0,0,408.0,0
CACACCTGTACTTGAC-JHA710A2,JHA710A2,A2,0.0,2,0,0,0,0,0,0,443.0,0
CACACCTGTTTCCACC-JHA710A2,JHA710A2,A2,0.0,2,0,0,0,0,0,0,1114.0,0
CACACCTTCGCTGATA-JHA710A2,JHA710A2,A2,0.0,1,0,0,0,0,0,0,539.0,1
CACACTCAGGCGACAT-JHA710A2,JHA710A2,A2,0.0,1,0,0,0,0,0,0,359.0,0
CACACTCGTAAGCACG-JHA710A2,JHA710A2,A2,0.0,2,0,0,0,0,0,0,1527.0,0
CACACTCGTACTCGCG-JHA710A2,JHA710A2,A2,0.0,0,0,0,0,0,0,0,348.0,1
CACACTCGTAGCTCCG-JHA710A2,JHA710A2,A2,0.0,2,0,0,0,0,0,0,1261.0,0
CACACTCGTTCTCATT-JHA710A2,JHA710A2,A2,0.0,0,0,0,0,0,0,0,340.0,0
CACACTCTCCTAGGGC-JHA710A2,JHA710A2,A2,0.0,0,0,0,0,0,0,0,466.0,0
CACACTCTCTTGAGAC-JHA710A2,JHA710A2,A2,0.0,0,0,0,0,0,0,0,377.0,0
CACAGGCAGGGTATCG-JHA710A2,JHA710A2,A2,0.0,0,0,0,0,0,0,0,344.0,0
CACAGGCAGTTTAGGA-JHA710A2,JHA710A2,A2,0.0,0,0,0,0,0,0,0,414.0,0
CACAGGCCACATCCAA-JHA710A2,JHA710A2,A2,0.0,2,0,0,0,0,0,0,781.0,0
CACAGGCCAGTGGAGT-JHA710A2,JHA710A2,A2,0.0,1,0,0,0,0,0,0,587.0,0
CACAGGCGTTCACCTC-JHA710A2,JHA710A2,A2,0.0,2,0,0,0,0,0,0,874.0,0
CACAGTAAGATCACGG-JHA710A2,JHA710A2,A2,2.7058130637038538,1,1,1,0,0,0,0,716.0,0
CACAGTACACGCATCG-JHA710A2,JHA710A2,A2,0.0,1,0,0,0,0,0,0,333.0,1
CACATAGAGACGCTTT-JHA710A2,JHA710A2,A2,0.0,0,0,0,0,0,0,0,403.0,0
CACATAGAGCCCAATT-JHA710A2,JHA710A2,A2,0.0,2,0,0,0,0,0,0,798.0,0
CACATAGCAGCCTGTG-JHA710A2,JHA710A2,A2,0.0,0,0,0,0,0,0,0,361.0,0
CACATTTAGCGCTTAT-JHA710A2,JHA710A2,A2,0.0,1,0,0,0,0,0,0,1129.0,0
CACATTTAGCGTCTAT-JHA710A2,JHA710A2,A2,0.0,1,0,0,0,0,0,0,736.0,0
CACATTTAGTTAGCGG-JHA710A2,JHA710A2,A2,0.0,0,0,0,0,0,0,0,370.0,0
CACATTTCACCATGTA-JHA710A2,JHA710A2,A2,0.0,2,0,0,0,0,0,0,1449.0,0
CACATTTGTCGACTGC-JHA710A2,JHA710A2,A2,0.0,0,0,0,0,0,0,0,383.0,0
CACATTTGTTTGTTGG-JHA710A2,JHA710A2,A2,0.0,0,0,0,0,0,0,0,424.0,0
CACATTTTCCGGCACA-JHA710A2,JHA710A2,A2,0.0,2,0,0,0,0,0,0,392.0,0
CACCACTAGATATGCA-JHA710A2,JHA710A2,A2,0.0,1,0,0,0,0,0,0,351.0,0
CACCACTAGCTGAAAT-JHA710A2,JHA710A2,A2,0.0,1,0,0,0,0,0,0,839.0,1
CACCACTTCGGCGGTT-JHA710A2,JHA710A2,A2,0.0,1,0,0,0,0,0,0,364.0,0
CACCAGGAGCGACGTA-JHA710A2,JHA710A2,A2,0.0,1,0,0,0,0,0,0,392.0,0
CACCAGGAGCTGAAAT-JHA710A2,JHA710A2,A2,0.0,1,0,0,0,0,0,0,1187.0,0
CACCAGGCACAGACTT-JHA710A2,JHA710A2,A2,0.0,3,0,0,0,0,0,0,1436.0,0
CACCAGGCAGCGATCC-JHA710A2,JHA710A2,A2,0.0,1,0,0,0,0,0,0,319.0,0
CACCAGGGTTCGCTAA-JHA710A2,JHA710A2,A2,0.0,1,0,0,0,0,0,0,502.0,0
CACCAGGTCCGAACGC-JHA710A2,JHA710A2,A2,0.0,1,0,0,0,0,0,0,534.0,0
CACCAGGTCCTTTCTC-JHA710A2,JHA710A2,A2,0.0,0,0,0,0,0,0,0,469.0,0
CACCAGGTCTTGAGGT-JHA710A2,JHA710A2,A2,7.564125540164467,2,1,1,1,1,0,1,1038.0,0
CACCTTGAGGTGGGTT-JHA710A2,JHA710A2,A2,0.0,2,0,0,0,0,0,0,1414.0,1
CACCTTGCAACCGCCA-JHA710A2,JHA710A2,A2,0.0,1,0,0,0,0,0,0,702.0,0
CACCTTGCATAAGACA-JHA710A2,JHA710A2,A2,5.9098397061684595,2,1,1,1,1,0,0,680.0,0
CACCTTGGTTCAACCA-JHA710A2,JHA710A2,A2,0.0,1,0,0,0,0,0,0,1164.0,0
CACCTTGTCAGGTAAA-JHA710A2,JHA710A2,A2,0.0,0,0,0,0,0,0,0,459.0,0
CACCTTGTCCAAATGC-JHA710A2,JHA710A2,A2,0.0,0,0,0,0,0,0,0,391.0,0
CACCTTGTCCTGCAGG-JHA710A2,JHA710A2,A2,0.0,0,0,0,0,0,0,0,699.0,0
CACTCCAAGATCACGG-JHA710A2,JHA710A2,A2,0.0,1,0,0,0,0,0,0,509.0,0
CACTCCACAATCACAC-JHA710A2,JHA710A2,A2,6.067550227378893,2,1,1,1,1,0,0,1672.0,0
CACTCCACATCTCGCT-JHA710A2,JHA710A2,A2,0.0,1,0,0,0,0,0,0,350.0,0
CACTCCACATTGAGCT-JHA710A2,JHA710A2,A2,0.0,1,0,0,0,0,0,0,325.0,0
CACTCCAGTCGAACAG-JHA710A2,JHA710A2,A2,0.0,1,0,0,0,0,0,0,2207.0,0
CACTCCAGTCTTCGTC-JHA710A2,JHA710A2,A2,0.0,0,0,0,0,0,0,0,502.0,0
CAGAATCAGTAGATGT-JHA710A2,JHA710A2,A2,0.0,0,0,0,0,0,0,0,334.0,0
CAGAATCAGTCCCACG-JHA710A2,JHA710A2,A2,4.681685495001841,2,1,1,1,1,0,0,561.0,0
CAGAATCGTCTAAACC-JHA710A2,JHA710A2,A2,0.0,1,0,0,0,0,0,0,540.0,0
CAGAATCGTTTAGCTG-JHA710A2,JHA710A2,A2,0.0,1,0,0,0,0,0,0,449.0,0
CAGAGAGAGACTAGAT-JHA710A2,JHA710A2,A2,0.0,1,0,0,0,0,0,0,325.0,0
CAGAGAGCATCCGTGG-JHA710A2,JHA710A2,A2,2.0409506358295686,1,1,1,0,0,0,0,1493.0,1
CAGAGAGGTGACGGTA-JHA710A2,JHA710A2,A2,0.0,3,0,0,0,0,0,0,1640.0,0
CAGAGAGGTTCCACAA-JHA710A2,JHA710A2,A2,0.0,2,0,0,0,0,0,0,2166.0,0
CAGAGAGTCAGAGGTG-JHA710A2,JHA710A2,A2,0.0,1,0,0,0,0,0,0,315.0,0
CAGATCAAGATATGGT-JHA710A2,JHA710A2,A2,0.0,1,0,0,0,0,0,0,735.0,0
CAGATCAAGCGTTGCC-JHA710A2,JHA710A2,A2,0.0,1,0,0,0,0,0,0,356.0,1
CAGATCAAGTAGCCGA-JHA710A2,JHA710A2,A2,0.0,1,0,0,0,0,0,0,2014.0,0
CAGATCAAGTGTACCT-JHA710A2,JHA710A2,A2,0.0,2,0,0,0,0,0,0,969.0,0
CAGATCACATCGTCGG-JHA710A2,JHA710A2,A2,0.0,0,0,0,0,0,0,0,404.0,1
CAGATCAGTAGGCATG-JHA710A2,JHA710A2,A2,4.8466705314435865,2,1,1,1,1,0,0,475.0,0
CAGATCAGTCCAGTTA-JHA710A2,JHA710A2,A2,0.0,0,0,0,0,0,0,0,707.0,1
CAGATCATCATTGCGA-JHA710A2,JHA710A2,A2,0.0,2,0,0,0,0,0,0,1051.0,0
CAGATCATCCACGAAT-JHA710A2,JHA710A2,A2,0.0,0,0,0,0,0,0,0,334.0,0
CAGCAGCAGTGTTGAA-JHA710A2,JHA710A2,A2,0.0,1,0,0,0,0,0,0,733.0,0
CAGCAGCCAAAGGCGT-JHA710A2,JHA710A2,A2,0.0,2,0,0,0,0,0,0,2350.0,0
CAGCAGCTCTGGAGCC-JHA710A2,JHA710A2,A2,0.0,0,0,0,0,0,0,0,315.0,0
CAGCAGCTCTTGCCGT-JHA710A2,JHA710A2,A2,0.0,0,0,0,0,0,0,0,617.0,1
CAGCATAAGCGCTCCA-JHA710A2,JHA710A2,A2,0.0,1,0,0,0,0,0,0,518.0,1
CAGCATACACGGATAG-JHA710A2,JHA710A2,A2,0.0,3,0,0,0,0,0,0,348.0,0
CAGCATAGTCCTAGCG-JHA710A2,JHA710A2,A2,0.0,0,0,0,0,0,0,0,604.0,0
CAGCATATCTCTAGGA-JHA710A2,JHA710A2,A2,0.0,1,0,0,0,0,0,0,706.0,0
CAGCATATCTTCAACT-JHA710A2,JHA710A2,A2,0.0,1,0,0,0,0,0,0,407.0,0
CAGCCGACAAGCGAGT-JHA710A2,JHA710A2,A2,0.0,1,0,0,0,0,0,0,1528.0,0
CAGCCGACACCAGCAC-JHA710A2,JHA710A2,A2,0.0,0,0,0,0,0,0,0,426.0,0
CAGCCGAGTGACCAAG-JHA710A2,JHA710A2,A2,0.0,2,0,0,0,0,0,0,682.0,0
CAGCCGATCCCTTGCA-JHA710A2,JHA710A2,A2,5.883479105969722,2,1,1,1,1,0,0,391.0,0
CAGCCGATCTTGCATT-JHA710A2,JHA710A2,A2,0.0,1,0,0,0,0,0,0,494.0,0
CAGCGACCACAGGTTT-JHA710A2,JHA710A2,A2,0.0,1,0,0,0,0,0,0,399.0,0
CAGCGACCACGGACAA-JHA710A2,JHA710A2,A2,0.0,2,0,0,0,0,0,0,467.0,0
CAGCGACGTTTCGCTC-JHA710A2,JHA710A2,A2,6.330016717565883,1,1,1,0,0,0,0,482.0,0
CAGCGACTCACGACTA-JHA710A2,JHA710A2,A2,7.709639818560862,1,1,1,0,0,0,1,341.0,0
CAGCGACTCCTGTAGA-JHA710A2,JHA710A2,A2,0.0,1,0,0,0,0,0,0,1649.0,0
CAGCTAAAGTCACGCC-JHA710A2,JHA710A2,A2,0.0,0,0,0,0,0,0,0,381.0,0
CAGCTAACACCACCAG-JHA710A2,JHA710A2,A2,0.0,3,0,0,0,0,0,0,1273.0,0
CAGCTAACATACTACG-JHA710A2,JHA710A2,A2,0.0,0,0,0,0,0,0,0,416.0,0
CAGCTAATCCGTAGGC-JHA710A2,JHA710A2,A2,0.0,0,0,0,0,0,0,0,333.0,0
CAGCTGGGTAGTGAAT-JHA710A2,JHA710A2,A2,0.0,0,0,0,0,0,0,0,346.0,0
CAGCTGGGTCAGTGGA-JHA710A2,JHA710A2,A2,0.0,0,0,0,0,0,0,0,318.0,0
CAGCTGGTCTCGGACG-JHA710A2,JHA710A2,A2,0.0,2,0,0,0,0,0,0,376.0,0
CAGCTGGTCTTGTATC-JHA710A2,JHA710A2,A2,0.0,2,0,0,0,0,0,0,426.0,1
CAGGTGCAGATCCCAT-JHA710A2,JHA710A2,A2,0.0,2,0,0,0,0,0,0,344.0,0
CAGGTGCAGCCGATTT-JHA710A2,JHA710A2,A2,0.0,1,0,0,0,0,0,0,346.0,0
CAGGTGCCATTGGCGC-JHA710A2,JHA710A2,A2,6.065642615044806,1,1,1,0,0,0,0,698.0,0
CAGGTGCGTCGTCTTC-JHA710A2,JHA710A2,A2,0.0,2,0,0,0,0,0,0,1509.0,0
CAGTAACAGTGCTGCC-JHA710A2,JHA710A2,A2,0.0,2,0,0,0,0,0,0,1423.0,0
CAGTAACCACGAAGCA-JHA710A2,JHA710A2,A2,0.0,3,0,0,0,0,0,0,498.0,0
CAGTAACGTACGACCC-JHA710A2,JHA710A2,A2,0.0,1,0,0,0,0,0,0,1119.0,0
CAGTAACGTATCTGCA-JHA710A2,JHA710A2,A2,0.0,1,0,0,0,0,0,0,756.0,0
CAGTAACGTGTTGAGG-JHA710A2,JHA710A2,A2,0.0,0,0,0,0,0,0,0,400.0,0
CAGTAACTCACGATGT-JHA710A2,JHA710A2,A2,0.0,2,0,0,0,0,0,0,1252.0,0
CAGTAACTCGCAGGCT-JHA710A2,JHA710A2,A2,0.0,0,0,0,0,0,0,0,345.0,0
CAGTAACTCGTACCGG-JHA710A2,JHA710A2,A2,0.0,1,0,0,0,0,0,0,370.0,0
CAGTAACTCGTACGGC-JHA710A2,JHA710A2,A2,0.0,2,0,0,0,0,0,0,1243.0,0
CAGTCCTAGCAATCTC-JHA710A2,JHA710A2,A2,0.0,0,0,0,0,0,0,0,469.0,0
CAGTCCTAGTGTACCT-JHA710A2,JHA710A2,A2,0.0,1,0,0,0,0,0,0,1205.0,0
CAGTCCTCAACTTGAC-JHA710A2,JHA710A2,A2,0.0,1,0,0,0,0,0,0,456.0,0
CAGTCCTGTTGGTGGA-JHA710A2,JHA710A2,A2,3.4644773712429333,0,1,0,0,0,0,0,323.0,0
CATATGGAGATAGGAG-JHA710A2,JHA710A2,A2,0.0,2,0,0,0,0,0,0,725.0,0
CATATGGCAATCAGAA-JHA710A2,JHA710A2,A2,0.0,1,0,0,0,0,0,0,467.0,1
CATATGGCACAGATTC-JHA710A2,JHA710A2,A2,0.0,0,0,0,0,0,0,0,598.0,0
CATATGGCAGATGGGT-JHA710A2,JHA710A2,A2,0.0,1,0,0,0,0,0,0,387.0,0
CATATGGGTGCACCAC-JHA710A2,JHA710A2,A2,0.0,0,0,0,0,0,0,0,682.0,0
CATATGGGTTCGTGAT-JHA710A2,JHA710A2,A2,0.0,2,0,0,0,0,0,0,3524.0,0
CATATTCAGCAGGCTA-JHA710A2,JHA710A2,A2,0.0,1,0,0,0,0,0,0,608.0,0
CATATTCAGGCGTACA-JHA710A2,JHA710A2,A2,0.0,1,0,0,0,0,0,0,388.0,1
CATATTCAGTGATCGG-JHA710A2,JHA710A2,A2,0.0,1,0,0,0,0,0,0,763.0,0
CATATTCCACATGGGA-JHA710A2,JHA710A2,A2,0.0,1,0,0,0,0,0,0,333.0,0
CATATTCGTAGTAGTA-JHA710A2,JHA710A2,A2,0.0,0,0,0,0,0,0,0,701.0,0
CATATTCTCGTGACAT-JHA710A2,JHA710A2,A2,0.0,1,0,0,0,0,0,0,500.0,0
CATATTCTCTCCTATA-JHA710A2,JHA710A2,A2,0.0,2,0,0,0,0,0,0,1908.0,0
CATCAAGAGTCTCCTC-JHA710A2,JHA710A2,A2,0.0,1,0,0,0,0,0,0,1025.0,1
CATCAAGCAAGCCGTC-JHA710A2,JHA710A2,A2,0.0,0,0,0,0,0,0,0,506.0,0
CATCAAGCAGGCTCAC-JHA710A2,JHA710A2,A2,0.0,0,0,0,0,0,0,0,595.0,0
CATCAAGGTTCTGGTA-JHA710A2,JHA710A2,A2,0.0,1,0,0,0,0,0,0,606.0,0
CATCAAGTCAGTTAGC-JHA710A2,JHA710A2,A2,0.0,1,0,0,0,0,0,0,943.0,0
CATCAAGTCTGAGGGA-JHA710A2,JHA710A2,A2,0.0,1,0,0,0,0,0,0,734.0,0
CATCAAGTCTTACCGC-JHA710A2,JHA710A2,A2,0.0,0,0,0,0,0,0,0,329.0,0
CATCAGAAGAACTGTA-JHA710A2,JHA710A2,A2,0.0,2,0,0,0,0,0,0,1724.0,1
CATCAGAAGAAGGTGA-JHA710A2,JHA710A2,A2,0.0,1,0,0,0,0,0,0,359.0,0
CATCAGAAGAGGACGG-JHA710A2,JHA710A2,A2,1.5422547113729648,3,1,1,1,1,1,0,2721.0,0
CATCAGACAGGCAGTA-JHA710A2,JHA710A2,A2,5.240228988202666,2,1,1,1,1,0,0,586.0,0
CATCAGAGTCCAAGTT-JHA710A2,JHA710A2,A2,0.0,2,0,0,0,0,0,0,542.0,0
CATCCACCAGGACGTA-JHA710A2,JHA710A2,A2,0.0,1,0,0,0,0,0,0,391.0,0
CATCCACGTCACCCAG-JHA710A2,JHA710A2,A2,0.0,2,0,0,0,0,0,0,324.0,0
CATCCACGTGAACCTT-JHA710A2,JHA710A2,A2,0.0,0,0,0,0,0,0,0,458.0,0
CATCCACTCAAAGTAG-JHA710A2,JHA710A2,A2,0.0,0,0,0,0,0,0,0,320.0,0
CATCGAACAAGTTCTG-JHA710A2,JHA710A2,A2,0.0,2,0,0,0,0,0,0,817.0,0
CATCGAACAGTGACAG-JHA710A2,JHA710A2,A2,0.0,1,0,0,0,0,0,0,1534.0,0
CATCGAAGTCACTGGC-JHA710A2,JHA710A2,A2,0.0,2,0,0,0,0,0,0,1129.0,0
CATCGAAGTGACCAAG-JHA710A2,JHA710A2,A2,0.0,3,0,0,0,0,0,0,1154.0,0
CATCGAATCAGGATCT-JHA710A2,JHA710A2,A2,0.0,2,0,0,0,0,0,0,326.0,0
CATCGAATCCGCAAGC-JHA710A2,JHA710A2,A2,0.0,2,0,0,0,0,0,0,822.0,0
CATCGAATCCGCGCAA-JHA710A2,JHA710A2,A2,7.152735266182083,2,1,1,1,1,0,0,752.0,0
CATCGAATCGTCTGAA-JHA710A2,JHA710A2,A2,0.0,2,0,0,0,0,0,0,2270.0,0
CATCGGGAGAGAACAG-JHA710A2,JHA710A2,A2,0.0,0,0,0,0,0,0,0,331.0,0
CATCGGGAGCTAGTTC-JHA710A2,JHA710A2,A2,0.0,4,0,0,0,0,0,0,739.0,0
CATCGGGGTGGCCCTA-JHA710A2,JHA710A2,A2,0.0,0,0,0,0,0,0,0,340.0,0
CATCGGGTCAACGCTA-JHA710A2,JHA710A2,A2,0.0,0,0,0,0,0,0,0,405.0,1
CATCGGGTCCAGTAGT-JHA710A2,JHA710A2,A2,0.0,1,0,0,0,0,0,0,835.0,0
CATCGGGTCCGCGGTA-JHA710A2,JHA710A2,A2,0.0,0,0,0,0,0,0,0,501.0,0
CATGACAAGATTACCC-JHA710A2,JHA710A2,A2,0.0,1,0,0,0,0,0,0,336.0,0
CATGACAAGGATATAC-JHA710A2,JHA710A2,A2,0.0,1,0,0,0,0,0,0,364.0,0
CATGACAAGTGGAGTC-JHA710A2,JHA710A2,A2,0.0,0,0,0,0,0,0,0,339.0,0
CATGACACAATGGACG-JHA710A2,JHA710A2,A2,0.0,0,0,0,0,0,0,0,412.0,0
CATGACACACCAACCG-JHA710A2,JHA710A2,A2,0.0,3,0,0,0,0,0,0,604.0,0
CATGACACAGTCGTGC-JHA710A2,JHA710A2,A2,0.0,2,0,0,0,0,0,0,1013.0,0
CATGACAGTAAGCACG-JHA710A2,JHA710A2,A2,0.0,2,0,0,0,0,0,0,598.0,0
CATGACATCCAAACTG-JHA710A2,JHA710A2,A2,0.0,0,0,0,0,0,0,0,329.0,0
CATGACATCGGCTACG-JHA710A2,JHA710A2,A2,7.557253685376393,2,1,1,1,1,0,1,1458.0,0
CATGACATCTGCTGTC-JHA710A2,JHA710A2,A2,0.0,1,0,0,0,0,0,0,1985.0,0
CATGCCTAGCTGATAA-JHA710A2,JHA710A2,A2,0.0,1,0,0,0,0,0,0,424.0,0
CATGCCTCAATGACCT-JHA710A2,JHA710A2,A2,0.0,1,0,0,0,0,0,0,1368.0,0
CATGCCTCACTTAACG-JHA710A2,JHA710A2,A2,0.0,2,0,0,0,0,0,0,1705.0,0
CATGCCTGTGCACCAC-JHA710A2,JHA710A2,A2,0.0,0,0,0,0,0,0,0,399.0,0
CATGCCTTCGTACCGG-JHA710A2,JHA710A2,A2,0.0,0,0,0,0,0,0,0,407.0,0
CATGGCGAGCTAGTTC-JHA710A2,JHA710A2,A2,0.0,0,0,0,0,0,0,0,392.0,0
CATGGCGCAAGCGCTC-JHA710A2,JHA710A2,A2,0.0,0,0,0,0,0,0,0,433.0,0
CATGGCGCAGACGCCT-JHA710A2,JHA710A2,A2,0.0,1,0,0,0,0,0,0,498.0,0
CATGGCGGTTGGAGGT-JHA710A2,JHA710A2,A2,0.0,2,0,0,0,0,0,0,512.0,0
CATGGCGTCATACGGT-JHA710A2,JHA710A2,A2,0.0,0,0,0,0,0,0,0,583.0,0
CATTATCCAAGCGTAG-JHA710A2,JHA710A2,A2,0.0,1,0,0,0,0,0,0,2962.0,1
CATTATCCACGTTGGC-JHA710A2,JHA710A2,A2,0.0,2,0,0,0,0,0,0,551.0,0
CATTATCGTATAAACG-JHA710A2,JHA710A2,A2,0.0,1,0,0,0,0,0,0,642.0,0
CATTATCGTGAACCTT-JHA710A2,JHA710A2,A2,3.054096469686043,2,1,1,1,1,0,0,495.0,0
CATTATCTCCCTTGCA-JHA710A2,JHA710A2,A2,0.0,0,0,0,0,0,0,0,321.0,1
CATTATCTCCGCATAA-JHA710A2,JHA710A2,A2,0.0,1,0,0,0,0,0,0,472.0,0
CATTATCTCTCGCATC-JHA710A2,JHA710A2,A2,0.0,0,0,0,0,0,0,0,730.0,1
CATTCGCAGATGCCTT-JHA710A2,JHA710A2,A2,0.0,2,0,0,0,0,0,0,904.0,0
CATTCGCCAGAAGCAC-JHA710A2,JHA710A2,A2,0.0,1,0,0,0,0,0,0,402.0,0
CATTCGCGTCACACGC-JHA710A2,JHA710A2,A2,0.0,0,0,0,0,0,0,0,323.0,0
CATTCGCTCAGCATGT-JHA710A2,JHA710A2,A2,0.0,1,0,0,0,0,0,0,635.0,0
CATTCGCTCTTCATGT-JHA710A2,JHA710A2,A2,0.0,2,0,0,0,0,0,0,1018.0,0
CCAATCCCATCGGTTA-JHA710A2,JHA710A2,A2,0.0,0,0,0,0,0,0,0,420.0,0
CCAATCCTCCCACTTG-JHA710A2,JHA710A2,A2,0.0,0,0,0,0,0,0,0,335.0,1
CCAATCCTCTTTACAC-JHA710A2,JHA710A2,A2,0.0,1,0,0,0,0,0,0,320.0,0
CCACCTAAGTCTTGCA-JHA710A2,JHA710A2,A2,0.0,0,0,0,0,0,0,0,413.0,0
CCACCTACAAATTGCC-JHA710A2,JHA710A2,A2,0.0,0,0,0,0,0,0,0,346.0,0
CCACCTAGTGATAAAC-JHA710A2,JHA710A2,A2,0.0,1,0,0,0,0,0,0,356.0,1
CCACCTAGTTGATTGC-JHA710A2,JHA710A2,A2,2.9981103959589586,1,1,1,0,0,0,0,525.0,0
CCACCTATCACAGGCC-JHA710A2,JHA710A2,A2,2.372822326128577,2,1,1,1,1,0,0,1028.0,0
CCACCTATCATTGCCC-JHA710A2,JHA710A2,A2,0.0,1,0,0,0,0,0,0,321.0,1
CCACGGAAGCCAGGAT-JHA710A2,JHA710A2,A2,0.0,0,0,0,0,0,0,0,1376.0,1
CCACGGACATCTCGCT-JHA710A2,JHA710A2,A2,0.0,3,0,0,0,0,0,0,818.0,0
CCACGGAGTGCTTCTC-JHA710A2,JHA710A2,A2,0.0,1,0,0,0,0,0,0,1579.0,0
CCACGGAGTTCCTCCA-JHA710A2,JHA710A2,A2,0.0,0,0,0,0,0,0,0,361.0,0
CCACGGATCTACCAGA-JHA710A2,JHA710A2,A2,3.4525569327741508,1,1,1,0,0,0,0,327.0,0
CCACTACAGTGACTCT-JHA710A2,JHA710A2,A2,0.0,2,0,0,0,0,0,0,410.0,0
CCACTACAGTTCGATC-JHA710A2,JHA710A2,A2,0.0,1,0,0,0,0,0,0,441.0,1
CCACTACCAGCTTCGG-JHA710A2,JHA710A2,A2,2.680127740482587,1,1,1,0,0,0,0,736.0,0
CCACTACCATCAGTAC-JHA710A2,JHA710A2,A2,0.0,1,0,0,0,0,0,0,420.0,0
CCACTACGTGATGCCC-JHA710A2,JHA710A2,A2,0.0,3,0,0,0,0,0,0,4179.0,1
CCACTACTCAGCTGGC-JHA710A2,JHA710A2,A2,2.102169792757392,1,1,1,0,0,0,0,1392.0,0
CCACTACTCCATGAGT-JHA710A2,JHA710A2,A2,0.0,2,0,0,0,0,0,0,721.0,0
CCAGCGAAGTATTGGA-JHA710A2,JHA710A2,A2,0.0,1,0,0,0,0,0,0,1348.0,0
CCAGCGATCAGCCTAA-JHA710A2,JHA710A2,A2,0.0,1,0,0,0,0,0,0,359.0,0
CCAGCGATCATCACCC-JHA710A2,JHA710A2,A2,0.0,1,0,0,0,0,0,0,767.0,0
CCATGTCAGATGCGAC-JHA710A2,JHA710A2,A2,2.5085158883890646,2,1,1,1,1,0,0,886.0,0
CCATGTCCATACCATG-JHA710A2,JHA710A2,A2,0.0,1,0,0,0,0,0,0,1100.0,0
CCATGTCTCTGCAGTA-JHA710A2,JHA710A2,A2,0.0,1,0,0,0,0,0,0,402.0,0
CCATTCGAGAATCTCC-JHA710A2,JHA710A2,A2,0.0,0,0,0,0,0,0,0,366.0,0
CCATTCGCACGCTTTC-JHA710A2,JHA710A2,A2,0.0,1,0,0,0,0,0,0,325.0,0
CCATTCGCACTGAAGG-JHA710A2,JHA710A2,A2,0.0,3,0,0,0,0,0,0,413.0,0
CCATTCGCAGGTCGTC-JHA710A2,JHA710A2,A2,0.0,2,0,0,0,0,0,0,983.0,0
CCATTCGGTATCAGTC-JHA710A2,JHA710A2,A2,0.0,2,0,0,0,0,0,0,2344.0,0
CCATTCGGTGATAAAC-JHA710A2,JHA710A2,A2,0.0,2,0,0,0,0,0,0,492.0,0
CCATTCGTCAGATAAG-JHA710A2,JHA710A2,A2,0.0,0,0,0,0,0,0,0,969.0,1
CCATTCGTCATTGCCC-JHA710A2,JHA710A2,A2,0.0,1,0,0,0,0,0,0,317.0,0
CCCAATCAGATACACA-JHA710A2,JHA710A2,A2,0.0,1,0,0,0,0,0,0,1042.0,0
CCCAATCAGTCCAGGA-JHA710A2,JHA710A2,A2,0.0,0,0,0,0,0,0,0,376.0,1
CCCAATCCACATGGGA-JHA710A2,JHA710A2,A2,0.0,3,0,0,0,0,0,0,1563.0,0
CCCAATCCAGGTCTCG-JHA710A2,JHA710A2,A2,0.0,1,0,0,0,0,0,0,495.0,0
CCCAATCCATCGTCGG-JHA710A2,JHA710A2,A2,0.0,1,0,0,0,0,0,0,873.0,0
CCCAATCTCCGCATCT-JHA710A2,JHA710A2,A2,0.0,1,0,0,0,0,0,0,978.0,0
CCCAGTTCAATCCAAC-JHA710A2,JHA710A2,A2,6.896344746751183,2,1,1,1,1,0,0,729.0,0
CCCAGTTCAGGTGCCT-JHA710A2,JHA710A2,A2,4.000387354138086,2,1,1,1,1,0,0,746.0,1
CCCAGTTCATGTCCTC-JHA710A2,JHA710A2,A2,0.0,2,0,0,0,0,0,0,1031.0,0
CCCAGTTGTGCCTTGG-JHA710A2,JHA710A2,A2,0.0,0,0,0,0,0,0,0,379.0,0
CCCAGTTTCTATCCTA-JHA710A2,JHA710A2,A2,0.0,1,0,0,0,0,0,0,406.0,1
CCCATACAGCCAACAG-JHA710A2,JHA710A2,A2,0.0,1,0,0,0,0,0,0,379.0,0
CCCATACAGTGAAGTT-JHA710A2,JHA710A2,A2,0.0,2,0,0,0,0,0,0,317.0,0
CCCATACGTAGCGCAA-JHA710A2,JHA710A2,A2,0.0,2,0,0,0,0,0,0,879.0,0
CCCTCCTAGCTAGCCC-JHA710A2,JHA710A2,A2,0.0,0,0,0,0,0,0,0,652.0,0
CCCTCCTAGTACACCT-JHA710A2,JHA710A2,A2,0.0,0,0,0,0,0,0,0,397.0,0
CCCTCCTCACAACGTT-JHA710A2,JHA710A2,A2,0.0,0,0,0,0,0,0,0,420.0,0
CCGGGATCACTTAAGC-JHA710A2,JHA710A2,A2,0.0,2,0,0,0,0,0,0,1654.0,0
CCGGGATCAGATCTGT-JHA710A2,JHA710A2,A2,0.0,2,0,0,0,0,0,0,531.0,0
CCGGGATTCATCGATG-JHA710A2,JHA710A2,A2,0.0,3,0,0,0,0,0,0,1452.0,0
CCGGGATTCTGACCTC-JHA710A2,JHA710A2,A2,0.0,0,0,0,0,0,0,0,389.0,0
CCGGTAGAGCGTAGTG-JHA710A2,JHA710A2,A2,0.0,0,0,0,0,0,0,0,593.0,1
CCGGTAGAGCTTCGCG-JHA710A2,JHA710A2,A2,0.0,0,0,0,0,0,0,0,350.0,0
CCGGTAGAGGCTACGA-JHA710A2,JHA710A2,A2,0.0,1,0,0,0,0,0,0,480.0,0
CCGGTAGTCAAAGACA-JHA710A2,JHA710A2,A2,0.0,1,0,0,0,0,0,0,1050.0,0
CCGGTAGTCCAAGTAC-JHA710A2,JHA710A2,A2,0.0,1,0,0,0,0,0,0,477.0,0
CCGGTAGTCCATGAAC-JHA710A2,JHA710A2,A2,7.606135578302568,2,1,1,1,1,0,1,1264.0,0
CCGGTAGTCGACAGCC-JHA710A2,JHA710A2,A2,0.0,0,0,0,0,0,0,0,354.0,0
CCGTACTAGGATGGAA-JHA710A2,JHA710A2,A2,0.0,0,0,0,0,0,0,0,323.0,0
CCGTACTAGGCTCATT-JHA710A2,JHA710A2,A2,2.0208191679528924,2,1,1,1,1,0,0,1528.0,0
CCGTACTAGTCAATAG-JHA710A2,JHA710A2,A2,0.0,0,0,0,0,0,0,0,383.0,1
CCGTACTCACAGGTTT-JHA710A2,JHA710A2,A2,0.0,0,0,0,0,0,0,0,591.0,0
CCGTACTCACATGGGA-JHA710A2,JHA710A2,A2,0.0,1,0,0,0,0,0,0,533.0,0
CCGTACTTCGGTCCGA-JHA710A2,JHA710A2,A2,0.0,1,0,0,0,0,0,0,706.0,0
CCGTGGAAGGGCTTGA-JHA710A2,JHA710A2,A2,0.0,0,0,0,0,0,0,0,422.0,0
CCGTGGACACTTGGAT-JHA710A2,JHA710A2,A2,0.0,2,0,0,0,0,0,0,551.0,0
CCGTGGACATCGGGTC-JHA710A2,JHA710A2,A2,0.0,0,0,0,0,0,0,0,650.0,1
CCGTGGAGTCATATGC-JHA710A2,JHA710A2,A2,0.0,2,0,0,0,0,0,0,869.0,0
CCGTGGATCGATAGAA-JHA710A2,JHA710A2,A2,0.0,3,0,0,0,0,0,0,562.0,0
CCGTTCAAGTGGGCTA-JHA710A2,JHA710A2,A2,0.0,0,0,0,0,0,0,0,334.0,0
CCGTTCACATGGTTGT-JHA710A2,JHA710A2,A2,0.0,0,0,0,0,0,0,0,360.0,0
CCGTTCAGTAGCGATG-JHA710A2,JHA710A2,A2,0.0,2,0,0,0,0,0,0,578.0,0
CCGTTCAGTCTCACCT-JHA710A2,JHA710A2,A2,0.0,1,0,0,0,0,0,0,784.0,0
CCGTTCAGTGAGTGAC-JHA710A2,JHA710A2,A2,0.0,1,0,0,0,0,0,0,1367.0,0
CCGTTCAGTTTGTTGG-JHA710A2,JHA710A2,A2,0.0,1,0,0,0,0,0,0,397.0,0
CCGTTCATCGATCCCT-JHA710A2,JHA710A2,A2,0.0,0,0,0,0,0,0,0,661.0,0
CCTAAAGCAGGGCATA-JHA710A2,JHA710A2,A2,0.0,3,0,0,0,0,0,0,1173.0,0
CCTAAAGGTGAAAGAG-JHA710A2,JHA710A2,A2,0.0,0,0,0,0,0,0,0,605.0,0
CCTAAAGTCAGTTAGC-JHA710A2,JHA710A2,A2,0.0,1,0,0,0,0,0,0,766.0,0
CCTACACAGAGATGAG-JHA710A2,JHA710A2,A2,0.0,1,0,0,0,0,0,0,796.0,0
CCTACACCACGAAATA-JHA710A2,JHA710A2,A2,0.0,3,0,0,0,0,0,0,454.0,0
CCTACACCAGCATACT-JHA710A2,JHA710A2,A2,0.0,2,0,0,0,0,0,0,335.0,0
CCTACACGTCATGCAT-JHA710A2,JHA710A2,A2,0.0,2,0,0,0,0,0,0,604.0,0
CCTACACGTCCGAGTC-JHA710A2,JHA710A2,A2,0.0,2,0,0,0,0,0,0,2071.0,0
CCTACACTCAGGTAAA-JHA710A2,JHA710A2,A2,0.0,2,0,0,0,0,0,0,499.0,0
CCTACACTCTTGTTTG-JHA710A2,JHA710A2,A2,0.0,0,0,0,0,0,0,0,318.0,0
CCTACCAAGCCCAATT-JHA710A2,JHA710A2,A2,0.0,2,0,0,0,0,0,0,852.0,0
CCTACCAAGCGATAGC-JHA710A2,JHA710A2,A2,0.0,2,0,0,0,0,0,0,3181.0,0
CCTACCACACCATGTA-JHA710A2,JHA710A2,A2,0.0,3,0,0,0,0,0,0,1356.0,0
CCTACCAGTAAGGATT-JHA710A2,JHA710A2,A2,0.0,0,0,0,0,0,0,0,607.0,0
CCTACCATCAGCTTAG-JHA710A2,JHA710A2,A2,0.0,0,0,0,0,0,0,0,908.0,0
CCTAGCTAGTCCAGGA-JHA710A2,JHA710A2,A2,0.0,2,0,0,0,0,0,0,1209.0,0
CCTAGCTCAGGGTTAG-JHA710A2,JHA710A2,A2,0.0,1,0,0,0,0,0,0,3360.0,0
CCTAGCTGTACTCAAC-JHA710A2,JHA710A2,A2,0.0,0,0,0,0,0,0,0,332.0,1
CCTAGCTGTCGAACAG-JHA710A2,JHA710A2,A2,0.0,1,0,0,0,0,0,0,604.0,0
CCTAGCTGTGCAGACA-JHA710A2,JHA710A2,A2,0.0,0,0,0,0,0,0,0,427.0,0
CCTAGCTGTGCATCTA-JHA710A2,JHA710A2,A2,0.0,2,0,0,0,0,0,0,1841.0,0
CCTATTAAGAGTTGGC-JHA710A2,JHA710A2,A2,0.0,2,0,0,0,0,0,0,671.0,0
CCTATTAAGCGAAGGG-JHA710A2,JHA710A2,A2,0.0,2,0,0,0,0,0,0,1890.0,0
CCTATTACACCTCGTT-JHA710A2,JHA710A2,A2,0.0,0,0,0,0,0,0,0,422.0,0
CCTATTAGTACGAAAT-JHA710A2,JHA710A2,A2,0.0,1,0,0,0,0,0,0,674.0,0
CCTATTAGTTCGCGAC-JHA710A2,JHA710A2,A2,0.0,2,0,0,0,0,0,0,1643.0,0
CCTATTAGTTGGGACA-JHA710A2,JHA710A2,A2,0.0,2,0,0,0,0,0,0,561.0,0
CCTCAGTAGTGTTGAA-JHA710A2,JHA710A2,A2,0.0,1,0,0,0,0,0,0,577.0,1
CCTCAGTCAAAGTCAA-JHA710A2,JHA710A2,A2,0.0,1,0,0,0,0,0,0,966.0,0
CCTCAGTCAACACCTA-JHA710A2,JHA710A2,A2,0.0,2,0,0,0,0,0,0,2410.0,0
CCTCAGTCAATGGAGC-JHA710A2,JHA710A2,A2,0.0,0,0,0,0,0,0,0,417.0,0
CCTCAGTCACCAACCG-JHA710A2,JHA710A2,A2,0.0,0,0,0,0,0,0,0,434.0,0
CCTCAGTCACGCGAAA-JHA710A2,JHA710A2,A2,0.0,2,0,0,0,0,0,0,2323.0,0
CCTCAGTCACTCAGGC-JHA710A2,JHA710A2,A2,0.0,1,0,0,0,0,0,0,1330.0,0
CCTCAGTGTGTAACGG-JHA710A2,JHA710A2,A2,0.0,0,0,0,0,0,0,0,330.0,0
CCTCAGTTCAATCTCT-JHA710A2,JHA710A2,A2,0.0,2,0,0,0,0,0,0,505.0,0
CCTCAGTTCAGATAAG-JHA710A2,JHA710A2,A2,0.0,1,0,0,0,0,0,0,3125.0,0
CCTCTGAAGACAGACC-JHA710A2,JHA710A2,A2,0.0,2,0,0,0,0,0,0,1159.0,0
CCTCTGAAGCGCCTCA-JHA710A2,JHA710A2,A2,0.0,1,0,0,0,0,0,0,664.0,0
CCTCTGACATTTGCTT-JHA710A2,JHA710A2,A2,0.0,1,0,0,0,0,0,0,419.0,0
CCTCTGAGTCTCGTTC-JHA710A2,JHA710A2,A2,0.0,1,0,0,0,0,0,0,534.0,1
CCTCTGAGTGACTACT-JHA710A2,JHA710A2,A2,0.0,0,0,0,0,0,0,0,370.0,0
CCTCTGATCACATAGC-JHA710A2,JHA710A2,A2,0.0,1,0,0,0,0,0,0,1052.0,0
CCTCTGATCTTCAACT-JHA710A2,JHA710A2,A2,0.0,1,0,0,0,0,0,0,2205.0,0
CCTTACGCAGTTCATG-JHA710A2,JHA710A2,A2,0.0,1,0,0,0,0,0,0,408.0,0
CCTTACGGTATCAGTC-JHA710A2,JHA710A2,A2,0.0,0,0,0,0,0,0,0,449.0,0
CCTTCCCAGGAGTACC-JHA710A2,JHA710A2,A2,0.0,2,0,0,0,0,0,0,1224.0,0
CCTTCCCAGTGTCTCA-JHA710A2,JHA710A2,A2,0.0,1,0,0,0,0,0,0,494.0,0
CCTTCCCCACGAGAGT-JHA710A2,JHA710A2,A2,0.0,1,0,0,0,0,0,0,358.0,0
CCTTCCCTCCAACCAA-JHA710A2,JHA710A2,A2,0.0,2,0,0,0,0,0,0,969.0,0
CCTTCCCTCCCTTGCA-JHA710A2,JHA710A2,A2,0.0,0,0,0,0,0,0,0,374.0,0
CCTTCCCTCTCTGAGA-JHA710A2,JHA710A2,A2,0.0,0,0,0,0,0,0,0,319.0,0
CCTTCGAAGTTAACGA-JHA710A2,JHA710A2,A2,0.0,0,0,0,0,0,0,0,478.0,0
CCTTCGACACGAAGCA-JHA710A2,JHA710A2,A2,0.0,0,0,0,0,0,0,0,692.0,0
CCTTCGACATCAGTCA-JHA710A2,JHA710A2,A2,0.0,1,0,0,0,0,0,0,328.0,0
CCTTCGACATGCTGGC-JHA710A2,JHA710A2,A2,0.0,1,0,0,0,0,0,0,534.0,0
CCTTCGACATTTCAGG-JHA710A2,JHA710A2,A2,0.0,3,0,0,0,0,0,0,789.0,0
CCTTCGATCTCAAACG-JHA710A2,JHA710A2,A2,0.0,2,0,0,0,0,0,0,803.0,0
CCTTCGATCTTGTTTG-JHA710A2,JHA710A2,A2,0.0,2,0,0,0,0,0,0,1819.0,0
CCTTTCTGTACATCCA-JHA710A2,JHA710A2,A2,0.0,2,0,0,0,0,0,0,396.0,1
CCTTTCTGTGGTCCGT-JHA710A2,JHA710A2,A2,0.0,1,0,0,0,0,0,0,336.0,1
CCTTTCTTCATTGCCC-JHA710A2,JHA710A2,A2,0.0,1,0,0,0,0,0,0,853.0,0
CCTTTCTTCCAATGGT-JHA710A2,JHA710A2,A2,0.0,2,0,0,0,0,0,0,981.0,0
CGAACATAGCTAAGAT-JHA710A2,JHA710A2,A2,0.0,2,0,0,0,0,0,0,615.0,0
CGAACATAGGGAACGG-JHA710A2,JHA710A2,A2,0.0,1,0,0,0,0,0,0,326.0,0
CGAACATGTCACTGGC-JHA710A2,JHA710A2,A2,0.0,0,0,0,0,0,0,0,353.0,0
CGAACATGTTTAAGCC-JHA710A2,JHA710A2,A2,0.0,0,0,0,0,0,0,0,460.0,0
CGAATGTAGCGATTCT-JHA710A2,JHA710A2,A2,0.0,0,0,0,0,0,0,0,379.0,0
CGAATGTAGCGTGTCC-JHA710A2,JHA710A2,A2,0.0,0,0,0,0,0,0,0,463.0,0
CGAATGTGTCGACTGC-JHA710A2,JHA710A2,A2,0.0,0,0,0,0,0,0,0,363.0,0
CGAATGTGTGGGTATG-JHA710A2,JHA710A2,A2,0.0,2,0,0,0,0,0,0,319.0,0
CGACCTTAGTACGTAA-JHA710A2,JHA710A2,A2,0.0,1,0,0,0,0,0,0,681.0,1
CGACCTTGTAAGTTCC-JHA710A2,JHA710A2,A2,0.0,1,0,0,0,0,0,0,447.0,0
CGACCTTTCAGAGACG-JHA710A2,JHA710A2,A2,0.0,1,0,0,0,0,0,0,436.0,1
CGACCTTTCTTTACGT-JHA710A2,JHA710A2,A2,0.0,1,0,0,0,0,0,0,334.0,0
CGACTTCAGCCACGCT-JHA710A2,JHA710A2,A2,0.0,0,0,0,0,0,0,0,322.0,0
CGACTTCAGGCTATCT-JHA710A2,JHA710A2,A2,0.0,0,0,0,0,0,0,0,402.0,1
CGACTTCCACTTAACG-JHA710A2,JHA710A2,A2,0.0,0,0,0,0,0,0,0,414.0,0
CGACTTCCATCGGTTA-JHA710A2,JHA710A2,A2,5.773618527980381,2,1,1,1,1,0,0,343.0,0
CGACTTCGTCCTCCAT-JHA710A2,JHA710A2,A2,0.0,1,0,0,0,0,0,0,710.0,0
CGACTTCGTTTACTCT-JHA710A2,JHA710A2,A2,0.0,3,0,0,0,0,0,0,406.0,0
CGACTTCTCAGTTCGA-JHA710A2,JHA710A2,A2,0.0,2,0,0,0,0,0,0,507.0,0
CGACTTCTCTGTTTGT-JHA710A2,JHA710A2,A2,0.0,0,0,0,0,0,0,0,355.0,0
CGAGAAGGTCAATACC-JHA710A2,JHA710A2,A2,0.0,1,0,0,0,0,0,0,1161.0,0
CGAGAAGGTGTAAGTA-JHA710A2,JHA710A2,A2,0.0,2,0,0,0,0,0,0,436.0,1
CGAGAAGTCTCATTCA-JHA710A2,JHA710A2,A2,0.0,2,0,0,0,0,0,0,521.0,0
CGAGCACAGCGACGTA-JHA710A2,JHA710A2,A2,0.0,2,0,0,0,0,0,0,1087.0,0
CGAGCACCATGGGAAC-JHA710A2,JHA710A2,A2,0.0,0,0,0,0,0,0,0,460.0,0
CGAGCACGTCTCACCT-JHA710A2,JHA710A2,A2,0.0,1,0,0,0,0,0,0,1465.0,0
CGAGCACTCTTGAGGT-JHA710A2,JHA710A2,A2,0.0,2,0,0,0,0,0,0,1090.0,0
CGAGCCAAGGTAGCTG-JHA710A2,JHA710A2,A2,0.0,0,0,0,0,0,0,0,687.0,0
CGAGCCATCAGCACAT-JHA710A2,JHA710A2,A2,0.0,1,0,0,0,0,0,0,342.0,0
CGATCGGAGTGGGCTA-JHA710A2,JHA710A2,A2,0.0,1,0,0,0,0,0,0,368.0,0
CGATCGGGTCATGCAT-JHA710A2,JHA710A2,A2,0.0,1,0,0,0,0,0,0,334.0,0
CGATCGGGTCTAGTGT-JHA710A2,JHA710A2,A2,0.0,0,0,0,0,0,0,0,331.0,0
CGATCGGTCTCGTATT-JHA710A2,JHA710A2,A2,0.0,2,0,0,0,0,0,0,1329.0,0
CGATCGGTCTGATTCT-JHA710A2,JHA710A2,A2,0.0,1,0,0,0,0,0,0,353.0,0
CGATCGGTCTGGGCCA-JHA710A2,JHA710A2,A2,0.0,1,0,0,0,0,0,0,721.0,0
CGATCGGTCTGTCCGT-JHA710A2,JHA710A2,A2,0.0,1,0,0,0,0,0,0,1886.0,0
CGATGGCAGAATGTTG-JHA710A2,JHA710A2,A2,0.0,1,0,0,0,0,0,0,2969.0,0
CGATGGCAGATGTTAG-JHA710A2,JHA710A2,A2,0.0,1,0,0,0,0,0,0,989.0,0
CGATGGCAGGCCATAG-JHA710A2,JHA710A2,A2,0.0,2,0,0,0,0,0,0,590.0,0
CGATGGCAGTGAATTG-JHA710A2,JHA710A2,A2,0.0,0,0,0,0,0,0,0,336.0,1
CGATGGCCAAGCGAGT-JHA710A2,JHA710A2,A2,0.0,3,0,0,0,0,0,0,1342.0,0
CGATGGCCACATTAGC-JHA710A2,JHA710A2,A2,0.0,2,0,0,0,0,0,0,880.0,0
CGATGGCGTTGTGGAG-JHA710A2,JHA710A2,A2,2.678863107244799,1,1,1,0,0,0,0,737.0,1
CGATGGCTCTCTTGAT-JHA710A2,JHA710A2,A2,0.0,2,0,0,0,0,0,0,821.0,0
CGATGTAAGGACATTA-JHA710A2,JHA710A2,A2,0.0,0,0,0,0,0,0,0,317.0,0
CGATGTACAAAGAATC-JHA710A2,JHA710A2,A2,2.549943128388163,2,1,1,1,1,0,0,847.0,0
CGATTGAGTCCGAAGA-JHA710A2,JHA710A2,A2,0.0,2,0,0,0,0,0,0,1553.0,1
CGATTGATCACGATGT-JHA710A2,JHA710A2,A2,0.0,0,0,0,0,0,0,0,373.0,1
CGCCAAGAGTTGTCGT-JHA710A2,JHA710A2,A2,0.0,2,0,0,0,0,0,0,608.0,0
CGCCAAGCATGTAGTC-JHA710A2,JHA710A2,A2,0.0,1,0,0,0,0,0,0,752.0,0
CGCGGTAAGCGATGAC-JHA710A2,JHA710A2,A2,0.0,1,0,0,0,0,0,0,501.0,1
CGCGGTACATAACCTG-JHA710A2,JHA710A2,A2,0.0,3,0,0,0,0,0,0,4013.0,0
CGCGGTAGTCGACTGC-JHA710A2,JHA710A2,A2,0.0,2,0,0,0,0,0,0,2079.0,0
CGCGGTAGTCGTTGTA-JHA710A2,JHA710A2,A2,0.0,2,0,0,0,0,0,0,751.0,0
CGCGGTAGTCTAGGTT-JHA710A2,JHA710A2,A2,0.0,2,0,0,0,0,0,0,1580.0,0
CGCGTTTAGAGACTTA-JHA710A2,JHA710A2,A2,0.0,1,0,0,0,0,0,0,538.0,0
CGCGTTTGTAAGAGAG-JHA710A2,JHA710A2,A2,0.0,2,0,0,0,0,0,0,507.0,1
CGCGTTTGTGACGCCT-JHA710A2,JHA710A2,A2,0.0,0,0,0,0,0,0,0,430.0,0
CGCGTTTTCAGCTTAG-JHA710A2,JHA710A2,A2,0.0,1,0,0,0,0,0,0,441.0,0
CGCGTTTTCGTTGCCT-JHA710A2,JHA710A2,A2,0.0,3,0,0,0,0,0,0,796.0,1
CGCTATCAGACTTGAA-JHA710A2,JHA710A2,A2,0.0,0,0,0,0,0,0,0,377.0,1
CGCTGGAAGTGACTCT-JHA710A2,JHA710A2,A2,0.0,1,0,0,0,0,0,0,1016.0,0
CGCTGGACACCTCGTT-JHA710A2,JHA710A2,A2,0.0,2,0,0,0,0,0,0,1914.0,0
CGCTGGACACGACTCG-JHA710A2,JHA710A2,A2,0.0,2,0,0,0,0,0,0,406.0,0
CGCTGGAGTACAGTGG-JHA710A2,JHA710A2,A2,0.0,2,0,0,0,0,0,0,348.0,0
CGCTGGAGTTGGGACA-JHA710A2,JHA710A2,A2,0.0,2,0,0,0,0,0,0,1234.0,0
CGCTGGATCACCCGAG-JHA710A2,JHA710A2,A2,0.0,0,0,0,0,0,0,0,1081.0,1
CGCTGGATCGGCATCG-JHA710A2,JHA710A2,A2,0.0,1,0,0,0,0,0,0,415.0,0
CGCTGGATCTTTAGTC-JHA710A2,JHA710A2,A2,0.0,0,0,0,0,0,0,0,354.0,0
CGCTTCAAGCGATTCT-JHA710A2,JHA710A2,A2,3.0090345415733855,0,1,0,0,0,0,0,519.0,0
CGCTTCAAGGAATTAC-JHA710A2,JHA710A2,A2,0.0,0,0,0,0,0,0,0,431.0,0
CGCTTCAAGGCCCTCA-JHA710A2,JHA710A2,A2,0.0,0,0,0,0,0,0,0,426.0,0
CGCTTCACAATAGCAA-JHA710A2,JHA710A2,A2,3.434955446233911,1,1,1,0,0,0,0,333.0,0
CGCTTCAGTTGGTAAA-JHA710A2,JHA710A2,A2,0.0,0,0,0,0,0,0,0,552.0,0
CGGACACAGAGGGATA-JHA710A2,JHA710A2,A2,0.0,1,0,0,0,0,0,0,490.0,0
CGGACACCAAGGACTG-JHA710A2,JHA710A2,A2,0.0,2,0,0,0,0,0,0,1281.0,0
CGGACACTCTATCCCG-JHA710A2,JHA710A2,A2,0.0,0,0,0,0,0,0,0,607.0,0
CGGACGTCATTGCGGC-JHA710A2,JHA710A2,A2,0.0,0,0,0,0,0,0,0,768.0,1
CGGACGTGTCTCTTTA-JHA710A2,JHA710A2,A2,2.6588748365906327,2,1,1,1,1,0,0,753.0,0
CGGACGTTCACGCGGT-JHA710A2,JHA710A2,A2,0.0,1,0,0,0,0,0,0,895.0,0
CGGACGTTCGCGTTTC-JHA710A2,JHA710A2,A2,0.0,0,0,0,0,0,0,0,366.0,0
CGGACGTTCTAACTGG-JHA710A2,JHA710A2,A2,0.0,0,0,0,0,0,0,0,336.0,0
CGGACTGCACAAGACG-JHA710A2,JHA710A2,A2,0.0,1,0,0,0,0,0,0,553.0,0
CGGACTGGTAAATACG-JHA710A2,JHA710A2,A2,0.0,1,0,0,0,0,0,0,350.0,0
CGGACTGGTGAACCTT-JHA710A2,JHA710A2,A2,0.0,0,0,0,0,0,0,0,356.0,0
CGGACTGTCCGAATGT-JHA710A2,JHA710A2,A2,0.0,0,0,0,0,0,0,0,584.0,0
CGGAGCTAGAAACGCC-JHA710A2,JHA710A2,A2,0.0,0,0,0,0,0,0,0,351.0,0
CGGAGCTAGAAGGTTT-JHA710A2,JHA710A2,A2,0.0,1,0,0,0,0,0,0,608.0,0
CGGAGCTAGTATCTCG-JHA710A2,JHA710A2,A2,0.0,2,0,0,0,0,0,0,676.0,0
CGGAGCTCATGCCTTC-JHA710A2,JHA710A2,A2,0.0,0,0,0,0,0,0,0,468.0,0
CGGAGCTGTGTTCGAT-JHA710A2,JHA710A2,A2,0.0,0,0,0,0,0,0,0,1414.0,0
CGGAGCTTCGCCCTTA-JHA710A2,JHA710A2,A2,0.0,0,0,0,0,0,0,0,348.0,0
CGGAGTCAGTTGAGAT-JHA710A2,JHA710A2,A2,0.0,1,0,0,0,0,0,0,345.0,0
CGGAGTCCACCTCGGA-JHA710A2,JHA710A2,A2,0.0,1,0,0,0,0,0,0,359.0,1
CGGAGTCTCAGCAACT-JHA710A2,JHA710A2,A2,0.0,0,0,0,0,0,0,0,4345.0,0
CGGAGTCTCTTGAGGT-JHA710A2,JHA710A2,A2,0.0,0,0,0,0,0,0,0,464.0,0
CGGCTAGAGATGGCGT-JHA710A2,JHA710A2,A2,0.0,0,0,0,0,0,0,0,393.0,0
CGGCTAGCATACGCCG-JHA710A2,JHA710A2,A2,0.0,0,0,0,0,0,0,0,355.0,0
CGGCTAGGTCAGTGGA-JHA710A2,JHA710A2,A2,0.0,0,0,0,0,0,0,0,337.0,1
CGGCTAGGTTTAGGAA-JHA710A2,JHA710A2,A2,0.0,3,0,0,0,0,0,0,426.0,0
CGGCTAGTCAAACCGT-JHA710A2,JHA710A2,A2,0.0,4,0,0,0,0,0,0,2020.0,0
CGGGTCAAGGACAGAA-JHA710A2,JHA710A2,A2,0.0,1,0,0,0,0,0,0,979.0,0
CGGGTCAAGTACTTGC-JHA710A2,JHA710A2,A2,0.0,1,0,0,0,0,0,0,389.0,0
CGGTTAACACTGCCAG-JHA710A2,JHA710A2,A2,0.0,1,0,0,0,0,0,0,670.0,1
CGGTTAAGTTATCACG-JHA710A2,JHA710A2,A2,0.0,3,0,0,0,0,0,0,1314.0,0
CGTAGCGAGCTCCTCT-JHA710A2,JHA710A2,A2,0.0,2,0,0,0,0,0,0,1226.0,0
CGTAGCGAGCTTATCG-JHA710A2,JHA710A2,A2,0.0,1,0,0,0,0,0,0,358.0,1
CGTAGCGCACCAGGCT-JHA710A2,JHA710A2,A2,0.0,0,0,0,0,0,0,0,323.0,0
CGTAGCGTCAAGCCTA-JHA710A2,JHA710A2,A2,0.0,2,0,0,0,0,0,0,925.0,0
CGTAGGCAGTATTGGA-JHA710A2,JHA710A2,A2,0.0,1,0,0,0,0,0,0,504.0,0
CGTAGGCCATGCCTAA-JHA710A2,JHA710A2,A2,0.0,1,0,0,0,0,0,0,341.0,0
CGTAGGCGTCCATCCT-JHA710A2,JHA710A2,A2,5.217574872796924,2,1,1,1,1,0,0,545.0,0
CGTAGGCTCGACCAGC-JHA710A2,JHA710A2,A2,0.0,1,0,0,0,0,0,0,1295.0,0
CGTAGGCTCGGAAACG-JHA710A2,JHA710A2,A2,0.0,1,0,0,0,0,0,0,736.0,1
CGTCACTAGGACACCA-JHA710A2,JHA710A2,A2,0.0,1,0,0,0,0,0,0,1961.0,0
CGTCACTAGGATGCGT-JHA710A2,JHA710A2,A2,2.5466840094842436,2,1,1,1,1,0,0,850.0,0
CGTCACTCACTTCGAA-JHA710A2,JHA710A2,A2,0.0,1,0,0,0,0,0,0,741.0,0
CGTCACTCAGCGTTCG-JHA710A2,JHA710A2,A2,0.0,2,0,0,0,0,0,0,1682.0,0
CGTCACTGTATCGCAT-JHA710A2,JHA710A2,A2,0.0,1,0,0,0,0,0,0,1184.0,0
CGTCACTGTATTAGCC-JHA710A2,JHA710A2,A2,0.0,1,0,0,0,0,0,0,338.0,1
CGTCACTTCTCCGGTT-JHA710A2,JHA710A2,A2,0.0,1,0,0,0,0,0,0,369.0,0
CGTCACTTCTGCGGCA-JHA710A2,JHA710A2,A2,0.0,1,0,0,0,0,0,0,353.0,0
CGTCAGGAGAGTAAGG-JHA710A2,JHA710A2,A2,0.0,0,0,0,0,0,0,0,390.0,0
CGTCAGGAGGACATTA-JHA710A2,JHA710A2,A2,0.0,0,0,0,0,0,0,0,456.0,0
CGTCAGGAGGCTCAGA-JHA710A2,JHA710A2,A2,0.0,3,0,0,0,0,0,0,766.0,0
CGTCAGGCAAGCCATT-JHA710A2,JHA710A2,A2,0.0,1,0,0,0,0,0,0,602.0,0
CGTCAGGCAATAGAGT-JHA710A2,JHA710A2,A2,0.0,2,0,0,0,0,0,0,688.0,0
CGTCAGGCACACAGAG-JHA710A2,JHA710A2,A2,0.0,0,0,0,0,0,0,0,390.0,1
CGTCAGGCAGGTCCAC-JHA710A2,JHA710A2,A2,0.0,0,0,0,0,0,0,0,338.0,1
CGTCAGGCATGCAACT-JHA710A2,JHA710A2,A2,0.0,2,0,0,0,0,0,0,857.0,0
CGTCAGGTCGTTTGCC-JHA710A2,JHA710A2,A2,0.0,0,0,0,0,0,0,0,384.0,1
CGTCCATAGATATGCA-JHA710A2,JHA710A2,A2,0.0,2,0,0,0,0,0,0,592.0,0
CGTCCATAGGCACATG-JHA710A2,JHA710A2,A2,2.9873165461386586,2,1,1,1,1,0,0,531.0,1
CGTCCATAGGCGATAC-JHA710A2,JHA710A2,A2,0.0,1,0,0,0,0,0,0,2036.0,0
CGTCCATCATGGATGG-JHA710A2,JHA710A2,A2,0.0,1,0,0,0,0,0,0,1472.0,1
CGTCCATGTCACCCAG-JHA710A2,JHA710A2,A2,0.0,2,0,0,0,0,0,0,660.0,0
CGTCCATGTCTAGAGG-JHA710A2,JHA710A2,A2,0.0,2,0,0,0,0,0,0,1323.0,0
CGTCCATTCTTAGAGC-JHA710A2,JHA710A2,A2,0.0,0,0,0,0,0,0,0,371.0,1
CGTCTACAGGAGTTGC-JHA710A2,JHA710A2,A2,0.0,0,0,0,0,0,0,0,613.0,0
CGTCTACCACATAACC-JHA710A2,JHA710A2,A2,3.36768211680924,2,1,1,1,1,0,0,1071.0,0
CGTCTACTCTATCGCC-JHA710A2,JHA710A2,A2,0.0,1,0,0,0,0,0,0,545.0,0
CGTGAGCCATGCTGGC-JHA710A2,JHA710A2,A2,0.0,1,0,0,0,0,0,0,359.0,0
CGTGAGCTCCGAAGAG-JHA710A2,JHA710A2,A2,0.0,0,0,0,0,0,0,0,389.0,0
CGTGTAAAGCTGAAAT-JHA710A2,JHA710A2,A2,0.0,0,0,0,0,0,0,0,588.0,0
CGTGTAAAGGGCATGT-JHA710A2,JHA710A2,A2,0.0,0,0,0,0,0,0,0,385.0,0
CGTGTAAGTTCAGGCC-JHA710A2,JHA710A2,A2,0.0,0,0,0,0,0,0,0,380.0,0
CGTGTAAGTTCGGCAC-JHA710A2,JHA710A2,A2,0.0,1,0,0,0,0,0,0,733.0,0
CGTGTAATCCGCTGTT-JHA710A2,JHA710A2,A2,0.0,1,0,0,0,0,0,0,368.0,0
CGTGTAATCGCGATCG-JHA710A2,JHA710A2,A2,0.0,0,0,0,0,0,0,0,437.0,0
CGTGTCTAGGGAAACA-JHA710A2,JHA710A2,A2,0.0,0,0,0,0,0,0,0,382.0,0
CGTGTCTCAATACGCT-JHA710A2,JHA710A2,A2,0.0,2,0,0,0,0,0,0,1001.0,0
CGTGTCTGTGAAGGCT-JHA710A2,JHA710A2,A2,0.0,2,0,0,0,0,0,0,333.0,0
CGTGTCTGTGTTGAGG-JHA710A2,JHA710A2,A2,0.0,3,0,0,0,0,0,0,1429.0,0
CGTGTCTGTTAAGAAC-JHA710A2,JHA710A2,A2,0.0,1,0,0,0,0,0,0,565.0,0
CGTGTCTTCCGAACGC-JHA710A2,JHA710A2,A2,2.3649213355433565,2,1,1,1,1,0,0,1037.0,0
CGTTAGAAGAAACCGC-JHA710A2,JHA710A2,A2,0.0,0,0,0,0,0,0,0,371.0,1
CGTTAGACAGACGCTC-JHA710A2,JHA710A2,A2,7.370849362587872,2,1,1,1,1,0,0,699.0,0
CGTTAGACAGATGAGC-JHA710A2,JHA710A2,A2,0.0,1,0,0,0,0,0,0,1468.0,1
CGTTCTGAGATGCCAG-JHA710A2,JHA710A2,A2,0.0,0,0,0,0,0,0,0,323.0,0
CGTTCTGCATGAGCGA-JHA710A2,JHA710A2,A2,0.0,0,0,0,0,0,0,0,362.0,0
CGTTCTGGTGTTGGGA-JHA710A2,JHA710A2,A2,0.0,1,0,0,0,0,0,0,724.0,0
CGTTCTGGTTAAGAAC-JHA710A2,JHA710A2,A2,0.0,0,0,0,0,0,0,0,322.0,1
CGTTCTGTCCCTCAGT-JHA710A2,JHA710A2,A2,0.0,1,0,0,0,0,0,0,1549.0,0
CGTTGGGAGTCGATAA-JHA710A2,JHA710A2,A2,0.0,2,0,0,0,0,0,0,573.0,0
CGTTGGGGTCCGAAGA-JHA710A2,JHA710A2,A2,0.0,2,0,0,0,0,0,0,392.0,0
CGTTGGGGTGCGATAG-JHA710A2,JHA710A2,A2,0.0,1,0,0,0,0,0,0,361.0,0
CGTTGGGTCAAACGGG-JHA710A2,JHA710A2,A2,0.0,2,0,0,0,0,0,0,2885.0,0
CTAACTTAGTGGACGT-JHA710A2,JHA710A2,A2,0.0,0,0,0,0,0,0,0,872.0,0
CTAACTTCAAAGTGCG-JHA710A2,JHA710A2,A2,0.0,1,0,0,0,0,0,0,694.0,0
CTAACTTCACAACGCC-JHA710A2,JHA710A2,A2,0.0,0,0,0,0,0,0,0,1374.0,0
CTAACTTGTCGAAAGC-JHA710A2,JHA710A2,A2,0.0,0,0,0,0,0,0,0,555.0,0
CTAACTTGTGCTAGCC-JHA710A2,JHA710A2,A2,0.0,0,0,0,0,0,0,0,328.0,0
CTAACTTTCCAAATGC-JHA710A2,JHA710A2,A2,0.0,0,0,0,0,0,0,0,341.0,0
CTAACTTTCCCATTTA-JHA710A2,JHA710A2,A2,0.0,2,0,0,0,0,0,0,1166.0,0
CTAAGACAGATCCTGT-JHA710A2,JHA710A2,A2,0.0,2,0,0,0,0,0,0,979.0,0
CTAAGACAGGATGTAT-JHA710A2,JHA710A2,A2,0.0,1,0,0,0,0,0,0,605.0,0
CTAAGACTCTGTTGAG-JHA710A2,JHA710A2,A2,0.0,0,0,0,0,0,0,0,377.0,0
CTAATGGAGGTCATCT-JHA710A2,JHA710A2,A2,0.0,0,0,0,0,0,0,0,807.0,0
CTAATGGAGTTTCCTT-JHA710A2,JHA710A2,A2,0.0,2,0,0,0,0,0,0,2250.0,0
CTAATGGCAGAGCCAA-JHA710A2,JHA710A2,A2,0.0,2,0,0,0,0,0,0,699.0,0
CTAATGGTCCAGAGGA-JHA710A2,JHA710A2,A2,0.0,1,0,0,0,0,0,0,322.0,0
CTAATGGTCGTTTAGG-JHA710A2,JHA710A2,A2,0.0,2,0,0,0,0,0,0,656.0,0
CTACACCCACCAACCG-JHA710A2,JHA710A2,A2,0.0,2,0,0,0,0,0,0,1964.0,1
CTACACCTCTAACCGA-JHA710A2,JHA710A2,A2,0.0,0,0,0,0,0,0,0,448.0,0
CTACATTCATTAACCG-JHA710A2,JHA710A2,A2,0.0,1,0,0,0,0,0,0,1253.0,0
CTACATTGTGTAAGTA-JHA710A2,JHA710A2,A2,0.0,0,0,0,0,0,0,0,315.0,0
CTACATTTCCTCAATT-JHA710A2,JHA710A2,A2,0.0,2,0,0,0,0,0,0,736.0,0
CTACATTTCGTATCAG-JHA710A2,JHA710A2,A2,0.0,2,0,0,0,0,0,0,408.0,0
CTACATTTCTTGCATT-JHA710A2,JHA710A2,A2,0.0,1,0,0,0,0,0,0,453.0,0
CTACCCAAGATGCCAG-JHA710A2,JHA710A2,A2,3.140866446808272,2,1,1,1,1,0,0,452.0,0
CTACCCAAGCACGCCT-JHA710A2,JHA710A2,A2,0.0,0,0,0,0,0,0,0,427.0,0
CTACCCAAGGACGAAA-JHA710A2,JHA710A2,A2,0.0,2,0,0,0,0,0,0,606.0,0
CTACCCAAGGTGGGTT-JHA710A2,JHA710A2,A2,0.0,3,0,0,0,0,0,0,569.0,0
CTACCCAAGTCCGGTC-JHA710A2,JHA710A2,A2,0.0,2,0,0,0,0,0,0,1565.0,0
CTACCCAAGTTTAGGA-JHA710A2,JHA710A2,A2,0.0,1,0,0,0,0,0,0,529.0,0
CTACCCACACAGGTTT-JHA710A2,JHA710A2,A2,0.0,2,0,0,0,0,0,0,752.0,0
CTACCCACAGCGATCC-JHA710A2,JHA710A2,A2,0.0,1,0,0,0,0,0,0,392.0,0
CTACCCACAGGACGTA-JHA710A2,JHA710A2,A2,0.0,0,0,0,0,0,0,0,345.0,0
CTACCCATCTGCAGTA-JHA710A2,JHA710A2,A2,0.0,1,0,0,0,0,0,0,468.0,0
CTACGTCAGTCTTGCA-JHA710A2,JHA710A2,A2,0.0,1,0,0,0,0,0,0,592.0,1
CTACGTCCAGCCTTGG-JHA710A2,JHA710A2,A2,0.0,1,0,0,0,0,0,0,316.0,0
CTACGTCGTGCACGAA-JHA710A2,JHA710A2,A2,2.797788553311294,0,1,0,0,0,0,0,649.0,0
CTACGTCTCCTTGACC-JHA710A2,JHA710A2,A2,0.0,0,0,0,0,0,0,0,360.0,0
CTAGAGTGTACGCACC-JHA710A2,JHA710A2,A2,0.0,1,0,0,0,0,0,0,591.0,0
CTAGAGTGTACTCGCG-JHA710A2,JHA710A2,A2,0.0,0,0,0,0,0,0,0,318.0,0
CTAGAGTGTTGTCGCG-JHA710A2,JHA710A2,A2,0.0,2,0,0,0,0,0,0,2495.0,0
CTAGAGTGTTTGGGCC-JHA710A2,JHA710A2,A2,0.0,0,0,0,0,0,0,0,370.0,1
CTAGAGTTCACTATTC-JHA710A2,JHA710A2,A2,0.0,3,0,0,0,0,0,0,976.0,0
CTAGAGTTCGGCGGTT-JHA710A2,JHA710A2,A2,0.0,2,0,0,0,0,0,0,799.0,0
CTAGCCTAGCGTTGCC-JHA710A2,JHA710A2,A2,0.0,2,0,0,0,0,0,0,898.0,0
CTAGCCTAGTGTGAAT-JHA710A2,JHA710A2,A2,0.0,0,0,0,0,0,0,0,324.0,0
CTAGCCTCAAACCTAC-JHA710A2,JHA710A2,A2,0.0,1,0,0,0,0,0,0,512.0,0
CTAGCCTCACAACGCC-JHA710A2,JHA710A2,A2,0.0,2,0,0,0,0,0,0,2939.0,0
CTAGCCTCAGCATACT-JHA710A2,JHA710A2,A2,0.0,2,0,0,0,0,0,0,400.0,0
CTAGCCTGTCCTCTTG-JHA710A2,JHA710A2,A2,0.0,1,0,0,0,0,0,0,321.0,0
CTAGTGAAGCCCTAAT-JHA710A2,JHA710A2,A2,0.0,0,0,0,0,0,0,0,546.0,0
CTAGTGAAGCTTTGGT-JHA710A2,JHA710A2,A2,0.0,1,0,0,0,0,0,0,924.0,0
CTAGTGACACCTCGGA-JHA710A2,JHA710A2,A2,3.206668921433148,2,1,1,1,1,0,0,422.0,0
CTAGTGAGTCCGAACC-JHA710A2,JHA710A2,A2,0.0,0,0,0,0,0,0,0,761.0,0
CTAGTGATCCTTTCTC-JHA710A2,JHA710A2,A2,0.0,2,0,0,0,0,0,0,1393.0,0
CTCACACCACTCTGTC-JHA710A2,JHA710A2,A2,0.0,0,0,0,0,0,0,0,373.0,1
CTCACACCAGTGGAGT-JHA710A2,JHA710A2,A2,0.0,3,0,0,0,0,0,0,862.0,0
CTCACACCAGTTCATG-JHA710A2,JHA710A2,A2,0.0,1,0,0,0,0,0,0,1244.0,0
CTCACACCATGCATGT-JHA710A2,JHA710A2,A2,0.0,0,0,0,0,0,0,0,433.0,1
CTCACACTCCTCTAGC-JHA710A2,JHA710A2,A2,0.0,0,0,0,0,0,0,0,323.0,1
CTCAGAAAGCCAGTTT-JHA710A2,JHA710A2,A2,0.0,0,0,0,0,0,0,0,454.0,0
CTCAGAAAGTGGAGTC-JHA710A2,JHA710A2,A2,0.0,3,0,0,0,0,0,0,551.0,0
CTCAGAACATTTGCTT-JHA710A2,JHA710A2,A2,1.3796562610407914,2,1,1,1,1,0,0,3363.0,0
CTCAGAAGTCAGCTAT-JHA710A2,JHA710A2,A2,0.0,2,0,0,0,0,0,0,2056.0,0
CTCATTAAGGCACATG-JHA710A2,JHA710A2,A2,0.0,1,0,0,0,0,0,0,880.0,0
CTCATTAAGTTAGCGG-JHA710A2,JHA710A2,A2,0.0,1,0,0,0,0,0,0,550.0,0
CTCATTAGTATATCCG-JHA710A2,JHA710A2,A2,0.0,1,0,0,0,0,0,0,810.0,0
CTCATTAGTGGGTATG-JHA710A2,JHA710A2,A2,0.0,0,0,0,0,0,0,0,366.0,0
CTCCTAGAGAAGCCCA-JHA710A2,JHA710A2,A2,0.0,1,0,0,0,0,0,0,633.0,0
CTCCTAGAGCTAGCCC-JHA710A2,JHA710A2,A2,0.0,1,0,0,0,0,0,0,510.0,0
CTCCTAGAGGTAGCTG-JHA710A2,JHA710A2,A2,0.0,2,0,0,0,0,0,0,604.0,0
CTCCTAGAGTGGTAGC-JHA710A2,JHA710A2,A2,0.0,0,0,0,0,0,0,0,463.0,1
CTCCTAGGTCTAGTCA-JHA710A2,JHA710A2,A2,0.0,1,0,0,0,0,0,0,1119.0,0
CTCCTAGTCCATGAAC-JHA710A2,JHA710A2,A2,0.0,0,0,0,0,0,0,0,435.0,0
CTCCTAGTCGCCTGTT-JHA710A2,JHA710A2,A2,0.0,1,0,0,0,0,0,0,379.0,0
CTCCTAGTCTGGGCCA-JHA710A2,JHA710A2,A2,0.0,2,0,0,0,0,0,0,862.0,0
CTCGAAAAGAGATGAG-JHA710A2,JHA710A2,A2,0.0,2,0,0,0,0,0,0,361.0,0
CTCGAAAAGATGTTAG-JHA710A2,JHA710A2,A2,0.0,0,0,0,0,0,0,0,389.0,0
CTCGAAAAGGAATGGA-JHA710A2,JHA710A2,A2,0.0,0,0,0,0,0,0,0,497.0,0
CTCGAAAAGTTAGGTA-JHA710A2,JHA710A2,A2,0.0,1,0,0,0,0,0,0,677.0,0
CTCGAAAGTACCCAAT-JHA710A2,JHA710A2,A2,0.0,1,0,0,0,0,0,0,324.0,0
CTCGAAAGTCCTAGCG-JHA710A2,JHA710A2,A2,0.0,3,0,0,0,0,0,0,828.0,0
CTCGAAATCCCAGGTG-JHA710A2,JHA710A2,A2,0.0,1,0,0,0,0,0,0,363.0,0
CTCGAGGAGTGGACGT-JHA710A2,JHA710A2,A2,6.716533873590507,2,1,1,1,1,0,0,497.0,0
CTCGAGGCAAGCCATT-JHA710A2,JHA710A2,A2,0.0,2,0,0,0,0,0,0,3217.0,0
CTCGAGGCATACGCCG-JHA710A2,JHA710A2,A2,0.0,2,0,0,0,0,0,0,391.0,0
CTCGAGGGTCTCACCT-JHA710A2,JHA710A2,A2,0.0,2,0,0,0,0,0,0,398.0,0
CTCGAGGTCAAGGCTT-JHA710A2,JHA710A2,A2,0.0,2,0,0,0,0,0,0,1957.0,0
CTCGAGGTCTGGCGAC-JHA710A2,JHA710A2,A2,0.0,0,0,0,0,0,0,0,331.0,0
CTCGGAGAGCACCGTC-JHA710A2,JHA710A2,A2,0.0,0,0,0,0,0,0,0,360.0,0
CTCGGAGCAATGCCAT-JHA710A2,JHA710A2,A2,0.0,1,0,0,0,0,0,0,943.0,0
CTCGGAGCACACATGT-JHA710A2,JHA710A2,A2,0.0,2,0,0,0,0,0,0,1049.0,0
CTCGGAGCACGTTGGC-JHA710A2,JHA710A2,A2,0.0,0,0,0,0,0,0,0,345.0,0
CTCGGAGGTATTACCG-JHA710A2,JHA710A2,A2,0.0,0,0,0,0,0,0,0,369.0,0
CTCGGAGTCACCTCGT-JHA710A2,JHA710A2,A2,0.0,0,0,0,0,0,0,0,380.0,1
CTCGGAGTCCTGCAGG-JHA710A2,JHA710A2,A2,0.0,2,0,0,0,0,0,0,680.0,0
CTCGGGAAGATATACG-JHA710A2,JHA710A2,A2,0.0,1,0,0,0,0,0,0,330.0,0
CTCGGGAAGCCCTAAT-JHA710A2,JHA710A2,A2,0.0,0,0,0,0,0,0,0,377.0,0
CTCGGGAAGCGATCCC-JHA710A2,JHA710A2,A2,0.0,2,0,0,0,0,0,0,818.0,0
CTCGGGAAGTGTCCCG-JHA710A2,JHA710A2,A2,0.0,1,0,0,0,0,0,0,406.0,0
CTCGGGACACCAGTTA-JHA710A2,JHA710A2,A2,0.0,2,0,0,0,0,0,0,417.0,0
CTCGGGATCAGTACGT-JHA710A2,JHA710A2,A2,0.0,0,0,0,0,0,0,0,327.0,1
CTCGGGATCCCACTTG-JHA710A2,JHA710A2,A2,0.0,1,0,0,0,0,0,0,356.0,0
CTCGTACAGATTACCC-JHA710A2,JHA710A2,A2,0.0,2,0,0,0,0,0,0,736.0,0
CTCGTACCACATCCGG-JHA710A2,JHA710A2,A2,0.0,1,0,0,0,0,0,0,587.0,0
CTCGTACCACGAAATA-JHA710A2,JHA710A2,A2,0.0,2,0,0,0,0,0,0,328.0,0
CTCGTACCACTTAACG-JHA710A2,JHA710A2,A2,0.0,2,0,0,0,0,0,0,559.0,0
CTCGTACTCCTGTAGA-JHA710A2,JHA710A2,A2,0.0,2,0,0,0,0,0,0,656.0,0
CTCGTACTCGAATGCT-JHA710A2,JHA710A2,A2,0.0,2,0,0,0,0,0,0,568.0,0
CTCGTCAAGAGGTAGA-JHA710A2,JHA710A2,A2,0.0,0,0,0,0,0,0,0,320.0,0
CTCGTCAAGCAATCTC-JHA710A2,JHA710A2,A2,0.0,2,0,0,0,0,0,0,459.0,1
CTCGTCAAGGCGTACA-JHA710A2,JHA710A2,A2,0.0,1,0,0,0,0,0,0,437.0,0
CTCGTCAAGGTGGGTT-JHA710A2,JHA710A2,A2,0.0,1,0,0,0,0,0,0,1006.0,0
CTCGTCAAGTTAACGA-JHA710A2,JHA710A2,A2,0.0,0,0,0,0,0,0,0,856.0,1
CTCGTCAGTACCATCA-JHA710A2,JHA710A2,A2,0.0,1,0,0,0,0,0,0,659.0,0
CTCGTCAGTACTCGCG-JHA710A2,JHA710A2,A2,0.0,0,0,0,0,0,0,0,419.0,0
CTCGTCAGTCCGTTAA-JHA710A2,JHA710A2,A2,0.0,2,0,0,0,0,0,0,746.0,0
CTCGTCATCTTCAACT-JHA710A2,JHA710A2,A2,0.0,1,0,0,0,0,0,0,439.0,0
CTCTAATAGAAACGCC-JHA710A2,JHA710A2,A2,0.0,0,0,0,0,0,0,0,513.0,0
CTCTAATAGCAAATCA-JHA710A2,JHA710A2,A2,0.0,1,0,0,0,0,0,0,1512.0,0
CTCTAATCACTTCTGC-JHA710A2,JHA710A2,A2,0.0,1,0,0,0,0,0,0,634.0,0
CTCTAATGTAGGGACT-JHA710A2,JHA710A2,A2,0.0,0,0,0,0,0,0,0,551.0,0
CTCTAATGTCTGATTG-JHA710A2,JHA710A2,A2,0.0,0,0,0,0,0,0,0,397.0,1
CTCTAATGTTGTTTGG-JHA710A2,JHA710A2,A2,0.0,2,0,0,0,0,0,0,613.0,0
CTCTAATTCCTAGTGA-JHA710A2,JHA710A2,A2,0.0,2,0,0,0,0,0,0,3639.0,0
CTCTAATTCGAGCCCA-JHA710A2,JHA710A2,A2,0.0,2,0,0,0,0,0,0,864.0,0
CTCTACGAGACCGGAT-JHA710A2,JHA710A2,A2,0.0,2,0,0,0,0,0,0,1237.0,0
CTCTACGCAGGTGCCT-JHA710A2,JHA710A2,A2,0.0,1,0,0,0,0,0,0,1722.0,0
CTCTACGGTCATGCAT-JHA710A2,JHA710A2,A2,7.493108830579794,2,1,1,1,1,0,0,1042.0,0
CTCTACGGTCTCACCT-JHA710A2,JHA710A2,A2,0.0,0,0,0,0,0,0,0,406.0,0
CTCTACGTCGACCAGC-JHA710A2,JHA710A2,A2,0.0,1,0,0,0,0,0,0,2116.0,0
CTCTACGTCTTTACAC-JHA710A2,JHA710A2,A2,0.0,0,0,0,0,0,0,0,650.0,0
CTCTGGTCACGTTGGC-JHA710A2,JHA710A2,A2,0.0,0,0,0,0,0,0,0,397.0,1
CTCTGGTGTTTGTTGG-JHA710A2,JHA710A2,A2,0.0,2,0,0,0,0,0,0,2167.0,0
CTCTGGTTCAGTTCGA-JHA710A2,JHA710A2,A2,0.0,1,0,0,0,0,0,0,395.0,0
CTCTGGTTCTGCTTGC-JHA710A2,JHA710A2,A2,0.0,0,0,0,0,0,0,0,593.0,0
CTGAAACAGCCCTAAT-JHA710A2,JHA710A2,A2,0.0,0,0,0,0,0,0,0,431.0,1
CTGAAACAGCTAACTC-JHA710A2,JHA710A2,A2,0.0,0,0,0,0,0,0,0,337.0,0
CTGAAACCACAGACAG-JHA710A2,JHA710A2,A2,0.0,2,0,0,0,0,0,0,1298.0,0
CTGAAACCAGGGTTAG-JHA710A2,JHA710A2,A2,0.0,0,0,0,0,0,0,0,322.0,0
CTGAAACCAGGTTTCA-JHA710A2,JHA710A2,A2,0.0,2,0,0,0,0,0,0,1069.0,0
CTGAAACGTGTCAATC-JHA710A2,JHA710A2,A2,0.0,1,0,0,0,0,0,0,749.0,0
CTGAAACGTTATCGGT-JHA710A2,JHA710A2,A2,0.0,0,0,0,0,0,0,0,690.0,0
CTGAAACGTTTGTTTC-JHA710A2,JHA710A2,A2,0.0,2,0,0,0,0,0,0,403.0,0
CTGAAGTAGCAGCGTA-JHA710A2,JHA710A2,A2,0.0,0,0,0,0,0,0,0,869.0,0
CTGAAGTAGTGTCCAT-JHA710A2,JHA710A2,A2,0.0,0,0,0,0,0,0,0,372.0,0
CTGAAGTCACAACGTT-JHA710A2,JHA710A2,A2,0.0,2,0,0,0,0,0,0,1147.0,0
CTGAAGTTCCAGTATG-JHA710A2,JHA710A2,A2,0.0,1,0,0,0,0,0,0,543.0,1
CTGAAGTTCCCAACGG-JHA710A2,JHA710A2,A2,0.0,2,0,0,0,0,0,0,478.0,0
CTGAAGTTCCGGCACA-JHA710A2,JHA710A2,A2,0.0,2,0,0,0,0,0,0,1056.0,0
CTGATAGAGATGTTAG-JHA710A2,JHA710A2,A2,0.0,2,0,0,0,0,0,0,481.0,0
CTGATAGAGCGTCAAG-JHA710A2,JHA710A2,A2,0.0,0,0,0,0,0,0,0,436.0,0
CTGATAGAGTCATGCT-JHA710A2,JHA710A2,A2,0.0,2,0,0,0,0,0,0,622.0,0
CTGATAGTCCTGCCAT-JHA710A2,JHA710A2,A2,0.0,0,0,0,0,0,0,0,573.0,0
CTGATAGTCTCCTATA-JHA710A2,JHA710A2,A2,0.0,2,0,0,0,0,0,0,1091.0,0
CTGATCCAGATACACA-JHA710A2,JHA710A2,A2,0.0,2,0,0,0,0,0,0,492.0,0
CTGATCCAGATCCTGT-JHA710A2,JHA710A2,A2,0.0,1,0,0,0,0,0,0,430.0,0
CTGATCCAGATCTGAA-JHA710A2,JHA710A2,A2,0.0,0,0,0,0,0,0,0,1241.0,0
CTGATCCAGCTCAACT-JHA710A2,JHA710A2,A2,0.0,1,0,0,0,0,0,0,980.0,0
CTGATCCCACTGCCAG-JHA710A2,JHA710A2,A2,0.0,1,0,0,0,0,0,0,2743.0,0
CTGATCCCAGGATTGG-JHA710A2,JHA710A2,A2,0.0,1,0,0,0,0,0,0,605.0,0
CTGATCCCATCAGTCA-JHA710A2,JHA710A2,A2,0.0,1,0,0,0,0,0,0,620.0,0
CTGATCCGTAAGGGCT-JHA710A2,JHA710A2,A2,0.0,1,0,0,0,0,0,0,376.0,1
CTGATCCGTCATGCCG-JHA710A2,JHA710A2,A2,0.0,2,0,0,0,0,0,0,585.0,0
CTGATCCTCGTCGTTC-JHA710A2,JHA710A2,A2,0.0,0,0,0,0,0,0,0,624.0,0
CTGCCTAAGAAACGCC-JHA710A2,JHA710A2,A2,0.0,0,0,0,0,0,0,0,446.0,0
CTGCCTACACCGGAAA-JHA710A2,JHA710A2,A2,0.0,2,0,0,0,0,0,0,1281.0,1
CTGCCTACACGTGAGA-JHA710A2,JHA710A2,A2,0.0,1,0,0,0,0,0,0,478.0,0
CTGCCTACAGGGTACA-JHA710A2,JHA710A2,A2,0.0,2,0,0,0,0,0,0,501.0,0
CTGCCTACATCCAACA-JHA710A2,JHA710A2,A2,0.0,1,0,0,0,0,0,0,487.0,1
CTGCCTATCAAACCAC-JHA710A2,JHA710A2,A2,0.0,0,0,0,0,0,0,0,360.0,0
CTGCGGACACGTTGGC-JHA710A2,JHA710A2,A2,0.0,1,0,0,0,0,0,0,644.0,0
CTGCGGATCTCGAGTA-JHA710A2,JHA710A2,A2,0.0,2,0,0,0,0,0,0,1184.0,0
CTGCGGATCTTGCATT-JHA710A2,JHA710A2,A2,0.0,1,0,0,0,0,0,0,472.0,0
CTGCTGTAGAACAATC-JHA710A2,JHA710A2,A2,0.0,2,0,0,0,0,0,0,1552.0,0
CTGCTGTAGCACCGCT-JHA710A2,JHA710A2,A2,5.450278386027876,2,1,1,1,1,0,0,949.0,0
CTGCTGTAGGACTGGT-JHA710A2,JHA710A2,A2,0.0,2,0,0,0,0,0,0,725.0,0
CTGCTGTCACCATCCT-JHA710A2,JHA710A2,A2,0.0,0,0,0,0,0,0,0,408.0,0
CTGCTGTCATGGTAGG-JHA710A2,JHA710A2,A2,0.0,2,0,0,0,0,0,0,1406.0,0
CTGCTGTGTCATTAGC-JHA710A2,JHA710A2,A2,0.0,1,0,0,0,0,0,0,3116.0,0
CTGCTGTTCACTCCTG-JHA710A2,JHA710A2,A2,0.0,1,0,0,0,0,0,0,332.0,0
CTGGTCTAGAGCCCAA-JHA710A2,JHA710A2,A2,0.0,1,0,0,0,0,0,0,634.0,0
CTGGTCTAGTCGTTTG-JHA710A2,JHA710A2,A2,0.0,1,0,0,0,0,0,0,506.0,1
CTGGTCTAGTGAATTG-JHA710A2,JHA710A2,A2,0.0,0,0,0,0,0,0,0,473.0,1
CTGGTCTCATACTCTT-JHA710A2,JHA710A2,A2,0.0,0,0,0,0,0,0,0,608.0,0
CTGGTCTTCATCGGAT-JHA710A2,JHA710A2,A2,0.0,1,0,0,0,0,0,0,501.0,0
CTGTGCTAGGATGGAA-JHA710A2,JHA710A2,A2,0.0,0,0,0,0,0,0,0,506.0,0
CTGTGCTCACACCGAC-JHA710A2,JHA710A2,A2,0.0,2,0,0,0,0,0,0,358.0,0
CTGTGCTCACATCCGG-JHA710A2,JHA710A2,A2,0.0,1,0,0,0,0,0,0,350.0,0
CTGTGCTGTATATGAG-JHA710A2,JHA710A2,A2,0.0,0,0,0,0,0,0,0,337.0,0
CTGTGCTGTCTAGGTT-JHA710A2,JHA710A2,A2,0.0,2,0,0,0,0,0,0,558.0,0
CTGTGCTGTGAGCGAT-JHA710A2,JHA710A2,A2,0.0,0,0,0,0,0,0,0,347.0,0
CTGTTTAAGCGATATA-JHA710A2,JHA710A2,A2,0.0,2,0,0,0,0,0,0,542.0,0
CTGTTTAAGTGCGATG-JHA710A2,JHA710A2,A2,0.0,1,0,0,0,0,0,0,449.0,0
CTGTTTACAAGTTAAG-JHA710A2,JHA710A2,A2,0.0,0,0,0,0,0,0,0,1003.0,0
CTGTTTAGTAGTAGTA-JHA710A2,JHA710A2,A2,0.0,1,0,0,0,0,0,0,648.0,0
CTTAACTAGGAGTAGA-JHA710A2,JHA710A2,A2,0.0,1,0,0,0,0,0,0,442.0,0
CTTAACTGTCTGCGGT-JHA710A2,JHA710A2,A2,0.0,1,0,0,0,0,0,0,956.0,0
CTTACCGAGAAACCGC-JHA710A2,JHA710A2,A2,0.0,1,0,0,0,0,0,0,2369.0,0
CTTACCGAGTTCCACA-JHA710A2,JHA710A2,A2,1.7552145986499816,3,1,1,1,1,1,0,2090.0,0
CTTACCGTCATAACCG-JHA710A2,JHA710A2,A2,0.0,0,0,0,0,0,0,0,433.0,1
CTTAGGAAGAAGGGTA-JHA710A2,JHA710A2,A2,0.0,0,0,0,0,0,0,0,497.0,0
CTTAGGAAGATCCCGC-JHA710A2,JHA710A2,A2,0.0,1,0,0,0,0,0,0,641.0,0
CTTAGGAGTGTCTGAT-JHA710A2,JHA710A2,A2,0.0,0,0,0,0,0,0,0,334.0,0
CTTCTCTAGCACAGGT-JHA710A2,JHA710A2,A2,0.0,0,0,0,0,0,0,0,470.0,0
CTTCTCTAGCACCGTC-JHA710A2,JHA710A2,A2,0.0,0,0,0,0,0,0,0,332.0,0
CTTCTCTGTACTCTCC-JHA710A2,JHA710A2,A2,0.0,1,0,0,0,0,0,0,433.0,0
CTTCTCTGTGGACGAT-JHA710A2,JHA710A2,A2,0.0,1,0,0,0,0,0,0,354.0,0
CTTGGCTAGACGCAAC-JHA710A2,JHA710A2,A2,0.0,1,0,0,0,0,0,0,499.0,1
CTTGGCTAGCCGTCGT-JHA710A2,JHA710A2,A2,0.0,1,0,0,0,0,0,0,413.0,0
CTTGGCTAGCGAAGGG-JHA710A2,JHA710A2,A2,0.0,2,0,0,0,0,0,0,1353.0,0
CTTGGCTAGTCCGTAT-JHA710A2,JHA710A2,A2,0.0,1,0,0,0,0,0,0,367.0,0
CTTGGCTCACCTATCC-JHA710A2,JHA710A2,A2,0.0,0,0,0,0,0,0,0,771.0,0
CTTGGCTCAGGGTTAG-JHA710A2,JHA710A2,A2,0.0,3,0,0,0,0,0,0,480.0,0
CTTGGCTCATCACCCT-JHA710A2,JHA710A2,A2,0.0,2,0,0,0,0,0,0,376.0,0
CTTGGCTGTTAAAGTG-JHA710A2,JHA710A2,A2,3.1753744029075848,1,1,1,0,0,0,0,436.0,0
CTTGGCTTCATGGTCA-JHA710A2,JHA710A2,A2,0.0,1,0,0,0,0,0,0,335.0,0
CTTGGCTTCTGCCAGG-JHA710A2,JHA710A2,A2,0.0,1,0,0,0,0,0,0,429.0,0
CTTTGCGAGAGATGAG-JHA710A2,JHA710A2,A2,0.0,2,0,0,0,0,0,0,586.0,0
CTTTGCGAGATGGGTC-JHA710A2,JHA710A2,A2,1.94368488281696,2,1,1,1,1,0,0,1671.0,0
CTTTGCGAGCTCCCAG-JHA710A2,JHA710A2,A2,0.0,1,0,0,0,0,0,0,398.0,0
CTTTGCGCAACTGGCC-JHA710A2,JHA710A2,A2,0.0,0,0,0,0,0,0,0,466.0,1
CTTTGCGGTCGAATCT-JHA710A2,JHA710A2,A2,0.0,2,0,0,0,0,0,0,1255.0,0
CTTTGCGGTGCACCAC-JHA710A2,JHA710A2,A2,0.0,2,0,0,0,0,0,0,1674.0,0
CTTTGCGGTGTCGCTG-JHA710A2,JHA710A2,A2,0.0,1,0,0,0,0,0,0,1856.0,0
CTTTGCGGTTCTCATT-JHA710A2,JHA710A2,A2,0.0,1,0,0,0,0,0,0,337.0,0
CTTTGCGTCAGAGACG-JHA710A2,JHA710A2,A2,0.0,2,0,0,0,0,0,0,333.0,0
CTTTGCGTCCGGCACA-JHA710A2,JHA710A2,A2,0.0,2,0,0,0,0,0,0,1519.0,0
CTTTGCGTCCGTCAAA-JHA710A2,JHA710A2,A2,0.0,1,0,0,0,0,0,0,337.0,0
CTTTGCGTCTTGCAAG-JHA710A2,JHA710A2,A2,0.0,0,0,0,0,0,0,0,346.0,0
GAAACTCAGAAACCAT-JHA710A2,JHA710A2,A2,0.0,2,0,0,0,0,0,0,638.0,0
GAAACTCAGAGATGAG-JHA710A2,JHA710A2,A2,0.0,2,0,0,0,0,0,0,459.0,0
GAAACTCAGAGGGCTT-JHA710A2,JHA710A2,A2,0.0,0,0,0,0,0,0,0,361.0,0
GAAACTCAGGCCGAAT-JHA710A2,JHA710A2,A2,0.0,2,0,0,0,0,0,0,361.0,0
GAAACTCAGGCTACGA-JHA710A2,JHA710A2,A2,0.0,0,0,0,0,0,0,0,378.0,0
GAAACTCCACAGACAG-JHA710A2,JHA710A2,A2,0.0,1,0,0,0,0,0,0,597.0,0
GAAACTCCAGCTGTGC-JHA710A2,JHA710A2,A2,0.0,2,0,0,0,0,0,0,482.0,0
GAAACTCGTAGCTTGT-JHA710A2,JHA710A2,A2,2.685204697584203,2,1,1,1,1,0,0,732.0,0
GAAACTCGTCGTGGCT-JHA710A2,JHA710A2,A2,2.99090020199846,1,1,1,0,0,0,0,529.0,0
GAAACTCTCAGTACGT-JHA710A2,JHA710A2,A2,3.4007141731482835,0,1,0,0,0,0,0,345.0,0
GAAACTCTCCCAAGTA-JHA710A2,JHA710A2,A2,0.0,0,0,0,0,0,0,0,353.0,0
GAAATGAAGCACCGCT-JHA710A2,JHA710A2,A2,0.0,2,0,0,0,0,0,0,2678.0,1
GAAATGAAGTACGCGA-JHA710A2,JHA710A2,A2,6.69120189502905,2,1,1,1,1,0,0,2238.0,0
GAACATCGTGCAACTT-JHA710A2,JHA710A2,A2,0.0,2,0,0,0,0,0,0,1321.0,0
GAACATCTCGATGAGG-JHA710A2,JHA710A2,A2,0.0,2,0,0,0,0,0,0,1694.0,0
GAACATCTCTCGAGTA-JHA710A2,JHA710A2,A2,0.0,0,0,0,0,0,0,0,1107.0,1
GAACCTAAGATATACG-JHA710A2,JHA710A2,A2,0.0,0,0,0,0,0,0,0,374.0,1
GAACCTAAGCACGCCT-JHA710A2,JHA710A2,A2,0.0,2,0,0,0,0,0,0,2588.0,0
GAACCTAAGCCCTAAT-JHA710A2,JHA710A2,A2,0.0,0,0,0,0,0,0,0,384.0,0
GAACCTACAATTCCTT-JHA710A2,JHA710A2,A2,0.0,2,0,0,0,0,0,0,832.0,0
GAACCTACACCCAGTG-JHA710A2,JHA710A2,A2,0.0,1,0,0,0,0,0,0,354.0,0
GAACCTACACCTGGTG-JHA710A2,JHA710A2,A2,0.0,1,0,0,0,0,0,0,399.0,0
GAACCTACAGGAATGC-JHA710A2,JHA710A2,A2,0.0,1,0,0,0,0,0,0,447.0,0
GAACGGAAGAGACTAT-JHA710A2,JHA710A2,A2,0.0,0,0,0,0,0,0,0,434.0,0
GAACGGAAGCGATATA-JHA710A2,JHA710A2,A2,0.0,1,0,0,0,0,0,0,335.0,0
GAACGGAAGTCGTACT-JHA710A2,JHA710A2,A2,0.0,1,0,0,0,0,0,0,1575.0,0
GAACGGACAAGTAGTA-JHA710A2,JHA710A2,A2,0.0,0,0,0,0,0,0,0,694.0,1
GAACGGAGTCAGAATA-JHA710A2,JHA710A2,A2,0.0,1,0,0,0,0,0,0,2635.0,0
GAACGGATCGATCCCT-JHA710A2,JHA710A2,A2,0.0,1,0,0,0,0,0,0,2526.0,0
GAAGCAGAGCTAGGCA-JHA710A2,JHA710A2,A2,0.0,2,0,0,0,0,0,0,2161.0,1
GAAGCAGTCCATGAGT-JHA710A2,JHA710A2,A2,0.0,1,0,0,0,0,0,0,578.0,0
GAATAAGAGGATTCGG-JHA710A2,JHA710A2,A2,0.0,1,0,0,0,0,0,0,783.0,0
GAATAAGCACTCGACG-JHA710A2,JHA710A2,A2,0.0,0,0,0,0,0,0,0,424.0,1
GAATAAGCAGCGATCC-JHA710A2,JHA710A2,A2,0.0,0,0,0,0,0,0,0,317.0,0
GAATAAGCAGGCGATA-JHA710A2,JHA710A2,A2,0.0,0,0,0,0,0,0,0,652.0,1
GAATAAGGTACTCTCC-JHA710A2,JHA710A2,A2,0.0,2,0,0,0,0,0,0,1653.0,1
GAATAAGGTGACAAAT-JHA710A2,JHA710A2,A2,3.7279895647108847,2,1,1,1,1,0,0,739.0,0
GAATAAGGTTGGTAAA-JHA710A2,JHA710A2,A2,0.0,0,0,0,0,0,0,0,421.0,0
GAATGAAAGAGTCTGG-JHA710A2,JHA710A2,A2,0.0,2,0,0,0,0,0,0,335.0,0
GAATGAAAGCCACGCT-JHA710A2,JHA710A2,A2,0.0,0,0,0,0,0,0,0,381.0,1
GAATGAAAGGTTACCT-JHA710A2,JHA710A2,A2,0.0,1,0,0,0,0,0,0,498.0,0
GAATGAAAGTTGTAGA-JHA710A2,JHA710A2,A2,0.0,2,0,0,0,0,0,0,799.0,0
GAATGAACATTGGTAC-JHA710A2,JHA710A2,A2,0.0,0,0,0,0,0,0,0,358.0,0
GAATGAAGTATGCTTG-JHA710A2,JHA710A2,A2,0.0,1,0,0,0,0,0,0,432.0,0
GAATGAAGTCCAGTGC-JHA710A2,JHA710A2,A2,0.0,1,0,0,0,0,0,0,354.0,0
GAATGAAGTGTTGAGG-JHA710A2,JHA710A2,A2,0.0,2,0,0,0,0,0,0,663.0,0
GAATGAATCAGGTAAA-JHA710A2,JHA710A2,A2,0.0,0,0,0,0,0,0,0,438.0,1
GAATGAATCCACGACG-JHA710A2,JHA710A2,A2,0.0,2,0,0,0,0,0,0,1817.0,0
GAATGAATCGGTTCGG-JHA710A2,JHA710A2,A2,0.0,0,0,0,0,0,0,0,331.0,0
GACACGCAGAAGGACA-JHA710A2,JHA710A2,A2,2.337424776360579,2,1,1,1,1,0,0,1069.0,0
GACACGCCACAGGCCT-JHA710A2,JHA710A2,A2,0.0,1,0,0,0,0,0,0,856.0,0
GACACGCCACCAGGCT-JHA710A2,JHA710A2,A2,0.0,0,0,0,0,0,0,0,525.0,0
GACACGCCATCCAACA-JHA710A2,JHA710A2,A2,0.0,2,0,0,0,0,0,0,1889.0,0
GACACGCCATCCGTGG-JHA710A2,JHA710A2,A2,0.0,2,0,0,0,0,0,0,455.0,0
GACACGCGTATGAATG-JHA710A2,JHA710A2,A2,2.426563779520568,2,1,1,1,1,0,0,969.0,1
GACACGCTCTCCAGGG-JHA710A2,JHA710A2,A2,0.0,1,0,0,0,0,0,0,462.0,0
GACACGCTCTCGGACG-JHA710A2,JHA710A2,A2,0.0,0,0,0,0,0,0,0,430.0,0
GACAGAGAGGCCCTTG-JHA710A2,JHA710A2,A2,0.0,0,0,0,0,0,0,0,398.0,0
GACAGAGCAGATCGGA-JHA710A2,JHA710A2,A2,0.0,1,0,0,0,0,0,0,382.0,0
GACAGAGCATGCAACT-JHA710A2,JHA710A2,A2,0.0,1,0,0,0,0,0,0,420.0,0
GACAGAGCATGCATGT-JHA710A2,JHA710A2,A2,0.0,0,0,0,0,0,0,0,369.0,1
GACAGAGGTACAGCAG-JHA710A2,JHA710A2,A2,0.0,1,0,0,0,0,0,0,317.0,0
GACAGAGGTCACTGGC-JHA710A2,JHA710A2,A2,0.0,1,0,0,0,0,0,0,1618.0,0
GACAGAGGTTTGCATG-JHA710A2,JHA710A2,A2,0.0,2,0,0,0,0,0,0,1203.0,0
GACAGAGTCGAACTGT-JHA710A2,JHA710A2,A2,0.0,1,0,0,0,0,0,0,808.0,0
GACCAATCAACTGCTA-JHA710A2,JHA710A2,A2,0.0,0,0,0,0,0,0,0,540.0,1
GACCAATCAGATGAGC-JHA710A2,JHA710A2,A2,0.0,2,0,0,0,0,0,0,358.0,0
GACCAATCATGGGACA-JHA710A2,JHA710A2,A2,0.0,0,0,0,0,0,0,0,478.0,0
GACCAATGTTGTACAC-JHA710A2,JHA710A2,A2,3.057954473115221,2,1,1,1,1,0,0,493.0,0
GACCAATTCGGATGGA-JHA710A2,JHA710A2,A2,0.0,1,0,0,0,0,0,0,424.0,0
GACCTGGAGCCAACAG-JHA710A2,JHA710A2,A2,0.0,1,0,0,0,0,0,0,1044.0,0
GACCTGGAGGAGTAGA-JHA710A2,JHA710A2,A2,0.0,0,0,0,0,0,0,0,398.0,0
GACCTGGCAGTCGATT-JHA710A2,JHA710A2,A2,0.0,2,0,0,0,0,0,0,789.0,0
GACCTGGCATTTGCCC-JHA710A2,JHA710A2,A2,0.0,0,0,0,0,0,0,0,736.0,0
GACCTGGGTAAGGATT-JHA710A2,JHA710A2,A2,5.466379802903413,1,1,1,0,0,0,0,382.0,0
GACCTGGGTGTTGGGA-JHA710A2,JHA710A2,A2,0.0,0,0,0,0,0,0,0,970.0,0
GACCTGGTCAGGTTCA-JHA710A2,JHA710A2,A2,0.0,0,0,0,0,0,0,0,440.0,0
GACCTGGTCGAATGCT-JHA710A2,JHA710A2,A2,2.96088294434551,1,1,1,0,0,0,0,546.0,0
GACCTGGTCGACGGAA-JHA710A2,JHA710A2,A2,0.0,0,0,0,0,0,0,0,656.0,1
GACCTGGTCTCAAACG-JHA710A2,JHA710A2,A2,0.0,0,0,0,0,0,0,0,352.0,1
GACGCGTCAGTGGAGT-JHA710A2,JHA710A2,A2,0.0,2,0,0,0,0,0,0,4021.0,0
GACGCGTGTTGTGGAG-JHA710A2,JHA710A2,A2,0.0,1,0,0,0,0,0,0,2291.0,0
GACGCGTTCCCATTAT-JHA710A2,JHA710A2,A2,0.0,2,0,0,0,0,0,0,659.0,0
GACGGCTCAGGGTATG-JHA710A2,JHA710A2,A2,0.0,1,0,0,0,0,0,0,362.0,0
GACGGCTTCCCGACTT-JHA710A2,JHA710A2,A2,0.0,0,0,0,0,0,0,0,455.0,0
GACGGCTTCCTTTACA-JHA710A2,JHA710A2,A2,0.0,2,0,0,0,0,0,0,693.0,0
GACGTGCAGAGTAAGG-JHA710A2,JHA710A2,A2,0.0,1,0,0,0,0,0,0,630.0,0
GACGTGCAGATCCTGT-JHA710A2,JHA710A2,A2,0.0,0,0,0,0,0,0,0,616.0,0
GACGTGCAGGGTCGAT-JHA710A2,JHA710A2,A2,0.0,0,0,0,0,0,0,0,417.0,1
GACGTGCCATCGGGTC-JHA710A2,JHA710A2,A2,3.9718630057841633,1,1,1,0,0,0,0,384.0,0
GACGTGCGTCATCCCT-JHA710A2,JHA710A2,A2,0.0,2,0,0,0,0,0,0,2292.0,1
GACGTGCTCAGCTTAG-JHA710A2,JHA710A2,A2,0.0,2,0,0,0,0,0,0,394.0,0
GACGTTACAGAAGCAC-JHA710A2,JHA710A2,A2,0.0,2,0,0,0,0,0,0,394.0,0
GACGTTAGTTACGACT-JHA710A2,JHA710A2,A2,0.0,0,0,0,0,0,0,0,603.0,1
GACGTTAGTTTACTCT-JHA710A2,JHA710A2,A2,0.0,1,0,0,0,0,0,0,328.0,1
GACGTTATCGTCGTTC-JHA710A2,JHA710A2,A2,0.0,1,0,0,0,0,0,0,452.0,0
GACTAACAGAACTGTA-JHA710A2,JHA710A2,A2,0.0,3,0,0,0,0,0,0,2083.0,0
GACTAACGTTGTCGCG-JHA710A2,JHA710A2,A2,0.0,1,0,0,0,0,0,0,756.0,0
GACTAACGTTTCCACC-JHA710A2,JHA710A2,A2,2.9419791860624107,0,1,0,0,0,0,0,557.0,1
GACTAACTCATGTAGC-JHA710A2,JHA710A2,A2,0.0,1,0,0,0,0,0,0,1341.0,0
GACTAACTCCAAAGTC-JHA710A2,JHA710A2,A2,0.0,1,0,0,0,0,0,0,346.0,1
GACTAACTCCGCGCAA-JHA710A2,JHA710A2,A2,2.449453082463221,2,1,1,1,1,0,0,945.0,0
GACTACACAATCGAAA-JHA710A2,JHA710A2,A2,0.0,1,0,0,0,0,0,0,986.0,0
GACTACACATAGACTC-JHA710A2,JHA710A2,A2,0.0,2,0,0,0,0,0,0,1177.0,0
GACTACAGTAAGAGAG-JHA710A2,JHA710A2,A2,0.0,1,0,0,0,0,0,0,371.0,0
GACTACAGTAGGCTGA-JHA710A2,JHA710A2,A2,0.0,0,0,0,0,0,0,0,373.0,0
GACTACAGTTTCGCTC-JHA710A2,JHA710A2,A2,0.0,1,0,0,0,0,0,0,377.0,0
GACTACATCCGCGTTT-JHA710A2,JHA710A2,A2,0.0,3,0,0,0,0,0,0,1575.0,0
GACTACATCTTGGGTA-JHA710A2,JHA710A2,A2,0.0,0,0,0,0,0,0,0,646.0,0
GACTGCGAGAAGAAGC-JHA710A2,JHA710A2,A2,0.0,1,0,0,0,0,0,0,905.0,0
GACTGCGCACAACGTT-JHA710A2,JHA710A2,A2,0.0,1,0,0,0,0,0,0,524.0,0
GACTGCGCATGAGCGA-JHA710A2,JHA710A2,A2,0.0,1,0,0,0,0,0,0,317.0,0
GACTGCGGTGATGCCC-JHA710A2,JHA710A2,A2,0.0,1,0,0,0,0,0,0,665.0,0
GACTGCGTCGTTACAG-JHA710A2,JHA710A2,A2,0.0,2,0,0,0,0,0,0,1089.0,0
GACTGCGTCTTTCCTC-JHA710A2,JHA710A2,A2,0.0,1,0,0,0,0,0,0,662.0,0
GAGCAGACAGAAGCAC-JHA710A2,JHA710A2,A2,0.0,0,0,0,0,0,0,0,587.0,1
GAGCAGAGTGAGGGTT-JHA710A2,JHA710A2,A2,0.0,1,0,0,0,0,0,0,1279.0,0
GAGCAGATCACCTTAT-JHA710A2,JHA710A2,A2,0.0,0,0,0,0,0,0,0,433.0,1
GAGCAGATCGGTTCGG-JHA710A2,JHA710A2,A2,0.0,0,0,0,0,0,0,0,405.0,0
GAGGTGAAGGCGTACA-JHA710A2,JHA710A2,A2,0.0,2,0,0,0,0,0,0,1130.0,0
GAGGTGAAGGTGCTAG-JHA710A2,JHA710A2,A2,3.202132663572723,0,1,0,0,0,0,0,424.0,1
GAGGTGACACGTCTCT-JHA710A2,JHA710A2,A2,0.0,1,0,0,0,0,0,0,575.0,0
GAGGTGAGTAGCGCAA-JHA710A2,JHA710A2,A2,0.0,1,0,0,0,0,0,0,386.0,0
GAGGTGAGTCAAACTC-JHA710A2,JHA710A2,A2,3.458498235499496,3,1,1,1,1,1,0,650.0,0
GAGGTGAGTCAGAAGC-JHA710A2,JHA710A2,A2,0.0,0,0,0,0,0,0,0,451.0,0
GAGGTGAGTCGAACAG-JHA710A2,JHA710A2,A2,0.0,2,0,0,0,0,0,0,738.0,0
GAGGTGATCAACACGT-JHA710A2,JHA710A2,A2,2.566427554330848,2,1,1,1,1,0,0,832.0,0
GAGTCCGAGATACACA-JHA710A2,JHA710A2,A2,0.0,1,0,0,0,0,0,0,1074.0,0
GAGTCCGAGCTAGTGG-JHA710A2,JHA710A2,A2,2.527386255885888,2,1,1,1,1,0,0,868.0,0
GAGTCCGAGGGTCTCC-JHA710A2,JHA710A2,A2,0.0,1,0,0,0,0,0,0,740.0,1
GAGTCCGCACCGAAAG-JHA710A2,JHA710A2,A2,0.0,1,0,0,0,0,0,0,341.0,0
GAGTCCGGTCAGAATA-JHA710A2,JHA710A2,A2,0.0,0,0,0,0,0,0,0,316.0,1
GAGTCCGTCAAACCGT-JHA710A2,JHA710A2,A2,0.0,0,0,0,0,0,0,0,854.0,1
GAGTCCGTCATTATCC-JHA710A2,JHA710A2,A2,0.0,2,0,0,0,0,0,0,568.0,0
GAGTCCGTCTCATTCA-JHA710A2,JHA710A2,A2,0.0,0,0,0,0,0,0,0,382.0,0
GATCAGTAGTGTGAAT-JHA710A2,JHA710A2,A2,0.0,2,0,0,0,0,0,0,1271.0,0
GATCAGTCATGGTTGT-JHA710A2,JHA710A2,A2,0.0,2,0,0,0,0,0,0,706.0,0
GATCAGTGTCGAGTTT-JHA710A2,JHA710A2,A2,0.0,2,0,0,0,0,0,0,930.0,0
GATCAGTTCTCCAGGG-JHA710A2,JHA710A2,A2,0.0,1,0,0,0,0,0,0,931.0,0
GATCGATAGACAATAC-JHA710A2,JHA710A2,A2,0.0,0,0,0,0,0,0,0,986.0,0
GATCGATAGCTAGTGG-JHA710A2,JHA710A2,A2,0.0,2,0,0,0,0,0,0,815.0,0
GATCGATAGTAATCCC-JHA710A2,JHA710A2,A2,0.0,1,0,0,0,0,0,0,582.0,0
GATCGATAGTGGGCTA-JHA710A2,JHA710A2,A2,0.0,2,0,0,0,0,0,0,393.0,1
GATCGATCATGGATGG-JHA710A2,JHA710A2,A2,0.0,2,0,0,0,0,0,0,1906.0,0
GATCGATGTACCCAAT-JHA710A2,JHA710A2,A2,0.0,1,0,0,0,0,0,0,363.0,0
GATCGATGTCGTGGCT-JHA710A2,JHA710A2,A2,0.0,2,0,0,0,0,0,0,1562.0,1
GATCGATGTGTAACGG-JHA710A2,JHA710A2,A2,0.0,2,0,0,0,0,0,0,760.0,0
GATCGATGTTTGTTTC-JHA710A2,JHA710A2,A2,0.0,0,0,0,0,0,0,0,346.0,0
GATCGATTCCCAACGG-JHA710A2,JHA710A2,A2,0.0,1,0,0,0,0,0,0,588.0,0
GATCGCGCACAGGTTT-JHA710A2,JHA710A2,A2,0.0,1,0,0,0,0,0,0,529.0,0
GATCGCGCACGAAACG-JHA710A2,JHA710A2,A2,0.0,0,0,0,0,0,0,0,418.0,0
GATCGCGCACGGCGTT-JHA710A2,JHA710A2,A2,0.0,1,0,0,0,0,0,0,497.0,0
GATCGCGTCGAGAACG-JHA710A2,JHA710A2,A2,0.0,2,0,0,0,0,0,0,2795.0,0
GATCGCGTCGGATGTT-JHA710A2,JHA710A2,A2,0.0,0,0,0,0,0,0,0,618.0,0
GATCGCGTCGGCATCG-JHA710A2,JHA710A2,A2,0.0,0,0,0,0,0,0,0,545.0,0
GATCGCGTCTATCCCG-JHA710A2,JHA710A2,A2,0.0,1,0,0,0,0,0,0,435.0,0
GATCGTAAGCCCAATT-JHA710A2,JHA710A2,A2,0.0,1,0,0,0,0,0,0,402.0,0
GATCGTAAGCTGAACG-JHA710A2,JHA710A2,A2,2.6588748365906327,2,1,1,1,1,0,0,753.0,0
GATCGTAAGGCAGTCA-JHA710A2,JHA710A2,A2,0.0,0,0,0,0,0,0,0,417.0,0
GATCGTAAGTTAACGA-JHA710A2,JHA710A2,A2,0.0,0,0,0,0,0,0,0,317.0,0
GATCGTAGTAGATTAG-JHA710A2,JHA710A2,A2,0.0,0,0,0,0,0,0,0,350.0,0
GATCGTATCTAACTGG-JHA710A2,JHA710A2,A2,0.0,1,0,0,0,0,0,0,2151.0,0
GATCGTATCTCATTCA-JHA710A2,JHA710A2,A2,0.0,1,0,0,0,0,0,0,433.0,0
GATCTAGAGCCATCGC-JHA710A2,JHA710A2,A2,0.0,0,0,0,0,0,0,0,329.0,0
GATCTAGCACCTGGTG-JHA710A2,JHA710A2,A2,0.0,1,0,0,0,0,0,0,796.0,0
GATCTAGGTAGCGCTC-JHA710A2,JHA710A2,A2,0.0,1,0,0,0,0,0,0,347.0,0
GATCTAGGTCAACATC-JHA710A2,JHA710A2,A2,0.0,0,0,0,0,0,0,0,828.0,0
GATCTAGGTTAGTGGG-JHA710A2,JHA710A2,A2,0.0,0,0,0,0,0,0,0,358.0,1
GATCTAGTCAACACCA-JHA710A2,JHA710A2,A2,0.0,1,0,0,0,0,0,0,317.0,0
GATCTAGTCTCATTCA-JHA710A2,JHA710A2,A2,6.722479986609722,2,1,1,1,1,0,0,723.0,0
GATGAAAAGAAACCAT-JHA710A2,JHA710A2,A2,0.0,1,0,0,0,0,0,0,333.0,0
GATGAAAAGAGCAATT-JHA710A2,JHA710A2,A2,0.0,2,0,0,0,0,0,0,454.0,0
GATGAAAAGTTTGCGT-JHA710A2,JHA710A2,A2,0.0,2,0,0,0,0,0,0,1831.0,0
GATGAAACACCCTATC-JHA710A2,JHA710A2,A2,0.0,1,0,0,0,0,0,0,500.0,0
GATGAAACACTGTCGG-JHA710A2,JHA710A2,A2,0.0,2,0,0,0,0,0,0,2675.0,0
GATGAAACATTGGTAC-JHA710A2,JHA710A2,A2,0.0,1,0,0,0,0,0,0,533.0,0
GATGAAACATTGTGCA-JHA710A2,JHA710A2,A2,0.0,0,0,0,0,0,0,0,760.0,0
GATGAAATCCAAAGTC-JHA710A2,JHA710A2,A2,0.0,1,0,0,0,0,0,0,329.0,0
GATGAAATCTTCATGT-JHA710A2,JHA710A2,A2,0.0,0,0,0,0,0,0,0,746.0,1
GATGAGGAGATAGCAT-JHA710A2,JHA710A2,A2,0.0,2,0,0,0,0,0,0,1258.0,0
GATGAGGAGCGATCCC-JHA710A2,JHA710A2,A2,0.0,3,0,0,0,0,0,0,1438.0,0
GATGAGGAGCTTCGCG-JHA710A2,JHA710A2,A2,0.0,3,0,0,0,0,0,0,844.0,0
GATGAGGAGGACAGCT-JHA710A2,JHA710A2,A2,0.0,1,0,0,0,0,0,0,557.0,0
GATGAGGAGGTGCACA-JHA710A2,JHA710A2,A2,0.0,1,0,0,0,0,0,0,736.0,1
GATGAGGCACCCAGTG-JHA710A2,JHA710A2,A2,0.0,1,0,0,0,0,0,0,505.0,1
GATGAGGTCGGCGCTA-JHA710A2,JHA710A2,A2,3.4378661852992427,1,1,1,0,0,0,0,332.0,0
GATGCTAAGATAGTCA-JHA710A2,JHA710A2,A2,0.0,2,0,0,0,0,0,0,358.0,0
GATGCTAAGCCGGTAA-JHA710A2,JHA710A2,A2,0.0,0,0,0,0,0,0,0,397.0,1
GATGCTAAGTCATCCA-JHA710A2,JHA710A2,A2,0.0,1,0,0,0,0,0,0,1388.0,1
GATGCTAAGTCTCAAC-JHA710A2,JHA710A2,A2,0.0,0,0,0,0,0,0,0,610.0,0
GATGCTACAAACGTGG-JHA710A2,JHA710A2,A2,0.0,1,0,0,0,0,0,0,523.0,0
GATGCTAGTACACCGC-JHA710A2,JHA710A2,A2,0.0,0,0,0,0,0,0,0,457.0,0
GATGCTAGTCCAGTAT-JHA710A2,JHA710A2,A2,0.0,1,0,0,0,0,0,0,617.0,0
GATGCTAGTCTCCATC-JHA710A2,JHA710A2,A2,0.0,2,0,0,0,0,0,0,900.0,0
GATGCTATCCTAGTGA-JHA710A2,JHA710A2,A2,0.0,1,0,0,0,0,0,0,524.0,0
GATGCTATCTGCCCTA-JHA710A2,JHA710A2,A2,0.0,1,0,0,0,0,0,0,829.0,0
GATTCAGAGAGGACGG-JHA710A2,JHA710A2,A2,0.0,1,0,0,0,0,0,0,385.0,0
GATTCAGAGCCACGTC-JHA710A2,JHA710A2,A2,0.0,1,0,0,0,0,0,0,443.0,0
GATTCAGAGTCCCACG-JHA710A2,JHA710A2,A2,0.0,2,0,0,0,0,0,0,1148.0,0
GATTCAGAGTTATCGC-JHA710A2,JHA710A2,A2,0.0,0,0,0,0,0,0,0,318.0,0
GATTCAGCAAGAGTCG-JHA710A2,JHA710A2,A2,0.0,1,0,0,0,0,0,0,380.0,0
GATTCAGCAGTGGAGT-JHA710A2,JHA710A2,A2,0.0,1,0,0,0,0,0,0,421.0,0
GATTCAGGTCAATGTC-JHA710A2,JHA710A2,A2,0.0,0,0,0,0,0,0,0,337.0,0
GATTCAGGTGAACCTT-JHA710A2,JHA710A2,A2,0.0,2,0,0,0,0,0,0,402.0,0
GATTCAGGTGCCTGTG-JHA710A2,JHA710A2,A2,0.0,2,0,0,0,0,0,0,1424.0,0
GATTCAGTCTTATCTG-JHA710A2,JHA710A2,A2,0.0,0,0,0,0,0,0,0,575.0,0
GCAATCAAGCGATCCC-JHA710A2,JHA710A2,A2,0.0,2,0,0,0,0,0,0,1168.0,0
GCAATCAAGGAGTTTA-JHA710A2,JHA710A2,A2,0.0,1,0,0,0,0,0,0,535.0,0
GCAATCAAGGTGCAAC-JHA710A2,JHA710A2,A2,0.0,1,0,0,0,0,0,0,389.0,0
GCAATCAGTCATGCAT-JHA710A2,JHA710A2,A2,0.0,0,0,0,0,0,0,0,360.0,1
GCAATCAGTGACGCCT-JHA710A2,JHA710A2,A2,5.135626740735437,3,1,1,1,1,1,0,1302.0,0
GCAATCAGTGACGGTA-JHA710A2,JHA710A2,A2,0.0,1,0,0,0,0,0,0,656.0,0
GCAATCAGTTCGGGCT-JHA710A2,JHA710A2,A2,0.0,2,0,0,0,0,0,0,362.0,0
GCACATAAGGCTAGAC-JHA710A2,JHA710A2,A2,0.0,3,0,0,0,0,0,0,733.0,0
GCACATAGTCTCTCTG-JHA710A2,JHA710A2,A2,0.0,1,0,0,0,0,0,0,1346.0,0
GCACATATCACCGTAA-JHA710A2,JHA710A2,A2,0.0,0,0,0,0,0,0,0,1163.0,0
GCACATATCTCCTATA-JHA710A2,JHA710A2,A2,0.0,2,0,0,0,0,0,0,3001.0,0
GCACTCTGTCTAGCCG-JHA710A2,JHA710A2,A2,0.0,2,0,0,0,0,0,0,1121.0,0
GCACTCTGTTGGACCC-JHA710A2,JHA710A2,A2,0.0,0,0,0,0,0,0,0,662.0,0
GCACTCTTCTACCTGC-JHA710A2,JHA710A2,A2,0.0,0,0,0,0,0,0,0,568.0,0
GCAGCCAAGCCAGTTT-JHA710A2,JHA710A2,A2,0.0,1,0,0,0,0,0,0,346.0,0
GCAGCCAAGCTGCGAA-JHA710A2,JHA710A2,A2,0.0,3,0,0,0,0,0,0,415.0,0
GCAGCCAAGTGTCCCG-JHA710A2,JHA710A2,A2,0.0,3,0,0,0,0,0,0,925.0,0
GCAGCCAGTAAGAGGA-JHA710A2,JHA710A2,A2,0.0,1,0,0,0,0,0,0,335.0,0
GCAGCCAGTAGCTGCC-JHA710A2,JHA710A2,A2,0.0,1,0,0,0,0,0,0,397.0,1
GCAGTTAAGAGACTTA-JHA710A2,JHA710A2,A2,0.0,2,0,0,0,0,0,0,1511.0,0
GCAGTTAAGCACACAG-JHA710A2,JHA710A2,A2,0.0,2,0,0,0,0,0,0,390.0,1
GCAGTTAAGGTGTGGT-JHA710A2,JHA710A2,A2,0.0,0,0,0,0,0,0,0,688.0,0
GCAGTTACACGCATCG-JHA710A2,JHA710A2,A2,0.0,2,0,0,0,0,0,0,380.0,0
GCAGTTACAGGTCCAC-JHA710A2,JHA710A2,A2,0.0,1,0,0,0,0,0,0,885.0,0
GCAGTTATCTACGAGT-JHA710A2,JHA710A2,A2,0.0,0,0,0,0,0,0,0,375.0,0
GCAGTTATCTCCCTGA-JHA710A2,JHA710A2,A2,0.0,0,0,0,0,0,0,0,529.0,0
GCATACAAGCCAGTTT-JHA710A2,JHA710A2,A2,0.0,1,0,0,0,0,0,0,905.0,0
GCATACAAGGTGCTAG-JHA710A2,JHA710A2,A2,0.0,2,0,0,0,0,0,0,755.0,0
GCATACACAGACGCCT-JHA710A2,JHA710A2,A2,0.0,1,0,0,0,0,0,0,1889.0,1
GCATACAGTAGCGATG-JHA710A2,JHA710A2,A2,0.0,0,0,0,0,0,0,0,373.0,0
GCATACAGTCTCTCTG-JHA710A2,JHA710A2,A2,0.0,1,0,0,0,0,0,0,677.0,0
GCATACATCTGTCAAG-JHA710A2,JHA710A2,A2,0.0,2,0,0,0,0,0,0,685.0,0
GCATGATAGTGGAGAA-JHA710A2,JHA710A2,A2,0.0,0,0,0,0,0,0,0,338.0,0
GCATGATTCCCTCAGT-JHA710A2,JHA710A2,A2,0.0,2,0,0,0,0,0,0,1068.0,0
GCATGCGAGGAATTAC-JHA710A2,JHA710A2,A2,0.0,2,0,0,0,0,0,0,967.0,0
GCATGCGAGTTGTAGA-JHA710A2,JHA710A2,A2,2.8079754114663533,1,1,1,0,0,0,0,642.0,0
GCATGCGCAACCGCCA-JHA710A2,JHA710A2,A2,0.0,2,0,0,0,0,0,0,496.0,0
GCATGCGGTAGAGTGC-JHA710A2,JHA710A2,A2,0.0,0,0,0,0,0,0,0,431.0,0
GCATGCGGTCTGGAGA-JHA710A2,JHA710A2,A2,0.0,1,0,0,0,0,0,0,919.0,0
GCATGCGGTGCACGAA-JHA710A2,JHA710A2,A2,4.473981217027462,2,1,1,1,1,0,0,346.0,0
GCATGCGTCGCATGGC-JHA710A2,JHA710A2,A2,0.0,2,0,0,0,0,0,0,1184.0,0
GCATGCGTCGCTGATA-JHA710A2,JHA710A2,A2,0.0,1,0,0,0,0,0,0,987.0,0
GCATGTAAGACGCTTT-JHA710A2,JHA710A2,A2,0.0,1,0,0,0,0,0,0,362.0,0
GCATGTACAATCGAAA-JHA710A2,JHA710A2,A2,0.0,0,0,0,0,0,0,0,456.0,0
GCATGTACAATGTTGC-JHA710A2,JHA710A2,A2,0.0,0,0,0,0,0,0,0,601.0,1
GCATGTACATGCTAGT-JHA710A2,JHA710A2,A2,0.0,1,0,0,0,0,0,0,1279.0,0
GCCTCTAAGACTGTAA-JHA710A2,JHA710A2,A2,0.0,1,0,0,0,0,0,0,534.0,0
GCCTCTACAGATGAGC-JHA710A2,JHA710A2,A2,0.0,1,0,0,0,0,0,0,426.0,0
GCCTCTATCCGTAGTA-JHA710A2,JHA710A2,A2,0.0,0,0,0,0,0,0,0,332.0,0
GCGACCAAGATCGGGT-JHA710A2,JHA710A2,A2,0.0,2,0,0,0,0,0,0,862.0,0
GCGACCAAGTGTGAAT-JHA710A2,JHA710A2,A2,0.0,1,0,0,0,0,0,0,975.0,0
GCGACCACACATAACC-JHA710A2,JHA710A2,A2,0.0,1,0,0,0,0,0,0,1305.0,0
GCGACCACAGTAAGCG-JHA710A2,JHA710A2,A2,0.0,2,0,0,0,0,0,0,698.0,0
GCGACCACATTCGACA-JHA710A2,JHA710A2,A2,2.3861601679162607,3,1,1,1,1,1,0,1013.0,0
GCGACCAGTAGCGCTC-JHA710A2,JHA710A2,A2,0.0,1,0,0,0,0,0,0,328.0,0
GCGACCAGTCGCGGTT-JHA710A2,JHA710A2,A2,0.0,2,0,0,0,0,0,0,450.0,0
GCGAGAAAGAAACCAT-JHA710A2,JHA710A2,A2,0.0,2,0,0,0,0,0,0,597.0,0
GCGAGAATCAGCAACT-JHA710A2,JHA710A2,A2,0.0,0,0,0,0,0,0,0,325.0,0
GCGAGAATCAGTGTTG-JHA710A2,JHA710A2,A2,7.898318658307023,2,1,1,1,1,0,1,1382.0,0
GCGAGAATCCCTGACT-JHA710A2,JHA710A2,A2,0.0,1,0,0,0,0,0,0,1876.0,0
GCGAGAATCGCTAGCG-JHA710A2,JHA710A2,A2,0.0,2,0,0,0,0,0,0,3669.0,1
GCGAGAATCGCTGATA-JHA710A2,JHA710A2,A2,0.0,2,0,0,0,0,0,0,670.0,0
GCGAGAATCTGTACGA-JHA710A2,JHA710A2,A2,0.0,0,0,0,0,0,0,0,417.0,0
GCGAGAATCTTGCATT-JHA710A2,JHA710A2,A2,0.0,0,0,0,0,0,0,0,382.0,0
GCGCAACAGAAGAAGC-JHA710A2,JHA710A2,A2,0.0,0,0,0,0,0,0,0,372.0,0
GCGCAACAGACAGAGA-JHA710A2,JHA710A2,A2,0.0,0,0,0,0,0,0,0,346.0,0
GCGCAACCACGAGGTA-JHA710A2,JHA710A2,A2,0.0,1,0,0,0,0,0,0,431.0,0
GCGCAACCAGCGAACA-JHA710A2,JHA710A2,A2,0.0,0,0,0,0,0,0,0,346.0,0
GCGCAACTCGCTTAGA-JHA710A2,JHA710A2,A2,0.0,0,0,0,0,0,0,0,332.0,1
GCGCAGTCAAGGGTCA-JHA710A2,JHA710A2,A2,6.621405651764134,2,1,1,1,1,0,0,400.0,0
GCGCCAAAGGCTCAGA-JHA710A2,JHA710A2,A2,0.0,0,0,0,0,0,0,0,498.0,0
GCGCCAAGTATCTGCA-JHA710A2,JHA710A2,A2,0.0,1,0,0,0,0,0,0,467.0,0
GCGCCAATCCCTAATT-JHA710A2,JHA710A2,A2,0.0,1,0,0,0,0,0,0,701.0,1
GCGCGATAGATGGGTC-JHA710A2,JHA710A2,A2,0.0,2,0,0,0,0,0,0,854.0,0
GCGCGATAGCAACGGT-JHA710A2,JHA710A2,A2,0.0,0,0,0,0,0,0,0,458.0,0
GCGCGATAGTCAATAG-JHA710A2,JHA710A2,A2,0.0,1,0,0,0,0,0,0,2308.0,0
GCGCGATCAGCTCGAC-JHA710A2,JHA710A2,A2,0.0,1,0,0,0,0,0,0,439.0,0
GCGCGATGTTAAGGGC-JHA710A2,JHA710A2,A2,0.0,0,0,0,0,0,0,0,318.0,0
GCGCGATTCCCAGGTG-JHA710A2,JHA710A2,A2,2.773526720620158,2,1,1,1,1,0,0,666.0,0
GCGCGATTCCTGTACC-JHA710A2,JHA710A2,A2,0.0,1,0,0,0,0,0,0,714.0,0
GCGGGTTAGATATGGT-JHA710A2,JHA710A2,A2,0.0,2,0,0,0,0,0,0,475.0,0
GCGGGTTAGTCCCACG-JHA710A2,JHA710A2,A2,0.0,2,0,0,0,0,0,0,828.0,1
GCGGGTTCAAGTTAAG-JHA710A2,JHA710A2,A2,0.0,0,0,0,0,0,0,0,409.0,0
GCGGGTTCACGAAATA-JHA710A2,JHA710A2,A2,0.0,1,0,0,0,0,0,0,344.0,0
GCGGGTTCAGGTGCCT-JHA710A2,JHA710A2,A2,0.0,2,0,0,0,0,0,0,1373.0,0
GCGGGTTGTCTCTCTG-JHA710A2,JHA710A2,A2,0.0,1,0,0,0,0,0,0,668.0,0
GCGGGTTTCGGCATCG-JHA710A2,JHA710A2,A2,0.0,1,0,0,0,0,0,0,875.0,0
GCTCCTAAGTCAAGGC-JHA710A2,JHA710A2,A2,0.0,3,0,0,0,0,0,0,1219.0,0
GCTCCTAAGTGGCACA-JHA710A2,JHA710A2,A2,0.0,2,0,0,0,0,0,0,888.0,0
GCTCCTACAGACAAGC-JHA710A2,JHA710A2,A2,1.536502322678595,1,1,1,0,0,0,0,2741.0,0
GCTCCTACAGACGCCT-JHA710A2,JHA710A2,A2,0.0,1,0,0,0,0,0,0,499.0,1
GCTCCTACATTGAGCT-JHA710A2,JHA710A2,A2,1.2279703302086566,1,1,1,0,0,0,0,4142.0,0
GCTCCTAGTACAGCAG-JHA710A2,JHA710A2,A2,0.0,1,0,0,0,0,0,0,349.0,1
GCTCCTAGTACGCTGC-JHA710A2,JHA710A2,A2,0.0,2,0,0,0,0,0,0,1279.0,0
GCTCCTAGTCCCTTGT-JHA710A2,JHA710A2,A2,0.0,2,0,0,0,0,0,0,851.0,0
GCTCCTAGTCCTCTTG-JHA710A2,JHA710A2,A2,0.0,3,0,0,0,0,0,0,2707.0,1
GCTCCTAGTTGGGACA-JHA710A2,JHA710A2,A2,0.0,1,0,0,0,0,0,0,343.0,0
GCTCCTATCACATAGC-JHA710A2,JHA710A2,A2,0.0,2,0,0,0,0,0,0,452.0,0
GCTCCTATCAGTACGT-JHA710A2,JHA710A2,A2,0.0,2,0,0,0,0,0,0,578.0,1
GCTCTGTGTCAGAATA-JHA710A2,JHA710A2,A2,0.0,1,0,0,0,0,0,0,575.0,0
GCTCTGTGTTACCAGT-JHA710A2,JHA710A2,A2,0.0,0,0,0,0,0,0,0,518.0,0
GCTCTGTTCACCCGAG-JHA710A2,JHA710A2,A2,0.0,1,0,0,0,0,0,0,347.0,1
GCTCTGTTCTTCATGT-JHA710A2,JHA710A2,A2,0.0,1,0,0,0,0,0,0,366.0,0
GCTGCAGAGATATACG-JHA710A2,JHA710A2,A2,0.0,1,0,0,0,0,0,0,1048.0,0
GCTGCAGAGGCAAAGA-JHA710A2,JHA710A2,A2,0.0,2,0,0,0,0,0,0,657.0,0
GCTGCAGAGGCGTACA-JHA710A2,JHA710A2,A2,0.0,3,0,0,0,0,0,0,911.0,0
GCTGCAGAGTGCCATT-JHA710A2,JHA710A2,A2,0.0,0,0,0,0,0,0,0,363.0,0
GCTGCAGGTTGGTAAA-JHA710A2,JHA710A2,A2,7.901032713312405,2,1,1,1,1,0,1,967.0,0
GCTGCGACACATCCGG-JHA710A2,JHA710A2,A2,0.0,1,0,0,0,0,0,0,705.0,0
GCTGCGACATCTGGTA-JHA710A2,JHA710A2,A2,0.0,2,0,0,0,0,0,0,567.0,0
GCTGCGAGTGCCTGCA-JHA710A2,JHA710A2,A2,0.0,0,0,0,0,0,0,0,518.0,0
GCTGCTTAGCGATTCT-JHA710A2,JHA710A2,A2,0.0,1,0,0,0,0,0,0,666.0,0
GCTGCTTTCTCCAGGG-JHA710A2,JHA710A2,A2,4.9976096510791,2,1,1,1,1,0,0,680.0,0
GCTGCTTTCTCTTATG-JHA710A2,JHA710A2,A2,0.0,1,0,0,0,0,0,0,331.0,0
GCTGCTTTCTGCAGTA-JHA710A2,JHA710A2,A2,8.000517701233925,2,1,1,1,1,0,1,919.0,0
GCTGGGTAGAAACCGC-JHA710A2,JHA710A2,A2,0.0,1,0,0,0,0,0,0,536.0,0
GCTGGGTAGCGATAGC-JHA710A2,JHA710A2,A2,0.0,0,0,0,0,0,0,0,480.0,0
GCTGGGTAGGCCCGTT-JHA710A2,JHA710A2,A2,0.0,2,0,0,0,0,0,0,1539.0,0
GCTGGGTCAGATAATG-JHA710A2,JHA710A2,A2,0.0,0,0,0,0,0,0,0,430.0,0
GCTGGGTCATAACCTG-JHA710A2,JHA710A2,A2,3.0794706653115114,1,1,1,0,0,0,0,482.0,0
GCTGGGTCATTACGAC-JHA710A2,JHA710A2,A2,0.0,2,0,0,0,0,0,0,1336.0,0
GCTGGGTTCTGCTGCT-JHA710A2,JHA710A2,A2,0.0,0,0,0,0,0,0,0,1966.0,0
GCTGGGTTCTTGAGGT-JHA710A2,JHA710A2,A2,0.0,2,0,0,0,0,0,0,1280.0,0
GCTTCCAGTACTTAGC-JHA710A2,JHA710A2,A2,0.0,2,0,0,0,0,0,0,464.0,0
GCTTCCATCCAAGTAC-JHA710A2,JHA710A2,A2,0.0,2,0,0,0,0,0,0,682.0,0
GCTTGAAAGATGTTAG-JHA710A2,JHA710A2,A2,0.0,1,0,0,0,0,0,0,389.0,0
GCTTGAAAGTGAACGC-JHA710A2,JHA710A2,A2,0.0,1,0,0,0,0,0,0,987.0,0
GCTTGAAGTGCACCAC-JHA710A2,JHA710A2,A2,0.0,0,0,0,0,0,0,0,359.0,0
GCTTGAATCATGTCCC-JHA710A2,JHA710A2,A2,0.0,1,0,0,0,0,0,0,348.0,0
GGAAAGCCACATCCGG-JHA710A2,JHA710A2,A2,6.857578099758718,2,1,1,1,1,0,0,821.0,0
GGAAAGCGTCTGCAAT-JHA710A2,JHA710A2,A2,0.0,1,0,0,0,0,0,0,396.0,0
GGAACTTAGCACCGTC-JHA710A2,JHA710A2,A2,0.0,2,0,0,0,0,0,0,426.0,0
GGAACTTAGTTAGGTA-JHA710A2,JHA710A2,A2,0.0,1,0,0,0,0,0,0,869.0,0
GGAACTTCAGTCGTGC-JHA710A2,JHA710A2,A2,0.0,2,0,0,0,0,0,0,706.0,1
GGAACTTCATGTAAGA-JHA710A2,JHA710A2,A2,0.0,0,0,0,0,0,0,0,589.0,0
GGAACTTGTAGATTAG-JHA710A2,JHA710A2,A2,0.0,0,0,0,0,0,0,0,1333.0,0
GGAACTTGTCGCTTTC-JHA710A2,JHA710A2,A2,0.0,2,0,0,0,0,0,0,677.0,0
GGAACTTGTCTGGAGA-JHA710A2,JHA710A2,A2,0.0,1,0,0,0,0,0,0,325.0,0
GGAATAAAGCTAGTCT-JHA710A2,JHA710A2,A2,0.0,1,0,0,0,0,0,0,333.0,0
GGAATAACACAAGCCC-JHA710A2,JHA710A2,A2,0.0,2,0,0,0,0,0,0,471.0,0
GGAATAAGTTAAGAAC-JHA710A2,JHA710A2,A2,0.0,2,0,0,0,0,0,0,1056.0,0
GGACAAGAGGAATTAC-JHA710A2,JHA710A2,A2,0.0,1,0,0,0,0,0,0,479.0,1
GGACAAGAGTTAGCGG-JHA710A2,JHA710A2,A2,0.0,0,0,0,0,0,0,0,317.0,0
GGACAAGCACCAGATT-JHA710A2,JHA710A2,A2,0.0,0,0,0,0,0,0,0,336.0,0
GGACAAGGTCTAAACC-JHA710A2,JHA710A2,A2,0.0,2,0,0,0,0,0,0,944.0,0
GGACAAGTCAGTCAGT-JHA710A2,JHA710A2,A2,0.0,0,0,0,0,0,0,0,360.0,0
GGACAGACACCAGCAC-JHA710A2,JHA710A2,A2,0.0,0,0,0,0,0,0,0,943.0,1
GGACAGACAGCCTGTG-JHA710A2,JHA710A2,A2,0.0,0,0,0,0,0,0,0,506.0,1
GGACAGACATATACCG-JHA710A2,JHA710A2,A2,0.0,2,0,0,0,0,0,0,701.0,0
GGACAGACATTCGACA-JHA710A2,JHA710A2,A2,0.0,0,0,0,0,0,0,0,406.0,0
GGACAGAGTGCAGACA-JHA710A2,JHA710A2,A2,0.0,0,0,0,0,0,0,0,443.0,1
GGACAGATCCAGTATG-JHA710A2,JHA710A2,A2,0.0,2,0,0,0,0,0,0,546.0,0
GGACAGATCGCGGATC-JHA710A2,JHA710A2,A2,0.0,2,0,0,0,0,0,0,910.0,0
GGACATTAGAACAACT-JHA710A2,JHA710A2,A2,0.0,1,0,0,0,0,0,0,1269.0,1
GGACATTAGAGGGCTT-JHA710A2,JHA710A2,A2,0.0,0,0,0,0,0,0,0,374.0,0
GGACATTCAATGAATG-JHA710A2,JHA710A2,A2,0.0,1,0,0,0,0,0,0,402.0,0
GGACGTCAGGCATGTG-JHA710A2,JHA710A2,A2,0.0,2,0,0,0,0,0,0,331.0,0
GGACGTCCAAGCGATG-JHA710A2,JHA710A2,A2,0.0,1,0,0,0,0,0,0,462.0,0
GGACGTCGTCTGCGGT-JHA710A2,JHA710A2,A2,0.0,1,0,0,0,0,0,0,443.0,0
GGACGTCGTGCCTGCA-JHA710A2,JHA710A2,A2,0.0,0,0,0,0,0,0,0,319.0,1
GGAGCAAAGAATGTTG-JHA710A2,JHA710A2,A2,0.0,1,0,0,0,0,0,0,427.0,0
GGAGCAAAGGATATAC-JHA710A2,JHA710A2,A2,0.0,1,0,0,0,0,0,0,368.0,0
GGAGCAACAATAGCGG-JHA710A2,JHA710A2,A2,0.0,0,0,0,0,0,0,0,556.0,0
GGAGCAACATACTACG-JHA710A2,JHA710A2,A2,0.0,2,0,0,0,0,0,0,437.0,0
GGAGCAACATGTCGAT-JHA710A2,JHA710A2,A2,0.0,0,0,0,0,0,0,0,505.0,0
GGAGCAATCCGCGGTA-JHA710A2,JHA710A2,A2,0.0,0,0,0,0,0,0,0,397.0,0
GGATGTTCATCCCACT-JHA710A2,JHA710A2,A2,1.8141904744450241,1,1,1,0,0,0,0,1947.0,0
GGATGTTCATCCGCGA-JHA710A2,JHA710A2,A2,0.0,0,0,0,0,0,0,0,453.0,0
GGATGTTGTAGCCTAT-JHA710A2,JHA710A2,A2,2.9360466621119823,2,1,1,1,1,0,0,1121.0,0
GGATTACAGCTTTGGT-JHA710A2,JHA710A2,A2,0.0,1,0,0,0,0,0,0,1067.0,0
GGATTACCAAACAACA-JHA710A2,JHA710A2,A2,0.0,2,0,0,0,0,0,0,2573.0,0
GGATTACCAATGCCAT-JHA710A2,JHA710A2,A2,0.0,3,0,0,0,0,0,0,444.0,0
GGATTACCAGGATTGG-JHA710A2,JHA710A2,A2,0.0,2,0,0,0,0,0,0,973.0,0
GGATTACGTATAGGTA-JHA710A2,JHA710A2,A2,0.0,2,0,0,0,0,0,0,838.0,0
GGATTACGTTCAGGCC-JHA710A2,JHA710A2,A2,0.0,0,0,0,0,0,0,0,419.0,1
GGATTACTCAGCGACC-JHA710A2,JHA710A2,A2,0.0,2,0,0,0,0,0,0,694.0,0
GGATTACTCCCATTTA-JHA710A2,JHA710A2,A2,0.0,0,0,0,0,0,0,0,708.0,0
GGATTACTCCTGTAGA-JHA710A2,JHA710A2,A2,0.0,2,0,0,0,0,0,0,931.0,0
GGCAATTGTGTTTGGT-JHA710A2,JHA710A2,A2,0.0,0,0,0,0,0,0,0,330.0,0
GGCAATTTCACTCTTA-JHA710A2,JHA710A2,A2,0.0,1,0,0,0,0,0,0,816.0,0
GGCAATTTCTACGAGT-JHA710A2,JHA710A2,A2,0.0,1,0,0,0,0,0,0,481.0,0
GGCCGATAGCCAGTAG-JHA710A2,JHA710A2,A2,0.0,1,0,0,0,0,0,0,706.0,0
GGCCGATAGGGAAACA-JHA710A2,JHA710A2,A2,0.0,1,0,0,0,0,0,0,789.0,0
GGCCGATAGGGAACGG-JHA710A2,JHA710A2,A2,0.0,1,0,0,0,0,0,0,367.0,0
GGCCGATCACGTGAGA-JHA710A2,JHA710A2,A2,0.0,0,0,0,0,0,0,0,741.0,0
GGCCGATTCATTCACT-JHA710A2,JHA710A2,A2,0.0,1,0,0,0,0,0,0,454.0,0
GGCCGATTCCTCAACC-JHA710A2,JHA710A2,A2,0.0,1,0,0,0,0,0,0,375.0,1
GGCGACTCACCAGTTA-JHA710A2,JHA710A2,A2,0.0,2,0,0,0,0,0,0,956.0,0
GGCGACTCAGTAACGG-JHA710A2,JHA710A2,A2,0.0,1,0,0,0,0,0,0,949.0,0
GGCGACTGTCACCCAG-JHA710A2,JHA710A2,A2,0.0,2,0,0,0,0,0,0,1937.0,0
GGCGTGTCACCAGATT-JHA710A2,JHA710A2,A2,0.0,1,0,0,0,0,0,0,383.0,0
GGCGTGTCAGGACGTA-JHA710A2,JHA710A2,A2,0.0,2,0,0,0,0,0,0,1720.0,0
GGCGTGTGTTAGAACA-JHA710A2,JHA710A2,A2,0.0,2,0,0,0,0,0,0,2880.0,0
GGCGTGTTCAGGTAAA-JHA710A2,JHA710A2,A2,0.0,0,0,0,0,0,0,0,435.0,0
GGCGTGTTCCGCATCT-JHA710A2,JHA710A2,A2,0.0,2,0,0,0,0,0,0,551.0,0
GGCTCGAAGCGCTTAT-JHA710A2,JHA710A2,A2,0.0,0,0,0,0,0,0,0,363.0,0
GGCTCGACACTTGGAT-JHA710A2,JHA710A2,A2,0.0,0,0,0,0,0,0,0,451.0,0
GGCTCGAGTACCGAGA-JHA710A2,JHA710A2,A2,0.0,0,0,0,0,0,0,0,346.0,0
GGCTCGATCCTTGCCA-JHA710A2,JHA710A2,A2,0.0,0,0,0,0,0,0,0,514.0,0
GGCTGGTAGCAACGGT-JHA710A2,JHA710A2,A2,0.0,2,0,0,0,0,0,0,539.0,0
GGCTGGTCAAGCCTAT-JHA710A2,JHA710A2,A2,0.0,0,0,0,0,0,0,0,386.0,0
GGCTGGTGTACTCTCC-JHA710A2,JHA710A2,A2,0.0,2,0,0,0,0,0,0,339.0,0
GGCTGGTTCACCAGGC-JHA710A2,JHA710A2,A2,0.0,3,0,0,0,0,0,0,1174.0,0
GGCTGGTTCAGTGTTG-JHA710A2,JHA710A2,A2,0.0,1,0,0,0,0,0,0,743.0,0
GGCTGGTTCGGAATCT-JHA710A2,JHA710A2,A2,4.027071973285664,1,1,1,0,0,0,0,726.0,0
GGGAATGAGATCCGAG-JHA710A2,JHA710A2,A2,0.0,0,0,0,0,0,0,0,434.0,1
GGGAATGAGGCCGAAT-JHA710A2,JHA710A2,A2,0.0,0,0,0,0,0,0,0,326.0,0
GGGAATGCACACAGAG-JHA710A2,JHA710A2,A2,0.0,2,0,0,0,0,0,0,2261.0,0
GGGAATGCATAAGACA-JHA710A2,JHA710A2,A2,2.806512953803425,0,1,0,0,0,0,0,643.0,1
GGGAATGGTGCAACTT-JHA710A2,JHA710A2,A2,0.0,1,0,0,0,0,0,0,1217.0,0
GGGAATGTCATGTGGT-JHA710A2,JHA710A2,A2,0.0,0,0,0,0,0,0,0,396.0,0
GGGACCTAGCCGTCGT-JHA710A2,JHA710A2,A2,0.0,2,0,0,0,0,0,0,485.0,0
GGGACCTAGCTCAACT-JHA710A2,JHA710A2,A2,2.978419082352315,2,1,1,1,1,0,0,536.0,0
GGGACCTCATGCAATC-JHA710A2,JHA710A2,A2,0.0,1,0,0,0,0,0,0,908.0,0
GGGACCTTCTTGCAAG-JHA710A2,JHA710A2,A2,0.0,3,0,0,0,0,0,0,1730.0,0
GGGAGATCAGTACACT-JHA710A2,JHA710A2,A2,0.0,2,0,0,0,0,0,0,873.0,0
GGGAGATCATCGGACC-JHA710A2,JHA710A2,A2,0.0,0,0,0,0,0,0,0,491.0,0
GGGAGATGTCGAATCT-JHA710A2,JHA710A2,A2,0.0,1,0,0,0,0,0,0,1065.0,1
GGGAGATGTTACCAGT-JHA710A2,JHA710A2,A2,0.0,0,0,0,0,0,0,0,471.0,0
GGGAGATTCTTTAGGG-JHA710A2,JHA710A2,A2,0.0,2,0,0,0,0,0,0,2285.0,0
GGGATGAAGGCAATTA-JHA710A2,JHA710A2,A2,0.0,0,0,0,0,0,0,0,325.0,0
GGGATGACAAGGCTCC-JHA710A2,JHA710A2,A2,0.0,1,0,0,0,0,0,0,462.0,0
GGGATGACAAGGTTCT-JHA710A2,JHA710A2,A2,0.0,0,0,0,0,0,0,0,475.0,1
GGGATGACACATGTGT-JHA710A2,JHA710A2,A2,0.0,2,0,0,0,0,0,0,356.0,0
GGGATGAGTACTCGCG-JHA710A2,JHA710A2,A2,0.0,0,0,0,0,0,0,0,593.0,1
GGGATGAGTGGAAAGA-JHA710A2,JHA710A2,A2,0.0,2,0,0,0,0,0,0,562.0,0
GGGATGAGTTATGCGT-JHA710A2,JHA710A2,A2,0.0,1,0,0,0,0,0,0,657.0,0
GGGCACTCACCTTGTC-JHA710A2,JHA710A2,A2,0.0,0,0,0,0,0,0,0,574.0,0
GGGCACTCATCCAACA-JHA710A2,JHA710A2,A2,0.0,2,0,0,0,0,0,0,675.0,0
GGGCACTCATCCTTGC-JHA710A2,JHA710A2,A2,0.0,1,0,0,0,0,0,0,2501.0,0
GGGCACTCATCGGTTA-JHA710A2,JHA710A2,A2,0.0,1,0,0,0,0,0,0,487.0,0
GGGCACTGTGTGCCTG-JHA710A2,JHA710A2,A2,0.0,1,0,0,0,0,0,0,819.0,1
GGGCACTTCCTAGTGA-JHA710A2,JHA710A2,A2,0.0,0,0,0,0,0,0,0,348.0,0
GGGCATCAGAGCTTCT-JHA710A2,JHA710A2,A2,0.0,1,0,0,0,0,0,0,321.0,0
GGGCATCCATGGAATA-JHA710A2,JHA710A2,A2,0.0,1,0,0,0,0,0,0,460.0,0
GGGCATCGTAGCGTAG-JHA710A2,JHA710A2,A2,0.0,0,0,0,0,0,0,0,392.0,0
GGGTCTGAGTGACTCT-JHA710A2,JHA710A2,A2,0.0,1,0,0,0,0,0,0,893.0,0
GGGTCTGCACATCCGG-JHA710A2,JHA710A2,A2,0.0,2,0,0,0,0,0,0,872.0,0
GGGTCTGCAGTAACGG-JHA710A2,JHA710A2,A2,1.4009463598122258,2,1,1,1,1,0,0,3269.0,0
GGGTCTGGTCGAGATG-JHA710A2,JHA710A2,A2,0.0,0,0,0,0,0,0,0,542.0,0
GGGTCTGGTGAGGGTT-JHA710A2,JHA710A2,A2,0.0,2,0,0,0,0,0,0,622.0,1
GGGTCTGTCTCTTATG-JHA710A2,JHA710A2,A2,0.0,2,0,0,0,0,0,0,799.0,0
GGGTCTGTCTGAGTGT-JHA710A2,JHA710A2,A2,0.0,1,0,0,0,0,0,0,1105.0,0
GGGTCTGTCTTCTGGC-JHA710A2,JHA710A2,A2,0.0,2,0,0,0,0,0,0,416.0,0
GGGTTGCAGGATTCGG-JHA710A2,JHA710A2,A2,0.0,1,0,0,0,0,0,0,346.0,1
GGGTTGCGTCGAACAG-JHA710A2,JHA710A2,A2,0.0,1,0,0,0,0,0,0,326.0,0
GGGTTGCGTCTGGTCG-JHA710A2,JHA710A2,A2,0.0,2,0,0,0,0,0,0,746.0,0
GGGTTGCTCATGCAAC-JHA710A2,JHA710A2,A2,0.0,1,0,0,0,0,0,0,897.0,1
GGTATTGAGCTAGCCC-JHA710A2,JHA710A2,A2,0.0,2,0,0,0,0,0,0,2981.0,1
GGTATTGAGGGTGTTG-JHA710A2,JHA710A2,A2,0.0,0,0,0,0,0,0,0,345.0,0
GGTATTGAGTGTGAAT-JHA710A2,JHA710A2,A2,0.0,3,0,0,0,0,0,0,424.0,0
GGTATTGCACAGATTC-JHA710A2,JHA710A2,A2,0.0,2,0,0,0,0,0,0,737.0,0
GGTATTGCACCGAATT-JHA710A2,JHA710A2,A2,0.0,0,0,0,0,0,0,0,338.0,0
GGTATTGCATACGCCG-JHA710A2,JHA710A2,A2,0.0,2,0,0,0,0,0,0,493.0,0
GGTATTGGTTTGCATG-JHA710A2,JHA710A2,A2,0.0,0,0,0,0,0,0,0,412.0,0
GGTATTGTCAACACTG-JHA710A2,JHA710A2,A2,0.0,1,0,0,0,0,0,0,718.0,0
GGTGAAGAGTGATCGG-JHA710A2,JHA710A2,A2,0.0,2,0,0,0,0,0,0,1708.0,1
GGTGAAGGTCGTGGCT-JHA710A2,JHA710A2,A2,0.0,1,0,0,0,0,0,0,876.0,0
GGTGAAGGTTGATTCG-JHA710A2,JHA710A2,A2,0.0,2,0,0,0,0,0,0,1336.0,0
GGTGCGTAGATAGTCA-JHA710A2,JHA710A2,A2,0.0,1,0,0,0,0,0,0,758.0,0
GGTGCGTCACACGCTG-JHA710A2,JHA710A2,A2,0.0,1,0,0,0,0,0,0,655.0,1
GGTGCGTCACAGAGGT-JHA710A2,JHA710A2,A2,0.0,0,0,0,0,0,0,0,1043.0,0
GGTGCGTCATTCACTT-JHA710A2,JHA710A2,A2,0.0,1,0,0,0,0,0,0,712.0,0
GGTGCGTTCAGGCCCA-JHA710A2,JHA710A2,A2,0.0,2,0,0,0,0,0,0,981.0,0
GGTGCGTTCGGTCCGA-JHA710A2,JHA710A2,A2,0.0,0,0,0,0,0,0,0,502.0,0
GGTGCGTTCTCTGTCG-JHA710A2,JHA710A2,A2,0.0,2,0,0,0,0,0,0,2887.0,0
GGTGTTACAATGTTGC-JHA710A2,JHA710A2,A2,0.0,2,0,0,0,0,0,0,1372.0,0
GGTGTTACATCCCACT-JHA710A2,JHA710A2,A2,2.7417291832602873,2,1,1,1,1,0,0,689.0,0
GGTGTTACATTATCTC-JHA710A2,JHA710A2,A2,0.0,1,0,0,0,0,0,0,410.0,0
GGTGTTAGTTTAAGCC-JHA710A2,JHA710A2,A2,2.3493420473813797,3,1,1,1,1,1,0,1055.0,1
GGTGTTATCATCGCTC-JHA710A2,JHA710A2,A2,0.0,1,0,0,0,0,0,0,383.0,0
GGTGTTATCCCACTTG-JHA710A2,JHA710A2,A2,0.0,1,0,0,0,0,0,0,504.0,0
GGTGTTATCGTTGACA-JHA710A2,JHA710A2,A2,0.0,1,0,0,0,0,0,0,824.0,0
GGTGTTATCTGCCCTA-JHA710A2,JHA710A2,A2,0.0,1,0,0,0,0,0,0,2290.0,0
GGTGTTATCTGGTGTA-JHA710A2,JHA710A2,A2,0.0,2,0,0,0,0,0,0,1283.0,0
GTAACGTAGAAGGTGA-JHA710A2,JHA710A2,A2,3.299890143122808,1,1,1,0,0,0,0,383.0,0
GTAACGTAGCCTATGT-JHA710A2,JHA710A2,A2,0.0,1,0,0,0,0,0,0,354.0,0
GTAACGTCAACGATCT-JHA710A2,JHA710A2,A2,2.6225934028912694,1,1,1,0,0,0,0,783.0,0
GTAACTGAGCAATATG-JHA710A2,JHA710A2,A2,0.0,2,0,0,0,0,0,0,778.0,0
GTAACTGAGGGAGTAA-JHA710A2,JHA710A2,A2,0.0,0,0,0,0,0,0,0,394.0,1
GTAACTGGTGACGGTA-JHA710A2,JHA710A2,A2,0.0,0,0,0,0,0,0,0,392.0,1
GTAACTGGTTACGGAG-JHA710A2,JHA710A2,A2,0.0,2,0,0,0,0,0,0,406.0,0
GTAACTGTCACAATGC-JHA710A2,JHA710A2,A2,0.0,0,0,0,0,0,0,0,406.0,1
GTAACTGTCGTCCGTT-JHA710A2,JHA710A2,A2,0.0,0,0,0,0,0,0,0,831.0,0
GTAACTGTCGTCGTTC-JHA710A2,JHA710A2,A2,0.0,1,0,0,0,0,0,0,1599.0,0
GTACGTAAGCGCCTTG-JHA710A2,JHA710A2,A2,0.0,0,0,0,0,0,0,0,841.0,0
GTACGTAAGGGCTTGA-JHA710A2,JHA710A2,A2,0.0,0,0,0,0,0,0,0,331.0,0
GTACGTAAGTGATCGG-JHA710A2,JHA710A2,A2,0.0,3,0,0,0,0,0,0,746.0,0
GTACGTACACTGCCAG-JHA710A2,JHA710A2,A2,0.0,1,0,0,0,0,0,0,372.0,0
GTACGTACACTTAACG-JHA710A2,JHA710A2,A2,0.0,0,0,0,0,0,0,0,316.0,0
GTACGTAGTAAGGATT-JHA710A2,JHA710A2,A2,0.0,2,0,0,0,0,0,0,727.0,0
GTACGTAGTACGAAAT-JHA710A2,JHA710A2,A2,0.0,1,0,0,0,0,0,0,418.0,0
GTACGTAGTATAAACG-JHA710A2,JHA710A2,A2,0.0,1,0,0,0,0,0,0,418.0,0
GTACGTAGTTATCCGA-JHA710A2,JHA710A2,A2,0.0,0,0,0,0,0,0,0,381.0,0
GTACGTATCGATAGAA-JHA710A2,JHA710A2,A2,0.0,2,0,0,0,0,0,0,1400.0,0
GTACTCCGTGGAAAGA-JHA710A2,JHA710A2,A2,0.0,0,0,0,0,0,0,0,620.0,0
GTACTCCTCCAAGTAC-JHA710A2,JHA710A2,A2,0.0,0,0,0,0,0,0,0,414.0,1
GTACTCCTCCGTACAA-JHA710A2,JHA710A2,A2,0.0,1,0,0,0,0,0,0,955.0,0
GTACTTTAGAGCCTAG-JHA710A2,JHA710A2,A2,0.0,0,0,0,0,0,0,0,670.0,1
GTACTTTAGCGATTCT-JHA710A2,JHA710A2,A2,2.818280728741646,2,1,1,1,1,0,0,635.0,0
GTACTTTAGCTCCCAG-JHA710A2,JHA710A2,A2,0.0,2,0,0,0,0,0,0,2975.0,0
GTACTTTGTCTTTCAT-JHA710A2,JHA710A2,A2,0.0,3,0,0,0,0,0,0,1432.0,0
GTACTTTGTTGATTGC-JHA710A2,JHA710A2,A2,0.0,2,0,0,0,0,0,0,404.0,0
GTACTTTTCCTAGAAC-JHA710A2,JHA710A2,A2,0.0,1,0,0,0,0,0,0,870.0,0
GTACTTTTCTTTCCTC-JHA710A2,JHA710A2,A2,0.0,1,0,0,0,0,0,0,1415.0,0
GTAGGCCAGCGTAGTG-JHA710A2,JHA710A2,A2,5.688188639443968,2,1,1,1,1,0,0,1223.0,0
GTAGGCCCATCGATTG-JHA710A2,JHA710A2,A2,0.0,1,0,0,0,0,0,0,360.0,0
GTAGGCCGTCGCATCG-JHA710A2,JHA710A2,A2,0.0,1,0,0,0,0,0,0,1128.0,0
GTAGGCCTCAACGGGA-JHA710A2,JHA710A2,A2,0.0,1,0,0,0,0,0,0,339.0,0
GTAGGCCTCTCTTATG-JHA710A2,JHA710A2,A2,0.0,0,0,0,0,0,0,0,329.0,0
GTAGTCAAGGGCATGT-JHA710A2,JHA710A2,A2,0.0,2,0,0,0,0,0,0,1202.0,0
GTAGTCACAAGCTGTT-JHA710A2,JHA710A2,A2,0.0,1,0,0,0,0,0,0,507.0,1
GTAGTCACACAACTGT-JHA710A2,JHA710A2,A2,0.0,1,0,0,0,0,0,0,332.0,0
GTAGTCACAGCCAGAA-JHA710A2,JHA710A2,A2,0.0,2,0,0,0,0,0,0,516.0,0
GTAGTCACAGGCTCAC-JHA710A2,JHA710A2,A2,0.0,2,0,0,0,0,0,0,639.0,1
GTAGTCAGTCCAGTTA-JHA710A2,JHA710A2,A2,0.0,1,0,0,0,0,0,0,1112.0,0
GTAGTCATCACATGCA-JHA710A2,JHA710A2,A2,0.0,1,0,0,0,0,0,0,786.0,0
GTAGTCATCCCAAGAT-JHA710A2,JHA710A2,A2,0.0,1,0,0,0,0,0,0,467.0,0
GTATCTTGTATTCTCT-JHA710A2,JHA710A2,A2,0.0,2,0,0,0,0,0,0,646.0,0
GTATCTTGTCACAAGG-JHA710A2,JHA710A2,A2,0.0,0,0,0,0,0,0,0,357.0,0
GTATCTTTCACTCTTA-JHA710A2,JHA710A2,A2,0.0,1,0,0,0,0,0,0,384.0,0
GTATTCTAGATGTCGG-JHA710A2,JHA710A2,A2,0.0,2,0,0,0,0,0,0,368.0,0
GTATTCTCAAGTCTAC-JHA710A2,JHA710A2,A2,0.0,0,0,0,0,0,0,0,475.0,0
GTATTCTCAATGGACG-JHA710A2,JHA710A2,A2,0.0,1,0,0,0,0,0,0,375.0,0
GTATTCTCACTTGGAT-JHA710A2,JHA710A2,A2,0.0,3,0,0,0,0,0,0,992.0,0
GTATTCTCATACGCCG-JHA710A2,JHA710A2,A2,0.0,3,0,0,0,0,0,0,2325.0,0
GTATTCTCATTAGCCA-JHA710A2,JHA710A2,A2,0.0,1,0,0,0,0,0,0,780.0,0
GTATTCTGTGTTCGAT-JHA710A2,JHA710A2,A2,3.9060310635720183,2,1,1,1,1,0,0,616.0,0
GTCAAGTAGCTAAGAT-JHA710A2,JHA710A2,A2,3.2181081441856474,0,1,0,0,0,0,0,417.0,0
GTCAAGTCAGATGAGC-JHA710A2,JHA710A2,A2,0.0,2,0,0,0,0,0,0,785.0,0
GTCAAGTTCCACGCAG-JHA710A2,JHA710A2,A2,0.0,3,0,0,0,0,0,0,2142.0,1
GTCACAAAGACTGTAA-JHA710A2,JHA710A2,A2,0.0,0,0,0,0,0,0,0,353.0,0
GTCACAAAGCCCAACC-JHA710A2,JHA710A2,A2,0.0,0,0,0,0,0,0,0,585.0,0
GTCACAACAAAGGCGT-JHA710A2,JHA710A2,A2,0.0,0,0,0,0,0,0,0,1647.0,0
GTCACAACAACGATCT-JHA710A2,JHA710A2,A2,0.0,1,0,0,0,0,0,0,1239.0,0
GTCACAAGTACCTACA-JHA710A2,JHA710A2,A2,0.0,1,0,0,0,0,0,0,1490.0,0
GTCACAATCAACCAAC-JHA710A2,JHA710A2,A2,0.0,2,0,0,0,0,0,0,540.0,0
GTCACGGAGAAACCGC-JHA710A2,JHA710A2,A2,0.0,1,0,0,0,0,0,0,1184.0,0
GTCACGGCATCGTCGG-JHA710A2,JHA710A2,A2,0.0,2,0,0,0,0,0,0,1199.0,0
GTCACGGTCGCGATCG-JHA710A2,JHA710A2,A2,0.0,2,0,0,0,0,0,0,1116.0,0
GTCACGGTCGGAAACG-JHA710A2,JHA710A2,A2,0.0,0,0,0,0,0,0,0,333.0,0
GTCATTTCAATAAGCA-JHA710A2,JHA710A2,A2,0.0,0,0,0,0,0,0,0,782.0,0
GTCATTTCACATGGGA-JHA710A2,JHA710A2,A2,0.0,1,0,0,0,0,0,0,1145.0,0
GTCATTTGTCAAAGCG-JHA710A2,JHA710A2,A2,0.0,1,0,0,0,0,0,0,524.0,0
GTCATTTGTCCGTCAG-JHA710A2,JHA710A2,A2,0.0,2,0,0,0,0,0,0,792.0,0
GTCATTTGTCTCGTTC-JHA710A2,JHA710A2,A2,0.0,2,0,0,0,0,0,0,571.0,0
GTCATTTGTCTTGATG-JHA710A2,JHA710A2,A2,0.0,2,0,0,0,0,0,0,577.0,0
GTCATTTTCAAACCAC-JHA710A2,JHA710A2,A2,0.0,1,0,0,0,0,0,0,350.0,0
GTCCTCAAGTGGTCCC-JHA710A2,JHA710A2,A2,0.0,2,0,0,0,0,0,0,1227.0,0
GTCCTCACAACACGCC-JHA710A2,JHA710A2,A2,0.0,1,0,0,0,0,0,0,419.0,0
GTCCTCACACCACGTG-JHA710A2,JHA710A2,A2,0.0,0,0,0,0,0,0,0,323.0,1
GTCCTCAGTGAGGGTT-JHA710A2,JHA710A2,A2,0.0,2,0,0,0,0,0,0,432.0,0
GTCCTCATCGGCATCG-JHA710A2,JHA710A2,A2,0.0,0,0,0,0,0,0,0,1044.0,0
GTCCTCATCGGTCCGA-JHA710A2,JHA710A2,A2,0.0,3,0,0,0,0,0,0,1594.0,0
GTCGGGTAGGAGCGAG-JHA710A2,JHA710A2,A2,0.0,1,0,0,0,0,0,0,502.0,0
GTCGGGTAGTGGTAGC-JHA710A2,JHA710A2,A2,0.0,0,0,0,0,0,0,0,539.0,0
GTCGGGTGTAGTACCT-JHA710A2,JHA710A2,A2,0.0,1,0,0,0,0,0,0,393.0,0
GTCGGGTTCTCGCTTG-JHA710A2,JHA710A2,A2,0.0,1,0,0,0,0,0,0,397.0,0
GTCGTAAAGACCACGA-JHA710A2,JHA710A2,A2,0.0,0,0,0,0,0,0,0,495.0,0
GTCGTAAAGGCGACAT-JHA710A2,JHA710A2,A2,0.0,0,0,0,0,0,0,0,324.0,0
GTCGTAACAAAGCGGT-JHA710A2,JHA710A2,A2,0.0,0,0,0,0,0,0,0,379.0,0
GTCGTAACAACTTGAC-JHA710A2,JHA710A2,A2,0.0,2,0,0,0,0,0,0,666.0,1
GTCGTAACAGTAGAGC-JHA710A2,JHA710A2,A2,0.0,1,0,0,0,0,0,0,1669.0,0
GTCGTAACATCCTTGC-JHA710A2,JHA710A2,A2,0.0,2,0,0,0,0,0,0,714.0,0
GTCGTAAGTTTAAGCC-JHA710A2,JHA710A2,A2,0.0,0,0,0,0,0,0,0,463.0,0
GTCGTAATCACAATGC-JHA710A2,JHA710A2,A2,0.0,2,0,0,0,0,0,0,499.0,0
GTCGTAATCATGTCTT-JHA710A2,JHA710A2,A2,0.0,2,0,0,0,0,0,0,1163.0,0
GTCGTAATCGCGATCG-JHA710A2,JHA710A2,A2,0.0,1,0,0,0,0,0,0,378.0,0
GTCGTAATCGTAGGTT-JHA710A2,JHA710A2,A2,0.0,0,0,0,0,0,0,0,601.0,0
GTCTCGTAGTTGCAGG-JHA710A2,JHA710A2,A2,0.0,2,0,0,0,0,0,0,899.0,0
GTCTCGTCAAGCCTAT-JHA710A2,JHA710A2,A2,0.0,2,0,0,0,0,0,0,317.0,0
GTCTCGTCAGGGATTG-JHA710A2,JHA710A2,A2,0.0,2,0,0,0,0,0,0,573.0,0
GTCTCGTGTACAGTGG-JHA710A2,JHA710A2,A2,0.0,0,0,0,0,0,0,0,400.0,0
GTCTCGTGTTCCCTTG-JHA710A2,JHA710A2,A2,0.0,1,0,0,0,0,0,0,409.0,0
GTCTCGTTCTACTATC-JHA710A2,JHA710A2,A2,0.0,0,0,0,0,0,0,0,678.0,0
GTCTTCGAGATGCGAC-JHA710A2,JHA710A2,A2,0.0,2,0,0,0,0,0,0,687.0,0
GTCTTCGCACGACGAA-JHA710A2,JHA710A2,A2,0.0,2,0,0,0,0,0,0,3851.0,0
GTCTTCGCATGTCGAT-JHA710A2,JHA710A2,A2,0.0,0,0,0,0,0,0,0,331.0,0
GTCTTCGGTAACGTTC-JHA710A2,JHA710A2,A2,0.0,0,0,0,0,0,0,0,930.0,0
GTCTTCGGTAGCACGA-JHA710A2,JHA710A2,A2,0.0,1,0,0,0,0,0,0,374.0,0
GTGAAGGAGATCGGGT-JHA710A2,JHA710A2,A2,0.0,0,0,0,0,0,0,0,333.0,0
GTGAAGGAGTACTTGC-JHA710A2,JHA710A2,A2,0.0,0,0,0,0,0,0,0,365.0,1
GTGAAGGCACCAGATT-JHA710A2,JHA710A2,A2,0.0,1,0,0,0,0,0,0,397.0,0
GTGAAGGCACCGCTAG-JHA710A2,JHA710A2,A2,0.0,2,0,0,0,0,0,0,640.0,0
GTGAAGGCAGACAGGT-JHA710A2,JHA710A2,A2,0.0,0,0,0,0,0,0,0,383.0,0
GTGAAGGGTCTAGCGC-JHA710A2,JHA710A2,A2,0.0,2,0,0,0,0,0,0,404.0,1
GTGAAGGGTTCAGCGC-JHA710A2,JHA710A2,A2,0.0,2,0,0,0,0,0,0,2105.0,1
GTGAAGGTCGGCCGAT-JHA710A2,JHA710A2,A2,0.0,2,0,0,0,0,0,0,1853.0,0
GTGAAGGTCTGCGACG-JHA710A2,JHA710A2,A2,0.0,1,0,0,0,0,0,0,1328.0,1
GTGCAGCAGTTGTAGA-JHA710A2,JHA710A2,A2,0.0,0,0,0,0,0,0,0,453.0,0
GTGCAGCAGTTTCCTT-JHA710A2,JHA710A2,A2,0.0,2,0,0,0,0,0,0,686.0,0
GTGCAGCCATCACAAC-JHA710A2,JHA710A2,A2,0.0,2,0,0,0,0,0,0,2225.0,0
GTGCAGCCATTCACTT-JHA710A2,JHA710A2,A2,0.0,0,0,0,0,0,0,0,318.0,0
GTGCAGCTCACTTCAT-JHA710A2,JHA710A2,A2,3.0854279360640264,0,1,0,0,0,0,0,479.0,0
GTGCAGCTCGGCTACG-JHA710A2,JHA710A2,A2,0.0,0,0,0,0,0,0,0,326.0,1
GTGCATAAGCTAAACA-JHA710A2,JHA710A2,A2,0.0,1,0,0,0,0,0,0,488.0,0
GTGCATAGTAGCTGCC-JHA710A2,JHA710A2,A2,0.0,1,0,0,0,0,0,0,770.0,0
GTGCATATCGGCGCAT-JHA710A2,JHA710A2,A2,0.0,2,0,0,0,0,0,0,1432.0,0
GTGCATATCTGCCCTA-JHA710A2,JHA710A2,A2,0.0,0,0,0,0,0,0,0,386.0,0
GTGCGGTAGAGAACAG-JHA710A2,JHA710A2,A2,0.0,0,0,0,0,0,0,0,428.0,0
GTGCGGTAGGCTATCT-JHA710A2,JHA710A2,A2,0.0,1,0,0,0,0,0,0,419.0,0
GTGCGGTGTGTATGGG-JHA710A2,JHA710A2,A2,0.0,0,0,0,0,0,0,0,355.0,0
GTGCGGTGTTCCACGG-JHA710A2,JHA710A2,A2,0.0,2,0,0,0,0,0,0,770.0,0
GTGCGGTGTTGGGACA-JHA710A2,JHA710A2,A2,0.0,2,0,0,0,0,0,0,373.0,0
GTGCGGTTCTGTCAAG-JHA710A2,JHA710A2,A2,0.0,1,0,0,0,0,0,0,657.0,0
GTGCGGTTCTTGTACT-JHA710A2,JHA710A2,A2,5.482807229548734,1,1,1,0,0,0,0,334.0,0
GTGCTTCAGTTACCCA-JHA710A2,JHA710A2,A2,0.0,2,0,0,0,0,0,0,471.0,0
GTGCTTCCAGCTGCAC-JHA710A2,JHA710A2,A2,0.0,2,0,0,0,0,0,0,566.0,1
GTGCTTCGTTTCGCTC-JHA710A2,JHA710A2,A2,0.0,1,0,0,0,0,0,0,437.0,0
GTGCTTCTCCATTCTA-JHA710A2,JHA710A2,A2,0.0,1,0,0,0,0,0,0,611.0,0
GTGGGTCCATGCGCAC-JHA710A2,JHA710A2,A2,0.0,1,0,0,0,0,0,0,416.0,0
GTGGGTCGTTGCGCAC-JHA710A2,JHA710A2,A2,0.0,1,0,0,0,0,0,0,734.0,0
GTGGGTCGTTGGAGGT-JHA710A2,JHA710A2,A2,0.0,1,0,0,0,0,0,0,757.0,0
GTGTGCGCAACACGCC-JHA710A2,JHA710A2,A2,0.0,1,0,0,0,0,0,0,1506.0,0
GTGTGCGCACCACCAG-JHA710A2,JHA710A2,A2,0.0,0,0,0,0,0,0,0,369.0,0
GTGTGCGCACGCGAAA-JHA710A2,JHA710A2,A2,0.0,1,0,0,0,0,0,0,2692.0,0
GTGTGCGCAGACGTAG-JHA710A2,JHA710A2,A2,0.0,0,0,0,0,0,0,0,416.0,0
GTGTGCGCAGTGGAGT-JHA710A2,JHA710A2,A2,0.0,1,0,0,0,0,0,0,321.0,0
GTGTGCGGTCAGAATA-JHA710A2,JHA710A2,A2,0.0,0,0,0,0,0,0,0,415.0,1
GTGTGCGGTGGTTTCA-JHA710A2,JHA710A2,A2,0.0,1,0,0,0,0,0,0,500.0,0
GTGTTAGAGCTAGTCT-JHA710A2,JHA710A2,A2,0.0,0,0,0,0,0,0,0,494.0,0
GTGTTAGAGGCGATAC-JHA710A2,JHA710A2,A2,0.0,2,0,0,0,0,0,0,688.0,0
GTGTTAGAGTTTAGGA-JHA710A2,JHA710A2,A2,0.0,1,0,0,0,0,0,0,363.0,0
GTGTTAGGTTCGGCAC-JHA710A2,JHA710A2,A2,0.0,0,0,0,0,0,0,0,332.0,1
GTGTTAGTCTCGAGTA-JHA710A2,JHA710A2,A2,7.207739278459454,2,1,1,1,1,0,0,430.0,0
GTTAAGCAGCCCAATT-JHA710A2,JHA710A2,A2,0.0,2,0,0,0,0,0,0,469.0,0
GTTAAGCCAAGGTTCT-JHA710A2,JHA710A2,A2,0.0,1,0,0,0,0,0,0,753.0,0
GTTAAGCCAGCGATCC-JHA710A2,JHA710A2,A2,0.0,2,0,0,0,0,0,0,413.0,0
GTTAAGCGTTCGTTGA-JHA710A2,JHA710A2,A2,0.0,1,0,0,0,0,0,0,556.0,0
GTTAAGCTCAGTCCCT-JHA710A2,JHA710A2,A2,0.0,2,0,0,0,0,0,0,598.0,0
GTTAAGCTCCGAACGC-JHA710A2,JHA710A2,A2,0.0,2,0,0,0,0,0,0,943.0,0
GTTACAGAGCTGATAA-JHA710A2,JHA710A2,A2,0.0,1,0,0,0,0,0,0,782.0,0
GTTACAGCACAGTCGC-JHA710A2,JHA710A2,A2,2.614342112791113,2,1,1,1,1,0,0,790.0,0
GTTACAGGTTGGAGGT-JHA710A2,JHA710A2,A2,0.0,1,0,0,0,0,0,0,1695.0,0
GTTACAGGTTTGTTGG-JHA710A2,JHA710A2,A2,0.0,1,0,0,0,0,0,0,2689.0,0
GTTACAGTCAAGAAGT-JHA710A2,JHA710A2,A2,0.0,0,0,0,0,0,0,0,621.0,0
GTTACAGTCTGTCAAG-JHA710A2,JHA710A2,A2,0.0,2,0,0,0,0,0,0,1577.0,0
GTTCATTAGACAGACC-JHA710A2,JHA710A2,A2,0.0,1,0,0,0,0,0,0,482.0,0
GTTCATTAGGACAGCT-JHA710A2,JHA710A2,A2,0.0,2,0,0,0,0,0,0,533.0,0
GTTCATTCACTCGACG-JHA710A2,JHA710A2,A2,0.0,2,0,0,0,0,0,0,663.0,0
GTTCATTCAGATCTGT-JHA710A2,JHA710A2,A2,1.9796556823205058,3,1,1,1,1,1,0,3205.0,1
GTTCATTTCTTCCTTC-JHA710A2,JHA710A2,A2,0.0,1,0,0,0,0,0,0,990.0,0
GTTCGGGAGAAGAAGC-JHA710A2,JHA710A2,A2,0.0,0,0,0,0,0,0,0,319.0,1
GTTCGGGAGTGGACGT-JHA710A2,JHA710A2,A2,0.0,1,0,0,0,0,0,0,486.0,0
GTTCGGGCACCATCCT-JHA710A2,JHA710A2,A2,5.303304908059076,2,1,1,1,1,0,0,350.0,0
GTTCGGGCAGATCGGA-JHA710A2,JHA710A2,A2,0.0,1,0,0,0,0,0,0,390.0,0
GTTCGGGGTGCACCAC-JHA710A2,JHA710A2,A2,0.0,2,0,0,0,0,0,0,429.0,0
GTTCGGGTCCTGCCAT-JHA710A2,JHA710A2,A2,0.0,2,0,0,0,0,0,0,450.0,0
GTTCTCGAGCGTTTAC-JHA710A2,JHA710A2,A2,0.0,1,0,0,0,0,0,0,451.0,1
GTTCTCGGTGGCAAAC-JHA710A2,JHA710A2,A2,0.0,0,0,0,0,0,0,0,326.0,1
GTTTCTACAGCCAATT-JHA710A2,JHA710A2,A2,0.0,0,0,0,0,0,0,0,726.0,0
GTTTCTACAGGTGCCT-JHA710A2,JHA710A2,A2,0.0,2,0,0,0,0,0,0,696.0,0
GTTTCTATCATAACCG-JHA710A2,JHA710A2,A2,0.0,3,0,0,0,0,0,0,1206.0,0
GTTTCTATCCCAAGTA-JHA710A2,JHA710A2,A2,0.0,2,0,0,0,0,0,0,1722.0,0
GTTTCTATCCTGCCAT-JHA710A2,JHA710A2,A2,0.0,2,0,0,0,0,0,0,651.0,0
TAAACCGCAACACCTA-JHA710A2,JHA710A2,A2,0.0,3,0,0,0,0,0,0,621.0,0
TAAACCGTCATAAAGG-JHA710A2,JHA710A2,A2,0.0,0,0,0,0,0,0,0,456.0,1
TAAACCGTCGCTAGCG-JHA710A2,JHA710A2,A2,0.0,0,0,0,0,0,0,0,597.0,0
TAAACCGTCTACTTAC-JHA710A2,JHA710A2,A2,0.0,2,0,0,0,0,0,0,1368.0,0
TAAACCGTCTGAAAGA-JHA710A2,JHA710A2,A2,0.0,0,0,0,0,0,0,0,339.0,1
TAAGAGAAGAGGTAGA-JHA710A2,JHA710A2,A2,2.576472577618077,2,1,1,1,1,0,0,823.0,0
TAAGAGAAGTCAATAG-JHA710A2,JHA710A2,A2,0.0,1,0,0,0,0,0,0,598.0,0
TAAGAGAAGTCGTTTG-JHA710A2,JHA710A2,A2,0.0,0,0,0,0,0,0,0,553.0,0
TAAGAGACAATAGCGG-JHA710A2,JHA710A2,A2,0.0,2,0,0,0,0,0,0,762.0,0
TAAGAGACAGTGGAGT-JHA710A2,JHA710A2,A2,0.0,1,0,0,0,0,0,0,1108.0,0
TAAGAGACATCGGGTC-JHA710A2,JHA710A2,A2,0.0,2,0,0,0,0,0,0,759.0,0
TAAGAGAGTACTCTCC-JHA710A2,JHA710A2,A2,0.0,2,0,0,0,0,0,0,1603.0,0
TAAGAGAGTCTGCGGT-JHA710A2,JHA710A2,A2,0.0,1,0,0,0,0,0,0,1083.0,0
TAAGAGAGTTCGTCTC-JHA710A2,JHA710A2,A2,0.0,2,0,0,0,0,0,0,640.0,0
TAAGAGATCCGAGCCA-JHA710A2,JHA710A2,A2,7.306922821205245,2,1,1,1,1,0,0,1920.0,0
TAAGAGATCTGATTCT-JHA710A2,JHA710A2,A2,0.0,0,0,0,0,0,0,0,724.0,0
TAAGCGTAGGGTCTCC-JHA710A2,JHA710A2,A2,0.0,2,0,0,0,0,0,0,1401.0,0
TAAGTGCGTCGAGATG-JHA710A2,JHA710A2,A2,0.0,2,0,0,0,0,0,0,1894.0,0
TAAGTGCTCTAACGGT-JHA710A2,JHA710A2,A2,0.0,0,0,0,0,0,0,0,381.0,0
TACACGAAGAGCTTCT-JHA710A2,JHA710A2,A2,0.0,1,0,0,0,0,0,0,626.0,0
TACACGACAAACCCAT-JHA710A2,JHA710A2,A2,0.0,0,0,0,0,0,0,0,321.0,1
TACACGACAAGCGAGT-JHA710A2,JHA710A2,A2,0.0,0,0,0,0,0,0,0,351.0,0
TACACGACAGCTGGCT-JHA710A2,JHA710A2,A2,0.0,0,0,0,0,0,0,0,404.0,0
TACACGAGTCCGAACC-JHA710A2,JHA710A2,A2,0.0,2,0,0,0,0,0,0,402.0,0
TACAGTGCAGCGATCC-JHA710A2,JHA710A2,A2,0.0,1,0,0,0,0,0,0,737.0,0
TACAGTGCATACTCTT-JHA710A2,JHA710A2,A2,0.0,3,0,0,0,0,0,0,966.0,0
TACAGTGGTAGAAAGG-JHA710A2,JHA710A2,A2,0.0,1,0,0,0,0,0,0,934.0,0
TACAGTGGTCAGAATA-JHA710A2,JHA710A2,A2,0.0,2,0,0,0,0,0,0,586.0,0
TACAGTGTCCTTGCCA-JHA710A2,JHA710A2,A2,0.0,0,0,0,0,0,0,0,586.0,0
TACAGTGTCTTTACAC-JHA710A2,JHA710A2,A2,0.0,2,0,0,0,0,0,0,1302.0,1
TACCTATAGACGCAAC-JHA710A2,JHA710A2,A2,0.0,3,0,0,0,0,0,0,1387.0,0
TACCTATAGGCTCTTA-JHA710A2,JHA710A2,A2,3.262916753659223,1,1,1,0,0,0,0,398.0,0
TACCTATCACAGGAGT-JHA710A2,JHA710A2,A2,0.0,0,0,0,0,0,0,0,391.0,0
TACCTATCACTTCGAA-JHA710A2,JHA710A2,A2,0.0,1,0,0,0,0,0,0,1330.0,0
TACCTATCAGGACGTA-JHA710A2,JHA710A2,A2,0.0,1,0,0,0,0,0,0,326.0,0
TACCTATTCGCTTGTC-JHA710A2,JHA710A2,A2,0.0,0,0,0,0,0,0,0,603.0,0
TACCTTAAGTCCCACG-JHA710A2,JHA710A2,A2,0.0,1,0,0,0,0,0,0,436.0,0
TACCTTACAAACGTGG-JHA710A2,JHA710A2,A2,0.0,1,0,0,0,0,0,0,608.0,1
TACCTTACAAGCTGTT-JHA710A2,JHA710A2,A2,0.0,0,0,0,0,0,0,0,682.0,0
TACCTTACACACCGCA-JHA710A2,JHA710A2,A2,5.28016510079369,2,1,1,1,1,0,0,870.0,0
TACCTTATCTCCTATA-JHA710A2,JHA710A2,A2,0.0,2,0,0,0,0,0,0,896.0,0
TACGGATAGAATTGTG-JHA710A2,JHA710A2,A2,0.0,2,0,0,0,0,0,0,3285.0,0
TACGGATAGTGCTGCC-JHA710A2,JHA710A2,A2,0.0,2,0,0,0,0,0,0,476.0,0
TACGGATAGTGTTGAA-JHA710A2,JHA710A2,A2,0.0,1,0,0,0,0,0,0,1486.0,0
TACGGATAGTTCCACA-JHA710A2,JHA710A2,A2,0.0,3,0,0,0,0,0,0,877.0,0
TACGGATCAAGCCCAC-JHA710A2,JHA710A2,A2,0.0,0,0,0,0,0,0,0,508.0,0
TACGGGCCACTGTCGG-JHA710A2,JHA710A2,A2,0.0,2,0,0,0,0,0,0,1679.0,1
TACGGGCGTGAAGGCT-JHA710A2,JHA710A2,A2,0.0,1,0,0,0,0,0,0,454.0,0
TACGGGCGTGTAAGTA-JHA710A2,JHA710A2,A2,0.0,1,0,0,0,0,0,0,473.0,0
TACGGGCTCAGTACGT-JHA710A2,JHA710A2,A2,0.0,1,0,0,0,0,0,0,638.0,0
TACGGTACACCCATGG-JHA710A2,JHA710A2,A2,0.0,0,0,0,0,0,0,0,392.0,0
TACGGTAGTCTTGTCC-JHA710A2,JHA710A2,A2,0.0,0,0,0,0,0,0,0,458.0,0
TACGGTATCAGCGACC-JHA710A2,JHA710A2,A2,0.0,0,0,0,0,0,0,0,475.0,0
TACGGTATCATAAAGG-JHA710A2,JHA710A2,A2,0.0,1,0,0,0,0,0,0,324.0,1
TACGGTATCGCTTGTC-JHA710A2,JHA710A2,A2,0.0,0,0,0,0,0,0,0,802.0,1
TACGGTATCTCACATT-JHA710A2,JHA710A2,A2,0.0,2,0,0,0,0,0,0,882.0,0
TACTCATAGAGCTGGT-JHA710A2,JHA710A2,A2,0.0,2,0,0,0,0,0,0,1504.0,0
TACTCATAGCAGGTCA-JHA710A2,JHA710A2,A2,0.0,2,0,0,0,0,0,0,1135.0,0
TACTCATAGGTGTTAA-JHA710A2,JHA710A2,A2,0.0,1,0,0,0,0,0,0,855.0,0
TACTCATAGTACGATA-JHA710A2,JHA710A2,A2,0.0,0,0,0,0,0,0,0,342.0,0
TACTCATCACAGGAGT-JHA710A2,JHA710A2,A2,0.0,0,0,0,0,0,0,0,352.0,0
TACTCATCAGATGGCA-JHA710A2,JHA710A2,A2,0.0,0,0,0,0,0,0,0,408.0,0
TACTCATCAGGATCGA-JHA710A2,JHA710A2,A2,0.0,3,0,0,0,0,0,0,1253.0,0
TACTCATGTACAGCAG-JHA710A2,JHA710A2,A2,0.0,1,0,0,0,0,0,0,652.0,0
TACTCATGTTATCCGA-JHA710A2,JHA710A2,A2,0.0,2,0,0,0,0,0,0,1602.0,0
TACTCGCAGAAAGTGG-JHA710A2,JHA710A2,A2,0.0,1,0,0,0,0,0,0,495.0,0
TACTCGCAGTGAACGC-JHA710A2,JHA710A2,A2,3.243784682248516,1,1,1,0,0,0,0,406.0,0
TACTCGCCAGGGCATA-JHA710A2,JHA710A2,A2,0.0,1,0,0,0,0,0,0,1101.0,0
TACTCGCTCAGCTCTC-JHA710A2,JHA710A2,A2,0.0,1,0,0,0,0,0,0,377.0,0
TACTCGCTCCTTGACC-JHA710A2,JHA710A2,A2,5.747057962474951,1,1,1,0,0,0,0,1345.0,0
TACTTACAGAGTTGGC-JHA710A2,JHA710A2,A2,0.0,2,0,0,0,0,0,0,493.0,0
TACTTACAGGAGCGAG-JHA710A2,JHA710A2,A2,0.0,1,0,0,0,0,0,0,393.0,0
TACTTACCACAGTCGC-JHA710A2,JHA710A2,A2,0.0,1,0,0,0,0,0,0,319.0,0
TACTTACCATCCCACT-JHA710A2,JHA710A2,A2,0.0,1,0,0,0,0,0,0,411.0,1
TACTTACCATCGATTG-JHA710A2,JHA710A2,A2,0.0,1,0,0,0,0,0,0,655.0,0
TACTTACCATGGTCAT-JHA710A2,JHA710A2,A2,0.0,1,0,0,0,0,0,0,460.0,0
TACTTACGTATTCGTG-JHA710A2,JHA710A2,A2,0.0,4,0,0,0,0,0,0,611.0,0
TACTTACGTGTAAGTA-JHA710A2,JHA710A2,A2,0.0,2,0,0,0,0,0,0,1263.0,0
TACTTACTCATTCACT-JHA710A2,JHA710A2,A2,0.0,0,0,0,0,0,0,0,581.0,0
TACTTACTCGCCATAA-JHA710A2,JHA710A2,A2,3.1775747884226173,2,1,1,1,1,0,0,435.0,0
TACTTGTCACTACAGT-JHA710A2,JHA710A2,A2,4.783177552718081,2,1,1,1,1,0,0,422.0,0
TACTTGTCATTCTTAC-JHA710A2,JHA710A2,A2,0.0,0,0,0,0,0,0,0,493.0,0
TACTTGTGTATTACCG-JHA710A2,JHA710A2,A2,0.0,2,0,0,0,0,0,0,499.0,0
TACTTGTGTCGCGAAA-JHA710A2,JHA710A2,A2,0.0,2,0,0,0,0,0,0,1055.0,0
TACTTGTTCAACACCA-JHA710A2,JHA710A2,A2,0.0,0,0,0,0,0,0,0,493.0,0
TAGACCACACTGTCGG-JHA710A2,JHA710A2,A2,0.0,0,0,0,0,0,0,0,513.0,0
TAGACCACAGACGTAG-JHA710A2,JHA710A2,A2,0.0,1,0,0,0,0,0,0,541.0,0
TAGACCAGTACATCCA-JHA710A2,JHA710A2,A2,0.0,0,0,0,0,0,0,0,317.0,0
TAGACCAGTACGCTGC-JHA710A2,JHA710A2,A2,0.0,3,0,0,0,0,0,0,348.0,0
TAGACCATCCGAACGC-JHA710A2,JHA710A2,A2,0.0,2,0,0,0,0,0,0,760.0,0
TAGAGCTAGAGCTATA-JHA710A2,JHA710A2,A2,0.0,2,0,0,0,0,0,0,364.0,0
TAGAGCTAGTACGACG-JHA710A2,JHA710A2,A2,0.0,1,0,0,0,0,0,0,615.0,1
TAGAGCTCAAGCCTAT-JHA710A2,JHA710A2,A2,0.0,1,0,0,0,0,0,0,1207.0,1
TAGAGCTCAATTGCTG-JHA710A2,JHA710A2,A2,0.0,1,0,0,0,0,0,0,766.0,0
TAGAGCTCACCACGTG-JHA710A2,JHA710A2,A2,0.0,2,0,0,0,0,0,0,852.0,0
TAGAGCTTCGTTACGA-JHA710A2,JHA710A2,A2,0.0,0,0,0,0,0,0,0,376.0,0
TAGAGCTTCTATGTGG-JHA710A2,JHA710A2,A2,0.0,0,0,0,0,0,0,0,340.0,0
TAGCCGGAGACTGGGT-JHA710A2,JHA710A2,A2,0.0,0,0,0,0,0,0,0,330.0,0
TAGCCGGCAACAACCT-JHA710A2,JHA710A2,A2,0.0,2,0,0,0,0,0,0,2260.0,0
TAGCCGGCAGTTTACG-JHA710A2,JHA710A2,A2,0.0,1,0,0,0,0,0,0,592.0,1
TAGCCGGGTCAAAGCG-JHA710A2,JHA710A2,A2,0.0,0,0,0,0,0,0,0,342.0,0
TAGCCGGGTCCGAACC-JHA710A2,JHA710A2,A2,0.0,2,0,0,0,0,0,0,721.0,0
TAGGCATAGAGGTTAT-JHA710A2,JHA710A2,A2,0.0,0,0,0,0,0,0,0,347.0,0
TAGGCATCACAGACAG-JHA710A2,JHA710A2,A2,0.0,3,0,0,0,0,0,0,672.0,0
TAGGCATCATGGGAAC-JHA710A2,JHA710A2,A2,0.0,1,0,0,0,0,0,0,323.0,0
TAGGCATGTCTGATTG-JHA710A2,JHA710A2,A2,0.0,1,0,0,0,0,0,0,356.0,0
TAGGCATGTTACTGAC-JHA710A2,JHA710A2,A2,0.0,1,0,0,0,0,0,0,954.0,0
TAGGCATTCAAACAAG-JHA710A2,JHA710A2,A2,0.0,2,0,0,0,0,0,0,967.0,0
TAGGCATTCGCCGTGA-JHA710A2,JHA710A2,A2,0.0,0,0,0,0,0,0,0,391.0,1
TAGTGGTAGATATGCA-JHA710A2,JHA710A2,A2,0.0,1,0,0,0,0,0,0,520.0,1
TAGTGGTAGATCACGG-JHA710A2,JHA710A2,A2,0.0,1,0,0,0,0,0,0,415.0,0
TAGTGGTAGTCGATAA-JHA710A2,JHA710A2,A2,0.0,1,0,0,0,0,0,0,749.0,0
TAGTGGTCACCATCCT-JHA710A2,JHA710A2,A2,0.0,1,0,0,0,0,0,0,502.0,0
TAGTGGTCATGTTCCC-JHA710A2,JHA710A2,A2,0.0,2,0,0,0,0,0,0,433.0,0
TAGTGGTGTCCTCCAT-JHA710A2,JHA710A2,A2,0.0,2,0,0,0,0,0,0,468.0,0
TAGTGGTTCACGCATA-JHA710A2,JHA710A2,A2,0.0,2,0,0,0,0,0,0,503.0,0
TAGTGGTTCGTTTATC-JHA710A2,JHA710A2,A2,3.28988561019803,1,1,1,0,0,0,0,387.0,0
TAGTTGGAGAGGTTGC-JHA710A2,JHA710A2,A2,0.0,2,0,0,0,0,0,0,1078.0,0
TAGTTGGAGCACACAG-JHA710A2,JHA710A2,A2,0.0,2,0,0,0,0,0,0,821.0,0
TAGTTGGAGTAGCCGA-JHA710A2,JHA710A2,A2,0.0,1,0,0,0,0,0,0,414.0,0
TAGTTGGAGTGTTAGA-JHA710A2,JHA710A2,A2,0.0,2,0,0,0,0,0,0,849.0,0
TAGTTGGCAGGAACGT-JHA710A2,JHA710A2,A2,0.0,1,0,0,0,0,0,0,1176.0,0
TAGTTGGGTCCGTGAC-JHA710A2,JHA710A2,A2,0.0,1,0,0,0,0,0,0,742.0,0
TAGTTGGGTCGGATCC-JHA710A2,JHA710A2,A2,0.0,0,0,0,0,0,0,0,433.0,0
TAGTTGGGTGGAAAGA-JHA710A2,JHA710A2,A2,0.0,2,0,0,0,0,0,0,366.0,0
TAGTTGGGTGGTCCGT-JHA710A2,JHA710A2,A2,0.0,0,0,0,0,0,0,0,496.0,0
TAGTTGGTCGTTTATC-JHA710A2,JHA710A2,A2,2.96088294434551,3,1,1,1,1,1,0,546.0,0
TATCAGGAGAGTAAGG-JHA710A2,JHA710A2,A2,0.0,1,0,0,0,0,0,0,596.0,0
TATCAGGAGAGTCTGG-JHA710A2,JHA710A2,A2,0.0,0,0,0,0,0,0,0,402.0,0
TATCAGGCAGGGCATA-JHA710A2,JHA710A2,A2,0.0,1,0,0,0,0,0,0,593.0,1
TATCAGGCAGTTTACG-JHA710A2,JHA710A2,A2,0.0,1,0,0,0,0,0,0,588.0,0
TATCAGGCATTGCGGC-JHA710A2,JHA710A2,A2,0.0,2,0,0,0,0,0,0,2139.0,0
TATCAGGGTACATCCA-JHA710A2,JHA710A2,A2,2.0473880648715497,0,1,0,0,0,0,0,1482.0,0
TATCAGGGTCGCCATG-JHA710A2,JHA710A2,A2,0.0,1,0,0,0,0,0,0,1278.0,0
TATCAGGGTTGGAGGT-JHA710A2,JHA710A2,A2,0.0,0,0,0,0,0,0,0,394.0,0
TATCTCAAGACTACAA-JHA710A2,JHA710A2,A2,0.0,1,0,0,0,0,0,0,331.0,0
TATCTCAAGGCCCGTT-JHA710A2,JHA710A2,A2,0.0,1,0,0,0,0,0,0,321.0,0
TATCTCAAGTATTGGA-JHA710A2,JHA710A2,A2,0.0,0,0,0,0,0,0,0,513.0,0
TATCTCACAGCCTTTC-JHA710A2,JHA710A2,A2,0.0,0,0,0,0,0,0,0,321.0,0
TATCTCAGTACCTACA-JHA710A2,JHA710A2,A2,0.0,1,0,0,0,0,0,0,828.0,1
TATCTCAGTCCAAGTT-JHA710A2,JHA710A2,A2,0.0,0,0,0,0,0,0,0,1083.0,0
TATCTCAGTTAGATGA-JHA710A2,JHA710A2,A2,0.0,1,0,0,0,0,0,0,396.0,1
TATCTCAGTTATCCGA-JHA710A2,JHA710A2,A2,0.0,1,0,0,0,0,0,0,388.0,0
TATCTCATCCTGCTTG-JHA710A2,JHA710A2,A2,3.4674812731642644,0,1,0,0,0,0,0,322.0,0
TATGCCCCAGCTCGAC-JHA710A2,JHA710A2,A2,0.0,1,0,0,0,0,0,0,323.0,0
TATGCCCGTGCAGGTA-JHA710A2,JHA710A2,A2,0.0,1,0,0,0,0,0,0,365.0,0
TATGCCCGTTAGAACA-JHA710A2,JHA710A2,A2,0.0,1,0,0,0,0,0,0,877.0,0
TATGCCCTCCAAACAC-JHA710A2,JHA710A2,A2,0.0,0,0,0,0,0,0,0,595.0,0
TATGCCCTCGCTTAGA-JHA710A2,JHA710A2,A2,0.0,1,0,0,0,0,0,0,378.0,0
TATTACCAGCCTATGT-JHA710A2,JHA710A2,A2,0.0,1,0,0,0,0,0,0,446.0,0
TATTACCGTTGGACCC-JHA710A2,JHA710A2,A2,0.0,2,0,0,0,0,0,0,1189.0,0
TATTACCTCGGCGCAT-JHA710A2,JHA710A2,A2,0.0,2,0,0,0,0,0,0,647.0,0
TATTACCTCGGTCTAA-JHA710A2,JHA710A2,A2,2.7512857030562534,1,1,1,0,0,0,0,682.0,1
TCAACGAAGCTACCTA-JHA710A2,JHA710A2,A2,3.434955446233911,2,1,1,1,1,0,0,333.0,0
TCAACGACAATCTGCA-JHA710A2,JHA710A2,A2,0.0,1,0,0,0,0,0,0,564.0,0
TCAACGAGTTGGACCC-JHA710A2,JHA710A2,A2,1.8585119697555192,0,1,0,0,0,0,0,1847.0,0
TCAATCTCATCAGTCA-JHA710A2,JHA710A2,A2,0.0,0,0,0,0,0,0,0,329.0,0
TCAATCTCATTTCAGG-JHA710A2,JHA710A2,A2,0.0,1,0,0,0,0,0,0,420.0,1
TCAATCTTCCTAGGGC-JHA710A2,JHA710A2,A2,0.0,1,0,0,0,0,0,0,684.0,1
TCAATCTTCTATGTGG-JHA710A2,JHA710A2,A2,0.0,1,0,0,0,0,0,0,419.0,0
TCACAAGAGAATGTGT-JHA710A2,JHA710A2,A2,0.0,2,0,0,0,0,0,0,520.0,0
TCACAAGCAATCCAAC-JHA710A2,JHA710A2,A2,0.0,1,0,0,0,0,0,0,516.0,0
TCACAAGCACACCGCA-JHA710A2,JHA710A2,A2,0.0,1,0,0,0,0,0,0,371.0,0
TCACAAGGTACATCCA-JHA710A2,JHA710A2,A2,0.0,0,0,0,0,0,0,0,698.0,0
TCACAAGGTTCCGGCA-JHA710A2,JHA710A2,A2,1.707042799031294,3,1,1,1,1,1,0,2216.0,1
TCACGAAAGGACACCA-JHA710A2,JHA710A2,A2,0.0,0,0,0,0,0,0,0,350.0,0
TCACGAACAAATTGCC-JHA710A2,JHA710A2,A2,0.0,0,0,0,0,0,0,0,427.0,0
TCACGAACACGGCCAT-JHA710A2,JHA710A2,A2,0.0,0,0,0,0,0,0,0,386.0,0
TCACGAACATCGGGTC-JHA710A2,JHA710A2,A2,0.0,0,0,0,0,0,0,0,459.0,0
TCACGAAGTGTTAAGA-JHA710A2,JHA710A2,A2,0.0,1,0,0,0,0,0,0,335.0,0
TCACGAATCATCATTC-JHA710A2,JHA710A2,A2,0.0,2,0,0,0,0,0,0,1183.0,0
TCACGAATCGGAATCT-JHA710A2,JHA710A2,A2,0.0,0,0,0,0,0,0,0,441.0,0
TCACGAATCTGAGGGA-JHA710A2,JHA710A2,A2,5.999295733461592,2,1,1,1,1,0,0,373.0,0
TCACGAATCTGCGTAA-JHA710A2,JHA710A2,A2,6.781998177286136,2,1,1,1,1,0,0,579.0,0
TCAGATGAGCCACGCT-JHA710A2,JHA710A2,A2,2.611999006073166,3,1,1,1,1,1,0,792.0,0
TCAGATGAGGGAAACA-JHA710A2,JHA710A2,A2,0.0,1,0,0,0,0,0,0,1275.0,0
TCAGATGAGTCGCCGT-JHA710A2,JHA710A2,A2,0.0,1,0,0,0,0,0,0,1228.0,0
TCAGATGAGTTTCCTT-JHA710A2,JHA710A2,A2,0.0,0,0,0,0,0,0,0,446.0,0
TCAGATGCAGTCGTGC-JHA710A2,JHA710A2,A2,0.0,2,0,0,0,0,0,0,389.0,0
TCAGATGTCACAAACC-JHA710A2,JHA710A2,A2,0.0,1,0,0,0,0,0,0,624.0,0
TCAGATGTCATTTGGG-JHA710A2,JHA710A2,A2,0.0,1,0,0,0,0,0,0,362.0,0
TCAGATGTCGCCAGCA-JHA710A2,JHA710A2,A2,0.0,1,0,0,0,0,0,0,1443.0,0
TCAGCAAAGATCCGAG-JHA710A2,JHA710A2,A2,0.0,0,0,0,0,0,0,0,529.0,1
TCAGCAAAGCTAGTCT-JHA710A2,JHA710A2,A2,0.0,1,0,0,0,0,0,0,322.0,0
TCAGCAAAGGACGAAA-JHA710A2,JHA710A2,A2,0.0,1,0,0,0,0,0,0,1947.0,0
TCAGCAAGTTTGTGTG-JHA710A2,JHA710A2,A2,0.0,1,0,0,0,0,0,0,484.0,0
TCAGCAATCAACGGCC-JHA710A2,JHA710A2,A2,0.0,1,0,0,0,0,0,0,801.0,0
TCAGCAATCACCGGGT-JHA710A2,JHA710A2,A2,0.0,2,0,0,0,0,0,0,1897.0,0
TCAGCAATCTCTAGGA-JHA710A2,JHA710A2,A2,0.0,0,0,0,0,0,0,0,392.0,0
TCAGCTCAGCCAGTAG-JHA710A2,JHA710A2,A2,0.0,1,0,0,0,0,0,0,1451.0,0
TCAGCTCAGGGTGTTG-JHA710A2,JHA710A2,A2,0.0,1,0,0,0,0,0,0,455.0,0
TCAGCTCAGTGGACGT-JHA710A2,JHA710A2,A2,0.0,0,0,0,0,0,0,0,509.0,0
TCAGCTCAGTTAGGTA-JHA710A2,JHA710A2,A2,0.0,1,0,0,0,0,0,0,1133.0,0
TCAGCTCCAAGAAAGG-JHA710A2,JHA710A2,A2,0.0,1,0,0,0,0,0,0,414.0,0
TCAGCTCCAAGTACCT-JHA710A2,JHA710A2,A2,0.0,0,0,0,0,0,0,0,485.0,1
TCAGCTCCAGACGCCT-JHA710A2,JHA710A2,A2,0.0,1,0,0,0,0,0,0,845.0,1
TCAGCTCCAGACGCTC-JHA710A2,JHA710A2,A2,0.0,0,0,0,0,0,0,0,393.0,0
TCAGCTCGTAAACGCG-JHA710A2,JHA710A2,A2,0.0,0,0,0,0,0,0,0,607.0,0
TCAGCTCGTAAAGTCA-JHA710A2,JHA710A2,A2,0.0,2,0,0,0,0,0,0,495.0,0
TCAGCTCTCAAGGCTT-JHA710A2,JHA710A2,A2,0.0,1,0,0,0,0,0,0,1010.0,0
TCAGCTCTCTACGAGT-JHA710A2,JHA710A2,A2,0.0,3,0,0,0,0,0,0,927.0,0
TCAGGATAGATCCCAT-JHA710A2,JHA710A2,A2,2.6061689179569254,1,1,1,0,0,0,0,797.0,0
TCAGGATAGTCCGGTC-JHA710A2,JHA710A2,A2,0.0,3,0,0,0,0,0,0,839.0,0
TCAGGATTCCCACTTG-JHA710A2,JHA710A2,A2,0.0,2,0,0,0,0,0,0,3308.0,0
TCAGGATTCGCGGATC-JHA710A2,JHA710A2,A2,3.2273627115688632,2,1,1,1,1,0,0,413.0,0
TCAGGTAAGCTAGCCC-JHA710A2,JHA710A2,A2,0.0,2,0,0,0,0,0,0,562.0,0
TCAGGTAAGTGTGGCA-JHA710A2,JHA710A2,A2,0.0,0,0,0,0,0,0,0,334.0,0
TCAGGTACAATAGCAA-JHA710A2,JHA710A2,A2,0.0,0,0,0,0,0,0,0,417.0,0
TCAGGTATCACGATGT-JHA710A2,JHA710A2,A2,0.0,3,0,0,0,0,0,0,1528.0,0
TCAGGTATCCCTGACT-JHA710A2,JHA710A2,A2,0.0,1,0,0,0,0,0,0,774.0,0
TCATTACAGCTCCTTC-JHA710A2,JHA710A2,A2,0.0,1,0,0,0,0,0,0,395.0,1
TCATTACCACGGTAAG-JHA710A2,JHA710A2,A2,0.0,2,0,0,0,0,0,0,778.0,0
TCATTACGTTCCCTTG-JHA710A2,JHA710A2,A2,0.0,1,0,0,0,0,0,0,460.0,0
TCATTACTCGAGCCCA-JHA710A2,JHA710A2,A2,0.0,0,0,0,0,0,0,0,346.0,0
TCATTTGAGGCATGGT-JHA710A2,JHA710A2,A2,0.0,1,0,0,0,0,0,0,936.0,0
TCATTTGGTACTTAGC-JHA710A2,JHA710A2,A2,0.0,2,0,0,0,0,0,0,658.0,0
TCATTTGTCAGCACAT-JHA710A2,JHA710A2,A2,0.0,2,0,0,0,0,0,0,392.0,0
TCATTTGTCCTTCAAT-JHA710A2,JHA710A2,A2,0.0,3,0,0,0,0,0,0,4419.0,1
TCCACACAGATAGGAG-JHA710A2,JHA710A2,A2,0.0,0,0,0,0,0,0,0,479.0,0
TCCACACAGATGTGGC-JHA710A2,JHA710A2,A2,0.0,0,0,0,0,0,0,0,336.0,0
TCCACACAGTTGCAGG-JHA710A2,JHA710A2,A2,0.0,2,0,0,0,0,0,0,1153.0,0
TCCACACCACTATCTT-JHA710A2,JHA710A2,A2,0.0,2,0,0,0,0,0,0,2492.0,0
TCCACACCAGGTTTCA-JHA710A2,JHA710A2,A2,0.0,0,0,0,0,0,0,0,356.0,0
TCCACACCATGCTAGT-JHA710A2,JHA710A2,A2,0.0,1,0,0,0,0,0,0,381.0,0
TCCACACGTCTTGATG-JHA710A2,JHA710A2,A2,0.0,0,0,0,0,0,0,0,322.0,0
TCCACACGTTTGTGTG-JHA710A2,JHA710A2,A2,0.0,1,0,0,0,0,0,0,769.0,0
TCCACACTCACTTCAT-JHA710A2,JHA710A2,A2,0.0,0,0,0,0,0,0,0,352.0,0
TCCACACTCCGAACGC-JHA710A2,JHA710A2,A2,0.0,0,0,0,0,0,0,0,402.0,0
TCCCGATAGTCCGTAT-JHA710A2,JHA710A2,A2,0.0,2,0,0,0,0,0,0,598.0,0
TCCCGATAGTGATCGG-JHA710A2,JHA710A2,A2,0.0,0,0,0,0,0,0,0,761.0,0
TCCCGATCATGATCCA-JHA710A2,JHA710A2,A2,0.0,0,0,0,0,0,0,0,347.0,0
TCCCGATGTCTAAAGA-JHA710A2,JHA710A2,A2,0.0,1,0,0,0,0,0,0,683.0,0
TCGAGGCAGGATGCGT-JHA710A2,JHA710A2,A2,0.0,2,0,0,0,0,0,0,776.0,0
TCGAGGCCACCCATTC-JHA710A2,JHA710A2,A2,0.0,1,0,0,0,0,0,0,519.0,1
TCGAGGCCAGAAGCAC-JHA710A2,JHA710A2,A2,1.8111873967814713,1,1,1,0,0,0,0,1954.0,1
TCGAGGCGTCTGATCA-JHA710A2,JHA710A2,A2,0.0,2,0,0,0,0,0,0,587.0,0
TCGAGGCGTGCATCTA-JHA710A2,JHA710A2,A2,0.0,0,0,0,0,0,0,0,390.0,0
TCGAGGCGTTCAGGCC-JHA710A2,JHA710A2,A2,0.0,0,0,0,0,0,0,0,349.0,0
TCGCGAGAGAACTGTA-JHA710A2,JHA710A2,A2,0.0,1,0,0,0,0,0,0,713.0,0
TCGCGAGAGATATGGT-JHA710A2,JHA710A2,A2,0.0,4,0,0,0,0,0,0,653.0,0
TCGCGAGAGCTCTCGG-JHA710A2,JHA710A2,A2,0.0,0,0,0,0,0,0,0,344.0,0
TCGCGAGAGTTTAGGA-JHA710A2,JHA710A2,A2,0.0,2,0,0,0,0,0,0,2003.0,0
TCGCGAGCATGAGCGA-JHA710A2,JHA710A2,A2,0.0,0,0,0,0,0,0,0,323.0,1
TCGCGAGGTCTCATCC-JHA710A2,JHA710A2,A2,0.0,2,0,0,0,0,0,0,537.0,0
TCGCGAGGTGATGATA-JHA710A2,JHA710A2,A2,0.0,1,0,0,0,0,0,0,685.0,0
TCGCGAGGTGGTGTAG-JHA710A2,JHA710A2,A2,0.0,0,0,0,0,0,0,0,808.0,0
TCGCGAGGTTTCCACC-JHA710A2,JHA710A2,A2,0.0,3,0,0,0,0,0,0,1270.0,0
TCGCGAGTCCACTCCA-JHA710A2,JHA710A2,A2,0.0,0,0,0,0,0,0,0,454.0,0
TCGCGAGTCGTCACGG-JHA710A2,JHA710A2,A2,0.0,1,0,0,0,0,0,0,1594.0,1
TCGCGAGTCTTGTCAT-JHA710A2,JHA710A2,A2,0.0,1,0,0,0,0,0,0,1363.0,1
TCGCGTTAGACTACAA-JHA710A2,JHA710A2,A2,3.3895732534657457,3,1,1,1,1,1,0,2094.0,0
TCGCGTTAGCATGGCA-JHA710A2,JHA710A2,A2,0.0,2,0,0,0,0,0,0,1408.0,0
TCGCGTTAGCGAAGGG-JHA710A2,JHA710A2,A2,0.0,1,0,0,0,0,0,0,1061.0,0
TCGCGTTAGGTGCAAC-JHA710A2,JHA710A2,A2,0.0,1,0,0,0,0,0,0,804.0,0
TCGCGTTAGTCGATAA-JHA710A2,JHA710A2,A2,0.0,1,0,0,0,0,0,0,395.0,0
TCGCGTTCACAAGTAA-JHA710A2,JHA710A2,A2,7.8843740211821665,2,1,1,1,1,0,1,1311.0,0
TCGCGTTGTACGCACC-JHA710A2,JHA710A2,A2,0.0,1,0,0,0,0,0,0,466.0,0
TCGCGTTGTGCTAGCC-JHA710A2,JHA710A2,A2,0.0,1,0,0,0,0,0,0,997.0,0
TCGCGTTTCACGACTA-JHA710A2,JHA710A2,A2,0.0,2,0,0,0,0,0,0,501.0,0
TCGCGTTTCAGGTTCA-JHA710A2,JHA710A2,A2,0.0,0,0,0,0,0,0,0,1002.0,0
TCGCGTTTCGAGGTAG-JHA710A2,JHA710A2,A2,0.0,3,0,0,0,0,0,0,1131.0,0
TCGCGTTTCGCCTGAG-JHA710A2,JHA710A2,A2,0.0,1,0,0,0,0,0,0,449.0,0
TCGCGTTTCTTGTATC-JHA710A2,JHA710A2,A2,0.0,2,0,0,0,0,0,0,523.0,0
TCGGGACCATCAGTCA-JHA710A2,JHA710A2,A2,0.0,1,0,0,0,0,0,0,528.0,0
TCGGGACGTGAGGGAG-JHA710A2,JHA710A2,A2,0.0,2,0,0,0,0,0,0,459.0,1
TCGGGACTCGGAGGTA-JHA710A2,JHA710A2,A2,0.0,2,0,0,0,0,0,0,588.0,0
TCGGTAACAAACTGCT-JHA710A2,JHA710A2,A2,3.0954439531443563,2,1,1,1,1,0,0,474.0,0
TCGGTAACAATCCGAT-JHA710A2,JHA710A2,A2,0.0,2,0,0,0,0,0,0,1495.0,0
TCGGTAATCTAAGCCA-JHA710A2,JHA710A2,A2,0.0,1,0,0,0,0,0,0,362.0,0
TCGTACCCATCGACGC-JHA710A2,JHA710A2,A2,0.0,0,0,0,0,0,0,0,327.0,0
TCGTACCGTAGTGAAT-JHA710A2,JHA710A2,A2,0.0,2,0,0,0,0,0,0,832.0,0
TCGTACCGTCACTGGC-JHA710A2,JHA710A2,A2,0.0,0,0,0,0,0,0,0,719.0,0
TCGTACCGTCCCGACA-JHA710A2,JHA710A2,A2,0.0,0,0,0,0,0,0,0,513.0,0
TCGTACCGTTGTTTGG-JHA710A2,JHA710A2,A2,0.0,1,0,0,0,0,0,0,433.0,0
TCGTACCTCGCGTTTC-JHA710A2,JHA710A2,A2,0.0,1,0,0,0,0,0,0,2535.0,0
TCGTACCTCGTTTAGG-JHA710A2,JHA710A2,A2,0.0,1,0,0,0,0,0,0,365.0,0
TCGTAGAAGGCGACAT-JHA710A2,JHA710A2,A2,0.0,1,0,0,0,0,0,0,388.0,0
TCGTAGAGTCTAAAGA-JHA710A2,JHA710A2,A2,0.0,2,0,0,0,0,0,0,615.0,0
TCGTAGAGTGAGGGTT-JHA710A2,JHA710A2,A2,0.0,1,0,0,0,0,0,0,375.0,0
TCGTAGATCATTGCCC-JHA710A2,JHA710A2,A2,0.0,2,0,0,0,0,0,0,871.0,0
TCGTAGATCCAGAAGG-JHA710A2,JHA710A2,A2,0.0,1,0,0,0,0,0,0,1002.0,0
TCTATTGAGACACGAC-JHA710A2,JHA710A2,A2,0.0,1,0,0,0,0,0,0,683.0,0
TCTATTGCAAGTTAAG-JHA710A2,JHA710A2,A2,0.0,0,0,0,0,0,0,0,510.0,0
TCTATTGGTCGACTAT-JHA710A2,JHA710A2,A2,1.7863632500815836,1,1,1,0,0,0,0,2013.0,1
TCTATTGGTCGTGGCT-JHA710A2,JHA710A2,A2,0.0,2,0,0,0,0,0,0,967.0,0
TCTATTGGTGCTGTAT-JHA710A2,JHA710A2,A2,0.0,0,0,0,0,0,0,0,803.0,0
TCTATTGTCATCGGAT-JHA710A2,JHA710A2,A2,0.0,0,0,0,0,0,0,0,876.0,0
TCTCATAGTAGCACGA-JHA710A2,JHA710A2,A2,0.0,1,0,0,0,0,0,0,1215.0,0
TCTCATAGTTCCCGAG-JHA710A2,JHA710A2,A2,0.0,1,0,0,0,0,0,0,364.0,0
TCTCATAGTTCGTTGA-JHA710A2,JHA710A2,A2,0.0,2,0,0,0,0,0,0,329.0,0
TCTCTAAAGGTCATCT-JHA710A2,JHA710A2,A2,0.0,2,0,0,0,0,0,0,709.0,1
TCTCTAACAATTCCTT-JHA710A2,JHA710A2,A2,2.964363009886346,1,1,1,0,0,0,0,544.0,0
TCTCTAACATGACATC-JHA710A2,JHA710A2,A2,5.6584861997410245,1,1,1,0,0,0,0,595.0,0
TCTCTAAGTTTGGGCC-JHA710A2,JHA710A2,A2,0.0,0,0,0,0,0,0,0,393.0,0
TCTCTAATCCATGCTC-JHA710A2,JHA710A2,A2,0.0,0,0,0,0,0,0,0,362.0,0
TCTGAGAAGCTTTGGT-JHA710A2,JHA710A2,A2,0.0,3,0,0,0,0,0,0,2388.0,0
TCTGAGAGTTGATTGC-JHA710A2,JHA710A2,A2,0.0,1,0,0,0,0,0,0,926.0,0
TCTGAGAGTTGTGGCC-JHA710A2,JHA710A2,A2,0.0,2,0,0,0,0,0,0,461.0,1
TCTGAGATCAGCTCGG-JHA710A2,JHA710A2,A2,0.0,1,0,0,0,0,0,0,451.0,0
TCTGAGATCGCCAGCA-JHA710A2,JHA710A2,A2,0.0,1,0,0,0,0,0,0,569.0,0
TCTGGAAAGAATCTCC-JHA710A2,JHA710A2,A2,0.0,2,0,0,0,0,0,0,889.0,0
TCTGGAAAGGATGGAA-JHA710A2,JHA710A2,A2,0.0,1,0,0,0,0,0,0,569.0,0
TCTGGAACACAAGACG-JHA710A2,JHA710A2,A2,0.0,1,0,0,0,0,0,0,481.0,0
TCTGGAAGTGTTTGTG-JHA710A2,JHA710A2,A2,0.0,1,0,0,0,0,0,0,635.0,0
TCTGGAATCGCCAAAT-JHA710A2,JHA710A2,A2,2.608496228294576,3,1,1,1,1,1,0,795.0,0
TCTTCGGCAGGCAGTA-JHA710A2,JHA710A2,A2,0.0,2,0,0,0,0,0,0,1775.0,0
TCTTCGGTCGGTGTTA-JHA710A2,JHA710A2,A2,0.0,1,0,0,0,0,0,0,582.0,0
TCTTCGGTCTGAGGGA-JHA710A2,JHA710A2,A2,0.0,1,0,0,0,0,0,0,416.0,0
TCTTTCCAGGCCGAAT-JHA710A2,JHA710A2,A2,0.0,2,0,0,0,0,0,0,758.0,0
TCTTTCCGTAAGTGTA-JHA710A2,JHA710A2,A2,0.0,0,0,0,0,0,0,0,354.0,1
TCTTTCCTCTCTAAGG-JHA710A2,JHA710A2,A2,6.442190785028596,1,1,1,0,0,0,0,351.0,0
TGAAAGAAGCGGATCA-JHA710A2,JHA710A2,A2,0.0,1,0,0,0,0,0,0,1172.0,0
TGAAAGAAGGCCATAG-JHA710A2,JHA710A2,A2,0.0,2,0,0,0,0,0,0,488.0,0
TGAAAGAGTGCTGTAT-JHA710A2,JHA710A2,A2,0.0,2,0,0,0,0,0,0,1285.0,0
TGAAAGATCCTAGGGC-JHA710A2,JHA710A2,A2,0.0,1,0,0,0,0,0,0,705.0,0
TGAAAGATCGGAAACG-JHA710A2,JHA710A2,A2,0.0,1,0,0,0,0,0,0,504.0,0
TGAAAGATCGTATCAG-JHA710A2,JHA710A2,A2,0.0,1,0,0,0,0,0,0,378.0,0
TGACAACAGCAGCGTA-JHA710A2,JHA710A2,A2,0.0,2,0,0,0,0,0,0,1187.0,0
TGACAACAGCCCAGCT-JHA710A2,JHA710A2,A2,0.0,0,0,0,0,0,0,0,358.0,0
TGACAACAGGTTACCT-JHA710A2,JHA710A2,A2,0.0,2,0,0,0,0,0,0,370.0,0
TGACAACAGTATGACA-JHA710A2,JHA710A2,A2,0.0,2,0,0,0,0,0,0,590.0,0
TGACAACCACATTAGC-JHA710A2,JHA710A2,A2,0.0,2,0,0,0,0,0,0,400.0,0
TGACAACCATCCTTGC-JHA710A2,JHA710A2,A2,0.0,4,0,0,0,0,0,0,1318.0,0
TGACAACGTGACGCCT-JHA710A2,JHA710A2,A2,0.0,1,0,0,0,0,0,0,425.0,1
TGACAACTCTCTAAGG-JHA710A2,JHA710A2,A2,0.0,2,0,0,0,0,0,0,555.0,0
TGACAACTCTTTAGTC-JHA710A2,JHA710A2,A2,0.0,0,0,0,0,0,0,0,971.0,0
TGACGGCAGGGTGTGT-JHA710A2,JHA710A2,A2,0.0,2,0,0,0,0,0,0,574.0,1
TGACGGCCACGAGAGT-JHA710A2,JHA710A2,A2,0.0,1,0,0,0,0,0,0,596.0,0
TGACGGCCAGATGGCA-JHA710A2,JHA710A2,A2,0.0,2,0,0,0,0,0,0,473.0,0
TGACGGCGTCGACTAT-JHA710A2,JHA710A2,A2,5.148091168507308,1,1,1,0,0,0,0,526.0,0
TGACGGCGTGAAAGAG-JHA710A2,JHA710A2,A2,0.0,2,0,0,0,0,0,0,961.0,0
TGACGGCTCAGCTTAG-JHA710A2,JHA710A2,A2,0.0,1,0,0,0,0,0,0,668.0,0
TGACGGCTCGTCGTTC-JHA710A2,JHA710A2,A2,2.899627786955223,1,1,1,0,0,0,0,1165.0,1
TGACTAGAGACCACGA-JHA710A2,JHA710A2,A2,0.0,2,0,0,0,0,0,0,949.0,1
TGACTAGAGATGAGAG-JHA710A2,JHA710A2,A2,0.0,2,0,0,0,0,0,0,596.0,0
TGACTAGAGCCAGGAT-JHA710A2,JHA710A2,A2,0.0,0,0,0,0,0,0,0,490.0,0
TGACTAGAGTAGGCCA-JHA710A2,JHA710A2,A2,0.0,0,0,0,0,0,0,0,492.0,0
TGACTAGCAAACGCGA-JHA710A2,JHA710A2,A2,0.0,2,0,0,0,0,0,0,1152.0,0
TGACTAGCACGACTCG-JHA710A2,JHA710A2,A2,0.0,1,0,0,0,0,0,0,732.0,0
TGACTAGGTAGCGATG-JHA710A2,JHA710A2,A2,0.0,1,0,0,0,0,0,0,761.0,0
TGACTAGGTCGATTGT-JHA710A2,JHA710A2,A2,0.0,1,0,0,0,0,0,0,2404.0,0
TGACTAGGTTGATTGC-JHA710A2,JHA710A2,A2,0.0,1,0,0,0,0,0,0,3267.0,0
TGACTTTCAATGAAAC-JHA710A2,JHA710A2,A2,0.0,1,0,0,0,0,0,0,994.0,0
TGACTTTGTGTGGCTC-JHA710A2,JHA710A2,A2,0.0,1,0,0,0,0,0,0,322.0,0
TGAGAGGAGCTCAACT-JHA710A2,JHA710A2,A2,0.0,0,0,0,0,0,0,0,629.0,0
TGAGAGGAGGCCGAAT-JHA710A2,JHA710A2,A2,0.0,2,0,0,0,0,0,0,552.0,0
TGAGAGGAGTGTGAAT-JHA710A2,JHA710A2,A2,0.0,0,0,0,0,0,0,0,510.0,0
TGAGAGGAGTGTTGAA-JHA710A2,JHA710A2,A2,0.0,2,0,0,0,0,0,0,494.0,0
TGAGAGGCACACAGAG-JHA710A2,JHA710A2,A2,0.0,1,0,0,0,0,0,0,1266.0,0
TGAGAGGGTAAGTGTA-JHA710A2,JHA710A2,A2,0.0,0,0,0,0,0,0,0,351.0,0
TGAGAGGTCACTTCAT-JHA710A2,JHA710A2,A2,0.0,1,0,0,0,0,0,0,797.0,0
TGAGCATAGGATGGAA-JHA710A2,JHA710A2,A2,0.0,1,0,0,0,0,0,0,653.0,0
TGAGCATAGTAACCCT-JHA710A2,JHA710A2,A2,0.0,1,0,0,0,0,0,0,538.0,0
TGAGCATCAAAGCGGT-JHA710A2,JHA710A2,A2,0.0,1,0,0,0,0,0,0,637.0,0
TGAGCATGTGCGATAG-JHA710A2,JHA710A2,A2,0.0,1,0,0,0,0,0,0,377.0,0
TGAGCATTCGGCTACG-JHA710A2,JHA710A2,A2,0.0,1,0,0,0,0,0,0,1162.0,0
TGAGCCGAGGGTGTGT-JHA710A2,JHA710A2,A2,0.0,1,0,0,0,0,0,0,990.0,0
TGAGCCGCAATGTTGC-JHA710A2,JHA710A2,A2,0.0,0,0,0,0,0,0,0,726.0,0
TGAGCCGGTTAAGAAC-JHA710A2,JHA710A2,A2,0.0,1,0,0,0,0,0,0,415.0,1
TGAGCCGGTTCCGGCA-JHA710A2,JHA710A2,A2,0.0,2,0,0,0,0,0,0,1135.0,0
TGAGGGAAGCTTATCG-JHA710A2,JHA710A2,A2,0.0,1,0,0,0,0,0,0,448.0,1
TGAGGGACACAGGCCT-JHA710A2,JHA710A2,A2,0.0,2,0,0,0,0,0,0,1518.0,0
TGAGGGACACCACCAG-JHA710A2,JHA710A2,A2,0.0,1,0,0,0,0,0,0,1781.0,1
TGAGGGAGTTCAGTAC-JHA710A2,JHA710A2,A2,0.0,0,0,0,0,0,0,0,455.0,1
TGAGGGATCTAACTTC-JHA710A2,JHA710A2,A2,0.0,1,0,0,0,0,0,0,360.0,0
TGATTTCCAGCAGTTT-JHA710A2,JHA710A2,A2,0.0,1,0,0,0,0,0,0,1143.0,0
TGATTTCCATCGATTG-JHA710A2,JHA710A2,A2,0.0,0,0,0,0,0,0,0,338.0,0
TGATTTCCATTCCTGC-JHA710A2,JHA710A2,A2,0.0,1,0,0,0,0,0,0,2431.0,0
TGATTTCGTCGCGGTT-JHA710A2,JHA710A2,A2,0.0,2,0,0,0,0,0,0,2020.0,1
TGATTTCTCAAACCAC-JHA710A2,JHA710A2,A2,0.0,0,0,0,0,0,0,0,865.0,0
TGATTTCTCTACTTAC-JHA710A2,JHA710A2,A2,0.0,2,0,0,0,0,0,0,423.0,0
TGCACCTAGCCACCTG-JHA710A2,JHA710A2,A2,0.0,2,0,0,0,0,0,0,3173.0,0
TGCACCTTCATCGGAT-JHA710A2,JHA710A2,A2,0.0,1,0,0,0,0,0,0,686.0,0
TGCCAAACATAGTAAG-JHA710A2,JHA710A2,A2,3.2948744020224283,2,1,1,1,1,0,0,385.0,0
TGCCAAAGTCCAGTTA-JHA710A2,JHA710A2,A2,0.0,1,0,0,0,0,0,0,720.0,0
TGCCAAAGTTTAGGAA-JHA710A2,JHA710A2,A2,0.0,1,0,0,0,0,0,0,322.0,0
TGCCAAATCCAAAGTC-JHA710A2,JHA710A2,A2,0.0,3,0,0,0,0,0,0,1075.0,0
TGCCAAATCTCGAGTA-JHA710A2,JHA710A2,A2,0.0,1,0,0,0,0,0,0,1246.0,0
TGCCCATAGCTGTCTA-JHA710A2,JHA710A2,A2,0.0,2,0,0,0,0,0,0,840.0,0
TGCCCATCAAATCCGT-JHA710A2,JHA710A2,A2,0.0,1,0,0,0,0,0,0,605.0,1
TGCCCATCAGATGGCA-JHA710A2,JHA710A2,A2,0.0,2,0,0,0,0,0,0,361.0,0
TGCCCATGTTCAACCA-JHA710A2,JHA710A2,A2,0.0,1,0,0,0,0,0,0,2010.0,0
TGCCCTAAGATGGCGT-JHA710A2,JHA710A2,A2,0.0,0,0,0,0,0,0,0,440.0,0
TGCCCTACAAGGTTCT-JHA710A2,JHA710A2,A2,0.0,1,0,0,0,0,0,0,517.0,0
TGCCCTACACATGTGT-JHA710A2,JHA710A2,A2,2.3960790717905933,1,1,1,0,0,0,0,1002.0,0
TGCCCTACACCAACCG-JHA710A2,JHA710A2,A2,5.415569581410322,1,1,1,0,0,0,0,536.0,0
TGCCCTATCAGATAAG-JHA710A2,JHA710A2,A2,0.0,2,0,0,0,0,0,0,410.0,1
TGCCCTATCGGAAACG-JHA710A2,JHA710A2,A2,0.0,0,0,0,0,0,0,0,409.0,0
TGCGCAGAGCTGTCTA-JHA710A2,JHA710A2,A2,0.0,1,0,0,0,0,0,0,375.0,0
TGCGCAGAGGACAGAA-JHA710A2,JHA710A2,A2,0.0,1,0,0,0,0,0,0,634.0,0
TGCGCAGCAGCATGAG-JHA710A2,JHA710A2,A2,0.0,0,0,0,0,0,0,0,516.0,0
TGCGGGTAGTCGTACT-JHA710A2,JHA710A2,A2,6.994195064072809,2,1,1,1,1,0,0,560.0,0
TGCGGGTCAAGAGGCT-JHA710A2,JHA710A2,A2,0.0,0,0,0,0,0,0,0,342.0,0
TGCGGGTCAATGCCAT-JHA710A2,JHA710A2,A2,2.3834754122700637,2,1,1,1,1,0,0,1016.0,0
TGCGGGTCAGCTCGAC-JHA710A2,JHA710A2,A2,0.0,3,0,0,0,0,0,0,1778.0,0
TGCGGGTCATCAGTCA-JHA710A2,JHA710A2,A2,0.0,2,0,0,0,0,0,0,562.0,0
TGCGGGTCATGAACCT-JHA710A2,JHA710A2,A2,0.0,0,0,0,0,0,0,0,434.0,1
TGCGGGTCATGCTGGC-JHA710A2,JHA710A2,A2,0.0,0,0,0,0,0,0,0,622.0,0
TGCGGGTTCCACGTTC-JHA710A2,JHA710A2,A2,0.0,0,0,0,0,0,0,0,588.0,0
TGCGGGTTCCTGCTTG-JHA710A2,JHA710A2,A2,0.0,1,0,0,0,0,0,0,652.0,0
TGCGGGTTCTGGTTCC-JHA710A2,JHA710A2,A2,0.0,0,0,0,0,0,0,0,348.0,0
TGCGTGGCAGGTCTCG-JHA710A2,JHA710A2,A2,0.0,2,0,0,0,0,0,0,821.0,0
TGCGTGGTCCCTGACT-JHA710A2,JHA710A2,A2,0.0,0,0,0,0,0,0,0,334.0,0
TGCGTGGTCGAGAGCA-JHA710A2,JHA710A2,A2,0.0,0,0,0,0,0,0,0,603.0,0
TGCTACCAGAGCCTAG-JHA710A2,JHA710A2,A2,0.0,0,0,0,0,0,0,0,428.0,1
TGCTACCCACCGTTGG-JHA710A2,JHA710A2,A2,0.0,1,0,0,0,0,0,0,491.0,0
TGCTACCCATGCGCAC-JHA710A2,JHA710A2,A2,0.0,2,0,0,0,0,0,0,358.0,0
TGCTACCGTCCTCCAT-JHA710A2,JHA710A2,A2,0.0,0,0,0,0,0,0,0,394.0,0
TGCTACCGTCTACCTC-JHA710A2,JHA710A2,A2,0.0,0,0,0,0,0,0,0,323.0,0
TGCTGCTAGAGCTTCT-JHA710A2,JHA710A2,A2,0.0,1,0,0,0,0,0,0,580.0,0
TGCTGCTCAGTCCTTC-JHA710A2,JHA710A2,A2,0.0,1,0,0,0,0,0,0,1784.0,1
TGGACGCAGGCAGGTT-JHA710A2,JHA710A2,A2,0.0,2,0,0,0,0,0,0,2835.0,0
TGGACGCCAAGCCATT-JHA710A2,JHA710A2,A2,0.0,2,0,0,0,0,0,0,959.0,0
TGGACGCCATGTCGAT-JHA710A2,JHA710A2,A2,0.0,0,0,0,0,0,0,0,433.0,0
TGGCCAGAGCTAGGCA-JHA710A2,JHA710A2,A2,0.0,2,0,0,0,0,0,0,517.0,0
TGGCCAGCACATTCGA-JHA710A2,JHA710A2,A2,0.0,1,0,0,0,0,0,0,1231.0,0
TGGCCAGGTAGCACGA-JHA710A2,JHA710A2,A2,0.0,3,0,0,0,0,0,0,1135.0,0
TGGCCAGGTCCGAATT-JHA710A2,JHA710A2,A2,0.0,0,0,0,0,0,0,0,474.0,0
TGGCCAGGTGCCTGTG-JHA710A2,JHA710A2,A2,0.0,2,0,0,0,0,0,0,506.0,0
TGGCCAGTCGGATGGA-JHA710A2,JHA710A2,A2,0.0,2,0,0,0,0,0,0,540.0,0
TGGCCAGTCTACTTAC-JHA710A2,JHA710A2,A2,6.369732397392722,2,1,1,1,1,0,0,772.0,0
TGGCGCAAGGGTGTTG-JHA710A2,JHA710A2,A2,0.0,3,0,0,0,0,0,0,885.0,0
TGGCGCAGTTTGGCGC-JHA710A2,JHA710A2,A2,0.0,2,0,0,0,0,0,0,443.0,0
TGGCGCATCCATGAAC-JHA710A2,JHA710A2,A2,0.0,0,0,0,0,0,0,0,551.0,0
TGGCGCATCGCGTTTC-JHA710A2,JHA710A2,A2,0.0,0,0,0,0,0,0,0,391.0,0
TGGCTGGAGAGTCGGT-JHA710A2,JHA710A2,A2,0.0,2,0,0,0,0,0,0,553.0,0
TGGCTGGAGATGCCTT-JHA710A2,JHA710A2,A2,0.0,1,0,0,0,0,0,0,1566.0,0
TGGCTGGAGCTGATAA-JHA710A2,JHA710A2,A2,0.0,1,0,0,0,0,0,0,890.0,0
TGGCTGGCACACAGAG-JHA710A2,JHA710A2,A2,0.0,0,0,0,0,0,0,0,321.0,1
TGGCTGGGTTAAGGGC-JHA710A2,JHA710A2,A2,0.0,2,0,0,0,0,0,0,1793.0,0
TGGCTGGTCACATACG-JHA710A2,JHA710A2,A2,0.0,1,0,0,0,0,0,0,481.0,0
TGGCTGGTCCGCGCAA-JHA710A2,JHA710A2,A2,0.0,0,0,0,0,0,0,0,446.0,0
TGGCTGGTCCTAGTGA-JHA710A2,JHA710A2,A2,0.0,1,0,0,0,0,0,0,503.0,0
TGGGAAGAGGAATGGA-JHA710A2,JHA710A2,A2,0.0,2,0,0,0,0,0,0,869.0,0
TGGGAAGCATGCCTAA-JHA710A2,JHA710A2,A2,0.0,4,0,0,0,0,0,0,1686.0,0
TGGGAAGGTACTCGCG-JHA710A2,JHA710A2,A2,0.0,0,0,0,0,0,0,0,372.0,0
TGGGAAGGTTATCCGA-JHA710A2,JHA710A2,A2,2.9251319127132787,1,1,1,0,0,0,0,567.0,0
TGGGAAGTCAGGATCT-JHA710A2,JHA710A2,A2,0.0,1,0,0,0,0,0,0,336.0,1
TGGGCGTAGGACAGAA-JHA710A2,JHA710A2,A2,0.0,1,0,0,0,0,0,0,1416.0,0
TGGGCGTAGTGCCATT-JHA710A2,JHA710A2,A2,0.0,0,0,0,0,0,0,0,318.0,0
TGGGCGTCAAACTGTC-JHA710A2,JHA710A2,A2,0.0,2,0,0,0,0,0,0,548.0,0
TGGGCGTGTAATCGTC-JHA710A2,JHA710A2,A2,0.0,2,0,0,0,0,0,0,1046.0,0
TGGGCGTGTATGAAAC-JHA710A2,JHA710A2,A2,0.0,1,0,0,0,0,0,0,707.0,0
TGGGCGTGTCAGAAGC-JHA710A2,JHA710A2,A2,0.0,1,0,0,0,0,0,0,356.0,0
TGGGCGTGTGTCCTCT-JHA710A2,JHA710A2,A2,0.0,1,0,0,0,0,0,0,357.0,0
TGGGCGTTCACTCCTG-JHA710A2,JHA710A2,A2,0.0,0,0,0,0,0,0,0,438.0,0
TGGGCGTTCATAAAGG-JHA710A2,JHA710A2,A2,3.461483045046175,1,1,1,0,0,0,0,324.0,0
TGGGCGTTCATGCAAC-JHA710A2,JHA710A2,A2,0.0,2,0,0,0,0,0,0,2081.0,0
TGGGCGTTCTTCCTTC-JHA710A2,JHA710A2,A2,0.0,0,0,0,0,0,0,0,519.0,1
TGGTTAGAGTGTCCAT-JHA710A2,JHA710A2,A2,2.964363009886346,2,1,1,1,1,0,0,544.0,0
TGGTTAGCAAGCGCTC-JHA710A2,JHA710A2,A2,4.238980546849659,1,1,1,0,0,0,0,439.0,0
TGGTTAGCAATGCCAT-JHA710A2,JHA710A2,A2,0.0,0,0,0,0,0,0,0,379.0,0
TGGTTAGCACAACGCC-JHA710A2,JHA710A2,A2,0.0,1,0,0,0,0,0,0,680.0,0
TGGTTAGCACACAGAG-JHA710A2,JHA710A2,A2,0.0,0,0,0,0,0,0,0,379.0,0
TGGTTAGGTCTTGCGG-JHA710A2,JHA710A2,A2,0.0,1,0,0,0,0,0,0,1291.0,0
TGGTTAGTCATAACCG-JHA710A2,JHA710A2,A2,0.0,1,0,0,0,0,0,0,1003.0,0
TGGTTCCAGCGCCTCA-JHA710A2,JHA710A2,A2,0.0,1,0,0,0,0,0,0,901.0,0
TGGTTCCCACAGCGTC-JHA710A2,JHA710A2,A2,0.0,0,0,0,0,0,0,0,427.0,0
TGGTTCCCACCATCCT-JHA710A2,JHA710A2,A2,0.0,1,0,0,0,0,0,0,603.0,0
TGGTTCCCAGGGATTG-JHA710A2,JHA710A2,A2,0.0,2,0,0,0,0,0,0,643.0,0
TGGTTCCTCACGATGT-JHA710A2,JHA710A2,A2,0.0,0,0,0,0,0,0,0,459.0,0
TGTATTCAGAAACCAT-JHA710A2,JHA710A2,A2,2.9234644274810098,0,1,0,0,0,0,0,568.0,1
TGTATTCAGAAGATTC-JHA710A2,JHA710A2,A2,0.0,1,0,0,0,0,0,0,566.0,0
TGTATTCAGAGCTGCA-JHA710A2,JHA710A2,A2,0.0,2,0,0,0,0,0,0,349.0,0
TGTATTCAGCCAACAG-JHA710A2,JHA710A2,A2,0.0,1,0,0,0,0,0,0,2937.0,0
TGTATTCCATTGGCGC-JHA710A2,JHA710A2,A2,0.0,1,0,0,0,0,0,0,507.0,0
TGTATTCGTACACCGC-JHA710A2,JHA710A2,A2,0.0,1,0,0,0,0,0,0,557.0,0
TGTATTCGTCACCTAA-JHA710A2,JHA710A2,A2,0.0,2,0,0,0,0,0,0,1169.0,0
TGTATTCGTGCATCTA-JHA710A2,JHA710A2,A2,0.0,0,0,0,0,0,0,0,432.0,0
TGTATTCGTGTGTGCC-JHA710A2,JHA710A2,A2,0.0,1,0,0,0,0,0,0,769.0,0
TGTATTCTCGCAAACT-JHA710A2,JHA710A2,A2,0.0,0,0,0,0,0,0,0,371.0,0
TGTCCCAAGTCCAGGA-JHA710A2,JHA710A2,A2,3.073552052398537,0,1,0,0,0,0,0,485.0,0
TGTCCCAAGTCTCAAC-JHA710A2,JHA710A2,A2,0.0,2,0,0,0,0,0,0,636.0,0
TGTCCCACAAGGTTTC-JHA710A2,JHA710A2,A2,0.0,2,0,0,0,0,0,0,886.0,0
TGTCCCACACATCCGG-JHA710A2,JHA710A2,A2,0.0,1,0,0,0,0,0,0,857.0,0
TGTCCCAGTAGCACGA-JHA710A2,JHA710A2,A2,0.0,3,0,0,0,0,0,0,813.0,0
TGTCCCAGTCCGAATT-JHA710A2,JHA710A2,A2,0.0,1,0,0,0,0,0,0,480.0,0
TGTCCCAGTGCATCTA-JHA710A2,JHA710A2,A2,0.0,1,0,0,0,0,0,0,386.0,0
TGTCCCATCCGTTGTC-JHA710A2,JHA710A2,A2,2.740372406427786,3,1,1,1,1,1,0,690.0,0
TGTCCCATCTCTGCTG-JHA710A2,JHA710A2,A2,0.0,2,0,0,0,0,0,0,1187.0,0
TGTGGTACAAACCCAT-JHA710A2,JHA710A2,A2,0.0,1,0,0,0,0,0,0,985.0,0
TGTGGTACAGGATCGA-JHA710A2,JHA710A2,A2,0.0,0,0,0,0,0,0,0,373.0,0
TGTGGTAGTCAAAGCG-JHA710A2,JHA710A2,A2,0.0,1,0,0,0,0,0,0,751.0,0
TGTGGTAGTGCCTGTG-JHA710A2,JHA710A2,A2,0.0,2,0,0,0,0,0,0,665.0,0
TGTGGTATCGGCTTGG-JHA710A2,JHA710A2,A2,0.0,2,0,0,0,0,0,0,3162.0,1
TGTGTTTAGCGTAGTG-JHA710A2,JHA710A2,A2,0.0,1,0,0,0,0,0,0,525.0,0
TGTTCCGAGCAGATCG-JHA710A2,JHA710A2,A2,0.0,2,0,0,0,0,0,0,464.0,0
TGTTCCGAGCGGATCA-JHA710A2,JHA710A2,A2,0.0,0,0,0,0,0,0,0,678.0,1
TGTTCCGCACTGCCAG-JHA710A2,JHA710A2,A2,0.0,2,0,0,0,0,0,0,853.0,1
TGTTCCGCATGTCGAT-JHA710A2,JHA710A2,A2,0.0,0,0,0,0,0,0,0,377.0,0
TGTTCCGGTGCAGTAG-JHA710A2,JHA710A2,A2,0.0,1,0,0,0,0,0,0,849.0,0
TGTTCCGTCTGCTTGC-JHA710A2,JHA710A2,A2,2.1091374238725975,2,1,1,1,1,0,0,1381.0,0
TTAACTCAGAAACGCC-JHA710A2,JHA710A2,A2,0.0,0,0,0,0,0,0,0,603.0,0
TTAACTCAGCTTATCG-JHA710A2,JHA710A2,A2,0.0,1,0,0,0,0,0,0,839.0,0
TTAACTCCAAAGAATC-JHA710A2,JHA710A2,A2,4.783961143367814,3,1,1,1,1,1,0,506.0,0
TTAACTCCAAGGACTG-JHA710A2,JHA710A2,A2,0.0,2,0,0,0,0,0,0,3122.0,0
TTAACTCCACATTCGA-JHA710A2,JHA710A2,A2,0.0,0,0,0,0,0,0,0,342.0,0
TTAACTCTCCCTAACC-JHA710A2,JHA710A2,A2,0.0,0,0,0,0,0,0,0,340.0,0
TTAGGACCAAGGGTCA-JHA710A2,JHA710A2,A2,0.0,3,0,0,0,0,0,0,1137.0,1
TTAGGACGTCCATGAT-JHA710A2,JHA710A2,A2,2.717622346261697,2,1,1,1,1,0,0,707.0,0
TTAGGACGTCCTGCTT-JHA710A2,JHA710A2,A2,0.0,1,0,0,0,0,0,0,321.0,0
TTAGGACGTCTTGCGG-JHA710A2,JHA710A2,A2,0.0,0,0,0,0,0,0,0,680.0,0
TTAGGACTCTTCTGGC-JHA710A2,JHA710A2,A2,0.0,0,0,0,0,0,0,0,1006.0,0
TTAGGCAAGACGCAAC-JHA710A2,JHA710A2,A2,0.0,0,0,0,0,0,0,0,493.0,1
TTAGGCAAGAGGTACC-JHA710A2,JHA710A2,A2,0.0,1,0,0,0,0,0,0,320.0,0
TTAGGCAAGAGGTTAT-JHA710A2,JHA710A2,A2,0.0,1,0,0,0,0,0,0,854.0,0
TTAGGCAAGGTGATAT-JHA710A2,JHA710A2,A2,0.0,2,0,0,0,0,0,0,842.0,0
TTAGGCAAGTCGCCGT-JHA710A2,JHA710A2,A2,2.536980586232645,2,1,1,1,1,0,0,859.0,0
TTAGGCAAGTGTTAGA-JHA710A2,JHA710A2,A2,2.345066087970213,2,1,1,1,1,0,0,1060.0,0
TTAGGCACAAAGGCGT-JHA710A2,JHA710A2,A2,0.0,0,0,0,0,0,0,0,421.0,0
TTAGGCACAAGGGTCA-JHA710A2,JHA710A2,A2,0.0,0,0,0,0,0,0,0,420.0,1
TTAGGCAGTATGCTTG-JHA710A2,JHA710A2,A2,0.0,2,0,0,0,0,0,0,481.0,0
TTAGGCAGTCTTTCAT-JHA710A2,JHA710A2,A2,0.0,0,0,0,0,0,0,0,645.0,1
TTAGGCAGTGTCGCTG-JHA710A2,JHA710A2,A2,0.0,1,0,0,0,0,0,0,1461.0,0
TTAGGCATCAGCTTAG-JHA710A2,JHA710A2,A2,0.0,0,0,0,0,0,0,0,522.0,0
TTAGTTCAGATGGGTC-JHA710A2,JHA710A2,A2,0.0,2,0,0,0,0,0,0,673.0,0
TTAGTTCAGCACACAG-JHA710A2,JHA710A2,A2,0.0,2,0,0,0,0,0,0,628.0,0
TTAGTTCAGGGCTCTC-JHA710A2,JHA710A2,A2,0.0,1,0,0,0,0,0,0,713.0,0
TTAGTTCCAGCGTCCA-JHA710A2,JHA710A2,A2,0.0,1,0,0,0,0,0,0,533.0,0
TTAGTTCGTCAATGTC-JHA710A2,JHA710A2,A2,0.0,1,0,0,0,0,0,0,880.0,1
TTATGCTAGAAAGTGG-JHA710A2,JHA710A2,A2,0.0,1,0,0,0,0,0,0,1105.0,0
TTATGCTCACAGTCGC-JHA710A2,JHA710A2,A2,0.0,2,0,0,0,0,0,0,819.0,0
TTATGCTGTCAATGTC-JHA710A2,JHA710A2,A2,0.0,2,0,0,0,0,0,0,1126.0,1
TTATGCTGTGTTTGGT-JHA710A2,JHA710A2,A2,0.0,1,0,0,0,0,0,0,524.0,0
TTATGCTGTTCAGTAC-JHA710A2,JHA710A2,A2,0.0,0,0,0,0,0,0,0,453.0,1
TTATGCTTCAGTTGAC-JHA710A2,JHA710A2,A2,0.0,2,0,0,0,0,0,0,939.0,0
TTCCCAGAGCGCCTTG-JHA710A2,JHA710A2,A2,0.0,0,0,0,0,0,0,0,454.0,0
TTCCCAGCAGGATCGA-JHA710A2,JHA710A2,A2,3.250912943124212,0,1,0,0,0,0,0,403.0,1
TTCCCAGGTCGCGAAA-JHA710A2,JHA710A2,A2,0.0,1,0,0,0,0,0,0,364.0,0
TTCCCAGTCCCTAACC-JHA710A2,JHA710A2,A2,0.0,1,0,0,0,0,0,0,988.0,0
TTCCCAGTCCTCTAGC-JHA710A2,JHA710A2,A2,0.0,0,0,0,0,0,0,0,529.0,1
TTCCCAGTCGAGGTAG-JHA710A2,JHA710A2,A2,0.0,1,0,0,0,0,0,0,1182.0,0
TTCGAAGAGCCAGTTT-JHA710A2,JHA710A2,A2,0.0,1,0,0,0,0,0,0,831.0,0
TTCGAAGCAAATACAG-JHA710A2,JHA710A2,A2,0.0,3,0,0,0,0,0,0,2313.0,0
TTCGAAGGTCTCCATC-JHA710A2,JHA710A2,A2,0.0,0,0,0,0,0,0,0,809.0,0
TTCGAAGGTCTCTCGT-JHA710A2,JHA710A2,A2,0.0,2,0,0,0,0,0,0,1342.0,0
TTCGAAGGTGAGGGTT-JHA710A2,JHA710A2,A2,0.0,1,0,0,0,0,0,0,403.0,0
TTCGAAGTCCAGTATG-JHA710A2,JHA710A2,A2,0.0,1,0,0,0,0,0,0,391.0,0
TTCGGTCCACATTAGC-JHA710A2,JHA710A2,A2,0.0,2,0,0,0,0,0,0,412.0,0
TTCGGTCCACTAGTAC-JHA710A2,JHA710A2,A2,0.0,2,0,0,0,0,0,0,1922.0,0
TTCGGTCGTAATAGCA-JHA710A2,JHA710A2,A2,0.0,1,0,0,0,0,0,0,454.0,0
TTCGGTCGTACGAAAT-JHA710A2,JHA710A2,A2,0.0,2,0,0,0,0,0,0,1048.0,0
TTCGGTCGTCCATGAT-JHA710A2,JHA710A2,A2,0.0,2,0,0,0,0,0,0,1275.0,0
TTCGGTCTCATCTGCC-JHA710A2,JHA710A2,A2,0.0,2,0,0,0,0,0,0,497.0,0
TTCGGTCTCTGAGGGA-JHA710A2,JHA710A2,A2,0.0,0,0,0,0,0,0,0,353.0,0
TTCTACATCACATGCA-JHA710A2,JHA710A2,A2,0.0,2,0,0,0,0,0,0,1487.0,0
TTCTACATCAGGTTCA-JHA710A2,JHA710A2,A2,0.0,0,0,0,0,0,0,0,328.0,0
TTCTCAAAGAGGGATA-JHA710A2,JHA710A2,A2,0.0,1,0,0,0,0,0,0,838.0,0
TTCTCAAAGGCGATAC-JHA710A2,JHA710A2,A2,0.0,2,0,0,0,0,0,0,655.0,0
TTCTCAAAGTACTTGC-JHA710A2,JHA710A2,A2,5.2690775955362215,1,1,1,0,0,0,0,414.0,0
TTCTCAAAGTGTGGCA-JHA710A2,JHA710A2,A2,6.088891389983536,2,1,1,1,1,0,0,591.0,0
TTCTCAAGTGAGTGAC-JHA710A2,JHA710A2,A2,3.403520263078295,1,1,1,0,0,0,0,344.0,0
TTCTCAAGTTTGACTG-JHA710A2,JHA710A2,A2,3.4525569327741508,2,1,1,1,1,0,0,327.0,0
TTCTCAATCCAGTATG-JHA710A2,JHA710A2,A2,0.0,2,0,0,0,0,0,0,1280.0,0
TTCTCCTCATCAGTAC-JHA710A2,JHA710A2,A2,0.0,1,0,0,0,0,0,0,316.0,0
TTCTCCTGTTTGACTG-JHA710A2,JHA710A2,A2,0.0,2,0,0,0,0,0,0,1051.0,0
TTCTCCTTCAATCTCT-JHA710A2,JHA710A2,A2,0.0,1,0,0,0,0,0,0,1632.0,0
TTCTTAGCAGCCTTGG-JHA710A2,JHA710A2,A2,0.0,1,0,0,0,0,0,0,768.0,0
TTCTTAGTCACCGGGT-JHA710A2,JHA710A2,A2,0.0,1,0,0,0,0,0,0,423.0,0
TTCTTAGTCGTGACAT-JHA710A2,JHA710A2,A2,0.0,0,0,0,0,0,0,0,316.0,0
TTGAACGAGGATGGAA-JHA710A2,JHA710A2,A2,0.0,0,0,0,0,0,0,0,379.0,0
TTGAACGCACGTCAGC-JHA710A2,JHA710A2,A2,0.0,2,0,0,0,0,0,0,563.0,0
TTGAACGGTATTACCG-JHA710A2,JHA710A2,A2,0.0,2,0,0,0,0,0,0,508.0,0
TTGAACGTCTTGACGA-JHA710A2,JHA710A2,A2,0.0,0,0,0,0,0,0,0,463.0,0
TTGACTTAGATCGATA-JHA710A2,JHA710A2,A2,0.0,0,0,0,0,0,0,0,336.0,0
TTGACTTAGCAGCGTA-JHA710A2,JHA710A2,A2,0.0,0,0,0,0,0,0,0,432.0,0
TTGACTTCATCGGTTA-JHA710A2,JHA710A2,A2,0.0,2,0,0,0,0,0,0,457.0,1
TTGACTTGTAAGGGAA-JHA710A2,JHA710A2,A2,0.0,1,0,0,0,0,0,0,328.0,1
TTGACTTGTCAAACTC-JHA710A2,JHA710A2,A2,0.0,1,0,0,0,0,0,0,615.0,1
TTGACTTGTTGATTCG-JHA710A2,JHA710A2,A2,0.0,0,0,0,0,0,0,0,365.0,0
TTGACTTGTTTGTTGG-JHA710A2,JHA710A2,A2,0.0,3,0,0,0,0,0,0,1447.0,0
TTGACTTTCGCGGATC-JHA710A2,JHA710A2,A2,0.0,1,0,0,0,0,0,0,526.0,0
TTGACTTTCGTCTGCT-JHA710A2,JHA710A2,A2,0.0,2,0,0,0,0,0,0,781.0,0
TTGCCGTAGTTGAGTA-JHA710A2,JHA710A2,A2,0.0,1,0,0,0,0,0,0,378.0,1
TTGCCGTGTTACGGAG-JHA710A2,JHA710A2,A2,0.0,2,0,0,0,0,0,0,437.0,0
TTGCGTCGTAGGCATG-JHA710A2,JHA710A2,A2,0.0,2,0,0,0,0,0,0,755.0,0
TTGCGTCGTCTTGATG-JHA710A2,JHA710A2,A2,0.0,1,0,0,0,0,0,0,327.0,1
TTGCGTCTCGCCGTGA-JHA710A2,JHA710A2,A2,0.0,1,0,0,0,0,0,0,504.0,0
TTGGAACAGAAACGAG-JHA710A2,JHA710A2,A2,0.0,0,0,0,0,0,0,0,554.0,1
TTGGAACAGAACAATC-JHA710A2,JHA710A2,A2,0.0,2,0,0,0,0,0,0,566.0,0
TTGGAACCAAACCCAT-JHA710A2,JHA710A2,A2,0.0,2,0,0,0,0,0,0,883.0,0
TTGGAACCAATCGAAA-JHA710A2,JHA710A2,A2,0.0,0,0,0,0,0,0,0,346.0,0
TTGGAACGTCCGTTAA-JHA710A2,JHA710A2,A2,0.0,1,0,0,0,0,0,0,438.0,0
TTGGAACGTGAAAGAG-JHA710A2,JHA710A2,A2,0.0,2,0,0,0,0,0,0,516.0,0
TTGGCAAAGACGACGT-JHA710A2,JHA710A2,A2,0.0,0,0,0,0,0,0,0,359.0,0
TTGGCAACACATCCAA-JHA710A2,JHA710A2,A2,0.0,2,0,0,0,0,0,0,891.0,0
TTGGCAAGTAAACACA-JHA710A2,JHA710A2,A2,2.763727137269237,2,1,1,1,1,0,0,1346.0,0
TTGGCAATCGTGGTCG-JHA710A2,JHA710A2,A2,0.0,3,0,0,0,0,0,0,885.0,0
TTGGCAATCTAGAGTC-JHA710A2,JHA710A2,A2,0.0,1,0,0,0,0,0,0,426.0,1
TTGGCAATCTTCCTTC-JHA710A2,JHA710A2,A2,0.0,0,0,0,0,0,0,0,446.0,0
TTGTAGGGTAAATGTG-JHA710A2,JHA710A2,A2,0.0,1,0,0,0,0,0,0,2740.0,0
TTGTAGGGTTCACCTC-JHA710A2,JHA710A2,A2,0.0,1,0,0,0,0,0,0,1460.0,0
TTGTAGGTCGGAGCAA-JHA710A2,JHA710A2,A2,0.0,1,0,0,0,0,0,0,704.0,0
TTTACTGCAATTCCTT-JHA710A2,JHA710A2,A2,0.0,1,0,0,0,0,0,0,617.0,1
TTTACTGTCACAACGT-JHA710A2,JHA710A2,A2,0.0,1,0,0,0,0,0,0,694.0,0
TTTATGCAGAGGTTGC-JHA710A2,JHA710A2,A2,0.0,1,0,0,0,0,0,0,399.0,1
TTTATGCAGATGCCAG-JHA710A2,JHA710A2,A2,0.0,2,0,0,0,0,0,0,2384.0,1
TTTATGCCACAGCCCA-JHA710A2,JHA710A2,A2,0.0,0,0,0,0,0,0,0,542.0,0
TTTATGCCAGTCAGAG-JHA710A2,JHA710A2,A2,0.0,1,0,0,0,0,0,0,671.0,1
TTTATGCTCAGAGCTT-JHA710A2,JHA710A2,A2,0.0,0,0,0,0,0,0,0,399.0,0
TTTCCTCAGACAAAGG-JHA710A2,JHA710A2,A2,0.0,3,0,0,0,0,0,0,5097.0,1
TTTCCTCAGTACCGGA-JHA710A2,JHA710A2,A2,0.0,0,0,0,0,0,0,0,624.0,0
TTTCCTCAGTTCCACA-JHA710A2,JHA710A2,A2,0.0,0,0,0,0,0,0,0,377.0,0
TTTCCTCTCTTGCCGT-JHA710A2,JHA710A2,A2,0.0,1,0,0,0,0,0,0,2121.0,0
TTTGCGCAGCCACGTC-JHA710A2,JHA710A2,A2,0.0,2,0,0,0,0,0,0,1074.0,0
TTTGCGCTCACATACG-JHA710A2,JHA710A2,A2,0.0,0,0,0,0,0,0,0,1042.0,0
TTTGCGCTCATGCAAC-JHA710A2,JHA710A2,A2,0.0,0,0,0,0,0,0,0,395.0,0
TTTGGTTCAGGGAGAG-JHA710A2,JHA710A2,A2,0.0,1,0,0,0,0,0,0,694.0,0
TTTGGTTTCCAAGTAC-JHA710A2,JHA710A2,A2,0.0,2,0,0,0,0,0,0,403.0,1
TTTGTCACATCCGGGT-JHA710A2,JHA710A2,A2,2.0816321230596544,2,1,1,1,1,0,0,1425.0,0
TTTGTCATCAACACCA-JHA710A2,JHA710A2,A2,0.0,1,0,0,0,0,0,0,596.0,0
TTTGTCATCGCCAGCA-JHA710A2,JHA710A2,A2,0.0,1,0,0,0,0,0,0,1849.0,0
AAACCTGAGACTAGGC-JHA710A3,JHA710A3,A3,0.0,2,0,0,0,0,0,0,2975.0,0
AAACCTGAGACTCGGA-JHA710A3,JHA710A3,A3,0.0,0,0,0,0,0,0,0,1184.0,0
AAACCTGAGGGCTCTC-JHA710A3,JHA710A3,A3,0.0,3,0,0,0,0,0,0,1294.0,0
AAACCTGCACGAGAGT-JHA710A3,JHA710A3,A3,5.9958632555361815,3,1,1,1,1,1,0,1572.0,0
AAACCTGGTCCTGCTT-JHA710A3,JHA710A3,A3,3.1611988319233464,1,1,1,0,0,0,0,885.0,0
AAACCTGGTTACAGAA-JHA710A3,JHA710A3,A3,0.0,0,0,0,0,0,0,0,741.0,0
AAACCTGGTTTGGCGC-JHA710A3,JHA710A3,A3,7.40319005304327,2,1,1,1,1,0,0,945.0,0
AAACCTGTCCCTCTTT-JHA710A3,JHA710A3,A3,3.2948744020224283,2,1,1,1,1,0,0,770.0,0
AAACCTGTCGTCCAGG-JHA710A3,JHA710A3,A3,0.0,1,0,0,0,0,0,0,1561.0,0
AAACCTGTCTAACTGG-JHA710A3,JHA710A3,A3,2.5855012251462965,2,1,1,1,1,0,0,815.0,0
AAACCTGTCTACTATC-JHA710A3,JHA710A3,A3,2.7363146015667534,2,1,1,1,1,0,0,693.0,0
AAACGGGAGGACCACA-JHA710A3,JHA710A3,A3,3.064745573841466,2,1,1,1,1,0,0,979.0,0
AAACGGGCAAGGTTCT-JHA710A3,JHA710A3,A3,1.9713648009340408,2,1,1,1,1,0,0,1618.0,0
AAACGGGCAATGGAAT-JHA710A3,JHA710A3,A3,2.5680935779276832,1,1,1,0,0,0,0,1661.0,0
AAACGGGCAGGGTTAG-JHA710A3,JHA710A3,A3,0.0,2,0,0,0,0,0,0,851.0,0
AAACGGGCATGGAATA-JHA710A3,JHA710A3,A3,2.3570950058362645,4,1,1,1,1,1,0,1046.0,0
AAACGGGGTACCGTAT-JHA710A3,JHA710A3,A3,0.0,0,0,0,0,0,0,0,609.0,0
AAACGGGGTAGCGTCC-JHA710A3,JHA710A3,A3,1.4922493226037326,1,1,1,0,0,0,0,2901.0,0
AAACGGGGTCTAAACC-JHA710A3,JHA710A3,A3,0.0,1,0,0,0,0,0,0,2016.0,0
AAACGGGGTGTTTGTG-JHA710A3,JHA710A3,A3,0.0,2,0,0,0,0,0,0,899.0,0
AAACGGGGTTTGTGTG-JHA710A3,JHA710A3,A3,3.240634113785071,2,1,1,1,1,0,0,1222.0,0
AAACGGGTCAGTCAGT-JHA710A3,JHA710A3,A3,2.5228928703488727,2,1,1,1,1,0,0,3489.0,0
AAACGGGTCTATCGCC-JHA710A3,JHA710A3,A3,2.348485081741244,2,1,1,1,1,0,0,3168.0,0
AAACGGGTCTTGAGGT-JHA710A3,JHA710A3,A3,2.1887364627134054,2,1,1,1,1,0,0,1262.0,0
AAAGATGAGACGCTTT-JHA710A3,JHA710A3,A3,0.0,1,0,0,0,0,0,0,637.0,0
AAAGATGAGCTAGCCC-JHA710A3,JHA710A3,A3,2.4312811628121307,2,1,1,1,1,0,0,1928.0,0
AAAGATGAGTGGGATC-JHA710A3,JHA710A3,A3,0.0,2,0,0,0,0,0,0,1355.0,0
AAAGATGCAAGCCGCT-JHA710A3,JHA710A3,A3,0.0,2,0,0,0,0,0,0,3128.0,1
AAAGATGCATCATCCC-JHA710A3,JHA710A3,A3,2.913524040475829,2,1,1,1,1,0,0,1148.0,0
AAAGATGCATCTATGG-JHA710A3,JHA710A3,A3,1.8644773704202293,2,1,1,1,1,0,0,1834.0,0
AAAGATGGTAGCGTAG-JHA710A3,JHA710A3,A3,6.954006811778901,3,1,1,1,1,1,0,669.0,0
AAAGATGGTGAGCGAT-JHA710A3,JHA710A3,A3,1.857598523429615,1,1,1,0,0,0,0,1849.0,0
AAAGATGGTTCAACCA-JHA710A3,JHA710A3,A3,0.0,1,0,0,0,0,0,0,1371.0,0
AAAGATGGTTGGAGGT-JHA710A3,JHA710A3,A3,0.0,2,0,0,0,0,0,0,1053.0,0
AAAGATGTCCTTTCGG-JHA710A3,JHA710A3,A3,0.0,1,0,0,0,0,0,0,798.0,0
AAAGATGTCTGCCCTA-JHA710A3,JHA710A3,A3,7.764440399992844,3,1,1,1,1,1,1,841.0,0
AAAGATGTCTTGAGGT-JHA710A3,JHA710A3,A3,1.62727381289272,2,1,1,1,1,0,0,2445.0,0
AAAGCAAAGGCCCTTG-JHA710A3,JHA710A3,A3,2.9713636825370333,2,1,1,1,1,0,0,1080.0,0
AAAGCAAAGGCTAGCA-JHA710A3,JHA710A3,A3,2.899627786955223,2,1,1,1,1,0,0,1165.0,0
AAAGCAAAGTAGCGGT-JHA710A3,JHA710A3,A3,0.0,1,0,0,0,0,0,0,768.0,0
AAAGCAACAGCCTATA-JHA710A3,JHA710A3,A3,6.4725142305222105,2,1,1,1,1,0,0,681.0,0
AAAGCAACAGCGTTCG-JHA710A3,JHA710A3,A3,1.978312283144421,2,1,1,1,1,0,0,1605.0,0
AAAGCAACAGTAAGCG-JHA710A3,JHA710A3,A3,0.0,2,0,0,0,0,0,0,1542.0,0
AAAGCAAGTAGATTAG-JHA710A3,JHA710A3,A3,2.047975959826013,0,1,0,0,0,0,0,1481.0,0
AAAGCAAGTGAGTGAC-JHA710A3,JHA710A3,A3,2.61316976459608,2,1,1,1,1,0,0,791.0,1
AAAGCAATCATTGCGA-JHA710A3,JHA710A3,A3,2.825715651950415,2,1,1,1,1,0,0,630.0,0
AAAGCAATCGCCCTTA-JHA710A3,JHA710A3,A3,7.755996994983635,3,1,1,1,1,1,1,831.0,0
AAAGTAGAGAGTAATC-JHA710A3,JHA710A3,A3,0.0,2,0,0,0,0,0,0,1236.0,0
AAAGTAGAGCAATATG-JHA710A3,JHA710A3,A3,0.0,2,0,0,0,0,0,0,1543.0,0
AAAGTAGAGCGACGTA-JHA710A3,JHA710A3,A3,3.26412573752268,1,1,1,0,0,0,0,795.0,0
AAAGTAGCAAACGTGG-JHA710A3,JHA710A3,A3,7.655443252869934,1,1,1,0,0,0,1,810.0,0
AAAGTAGCAAAGGTGC-JHA710A3,JHA710A3,A3,7.261444789350437,2,1,1,1,1,0,0,815.0,0
AAAGTAGCAACCGCCA-JHA710A3,JHA710A3,A3,2.2858378638826533,3,1,1,1,1,1,0,1132.0,0
AAAGTAGCAGGTGCCT-JHA710A3,JHA710A3,A3,0.0,1,0,0,0,0,0,0,1357.0,1
AAAGTAGCATTTCAGG-JHA710A3,JHA710A3,A3,2.662587827025453,1,1,1,0,0,0,0,1500.0,0
AAAGTAGGTAGCGTAG-JHA710A3,JHA710A3,A3,3.2491257225234387,2,1,1,1,1,0,0,1615.0,1
AAAGTAGTCATACGGT-JHA710A3,JHA710A3,A3,1.7797773401682577,4,1,1,1,1,1,0,2029.0,1
AAAGTAGTCATCTGCC-JHA710A3,JHA710A3,A3,0.0,1,0,0,0,0,0,0,728.0,0
AAAGTAGTCCGCGTTT-JHA710A3,JHA710A3,A3,2.481978390008912,2,1,1,1,1,0,0,912.0,0
AAAGTAGTCGTTGACA-JHA710A3,JHA710A3,A3,2.044455293685249,2,1,1,1,1,0,0,2974.0,0
AAATGCCCAGGTTTCA-JHA710A3,JHA710A3,A3,2.490055612984192,3,1,1,1,1,1,0,1808.0,0
AAATGCCCATCGGTTA-JHA710A3,JHA710A3,A3,0.0,2,0,0,0,0,0,0,1153.0,0
AAATGCCGTTCCCTTG-JHA710A3,JHA710A3,A3,0.0,0,0,0,0,0,0,0,749.0,1
AAATGCCTCACTTCAT-JHA710A3,JHA710A3,A3,0.0,3,0,0,0,0,0,0,1058.0,1
AAATGCCTCGGGAGTA-JHA710A3,JHA710A3,A3,0.0,1,0,0,0,0,0,0,728.0,0
AACACGTAGCCACGTC-JHA710A3,JHA710A3,A3,0.0,2,0,0,0,0,0,0,975.0,0
AACACGTAGGAGTTGC-JHA710A3,JHA710A3,A3,0.0,2,0,0,0,0,0,0,1262.0,0
AACACGTCATATGGTC-JHA710A3,JHA710A3,A3,2.381244721622951,2,1,1,1,1,0,0,2037.0,1
AACACGTCATCGACGC-JHA710A3,JHA710A3,A3,2.3551499373122855,2,1,1,1,1,0,0,4193.0,0
AACCATGAGGATTCGG-JHA710A3,JHA710A3,A3,1.4309536686422468,4,1,1,1,1,1,0,6284.0,0
AACCATGCAGTGGAGT-JHA710A3,JHA710A3,A3,0.0,1,0,0,0,0,0,0,1192.0,0
AACCATGCATCACGTA-JHA710A3,JHA710A3,A3,0.0,2,0,0,0,0,0,0,1230.0,0
AACCATGGTGTGAAAT-JHA710A3,JHA710A3,A3,2.5934798211189394,1,1,1,0,0,0,0,1616.0,0
AACCATGTCGCACTCT-JHA710A3,JHA710A3,A3,0.0,1,0,0,0,0,0,0,643.0,0
AACCGCGAGCCACGCT-JHA710A3,JHA710A3,A3,2.7948994212345966,3,1,1,1,1,1,0,651.0,0
AACCGCGCAGGATCGA-JHA710A3,JHA710A3,A3,2.386757959435207,2,1,1,1,1,0,0,3037.0,0
AACCGCGCAGTTAACC-JHA710A3,JHA710A3,A3,0.0,2,0,0,0,0,0,0,1004.0,0
AACCGCGGTACCGTTA-JHA710A3,JHA710A3,A3,3.2304682908655926,0,1,0,0,0,0,0,1235.0,0
AACCGCGGTATAATGG-JHA710A3,JHA710A3,A3,0.0,3,0,0,0,0,0,0,2142.0,0
AACCGCGGTGCAACTT-JHA710A3,JHA710A3,A3,0.0,1,0,0,0,0,0,0,855.0,0
AACCGCGTCAAACCAC-JHA710A3,JHA710A3,A3,0.0,1,0,0,0,0,0,0,964.0,0
AACCGCGTCAACACAC-JHA710A3,JHA710A3,A3,0.0,1,0,0,0,0,0,0,2064.0,0
AACCGCGTCATTGCGA-JHA710A3,JHA710A3,A3,1.4655683110679896,2,1,1,1,1,0,0,3003.0,0
AACGTTGAGCACACAG-JHA710A3,JHA710A3,A3,0.0,1,0,0,0,0,0,0,1647.0,0
AACGTTGAGCTAGTGG-JHA710A3,JHA710A3,A3,2.6490504083387063,2,1,1,1,1,0,0,761.0,0
AACGTTGCATCTCCCA-JHA710A3,JHA710A3,A3,3.4872442154467325,0,1,0,0,0,0,0,631.0,0
AACGTTGGTATCGCAT-JHA710A3,JHA710A3,A3,0.0,2,0,0,0,0,0,0,1626.0,0
AACGTTGGTGCCTGCA-JHA710A3,JHA710A3,A3,2.905323705413779,1,1,1,0,0,0,0,1158.0,0
AACGTTGGTTTGACTG-JHA710A3,JHA710A3,A3,7.86698888515497,3,1,1,1,1,1,1,713.0,0
AACGTTGTCAGTGTTG-JHA710A3,JHA710A3,A3,2.351273477719445,2,1,1,1,1,0,0,4211.0,0
AACTCAGAGAGACGAA-JHA710A3,JHA710A3,A3,2.3888536198814205,1,1,1,0,0,0,0,1010.0,0
AACTCAGAGCTGCCCA-JHA710A3,JHA710A3,A3,0.0,1,0,0,0,0,0,0,948.0,0
AACTCAGAGTAGCGGT-JHA710A3,JHA710A3,A3,0.0,2,0,0,0,0,0,0,609.0,0
AACTCAGCACACAGAG-JHA710A3,JHA710A3,A3,7.898967362874363,3,1,1,1,1,1,1,646.0,0
AACTCAGCACGAAATA-JHA710A3,JHA710A3,A3,2.462116732362367,2,1,1,1,1,0,0,1864.0,0
AACTCAGCATTGGCGC-JHA710A3,JHA710A3,A3,0.0,1,0,0,0,0,0,0,711.0,0
AACTCAGGTTGTTTGG-JHA710A3,JHA710A3,A3,2.382136279399392,1,1,1,0,0,0,0,2035.0,0
AACTCAGTCAAGGTAA-JHA710A3,JHA710A3,A3,2.7163023109465234,1,1,1,0,0,0,0,708.0,0
AACTCAGTCAGTGTTG-JHA710A3,JHA710A3,A3,5.959501275649581,2,1,1,1,1,0,0,854.0,0
AACTCCCAGGAATCGC-JHA710A3,JHA710A3,A3,2.0604262755663485,3,1,1,1,1,1,0,1460.0,0
AACTCCCAGGCAATTA-JHA710A3,JHA710A3,A3,2.811887137515748,3,1,1,1,1,1,0,1918.0,0
AACTCCCAGTTACCCA-JHA710A3,JHA710A3,A3,2.4401585846477487,3,1,1,1,1,1,0,2864.0,0
AACTCCCCACCCTATC-JHA710A3,JHA710A3,A3,1.825455666949445,1,1,1,0,0,0,0,1921.0,0
AACTCCCCACCGCTAG-JHA710A3,JHA710A3,A3,0.0,1,0,0,0,0,0,0,689.0,0
AACTCCCCAGACTCGC-JHA710A3,JHA710A3,A3,1.7018903642270535,1,1,1,0,0,0,0,2230.0,0
AACTCCCGTAGAGGAA-JHA710A3,JHA710A3,A3,4.382368521512669,2,1,1,1,1,0,0,3290.0,0
AACTCCCGTCCGAACC-JHA710A3,JHA710A3,A3,6.038993007259779,1,1,1,0,0,0,0,693.0,0
AACTCCCGTCCTCCAT-JHA710A3,JHA710A3,A3,3.3189440655045597,1,1,1,0,0,0,0,751.0,0
AACTCCCGTTACGGAG-JHA710A3,JHA710A3,A3,0.0,2,0,0,0,0,0,0,633.0,0
AACTCCCTCATGCATG-JHA710A3,JHA710A3,A3,0.0,1,0,0,0,0,0,0,1669.0,0
AACTCCCTCCCTTGTG-JHA710A3,JHA710A3,A3,0.0,2,0,0,0,0,0,0,626.0,0
AACTCCCTCGTTTATC-JHA710A3,JHA710A3,A3,3.6113071817963163,0,1,0,0,0,0,0,833.0,0
AACTCCCTCTACCTGC-JHA710A3,JHA710A3,A3,3.073552052398537,2,1,1,1,1,0,0,970.0,0
AACTCCCTCTGTCAAG-JHA710A3,JHA710A3,A3,1.5033000939777121,3,1,1,1,1,1,0,5720.0,1
AACTCTTAGCTTCGCG-JHA710A3,JHA710A3,A3,2.1142439984164736,2,1,1,1,1,0,0,1373.0,0
AACTCTTAGTAACCCT-JHA710A3,JHA710A3,A3,0.0,2,0,0,0,0,0,0,779.0,0
AACTCTTAGTGCTGCC-JHA710A3,JHA710A3,A3,4.367948246818985,1,1,1,0,0,0,0,642.0,0
AACTCTTCAGATTGCT-JHA710A3,JHA710A3,A3,2.7600224295729316,2,1,1,1,1,0,0,2027.0,0
AACTCTTCAGTGGAGT-JHA710A3,JHA710A3,A3,8.215242091594607,3,1,1,1,1,1,1,993.0,0
AACTCTTTCTATCCTA-JHA710A3,JHA710A3,A3,2.1419433932572356,3,1,1,1,1,1,0,5322.0,0
AACTCTTTCTCAAACG-JHA710A3,JHA710A3,A3,8.095083606657285,3,1,1,1,1,1,1,1190.0,0
AACTCTTTCTGTCAAG-JHA710A3,JHA710A3,A3,3.0715876892319844,1,1,1,0,0,0,0,2430.0,0
AACTGGTAGCCTTGAT-JHA710A3,JHA710A3,A3,0.0,1,0,0,0,0,0,0,786.0,0
AACTGGTAGGAGTAGA-JHA710A3,JHA710A3,A3,1.646948478840145,2,1,1,1,1,0,0,2386.0,0
AACTGGTAGGCGCTCT-JHA710A3,JHA710A3,A3,0.0,2,0,0,0,0,0,0,910.0,1
AACTGGTAGGTAAACT-JHA710A3,JHA710A3,A3,2.3666706129913675,2,1,1,1,1,0,0,1035.0,0
AACTGGTCACCGATAT-JHA710A3,JHA710A3,A3,0.0,2,0,0,0,0,0,0,1624.0,0
AACTGGTCACGGCTAC-JHA710A3,JHA710A3,A3,2.730933196545607,2,1,1,1,1,0,0,1394.0,0
AACTGGTCATGTAGTC-JHA710A3,JHA710A3,A3,0.0,1,0,0,0,0,0,0,674.0,0
AACTGGTGTTGATTCG-JHA710A3,JHA710A3,A3,0.0,2,0,0,0,0,0,0,1301.0,0
AACTGGTTCACCTCGT-JHA710A3,JHA710A3,A3,0.0,1,0,0,0,0,0,0,734.0,0
AACTGGTTCCGCTGTT-JHA710A3,JHA710A3,A3,7.969640945964557,2,1,1,1,1,0,1,806.0,0
AACTGGTTCTTGCAAG-JHA710A3,JHA710A3,A3,2.2388174397913514,2,1,1,1,1,0,0,2386.0,0
AACTTTCAGACAGACC-JHA710A3,JHA710A3,A3,0.0,2,0,0,0,0,0,0,596.0,0
AACTTTCAGAGCTTCT-JHA710A3,JHA710A3,A3,0.0,0,0,0,0,0,0,0,941.0,0
AACTTTCAGTCAATAG-JHA710A3,JHA710A3,A3,3.0188567304647465,1,1,1,0,0,0,0,1541.0,0
AACTTTCCAACGATGG-JHA710A3,JHA710A3,A3,0.0,3,0,0,0,0,0,0,1406.0,1
AACTTTCCACGGCCAT-JHA710A3,JHA710A3,A3,2.594625683033217,2,1,1,1,1,0,0,807.0,0
AACTTTCCAGTTAACC-JHA710A3,JHA710A3,A3,2.7417291832602873,1,1,1,0,0,0,0,1378.0,0
AACTTTCGTGACTCAT-JHA710A3,JHA710A3,A3,0.0,1,0,0,0,0,0,0,1035.0,0
AACTTTCGTTCGTTGA-JHA710A3,JHA710A3,A3,2.9731223700249396,2,1,1,1,1,0,0,1078.0,0
AACTTTCTCATGCTCC-JHA710A3,JHA710A3,A3,1.7446094330966573,1,1,1,0,0,0,0,2117.0,0
AACTTTCTCCAGATCA-JHA710A3,JHA710A3,A3,0.0,1,0,0,0,0,0,0,644.0,0
AACTTTCTCTGCTTGC-JHA710A3,JHA710A3,A3,2.046800617638257,0,1,0,0,0,0,0,1483.0,0
AAGACCTAGAAGGGTA-JHA710A3,JHA710A3,A3,3.5200727167171477,1,1,1,0,0,0,0,915.0,0
AAGACCTAGGATGGAA-JHA710A3,JHA710A3,A3,0.0,1,0,0,0,0,0,0,1186.0,0
AAGACCTAGGGTGTTG-JHA710A3,JHA710A3,A3,2.7471773294910227,1,1,1,0,0,0,0,685.0,0
AAGACCTAGTTAAGTG-JHA710A3,JHA710A3,A3,2.9309926082604583,2,1,1,1,1,0,0,3381.0,1
AAGACCTAGTTGAGAT-JHA710A3,JHA710A3,A3,0.0,1,0,0,0,0,0,0,958.0,0
AAGACCTCACTGTTAG-JHA710A3,JHA710A3,A3,1.3240520522426698,1,1,1,0,0,0,0,3625.0,0
AAGACCTGTAGGGTAC-JHA710A3,JHA710A3,A3,3.146173555446631,3,1,1,1,1,1,0,899.0,0
AAGACCTGTTATCCGA-JHA710A3,JHA710A3,A3,2.9445337209950284,0,1,0,0,0,0,0,1111.0,0
AAGACCTTCGAACTGT-JHA710A3,JHA710A3,A3,0.0,2,0,0,0,0,0,0,2752.0,0
AAGCCGCCAAGAGGCT-JHA710A3,JHA710A3,A3,0.0,1,0,0,0,0,0,0,668.0,0
AAGCCGCCACCGGAAA-JHA710A3,JHA710A3,A3,2.79345838500717,1,1,1,0,0,0,0,1304.0,0
AAGCCGCCAGCGAACA-JHA710A3,JHA710A3,A3,4.3008853508134655,3,1,1,1,1,1,0,1924.0,1
AAGCCGCGTGCGGTAA-JHA710A3,JHA710A3,A3,2.6267487727002305,1,1,1,0,0,0,0,1559.0,0
AAGCCGCGTTCTGAAC-JHA710A3,JHA710A3,A3,2.6178687359580257,1,1,1,0,0,0,0,787.0,0
AAGGAGCAGATGCCTT-JHA710A3,JHA710A3,A3,2.2108509647785826,2,1,1,1,1,0,0,2462.0,0
AAGGAGCAGTGGTAAT-JHA710A3,JHA710A3,A3,2.7349661550018722,2,1,1,1,1,0,0,694.0,1
AAGGAGCGTCATACTG-JHA710A3,JHA710A3,A3,2.9411292834738245,3,1,1,1,1,1,0,1115.0,0
AAGGAGCTCACTATTC-JHA710A3,JHA710A3,A3,0.0,2,0,0,0,0,0,0,791.0,1
AAGGAGCTCTACCTGC-JHA710A3,JHA710A3,A3,0.0,3,0,0,0,0,0,0,833.0,0
AAGGCAGCACGGCCAT-JHA710A3,JHA710A3,A3,8.276810862062032,3,1,1,1,1,1,1,1038.0,0
AAGGCAGCACGTCAGC-JHA710A3,JHA710A3,A3,3.0117862903251518,2,1,1,1,1,0,0,1035.0,0
AAGGCAGGTACATGTC-JHA710A3,JHA710A3,A3,1.7330107068214897,2,1,1,1,1,0,0,2147.0,0
AAGGCAGGTTTGGCGC-JHA710A3,JHA710A3,A3,0.0,2,0,0,0,0,0,0,1039.0,0
AAGGCAGTCGCCTGTT-JHA710A3,JHA710A3,A3,8.09016668232237,1,1,1,0,0,0,1,601.0,0
AAGGCAGTCTGCCCTA-JHA710A3,JHA710A3,A3,2.2306215105112326,2,1,1,1,1,0,0,1204.0,1
AAGGTTCCAATCACAC-JHA710A3,JHA710A3,A3,3.7712152547170117,2,1,1,1,1,0,0,707.0,0
AAGGTTCGTAGGACAC-JHA710A3,JHA710A3,A3,1.8176379761027366,3,1,1,1,1,1,0,1939.0,0
AAGGTTCGTGCAACTT-JHA710A3,JHA710A3,A3,1.9597512004671847,2,1,1,1,1,0,0,1640.0,0
AAGGTTCGTGTGCCTG-JHA710A3,JHA710A3,A3,1.874217688193669,2,1,1,1,1,0,0,1813.0,0
AAGGTTCGTGTGGTTT-JHA710A3,JHA710A3,A3,3.2767118151997097,3,1,1,1,1,1,0,1177.0,0
AAGGTTCTCGCATGAT-JHA710A3,JHA710A3,A3,2.3879548330931195,1,1,1,0,0,0,0,1011.0,0
AAGGTTCTCTTACCGC-JHA710A3,JHA710A3,A3,0.0,2,0,0,0,0,0,0,2695.0,0
AAGGTTCTCTTATCTG-JHA710A3,JHA710A3,A3,0.0,2,0,0,0,0,0,0,1011.0,0
AAGTCTGAGAACTGTA-JHA710A3,JHA710A3,A3,5.780686003211437,2,1,1,1,1,0,0,805.0,0
AAGTCTGCATACCATG-JHA710A3,JHA710A3,A3,7.938769407384679,2,1,1,1,1,0,1,1238.0,0
AAGTCTGTCTTGGGTA-JHA710A3,JHA710A3,A3,2.663829022455844,2,1,1,1,1,0,0,749.0,0
AATCCAGAGAAGGTGA-JHA710A3,JHA710A3,A3,0.0,2,0,0,0,0,0,0,881.0,0
AATCCAGAGTGGGATC-JHA710A3,JHA710A3,A3,3.570164597796174,3,1,1,1,1,1,0,869.0,0
AATCCAGGTTATGTGC-JHA710A3,JHA710A3,A3,2.460156041226102,2,1,1,1,1,0,0,934.0,0
AATCCAGTCATGTCTT-JHA710A3,JHA710A3,A3,2.8468706124785235,2,1,1,1,1,0,0,616.0,0
AATCCAGTCGTCCAGG-JHA710A3,JHA710A3,A3,1.5137165921344433,1,1,1,0,0,0,0,2822.0,0
AATCGGTAGCGATATA-JHA710A3,JHA710A3,A3,0.0,2,0,0,0,0,0,0,1488.0,0
AATCGGTGTAGTGAAT-JHA710A3,JHA710A3,A3,0.0,1,0,0,0,0,0,0,623.0,0
AATCGGTGTCTCTTAT-JHA710A3,JHA710A3,A3,2.611414221678197,2,1,1,1,1,0,0,1585.0,0
AATCGGTGTTCAGACT-JHA710A3,JHA710A3,A3,8.638206884627465,3,1,1,1,1,1,1,872.0,0
AATCGGTTCGGAAACG-JHA710A3,JHA710A3,A3,2.5923354823577114,2,1,1,1,1,0,0,809.0,0
AATCGGTTCGTGGACC-JHA710A3,JHA710A3,A3,2.584367443318638,1,1,1,0,0,0,0,816.0,0
AATCGGTTCTCGTTTA-JHA710A3,JHA710A3,A3,2.221041670657696,3,1,1,1,1,1,0,1217.0,0
ACACCAAAGAAGGTGA-JHA710A3,JHA710A3,A3,0.0,1,0,0,0,0,0,0,1506.0,0
ACACCAAAGACACTAA-JHA710A3,JHA710A3,A3,3.67407774565442,1,1,1,0,0,0,0,781.0,0
ACACCAAAGGCATTGG-JHA710A3,JHA710A3,A3,2.540202825372963,2,1,1,1,1,0,0,856.0,0
ACACCAACAAGCGCTC-JHA710A3,JHA710A3,A3,1.7007912452067584,2,1,1,1,1,0,0,2233.0,0
ACACCAACACGCGAAA-JHA710A3,JHA710A3,A3,0.0,2,0,0,0,0,0,0,717.0,0
ACACCAACAGACAAGC-JHA710A3,JHA710A3,A3,0.0,3,0,0,0,0,0,0,993.0,0
ACACCAACAGACACTT-JHA710A3,JHA710A3,A3,0.0,2,0,0,0,0,0,0,659.0,0
ACACCAACAGCCTTGG-JHA710A3,JHA710A3,A3,0.0,1,0,0,0,0,0,0,643.0,0
ACACCAAGTTCGAATC-JHA710A3,JHA710A3,A3,0.0,1,0,0,0,0,0,0,1976.0,0
ACACCAATCCTCATTA-JHA710A3,JHA710A3,A3,1.7946821050189263,2,1,1,1,1,0,0,1993.0,0
ACACCAATCCTCGCAT-JHA710A3,JHA710A3,A3,0.0,1,0,0,0,0,0,0,1220.0,0
ACACCAATCTCTAAGG-JHA710A3,JHA710A3,A3,1.5970734844858594,4,1,1,1,1,1,0,2539.0,0
ACACCCTGTGGTCCGT-JHA710A3,JHA710A3,A3,6.051853562078948,3,1,1,1,1,1,0,2477.0,1
ACACCGGAGTAGCCGA-JHA710A3,JHA710A3,A3,2.919723869264929,2,1,1,1,1,0,0,2281.0,0
ACACCGGCAAGGTTTC-JHA710A3,JHA710A3,A3,0.0,1,0,0,0,0,0,0,772.0,0
ACACCGGCACTACAGT-JHA710A3,JHA710A3,A3,0.0,2,0,0,0,0,0,0,956.0,0
ACACCGGGTAAGTGTA-JHA710A3,JHA710A3,A3,0.0,1,0,0,0,0,0,0,663.0,0
ACACCGGGTCCTAGCG-JHA710A3,JHA710A3,A3,2.5564988616883437,1,1,1,0,0,0,0,841.0,0
ACACCGGTCCCTAACC-JHA710A3,JHA710A3,A3,1.9989932529393806,2,1,1,1,1,0,0,1567.0,0
ACACTGAAGCTGATAA-JHA710A3,JHA710A3,A3,2.436659816248615,2,1,1,1,1,0,0,2875.0,1
ACACTGAAGGACACCA-JHA710A3,JHA710A3,A3,2.884347643292784,2,1,1,1,1,0,0,2368.0,0
ACACTGAAGGCAATTA-JHA710A3,JHA710A3,A3,3.626614768615808,2,1,1,1,1,0,0,820.0,0
ACACTGACACGGCCAT-JHA710A3,JHA710A3,A3,0.0,1,0,0,0,0,0,0,2042.0,0
ACACTGACAGTTAACC-JHA710A3,JHA710A3,A3,2.7679136319107873,0,1,0,0,0,0,0,670.0,0
ACACTGAGTCAATGTC-JHA710A3,JHA710A3,A3,0.0,1,0,0,0,0,0,0,1132.0,0
ACACTGAGTCCTGCTT-JHA710A3,JHA710A3,A3,0.0,2,0,0,0,0,0,0,1406.0,0
ACACTGAGTTCCGTCT-JHA710A3,JHA710A3,A3,7.951553363125984,2,1,1,1,1,0,1,708.0,0
ACACTGAGTTGTACAC-JHA710A3,JHA710A3,A3,2.892357292515283,2,1,1,1,1,0,0,1761.0,0
ACACTGATCACAGGCC-JHA710A3,JHA710A3,A3,0.0,2,0,0,0,0,0,0,655.0,0
ACACTGATCCCTCAGT-JHA710A3,JHA710A3,A3,2.3839222698321803,3,1,1,1,1,1,0,2031.0,1
ACAGCCGAGGCGTACA-JHA710A3,JHA710A3,A3,0.0,2,0,0,0,0,0,0,1115.0,0
ACAGCCGAGGTGTTAA-JHA710A3,JHA710A3,A3,8.09464155717078,3,1,1,1,1,1,1,638.0,0
ACAGCCGCAGACAAAT-JHA710A3,JHA710A3,A3,2.3281806401830094,1,1,1,0,0,0,0,1080.0,1
ACAGCCGGTATAGTAG-JHA710A3,JHA710A3,A3,3.3215143482092317,1,1,1,0,0,0,0,749.0,0
ACAGCTAAGGTGCACA-JHA710A3,JHA710A3,A3,0.0,1,0,0,0,0,0,0,1383.0,0
ACAGCTAAGTAGCCGA-JHA710A3,JHA710A3,A3,2.56089741343352,2,1,1,1,1,0,0,837.0,0
ACAGCTACATCGGGTC-JHA710A3,JHA710A3,A3,1.889789813919447,2,1,1,1,1,0,0,1780.0,0
ACAGCTAGTAAACGCG-JHA710A3,JHA710A3,A3,3.1004934580050536,2,1,1,1,1,0,0,943.0,0
ACAGCTATCTCGTATT-JHA710A3,JHA710A3,A3,7.924424543753408,3,1,1,1,1,1,1,713.0,0
ACATACGAGACGCACA-JHA710A3,JHA710A3,A3,2.824223677747392,1,1,1,0,0,0,0,631.0,0
ACATACGAGCTTCGCG-JHA710A3,JHA710A3,A3,2.6321208856186016,1,1,1,0,0,0,0,775.0,0
ACATACGAGGGAGTAA-JHA710A3,JHA710A3,A3,3.215808925780381,1,1,1,0,0,0,0,1672.0,0
ACATACGAGTGGGATC-JHA710A3,JHA710A3,A3,0.0,2,0,0,0,0,0,0,596.0,0
ACATACGCAGGAACGT-JHA710A3,JHA710A3,A3,8.37153530478568,3,1,1,1,1,1,1,884.0,0
ACATACGCATCCCACT-JHA710A3,JHA710A3,A3,0.0,1,0,0,0,0,0,0,741.0,0
ACATACGGTCTGATTG-JHA710A3,JHA710A3,A3,0.0,1,0,0,0,0,0,0,886.0,0
ACATACGGTCTGCCAG-JHA710A3,JHA710A3,A3,0.0,2,0,0,0,0,0,0,1357.0,0
ACATACGGTTTGTTTC-JHA710A3,JHA710A3,A3,2.5210495220503306,1,1,1,0,0,0,0,874.0,0
ACATACGTCAAGGCTT-JHA710A3,JHA710A3,A3,1.5533269426418055,2,1,1,1,1,0,0,2683.0,0
ACATACGTCGATCCCT-JHA710A3,JHA710A3,A3,0.0,2,0,0,0,0,0,0,1798.0,1
ACATCAGAGCGTGAAC-JHA710A3,JHA710A3,A3,0.0,1,0,0,0,0,0,0,1165.0,0
ACATCAGAGGGTTCCC-JHA710A3,JHA710A3,A3,0.0,1,0,0,0,0,0,0,1124.0,0
ACATCAGGTATATGGA-JHA710A3,JHA710A3,A3,2.234709065868086,1,1,1,0,0,0,0,2397.0,0
ACATCAGGTCAAACTC-JHA710A3,JHA710A3,A3,6.897538995701367,2,1,1,1,1,0,0,1881.0,0
ACATCAGTCACTCTTA-JHA710A3,JHA710A3,A3,1.94368488281696,1,1,1,0,0,0,0,1671.0,0
ACATCAGTCCCATTAT-JHA710A3,JHA710A3,A3,0.0,0,0,0,0,0,0,0,710.0,1
ACATGGTAGATAGGAG-JHA710A3,JHA710A3,A3,0.0,2,0,0,0,0,0,0,1144.0,0
ACATGGTAGTTACCCA-JHA710A3,JHA710A3,A3,2.7905833360197456,2,1,1,1,1,0,0,654.0,0
ACATGGTCACTAGTAC-JHA710A3,JHA710A3,A3,6.416220751213547,2,1,1,1,1,0,0,655.0,0
ACATGGTCAGTTCCCT-JHA710A3,JHA710A3,A3,1.8760877462059864,2,1,1,1,1,0,0,1809.0,1
ACATGGTGTAAAGGAG-JHA710A3,JHA710A3,A3,2.8354750422356023,1,1,1,0,0,0,0,1247.0,0
ACATGGTGTAGGGTAC-JHA710A3,JHA710A3,A3,0.0,1,0,0,0,0,0,0,896.0,0
ACATGGTGTCGGGTCT-JHA710A3,JHA710A3,A3,0.0,2,0,0,0,0,0,0,875.0,0
ACATGGTGTTGCTCCT-JHA710A3,JHA710A3,A3,3.273854821878088,2,1,1,1,1,0,0,787.0,0
ACATGGTTCCAGTAGT-JHA710A3,JHA710A3,A3,6.952882829986816,2,1,1,1,1,0,0,775.0,0
ACCAGTAAGCCGGTAA-JHA710A3,JHA710A3,A3,2.7058130637038538,2,1,1,1,1,0,0,716.0,0
ACCAGTACATGGTCAT-JHA710A3,JHA710A3,A3,0.0,2,0,0,0,0,0,0,761.0,0
ACCAGTAGTTGTCTTT-JHA710A3,JHA710A3,A3,0.0,2,0,0,0,0,0,0,821.0,0
ACCAGTATCACAGTAC-JHA710A3,JHA710A3,A3,0.0,1,0,0,0,0,0,0,1922.0,1
ACCAGTATCACCACCT-JHA710A3,JHA710A3,A3,2.2938123216648676,2,1,1,1,1,0,0,1122.0,0
ACCAGTATCGCGATCG-JHA710A3,JHA710A3,A3,6.971607688175354,1,1,1,0,0,0,0,770.0,0
ACCCACTAGAGGTACC-JHA710A3,JHA710A3,A3,3.240241046388213,1,1,1,0,0,0,0,815.0,0
ACCCACTAGGATCGCA-JHA710A3,JHA710A3,A3,0.0,2,0,0,0,0,0,0,1361.0,0
ACCCACTCAATACGCT-JHA710A3,JHA710A3,A3,2.8599644018617765,2,1,1,1,1,0,0,1215.0,0
ACCCACTCACCAGGTC-JHA710A3,JHA710A3,A3,2.8638524089679414,1,1,1,0,0,0,0,605.0,0
ACCCACTGTAAGTGGC-JHA710A3,JHA710A3,A3,1.9804628672786921,2,1,1,1,1,0,0,1601.0,0
ACCCACTGTACATCCA-JHA710A3,JHA710A3,A3,0.0,3,0,0,0,0,0,0,1185.0,0
ACCCACTGTCCGAGTC-JHA710A3,JHA710A3,A3,4.7002472383872345,2,1,1,1,1,0,0,1560.0,0
ACCCACTGTCTAGCCG-JHA710A3,JHA710A3,A3,2.3227666311965667,3,1,1,1,1,1,0,2173.0,0
ACCCACTGTCTCGTTC-JHA710A3,JHA710A3,A3,2.5877732833977265,2,1,1,1,1,0,0,813.0,0
ACCCACTGTGTCAATC-JHA710A3,JHA710A3,A3,2.041533639335474,1,1,1,0,0,0,0,1492.0,0
ACCCACTTCTGCAAGT-JHA710A3,JHA710A3,A3,0.0,1,0,0,0,0,0,0,962.0,0
ACCGTAAAGAATAGGG-JHA710A3,JHA710A3,A3,2.455274184911528,0,1,0,0,0,0,0,1878.0,0
ACCGTAAAGATCCGAG-JHA710A3,JHA710A3,A3,0.0,2,0,0,0,0,0,0,949.0,0
ACCGTAACAATGACCT-JHA710A3,JHA710A3,A3,2.0191179441134324,2,1,1,1,1,0,0,1531.0,0
ACCGTAACAATTCCTT-JHA710A3,JHA710A3,A3,3.2701944353909913,1,1,1,0,0,0,0,790.0,0
ACCGTAAGTAGCAAAT-JHA710A3,JHA710A3,A3,8.451928773076213,1,1,1,0,0,0,1,852.0,0
ACCGTAAGTGTGAATA-JHA710A3,JHA710A3,A3,2.8685404962389303,1,1,1,0,0,0,0,602.0,0
ACCGTAAGTTGTGGAG-JHA710A3,JHA710A3,A3,0.0,2,0,0,0,0,0,0,1577.0,0
ACCGTAATCCCAAGTA-JHA710A3,JHA710A3,A3,2.47397757925581,2,1,1,1,1,0,0,920.0,0
ACCTTTAAGATCTGAA-JHA710A3,JHA710A3,A3,2.759560434481451,2,1,1,1,1,0,0,1352.0,0
ACCTTTACAATGTAAG-JHA710A3,JHA710A3,A3,0.0,2,0,0,0,0,0,0,2550.0,0
ACCTTTACACCAACCG-JHA710A3,JHA710A3,A3,3.4806103002941975,2,1,1,1,1,0,0,953.0,0
ACCTTTACAGATAATG-JHA710A3,JHA710A3,A3,2.486007365364186,0,1,0,0,0,0,0,908.0,0
ACCTTTACAGCTCGCA-JHA710A3,JHA710A3,A3,2.6026896854443837,2,1,1,1,1,0,0,800.0,0
ACCTTTAGTAGAGGAA-JHA710A3,JHA710A3,A3,0.0,2,0,0,0,0,0,0,3253.0,0
ACCTTTAGTCTCAACA-JHA710A3,JHA710A3,A3,2.468026314309484,2,1,1,1,1,0,0,926.0,0
ACCTTTATCAAACGGG-JHA710A3,JHA710A3,A3,2.289815352117924,2,1,1,1,1,0,0,1127.0,0
ACCTTTATCAGTTGAC-JHA710A3,JHA710A3,A3,3.555736712874018,2,1,1,1,1,0,0,882.0,0
ACGAGCCAGAGGTAGA-JHA710A3,JHA710A3,A3,3.523259746937913,1,1,1,0,0,0,0,1216.0,0
ACGAGCCAGGTGCAAC-JHA710A3,JHA710A3,A3,8.084160146774842,3,1,1,1,1,1,1,873.0,0
ACGAGCCGTACCCAAT-JHA710A3,JHA710A3,A3,2.7609471472242952,1,1,1,0,0,0,0,675.0,0
ACGAGCCGTGCTTCTC-JHA710A3,JHA710A3,A3,1.4660807111218017,2,1,1,1,1,0,0,3001.0,0
ACGAGCCGTTCATGGT-JHA710A3,JHA710A3,A3,0.0,1,0,0,0,0,0,0,1221.0,0
ACGAGCCTCGATAGAA-JHA710A3,JHA710A3,A3,0.0,0,0,0,0,0,0,0,646.0,0
ACGAGCCTCTACCTGC-JHA710A3,JHA710A3,A3,0.0,1,0,0,0,0,0,0,1012.0,0
ACGAGGAAGCTAACTC-JHA710A3,JHA710A3,A3,0.0,1,0,0,0,0,0,0,925.0,0
ACGAGGAAGTTAACGA-JHA710A3,JHA710A3,A3,1.7888487432343798,2,1,1,1,1,0,0,2007.0,0
ACGAGGACAAACGCGA-JHA710A3,JHA710A3,A3,0.0,1,0,0,0,0,0,0,1204.0,0
ACGAGGACAAACGTGG-JHA710A3,JHA710A3,A3,7.749253746657149,3,1,1,1,1,1,1,690.0,0
ACGAGGACAAGTCTGT-JHA710A3,JHA710A3,A3,2.608496228294576,1,1,1,0,0,0,0,1590.0,0
ACGAGGACACGCATCG-JHA710A3,JHA710A3,A3,2.8006871468137056,2,1,1,1,1,0,0,647.0,0
ACGAGGACAGCCAATT-JHA710A3,JHA710A3,A3,2.594625683033217,2,1,1,1,1,0,0,807.0,0
ACGAGGACATAAAGGT-JHA710A3,JHA710A3,A3,2.483319250956592,2,1,1,1,1,0,0,2732.0,0
ACGAGGACATGCAATC-JHA710A3,JHA710A3,A3,0.0,1,0,0,0,0,0,0,729.0,0
ACGAGGAGTATATGAG-JHA710A3,JHA710A3,A3,0.0,2,0,0,0,0,0,0,1149.0,0
ACGAGGAGTCCGAACC-JHA710A3,JHA710A3,A3,0.0,2,0,0,0,0,0,0,802.0,0
ACGAGGAGTGTAACGG-JHA710A3,JHA710A3,A3,3.660448803149156,2,1,1,1,1,0,0,792.0,0
ACGAGGATCAGATAAG-JHA710A3,JHA710A3,A3,2.9556879061722783,1,1,1,0,0,0,0,1098.0,0
ACGAGGATCGAGAACG-JHA710A3,JHA710A3,A3,3.200625524271347,2,1,1,1,1,0,0,1274.0,0
ACGATACAGGCTCAGA-JHA710A3,JHA710A3,A3,0.0,2,0,0,0,0,0,0,1784.0,0
ACGATACAGGGCTTCC-JHA710A3,JHA710A3,A3,2.866975062198613,2,1,1,1,1,0,0,603.0,0
ACGATACAGTGGGCTA-JHA710A3,JHA710A3,A3,0.0,0,0,0,0,0,0,0,603.0,1
ACGATACCATCAGTCA-JHA710A3,JHA710A3,A3,2.6137557397319915,2,1,1,1,1,0,0,1581.0,0
ACGATACCATTTCAGG-JHA710A3,JHA710A3,A3,1.6873774272295088,2,1,1,1,1,0,0,2270.0,1
ACGATACGTCACACGC-JHA710A3,JHA710A3,A3,6.873815914073908,1,1,1,0,0,0,0,1222.0,0
ACGATACGTTACGTCA-JHA710A3,JHA710A3,A3,0.0,1,0,0,0,0,0,0,621.0,0
ACGATACTCGTCCGTT-JHA710A3,JHA710A3,A3,0.0,2,0,0,0,0,0,0,641.0,0
ACGATACTCGTGTAGT-JHA710A3,JHA710A3,A3,2.717622346261697,2,1,1,1,1,0,0,707.0,0
ACGATGTAGAAGATTC-JHA710A3,JHA710A3,A3,0.0,1,0,0,0,0,0,0,816.0,0
ACGATGTAGCGTTTAC-JHA710A3,JHA710A3,A3,2.856093274440672,1,1,1,0,0,0,0,610.0,0
ACGATGTAGCTCCCAG-JHA710A3,JHA710A3,A3,1.171068364942507,1,1,1,0,0,0,0,8987.0,0
ACGATGTAGGACATTA-JHA710A3,JHA710A3,A3,0.0,1,0,0,0,0,0,0,613.0,0
ACGATGTAGGCGCTCT-JHA710A3,JHA710A3,A3,2.6285357743150506,1,1,1,0,0,0,0,778.0,0
ACGATGTAGTTTAGGA-JHA710A3,JHA710A3,A3,2.601533054350115,2,1,1,1,1,0,0,801.0,0
ACGATGTCAATCGGTT-JHA710A3,JHA710A3,A3,2.5199979695992702,2,1,1,1,1,0,0,2625.0,0
ACGATGTCACAGACTT-JHA710A3,JHA710A3,A3,2.3557977852086025,2,1,1,1,1,0,0,2095.0,0
ACGATGTCACCACCAG-JHA710A3,JHA710A3,A3,0.0,2,0,0,0,0,0,0,1168.0,0
ACGATGTCATCGATTG-JHA710A3,JHA710A3,A3,0.0,0,0,0,0,0,0,0,621.0,0
ACGATGTGTCTCTCTG-JHA710A3,JHA710A3,A3,6.130113322327102,2,1,1,1,1,0,0,807.0,0
ACGATGTGTGTTTGTG-JHA710A3,JHA710A3,A3,0.0,1,0,0,0,0,0,0,651.0,0
ACGATGTTCCTACAGA-JHA710A3,JHA710A3,A3,2.1549854987676813,2,1,1,1,1,0,0,1311.0,0
ACGCAGCAGCTAAGAT-JHA710A3,JHA710A3,A3,2.3323696543515733,3,1,1,1,1,1,0,1075.0,0
ACGCAGCAGCTGTTCA-JHA710A3,JHA710A3,A3,2.8354750422356023,2,1,1,1,1,0,0,1247.0,0
ACGCAGCAGTAAGTAC-JHA710A3,JHA710A3,A3,6.412454318014218,2,1,1,1,1,0,0,1693.0,0
ACGCAGCAGTACGATA-JHA710A3,JHA710A3,A3,6.632086775270734,2,1,1,1,1,0,0,620.0,0
ACGCAGCCATGGTCAT-JHA710A3,JHA710A3,A3,2.2577596616139815,0,1,0,0,0,0,0,1168.0,0
ACGCAGCGTCTCCACT-JHA710A3,JHA710A3,A3,4.994369077332424,1,1,1,0,0,0,0,614.0,0
ACGCAGCGTCTCCCTA-JHA710A3,JHA710A3,A3,3.0725693416397943,3,1,1,1,1,1,0,971.0,0
ACGCAGCTCAACGGCC-JHA710A3,JHA710A3,A3,2.0977679365712976,2,1,1,1,1,0,0,1399.0,0
ACGCAGCTCTTGTCAT-JHA710A3,JHA710A3,A3,8.42453850705113,3,1,1,1,1,1,1,902.0,0
ACGCCAGAGAAGGACA-JHA710A3,JHA710A3,A3,7.064233145715345,1,1,1,0,0,0,0,873.0,0
ACGCCAGAGACCTTTG-JHA710A3,JHA710A3,A3,0.0,1,0,0,0,0,0,0,803.0,0
ACGCCAGAGCCAGTTT-JHA710A3,JHA710A3,A3,3.303669804225516,2,1,1,1,1,0,0,763.0,0
ACGCCAGAGGGAAACA-JHA710A3,JHA710A3,A3,8.424703197812471,2,1,1,1,1,0,1,768.0,0
ACGCCAGCATGCAATC-JHA710A3,JHA710A3,A3,0.0,1,0,0,0,0,0,0,1435.0,0
ACGCCAGGTCTCGTTC-JHA710A3,JHA710A3,A3,0.0,2,0,0,0,0,0,0,1777.0,0
ACGCCAGTCACCATAG-JHA710A3,JHA710A3,A3,2.651496115198279,2,1,1,1,1,0,0,759.0,0
ACGCCAGTCTGCGTAA-JHA710A3,JHA710A3,A3,7.3189985331999745,2,1,1,1,1,0,0,650.0,0
ACGCCGAAGATGCGAC-JHA710A3,JHA710A3,A3,2.077039006943316,2,1,1,1,1,0,0,2865.0,0
ACGCCGAGTACTCGCG-JHA710A3,JHA710A3,A3,4.568476018471607,3,1,1,1,1,1,0,4193.0,0
ACGCCGATCCTAGGGC-JHA710A3,JHA710A3,A3,0.0,2,0,0,0,0,0,0,1808.0,0
ACGGAGAAGATCCCAT-JHA710A3,JHA710A3,A3,3.729311128566785,2,1,1,1,1,0,0,984.0,0
ACGGAGACAACGATGG-JHA710A3,JHA710A3,A3,2.437930408952439,2,1,1,1,1,0,0,957.0,0
ACGGAGACACAGATTC-JHA710A3,JHA710A3,A3,0.0,1,0,0,0,0,0,0,2106.0,0
ACGGAGACACCACGTG-JHA710A3,JHA710A3,A3,2.8963891648855116,3,1,1,1,1,1,0,1169.0,0
ACGGAGACACGGTAAG-JHA710A3,JHA710A3,A3,6.567292961240204,2,1,1,1,1,0,0,929.0,0
ACGGAGATCATGTGGT-JHA710A3,JHA710A3,A3,3.397916475505736,2,1,1,1,1,0,0,692.0,1
ACGGAGATCCAACCAA-JHA710A3,JHA710A3,A3,2.24861202924938,2,1,1,1,1,0,0,1180.0,0
ACGGCCAAGCAATATG-JHA710A3,JHA710A3,A3,0.0,1,0,0,0,0,0,0,744.0,0
ACGGCCAAGGCGCTCT-JHA710A3,JHA710A3,A3,2.3834754122700637,2,1,1,1,1,0,0,1016.0,0
ACGGCCAAGTACGACG-JHA710A3,JHA710A3,A3,2.6935182904319146,1,1,1,0,0,0,0,2902.0,0
ACGGCCACAAGGTTTC-JHA710A3,JHA710A3,A3,2.028808531238361,1,1,1,0,0,0,0,1514.0,0
ACGGCCACAGGATCGA-JHA710A3,JHA710A3,A3,2.775876087639798,2,1,1,1,1,0,0,1993.0,0
ACGGCCAGTACGACCC-JHA710A3,JHA710A3,A3,1.3309770937292646,1,1,1,0,0,0,0,3591.0,0
ACGGCCAGTCAATGTC-JHA710A3,JHA710A3,A3,0.0,2,0,0,0,0,0,0,2057.0,0
ACGGCCAGTTAGGGTG-JHA710A3,JHA710A3,A3,0.0,1,0,0,0,0,0,0,1086.0,0
ACGGCCAGTTTACTCT-JHA710A3,JHA710A3,A3,0.0,2,0,0,0,0,0,0,998.0,0
ACGGCCATCCGAAGAG-JHA710A3,JHA710A3,A3,2.4144215394843522,1,1,1,0,0,0,0,982.0,0
ACGGCCATCTCGATGA-JHA710A3,JHA710A3,A3,3.5442422013245514,2,1,1,1,1,0,0,595.0,0
ACGGCCATCTCTTATG-JHA710A3,JHA710A3,A3,5.770302478847527,2,1,1,1,1,0,0,1533.0,0
ACGGCCATCTTACCTA-JHA710A3,JHA710A3,A3,0.0,1,0,0,0,0,0,0,884.0,0
ACGGCCATCTTATCTG-JHA710A3,JHA710A3,A3,8.548850247403934,3,1,1,1,1,1,1,1533.0,0
ACGGGCTAGAATCTCC-JHA710A3,JHA710A3,A3,0.0,2,0,0,0,0,0,0,1586.0,1
ACGGGCTAGACGCAAC-JHA710A3,JHA710A3,A3,0.0,2,0,0,0,0,0,0,694.0,0
ACGGGCTAGATAGTCA-JHA710A3,JHA710A3,A3,0.0,0,0,0,0,0,0,0,626.0,0
ACGGGCTCAAGTTCTG-JHA710A3,JHA710A3,A3,5.706204607043675,2,1,1,1,1,0,0,734.0,0
ACGGGCTCAATCGAAA-JHA710A3,JHA710A3,A3,2.372822326128577,2,1,1,1,1,0,0,2056.0,0
ACGGGCTCACGCTTTC-JHA710A3,JHA710A3,A3,3.4674812731642644,1,1,1,0,0,0,0,644.0,0
ACGGGCTCATAACCTG-JHA710A3,JHA710A3,A3,7.422159566313141,3,1,1,1,1,1,0,670.0,0
ACGGGCTGTAGAAAGG-JHA710A3,JHA710A3,A3,3.1158115214707247,2,1,1,1,1,0,0,928.0,0
ACGGGCTGTGGCCCTA-JHA710A3,JHA710A3,A3,7.9480342050468575,2,1,1,1,1,0,1,1117.0,0
ACGGGCTTCCTTGGTC-JHA710A3,JHA710A3,A3,3.0560234270587348,1,1,1,0,0,0,0,988.0,1
ACGGGTCAGACATAAC-JHA710A3,JHA710A3,A3,1.4088359077262007,2,1,1,1,1,0,0,3235.0,0
ACGGGTCCATGGTCAT-JHA710A3,JHA710A3,A3,2.1409490098500727,2,1,1,1,1,0,0,1332.0,0
ACGGGTCTCCGCATAA-JHA710A3,JHA710A3,A3,0.0,1,0,0,0,0,0,0,915.0,0
ACGGGTCTCCTGCTTG-JHA710A3,JHA710A3,A3,0.0,2,0,0,0,0,0,0,1017.0,0
ACGGGTCTCTGCGTAA-JHA710A3,JHA710A3,A3,2.6482367017322623,2,1,1,1,1,0,0,2285.0,0
ACGTCAAAGCCCGAAA-JHA710A3,JHA710A3,A3,1.870956510889248,3,1,1,1,1,1,0,5460.0,0
ACGTCAACACAAGTAA-JHA710A3,JHA710A3,A3,8.248592838970339,2,1,1,1,1,0,1,772.0,0
ACGTCAACACATTTCT-JHA710A3,JHA710A3,A3,2.8576397087493746,0,1,0,0,0,0,0,609.0,0
ACGTCAACAGCGAACA-JHA710A3,JHA710A3,A3,1.7276630324741136,2,1,1,1,1,0,0,2161.0,0
ACGTCAACAGGTGCCT-JHA710A3,JHA710A3,A3,0.0,1,0,0,0,0,0,0,750.0,0
ACGTCAACATCGGAAG-JHA710A3,JHA710A3,A3,2.594052561444975,3,1,1,1,1,1,0,1615.0,1
ACGTCAAGTACCCAAT-JHA710A3,JHA710A3,A3,2.610829833190498,1,1,1,0,0,0,0,793.0,0
ACGTCAAGTGCGAAAC-JHA710A3,JHA710A3,A3,7.677138424138721,3,1,1,1,1,1,1,1029.0,0
ACGTCAATCCGCAAGC-JHA710A3,JHA710A3,A3,2.9476658089198615,2,1,1,1,1,0,0,1661.0,0
ACGTCAATCGAGCCCA-JHA710A3,JHA710A3,A3,3.4176783242062427,1,1,1,0,0,0,0,678.0,0
ACTATCTAGACACTAA-JHA710A3,JHA710A3,A3,0.0,2,0,0,0,0,0,0,674.0,0
ACTATCTAGTTGTAGA-JHA710A3,JHA710A3,A3,0.0,0,0,0,0,0,0,0,870.0,1
ACTATCTCACCCAGTG-JHA710A3,JHA710A3,A3,1.7000594688291029,1,1,1,0,0,0,0,2235.0,1
ACTATCTGTCTAGGTT-JHA710A3,JHA710A3,A3,8.364136572661899,1,1,1,0,0,0,1,774.0,0
ACTATCTGTGTGAAAT-JHA710A3,JHA710A3,A3,0.0,1,0,0,0,0,0,0,688.0,0
ACTGAACAGAAACGCC-JHA710A3,JHA710A3,A3,2.5889115672346605,1,1,1,0,0,0,0,812.0,0
ACTGAACAGCAATCTC-JHA710A3,JHA710A3,A3,3.358263820472134,2,1,1,1,1,0,0,721.0,0
ACTGAACAGCCACTAT-JHA710A3,JHA710A3,A3,2.3223516426511424,2,1,1,1,1,0,0,1087.0,0
ACTGAACAGCGCCTTG-JHA710A3,JHA710A3,A3,0.0,2,0,0,0,0,0,0,875.0,0
ACTGAACGTCAATACC-JHA710A3,JHA710A3,A3,2.4585256098748354,2,1,1,1,1,0,0,2807.0,0
ACTGAACGTCTCGTTC-JHA710A3,JHA710A3,A3,0.0,1,0,0,0,0,0,0,769.0,1
ACTGAACGTCTTCTCG-JHA710A3,JHA710A3,A3,2.7097318158482624,1,1,1,0,0,0,0,713.0,0
ACTGAACTCACCTTAT-JHA710A3,JHA710A3,A3,2.7399206125953093,2,1,1,1,1,0,0,2071.0,0
ACTGAACTCATGTGGT-JHA710A3,JHA710A3,A3,2.639335945823237,2,1,1,1,1,0,0,2307.0,0
ACTGAACTCGTACGGC-JHA710A3,JHA710A3,A3,2.3579609514553064,2,1,1,1,1,0,0,2090.0,0
ACTGAACTCTGTACGA-JHA710A3,JHA710A3,A3,0.0,1,0,0,0,0,0,0,1035.0,0
ACTGAGTAGCCACGTC-JHA710A3,JHA710A3,A3,2.8302066707397744,1,1,1,0,0,0,0,1881.0,0
ACTGAGTAGGACAGCT-JHA710A3,JHA710A3,A3,0.0,0,0,0,0,0,0,0,687.0,0
ACTGAGTAGGAGTTGC-JHA710A3,JHA710A3,A3,0.0,3,0,0,0,0,0,0,3721.0,0
ACTGAGTCAGCCTATA-JHA710A3,JHA710A3,A3,0.0,1,0,0,0,0,0,0,1056.0,0
ACTGAGTTCAACCAAC-JHA710A3,JHA710A3,A3,5.137983768010549,3,1,1,1,1,1,0,4251.0,1
ACTGAGTTCTTACCTA-JHA710A3,JHA710A3,A3,2.2225080911796598,2,1,1,1,1,0,0,1215.0,0
ACTGATGAGTGTTGAA-JHA710A3,JHA710A3,A3,0.0,0,0,0,0,0,0,0,654.0,0
ACTGATGCAAGTCATC-JHA710A3,JHA710A3,A3,1.966063715116281,1,1,1,0,0,0,0,1628.0,0
ACTGATGCACGGCCAT-JHA710A3,JHA710A3,A3,2.2284006409544963,2,1,1,1,1,0,0,1207.0,0
ACTGATGGTAACGCGA-JHA710A3,JHA710A3,A3,1.5053880044499102,3,1,1,1,1,1,0,8557.0,1
ACTGATGGTCAGAAGC-JHA710A3,JHA710A3,A3,3.451077464195613,1,1,1,0,0,0,0,655.0,0
ACTGATGGTGATGCCC-JHA710A3,JHA710A3,A3,2.6009553203074236,2,1,1,1,1,0,0,1603.0,0
ACTGATGGTTACCGAT-JHA710A3,JHA710A3,A3,1.95557205996705,1,1,1,0,0,0,0,1648.0,0
ACTGATGGTTCTGAAC-JHA710A3,JHA710A3,A3,2.8168011890227884,1,1,1,0,0,0,0,636.0,0
ACTGATGTCGCGCCAA-JHA710A3,JHA710A3,A3,6.357043972818376,2,1,1,1,1,0,0,834.0,0
ACTGCTCCAATCGAAA-JHA710A3,JHA710A3,A3,2.0658240885291517,1,1,1,0,0,0,0,1451.0,0
ACTGCTCCACATTAGC-JHA710A3,JHA710A3,A3,1.41943804993247,2,1,1,1,1,0,0,3190.0,0
ACTGCTCCAGCCTATA-JHA710A3,JHA710A3,A3,2.5554027455779567,2,1,1,1,1,0,0,842.0,0
ACTGCTCCAGTCTTCC-JHA710A3,JHA710A3,A3,0.0,1,0,0,0,0,0,0,1985.0,0
ACTGCTCCATGCTGGC-JHA710A3,JHA710A3,A3,2.146266909734837,2,1,1,1,1,0,0,1324.0,0
ACTGTCCAGATGCGAC-JHA710A3,JHA710A3,A3,0.0,1,0,0,0,0,0,0,802.0,0
ACTGTCCAGCTGTCTA-JHA710A3,JHA710A3,A3,0.0,3,0,0,0,0,0,0,1062.0,0
ACTGTCCAGTACGTAA-JHA710A3,JHA710A3,A3,2.8138494919574732,1,1,1,0,0,0,0,638.0,0
ACTGTCCCAAGAAAGG-JHA710A3,JHA710A3,A3,2.512673271039079,1,1,1,0,0,0,0,882.0,0
ACTGTCCCAGATGGGT-JHA710A3,JHA710A3,A3,2.58663650393941,2,1,1,1,1,0,0,814.0,0
ACTGTCCCAGCTCGAC-JHA710A3,JHA710A3,A3,2.7322754584473596,1,1,1,0,0,0,0,696.0,0
ACTGTCCGTATTCTCT-JHA710A3,JHA710A3,A3,2.076123630664351,1,1,1,0,0,0,0,2868.0,0
ACTGTCCGTGTAACGG-JHA710A3,JHA710A3,A3,2.5575963831562776,2,1,1,1,1,0,0,840.0,0
ACTGTCCTCCGCAAGC-JHA710A3,JHA710A3,A3,0.0,1,0,0,0,0,0,0,2864.0,0
ACTGTCCTCTGGGCCA-JHA710A3,JHA710A3,A3,2.290613181935603,2,1,1,1,1,0,0,1126.0,1
ACTTACTAGGCAAAGA-JHA710A3,JHA710A3,A3,2.41072065929993,1,1,1,0,0,0,0,986.0,0
ACTTACTCAATCCAAC-JHA710A3,JHA710A3,A3,0.0,2,0,0,0,0,0,0,658.0,0
ACTTACTCAGGGTTAG-JHA710A3,JHA710A3,A3,2.2758475838051555,2,1,1,1,1,0,0,3434.0,0
ACTTACTGTAATCACC-JHA710A3,JHA710A3,A3,2.359261572056268,2,1,1,1,1,0,0,2087.0,0
ACTTACTGTGAGTGAC-JHA710A3,JHA710A3,A3,3.0294107032269486,2,1,1,1,1,0,0,1016.0,0
ACTTACTGTTATCACG-JHA710A3,JHA710A3,A3,1.7963575628536814,3,1,1,1,1,1,0,1989.0,0
ACTTACTTCCTTTCGG-JHA710A3,JHA710A3,A3,7.971738283551497,1,1,1,0,0,0,1,611.0,0
ACTTACTTCGAACTGT-JHA710A3,JHA710A3,A3,0.0,0,0,0,0,0,0,0,658.0,1
ACTTACTTCTTTACGT-JHA710A3,JHA710A3,A3,5.414141859926833,2,1,1,1,1,0,0,1163.0,0
ACTTGTTAGGTGCTTT-JHA710A3,JHA710A3,A3,0.0,1,0,0,0,0,0,0,747.0,0
ACTTGTTAGTGGACGT-JHA710A3,JHA710A3,A3,3.1045532485840535,2,1,1,1,1,0,0,1878.0,0
ACTTGTTCAAGGACAC-JHA710A3,JHA710A3,A3,0.0,1,0,0,0,0,0,0,1954.0,0
ACTTGTTCACCAACCG-JHA710A3,JHA710A3,A3,6.075127952867338,2,1,1,1,1,0,0,991.0,0
ACTTGTTCACCTATCC-JHA710A3,JHA710A3,A3,0.0,1,0,0,0,0,0,0,1218.0,0
ACTTGTTTCCTATTCA-JHA710A3,JHA710A3,A3,2.3332100223141023,2,1,1,1,1,0,0,1074.0,0
ACTTGTTTCGAATGGG-JHA710A3,JHA710A3,A3,2.076123630664351,2,1,1,1,1,0,0,1434.0,0
ACTTGTTTCTCCAACC-JHA710A3,JHA710A3,A3,0.0,2,0,0,0,0,0,0,711.0,0
ACTTTCAAGCCTATGT-JHA710A3,JHA710A3,A3,5.678091019017298,2,1,1,1,1,0,0,755.0,0
ACTTTCAAGCGTGTCC-JHA710A3,JHA710A3,A3,2.212298887006504,1,1,1,0,0,0,0,1229.0,0
ACTTTCAAGGCGCTCT-JHA710A3,JHA710A3,A3,2.163119488538647,1,1,1,0,0,0,0,1299.0,0
ACTTTCAAGTCATGCT-JHA710A3,JHA710A3,A3,1.8525949058444695,2,1,1,1,1,0,0,1860.0,0
ACTTTCACAAGACACG-JHA710A3,JHA710A3,A3,6.937936397881802,3,1,1,1,1,1,0,641.0,0
ACTTTCACAATCTACG-JHA710A3,JHA710A3,A3,2.164483298410485,2,1,1,1,1,0,0,1297.0,0
ACTTTCACAGGTCTCG-JHA710A3,JHA710A3,A3,0.0,1,0,0,0,0,0,0,1604.0,0
ACTTTCAGTAAGTTCC-JHA710A3,JHA710A3,A3,3.0834378539730967,3,1,1,1,1,1,0,960.0,0
ACTTTCAGTGAGTGAC-JHA710A3,JHA710A3,A3,6.486358619776763,2,1,1,1,1,0,0,809.0,0
ACTTTCAGTGTAACGG-JHA710A3,JHA710A3,A3,2.8530084327453045,0,1,0,0,0,0,0,612.0,0
ACTTTCAGTTACGTCA-JHA710A3,JHA710A3,A3,2.3132745688163707,1,1,1,0,0,0,0,1098.0,0
ACTTTCAGTTCCGTCT-JHA710A3,JHA710A3,A3,0.0,0,0,0,0,0,0,0,824.0,1
ACTTTCATCATGTGGT-JHA710A3,JHA710A3,A3,0.0,1,0,0,0,0,0,0,1546.0,0
ACTTTCATCATTCACT-JHA710A3,JHA710A3,A3,1.7322442442122317,2,1,1,1,1,0,0,2149.0,0
AGAATAGAGCCTTGAT-JHA710A3,JHA710A3,A3,2.846870612478524,2,1,1,1,1,0,0,1848.0,1
AGAATAGCAAGGTTTC-JHA710A3,JHA710A3,A3,2.672567327298024,1,1,1,0,0,0,0,742.0,0
AGAATAGCACATAACC-JHA710A3,JHA710A3,A3,2.853778642548469,2,1,1,1,1,0,0,1223.0,1
AGAATAGCAGACAGGT-JHA710A3,JHA710A3,A3,0.0,2,0,0,0,0,0,0,665.0,0
AGAATAGGTAGCTAAA-JHA710A3,JHA710A3,A3,0.0,1,0,0,0,0,0,0,1144.0,0
AGAATAGGTGTAATGA-JHA710A3,JHA710A3,A3,4.461335759962416,3,1,1,1,1,1,0,3855.0,0
AGAATAGTCGTGGTCG-JHA710A3,JHA710A3,A3,2.3099985615372467,3,1,1,1,1,1,0,5510.0,1
AGACGTTAGAGATGAG-JHA710A3,JHA710A3,A3,2.8743040227791288,1,1,1,0,0,0,0,1795.0,0
AGACGTTAGCGCTTAT-JHA710A3,JHA710A3,A3,2.4088763494672967,2,1,1,1,1,0,0,1976.0,0
AGACGTTAGGGAAACA-JHA710A3,JHA710A3,A3,4.744337525668977,4,1,1,1,1,1,0,5003.0,1
AGACGTTAGGTGATAT-JHA710A3,JHA710A3,A3,2.83170873591079,2,1,1,1,1,0,0,626.0,0
AGACGTTCACGAAGCA-JHA710A3,JHA710A3,A3,2.0106681064735117,1,1,1,0,0,0,0,1546.0,0
AGACGTTGTTCAGGCC-JHA710A3,JHA710A3,A3,7.8385772078941995,2,1,1,1,1,0,1,1475.0,0
AGACGTTTCCGGCACA-JHA710A3,JHA710A3,A3,0.0,2,0,0,0,0,0,0,1720.0,0
AGACGTTTCGGCGCTA-JHA710A3,JHA710A3,A3,1.6752776699296434,2,1,1,1,1,0,0,2304.0,1
AGACGTTTCGTCACGG-JHA710A3,JHA710A3,A3,2.180105589730449,2,1,1,1,1,0,0,3823.0,0
AGACGTTTCTGCGTAA-JHA710A3,JHA710A3,A3,0.0,2,0,0,0,0,0,0,1510.0,0
AGAGCGAAGCAGATCG-JHA710A3,JHA710A3,A3,8.371259262735146,3,1,1,1,1,1,1,1081.0,0
AGAGCGAAGCAGGTCA-JHA710A3,JHA710A3,A3,2.943113639748711,1,1,1,0,0,0,0,1669.0,0
AGAGCGAAGGCGTACA-JHA710A3,JHA710A3,A3,2.445594608263497,2,1,1,1,1,0,0,1898.0,0
AGAGCGAAGGCTAGCA-JHA710A3,JHA710A3,A3,1.507939083162056,2,1,1,1,1,0,0,2843.0,1
AGAGCGAAGGCTCTTA-JHA710A3,JHA710A3,A3,3.3469537175427204,2,1,1,1,1,0,0,1459.0,0
AGAGCGACAAACTGCT-JHA710A3,JHA710A3,A3,0.0,2,0,0,0,0,0,0,1180.0,0
AGAGCGAGTTCCGGCA-JHA710A3,JHA710A3,A3,8.24877312482245,3,1,1,1,1,1,1,921.0,0
AGAGCGATCACAGGCC-JHA710A3,JHA710A3,A3,6.482260930701027,2,1,1,1,1,0,0,797.0,0
AGAGCGATCATCTGCC-JHA710A3,JHA710A3,A3,0.0,1,0,0,0,0,0,0,614.0,1
AGAGCTTAGTGAACGC-JHA710A3,JHA710A3,A3,0.0,0,0,0,0,0,0,0,786.0,0
AGAGCTTCAGGTTTCA-JHA710A3,JHA710A3,A3,2.685204697584203,1,1,1,0,0,0,0,732.0,0
AGAGCTTCAGTATCTG-JHA710A3,JHA710A3,A3,1.5170416325629885,3,1,1,1,1,1,0,2810.0,0
AGAGCTTGTAACGCGA-JHA710A3,JHA710A3,A3,7.665745102468117,5,1,1,1,1,1,1,1519.0,0
AGAGCTTGTCTCTTTA-JHA710A3,JHA710A3,A3,2.6826625241222586,3,1,1,1,1,1,0,734.0,0
AGAGCTTTCATGTGGT-JHA710A3,JHA710A3,A3,7.887739662997421,3,1,1,1,1,1,1,1025.0,1
AGAGTGGAGAACAATC-JHA710A3,JHA710A3,A3,2.35105865117698,2,1,1,1,1,0,0,1053.0,0
AGAGTGGAGAGACTAT-JHA710A3,JHA710A3,A3,2.799236663722673,2,1,1,1,1,0,0,648.0,0
AGAGTGGCATGTCGAT-JHA710A3,JHA710A3,A3,2.825715651950415,2,1,1,1,1,0,0,630.0,0
AGAGTGGGTAAGAGGA-JHA710A3,JHA710A3,A3,2.67382284830196,1,1,1,0,0,0,0,741.0,0
AGAGTGGGTTGTCGCG-JHA710A3,JHA710A3,A3,5.234962100827554,2,1,1,1,1,0,0,1446.0,0
AGAGTGGTCAATAAGG-JHA710A3,JHA710A3,A3,2.287426532563204,2,1,1,1,1,0,0,1130.0,0
AGATCTGGTCCATGAT-JHA710A3,JHA710A3,A3,2.3315301435691227,1,1,1,0,0,0,0,2152.0,0
AGATCTGGTCCTCCAT-JHA710A3,JHA710A3,A3,8.591836507181487,2,1,1,1,1,0,1,2859.0,0
AGATCTGGTGTGCCTG-JHA710A3,JHA710A3,A3,2.7189443734600847,0,1,0,0,0,0,0,706.0,0
AGATCTGGTTGTTTGG-JHA710A3,JHA710A3,A3,2.9790095282931244,2,1,1,1,1,0,0,1607.0,0
AGATCTGTCCAATGGT-JHA710A3,JHA710A3,A3,1.3965818951170603,4,1,1,1,1,1,0,6576.0,0
AGATCTGTCTTCTGGC-JHA710A3,JHA710A3,A3,2.242194457263079,1,1,1,0,0,0,0,2377.0,0
AGATTGCAGGAGTAGA-JHA710A3,JHA710A3,A3,0.0,2,0,0,0,0,0,0,764.0,0
AGATTGCAGTCATGCT-JHA710A3,JHA710A3,A3,0.0,0,0,0,0,0,0,0,1289.0,0
AGATTGCGTAAGCACG-JHA710A3,JHA710A3,A3,0.0,1,0,0,0,0,0,0,741.0,0
AGATTGCGTAGGAGTC-JHA710A3,JHA710A3,A3,2.856093274440672,2,1,1,1,1,0,0,610.0,0
AGATTGCGTATTCTCT-JHA710A3,JHA710A3,A3,1.7310961229939337,1,1,1,0,0,0,0,2152.0,0
AGATTGCGTGCACTTA-JHA710A3,JHA710A3,A3,0.0,0,0,0,0,0,0,0,1595.0,1
AGATTGCTCACGAAGG-JHA710A3,JHA710A3,A3,2.445594608263497,2,1,1,1,1,0,0,949.0,0
AGCAGCCAGACATAAC-JHA710A3,JHA710A3,A3,5.86766537807061,2,1,1,1,1,0,0,681.0,0
AGCAGCCAGCAGGCTA-JHA710A3,JHA710A3,A3,3.3776519095965654,2,1,1,1,1,0,0,1060.0,0
AGCAGCCAGGAGCGTT-JHA710A3,JHA710A3,A3,0.0,2,0,0,0,0,0,0,1427.0,1
AGCAGCCAGTTAGCGG-JHA710A3,JHA710A3,A3,0.0,0,0,0,0,0,0,0,795.0,0
AGCAGCCCACACGCTG-JHA710A3,JHA710A3,A3,3.041669775683372,1,1,1,0,0,0,0,1003.0,0
AGCAGCCCACCACCAG-JHA710A3,JHA710A3,A3,3.626408344873372,2,1,1,1,1,0,0,6288.0,0
AGCAGCCGTAGATTAG-JHA710A3,JHA710A3,A3,0.0,2,0,0,0,0,0,0,648.0,0
AGCAGCCTCACAGTAC-JHA710A3,JHA710A3,A3,0.0,1,0,0,0,0,0,0,1111.0,0
AGCAGCCTCGAATGCT-JHA710A3,JHA710A3,A3,2.6478301343627186,2,1,1,1,1,0,0,1524.0,0
AGCATACAGCCAGTAG-JHA710A3,JHA710A3,A3,0.0,1,0,0,0,0,0,0,652.0,0
AGCATACAGGTGCTTT-JHA710A3,JHA710A3,A3,0.0,1,0,0,0,0,0,0,676.0,0
AGCATACCACTATCTT-JHA710A3,JHA710A3,A3,2.238443085889051,2,1,1,1,1,0,0,4774.0,0
AGCATACCAGCCAATT-JHA710A3,JHA710A3,A3,2.5900513591773584,1,1,1,0,0,0,0,811.0,0
AGCATACCATGCCCGA-JHA710A3,JHA710A3,A3,1.8878846450025115,1,1,1,0,0,0,0,1784.0,0
AGCATACGTCGTCTTC-JHA710A3,JHA710A3,A3,3.0136254427554388,2,1,1,1,1,0,0,1033.0,0
AGCATACGTCTTCTCG-JHA710A3,JHA710A3,A3,2.035144760143036,1,1,1,0,0,0,0,1503.0,0
AGCATACGTGACTACT-JHA710A3,JHA710A3,A3,0.0,2,0,0,0,0,0,0,747.0,0
AGCATACTCCAATGGT-JHA710A3,JHA710A3,A3,6.959364809800206,2,1,1,1,1,0,0,789.0,0
AGCCTAAAGACCTTTG-JHA710A3,JHA710A3,A3,4.582660672572657,2,1,1,1,1,0,0,3720.0,0
AGCCTAAAGCCTTGAT-JHA710A3,JHA710A3,A3,2.400627017349096,1,1,1,0,0,0,0,997.0,0
AGCCTAACAGATCTGT-JHA710A3,JHA710A3,A3,2.1908500537587834,2,1,1,1,1,0,0,1259.0,1
AGCCTAAGTACTTAGC-JHA710A3,JHA710A3,A3,2.398804859908563,2,1,1,1,1,0,0,1998.0,1
AGCCTAATCACAACGT-JHA710A3,JHA710A3,A3,2.400931097837895,2,1,1,1,1,0,0,2990.0,0
AGCCTAATCCTCAACC-JHA710A3,JHA710A3,A3,2.3067355997192722,2,1,1,1,1,0,0,1106.0,0
AGCCTAATCGAACGGA-JHA710A3,JHA710A3,A3,2.2914117923959205,2,1,1,1,1,0,0,1125.0,0
AGCGGTCAGCCTATGT-JHA710A3,JHA710A3,A3,2.1563353819614273,1,1,1,0,0,0,0,1309.0,0
AGCGGTCAGCTACCGC-JHA710A3,JHA710A3,A3,8.288893921627986,2,1,1,1,1,0,1,1669.0,0
AGCGGTCAGTGGTCCC-JHA710A3,JHA710A3,A3,7.43525729179909,2,1,1,1,1,0,0,1665.0,0
AGCGGTCCAGCGAACA-JHA710A3,JHA710A3,A3,8.095503734853818,2,1,1,1,1,0,1,1525.0,0
AGCGGTCCAGTAGAGC-JHA710A3,JHA710A3,A3,2.178946388329268,1,1,1,0,0,0,0,1276.0,0
AGCGGTCCAGTTCATG-JHA710A3,JHA710A3,A3,0.0,2,0,0,0,0,0,0,826.0,0
AGCGGTCCATCGGACC-JHA710A3,JHA710A3,A3,0.0,2,0,0,0,0,0,0,1551.0,0
AGCGGTCGTCGAATCT-JHA710A3,JHA710A3,A3,0.0,1,0,0,0,0,0,0,613.0,1
AGCGTATCACACCGAC-JHA710A3,JHA710A3,A3,2.288222028823763,2,1,1,1,1,0,0,1129.0,0
AGCGTATCAGCCAGAA-JHA710A3,JHA710A3,A3,3.3515942149193667,2,1,1,1,1,0,0,726.0,0
AGCGTATCATCCGCGA-JHA710A3,JHA710A3,A3,2.6903113767648286,1,1,1,0,0,0,0,728.0,0
AGCGTATGTCTCTCGT-JHA710A3,JHA710A3,A3,1.9915813964320943,2,1,1,1,1,0,0,3161.0,0
AGCGTATGTGTTGGGA-JHA710A3,JHA710A3,A3,1.896496914260496,3,1,1,1,1,1,0,1766.0,0
AGCGTATTCTCGATGA-JHA710A3,JHA710A3,A3,1.6110398350834336,3,1,1,1,1,1,0,2495.0,0
AGCGTATTCTGTCAAG-JHA710A3,JHA710A3,A3,7.8625827294548625,2,1,1,1,1,0,1,720.0,0
AGCGTCGAGACGACGT-JHA710A3,JHA710A3,A3,3.4934096355656736,2,1,1,1,1,0,0,627.0,0
AGCGTCGAGATGCCAG-JHA710A3,JHA710A3,A3,3.55273764657403,2,1,1,1,1,0,0,3244.0,0
AGCGTCGAGCACGCCT-JHA710A3,JHA710A3,A3,1.4856044842427711,2,1,1,1,1,0,0,2926.0,0
AGCGTCGAGGCGATAC-JHA710A3,JHA710A3,A3,0.0,2,0,0,0,0,0,0,744.0,0
AGCGTCGCACGCCAGT-JHA710A3,JHA710A3,A3,0.0,2,0,0,0,0,0,0,934.0,0
AGCGTCGCAGGATTGG-JHA710A3,JHA710A3,A3,0.0,1,0,0,0,0,0,0,718.0,0
AGCGTCGCATGCTGGC-JHA710A3,JHA710A3,A3,0.0,0,0,0,0,0,0,0,1013.0,1
AGCGTCGGTCCGAACC-JHA710A3,JHA710A3,A3,1.61264561366087,2,1,1,1,1,0,0,2490.0,0
AGCGTCGGTCTTGCGG-JHA710A3,JHA710A3,A3,0.0,0,0,0,0,0,0,0,774.0,0
AGCGTCGGTGTGGCTC-JHA710A3,JHA710A3,A3,0.0,1,0,0,0,0,0,0,644.0,0
AGCGTCGGTTCGTGAT-JHA710A3,JHA710A3,A3,0.0,2,0,0,0,0,0,0,817.0,0
AGCGTCGTCCGAATGT-JHA710A3,JHA710A3,A3,0.0,1,0,0,0,0,0,0,2714.0,0
AGCTCCTCAAGCGATG-JHA710A3,JHA710A3,A3,2.3553658302081404,2,1,1,1,1,0,0,1048.0,0
AGCTCCTGTCTCTCTG-JHA710A3,JHA710A3,A3,2.4660518490243706,2,1,1,1,1,0,0,928.0,0
AGCTCCTGTGTAATGA-JHA710A3,JHA710A3,A3,2.8035952605318073,1,1,1,0,0,0,0,645.0,0
AGCTCCTGTGTTTGTG-JHA710A3,JHA710A3,A3,1.3904335956280698,2,1,1,1,1,0,0,3315.0,0
AGCTCCTTCCACTCCA-JHA710A3,JHA710A3,A3,0.0,1,0,0,0,0,0,0,1014.0,0
AGCTCCTTCTGATACG-JHA710A3,JHA710A3,A3,0.0,2,0,0,0,0,0,0,811.0,0
AGCTCTCAGACTTTCG-JHA710A3,JHA710A3,A3,1.974029361120549,4,1,1,1,1,1,0,1613.0,0
AGCTCTCCATGCGCAC-JHA710A3,JHA710A3,A3,2.501289079205946,2,1,1,1,1,0,0,893.0,0
AGCTCTCCATGGGAAC-JHA710A3,JHA710A3,A3,0.0,1,0,0,0,0,0,0,1211.0,0
AGCTCTCGTATGAATG-JHA710A3,JHA710A3,A3,0.0,2,0,0,0,0,0,0,2280.0,1
AGCTCTCGTGAGGGTT-JHA710A3,JHA710A3,A3,0.0,0,0,0,0,0,0,0,1183.0,0
AGCTCTCGTGCCTGCA-JHA710A3,JHA710A3,A3,8.343390345620628,3,1,1,1,1,1,1,914.0,0
AGCTCTCTCCGATATG-JHA710A3,JHA710A3,A3,3.5393585087351154,0,1,0,0,0,0,0,598.0,0
AGCTCTCTCGAATGCT-JHA710A3,JHA710A3,A3,0.0,2,0,0,0,0,0,0,597.0,0
AGCTCTCTCTACTCAT-JHA710A3,JHA710A3,A3,2.3843693677605557,2,1,1,1,1,0,0,1015.0,0
AGCTCTCTCTCTTATG-JHA710A3,JHA710A3,A3,2.3467738144796337,2,1,1,1,1,0,0,3174.0,0
AGCTCTCTCTTGTACT-JHA710A3,JHA710A3,A3,3.362288597569823,2,1,1,1,1,0,0,718.0,0
AGCTTGAAGACCTAGG-JHA710A3,JHA710A3,A3,1.7413036042700147,2,1,1,1,1,0,0,4251.0,0
AGCTTGAAGACCTTTG-JHA710A3,JHA710A3,A3,2.1887364627134054,1,1,1,0,0,0,0,1262.0,0
AGCTTGAAGGGTATCG-JHA710A3,JHA710A3,A3,3.09075613461998,3,1,1,1,1,1,0,1429.0,0
AGCTTGAAGTTGTAGA-JHA710A3,JHA710A3,A3,3.4811189432939904,2,1,1,1,1,0,0,635.0,0
AGCTTGACACATAACC-JHA710A3,JHA710A3,A3,7.632294662144729,2,1,1,1,1,0,1,1338.0,0
AGCTTGACAGACGCTC-JHA710A3,JHA710A3,A3,1.756006554950046,2,1,1,1,1,0,0,4176.0,1
AGCTTGACAGCCTTTC-JHA710A3,JHA710A3,A3,0.0,3,0,0,0,0,0,0,5131.0,1
AGCTTGACATAAAGGT-JHA710A3,JHA710A3,A3,2.52844697628231,1,1,1,0,0,0,0,867.0,1
AGCTTGACATATGGTC-JHA710A3,JHA710A3,A3,0.0,1,0,0,0,0,0,0,2017.0,0
AGCTTGAGTCTAAACC-JHA710A3,JHA710A3,A3,4.3897198954441405,2,1,1,1,1,0,0,628.0,0
AGCTTGAGTCTAGGTT-JHA710A3,JHA710A3,A3,0.0,1,0,0,0,0,0,0,1351.0,0
AGGCCACAGGAATTAC-JHA710A3,JHA710A3,A3,2.825715651950415,2,1,1,1,1,0,0,630.0,0
AGGCCACCATGCCTAA-JHA710A3,JHA710A3,A3,1.918972493323505,2,1,1,1,1,0,0,1720.0,0
AGGCCACGTACAGTGG-JHA710A3,JHA710A3,A3,1.27017489997219,2,1,1,1,1,0,0,3904.0,0
AGGCCACGTACCATCA-JHA710A3,JHA710A3,A3,1.9140282541556966,1,1,1,0,0,0,0,1730.0,0
AGGCCACTCGCAAGCC-JHA710A3,JHA710A3,A3,2.549943128388163,1,1,1,0,0,0,0,847.0,0
AGGCCGTAGAGTGACC-JHA710A3,JHA710A3,A3,0.0,1,0,0,0,0,0,0,876.0,1
AGGCCGTCACATCTTT-JHA710A3,JHA710A3,A3,6.632011154739966,2,1,1,1,1,0,0,2810.0,0
AGGCCGTGTACTTCTT-JHA710A3,JHA710A3,A3,0.0,1,0,0,0,0,0,0,1311.0,0
AGGCCGTGTTATCCGA-JHA710A3,JHA710A3,A3,3.169896361140777,2,1,1,1,1,0,0,877.0,0
AGGCCGTTCACCTTAT-JHA710A3,JHA710A3,A3,7.727756912351052,3,1,1,1,1,1,1,1269.0,0
AGGCCGTTCGACGGAA-JHA710A3,JHA710A3,A3,0.0,2,0,0,0,0,0,0,877.0,0
AGGCCGTTCGCGTAGC-JHA710A3,JHA710A3,A3,1.8485264306009423,1,1,1,0,0,0,0,1869.0,0
AGGCCGTTCGGTGTTA-JHA710A3,JHA710A3,A3,6.500164725308189,2,1,1,1,1,0,0,828.0,0
AGGCCGTTCTGCCCTA-JHA710A3,JHA710A3,A3,0.0,1,0,0,0,0,0,0,1191.0,0
AGGGAGTAGCACAGGT-JHA710A3,JHA710A3,A3,2.854549518701995,3,1,1,1,1,1,0,611.0,0
AGGGAGTAGCCCAACC-JHA710A3,JHA710A3,A3,0.0,2,0,0,0,0,0,0,626.0,0
AGGGAGTAGCTGAAAT-JHA710A3,JHA710A3,A3,6.7023697825896305,2,1,1,1,1,0,0,750.0,0
AGGGAGTCAGCCTATA-JHA710A3,JHA710A3,A3,2.7269186854065928,2,1,1,1,1,0,0,700.0,0
AGGGAGTCATCCTAGA-JHA710A3,JHA710A3,A3,0.0,1,0,0,0,0,0,0,1719.0,0
AGGGAGTCATGGTCAT-JHA710A3,JHA710A3,A3,3.451077464195613,2,1,1,1,1,0,0,655.0,1
AGGGAGTGTGGTTTCA-JHA710A3,JHA710A3,A3,2.8685404962389303,2,1,1,1,1,0,0,1204.0,0
AGGGAGTGTTTGTTTC-JHA710A3,JHA710A3,A3,0.0,3,0,0,0,0,0,0,1711.0,0
AGGGAGTTCACCAGGC-JHA710A3,JHA710A3,A3,2.5168510863477893,2,1,1,1,1,0,0,878.0,0
AGGGAGTTCCATGCTC-JHA710A3,JHA710A3,A3,2.7877176038360814,0,1,0,0,0,0,0,656.0,0
AGGGAGTTCGAGGTAG-JHA710A3,JHA710A3,A3,0.0,0,0,0,0,0,0,0,983.0,0
AGGGATGAGTACCGGA-JHA710A3,JHA710A3,A3,6.26546015835639,4,1,1,1,1,1,0,2990.0,1
AGGGATGAGTTGAGAT-JHA710A3,JHA710A3,A3,7.029397337630283,2,1,1,1,1,0,0,709.0,0
AGGGATGGTATCACCA-JHA710A3,JHA710A3,A3,2.0200626018310595,4,1,1,1,1,1,0,4588.0,0
AGGGATGGTCATATCG-JHA710A3,JHA710A3,A3,0.0,2,0,0,0,0,0,0,1791.0,0
AGGGATGGTCCCTTGT-JHA710A3,JHA710A3,A3,2.8939678628409204,1,1,1,0,0,0,0,1172.0,0
AGGGATGGTCCGAGTC-JHA710A3,JHA710A3,A3,0.0,1,0,0,0,0,0,0,740.0,0
AGGGTGAAGGACGAAA-JHA710A3,JHA710A3,A3,6.661708669629112,2,1,1,1,1,0,0,858.0,0
AGGGTGACATATACCG-JHA710A3,JHA710A3,A3,0.0,2,0,0,0,0,0,0,789.0,0
AGGGTGAGTAGAAAGG-JHA710A3,JHA710A3,A3,0.0,0,0,0,0,0,0,0,978.0,0
AGGGTGAGTGTGCGTC-JHA710A3,JHA710A3,A3,2.67508018186464,2,1,1,1,1,0,0,740.0,1
AGGGTGATCGGTTCGG-JHA710A3,JHA710A3,A3,7.988722860652801,3,1,1,1,1,1,1,879.0,0
AGGGTGATCTGCAGTA-JHA710A3,JHA710A3,A3,2.1206743102214762,1,1,1,0,0,0,0,1363.0,0
AGGTCATAGCTCAACT-JHA710A3,JHA710A3,A3,3.2794956349324123,1,1,1,0,0,0,0,1956.0,0
AGGTCATAGGATCGCA-JHA710A3,JHA710A3,A3,1.0823475019941988,3,1,1,1,1,1,0,5124.0,1
AGGTCATAGTGACTCT-JHA710A3,JHA710A3,A3,2.7136681934064333,2,1,1,1,1,0,0,1420.0,0
AGGTCATAGTTGCAGG-JHA710A3,JHA710A3,A3,3.179780449481933,2,1,1,1,1,0,0,868.0,0
AGGTCATCAAGGTTCT-JHA710A3,JHA710A3,A3,6.692935989404164,2,1,1,1,1,0,0,633.0,0
AGGTCATCACGGATAG-JHA710A3,JHA710A3,A3,2.079791620451134,2,1,1,1,1,0,0,1428.0,0
AGGTCATGTCACTGGC-JHA710A3,JHA710A3,A3,1.357595466188316,1,1,1,0,0,0,0,3464.0,0
AGGTCATGTCTAGCCG-JHA710A3,JHA710A3,A3,3.37174780927291,1,1,1,0,0,0,0,711.0,0
AGGTCCGAGCGATCCC-JHA710A3,JHA710A3,A3,3.8981102451381293,2,1,1,1,1,0,0,621.0,0
AGGTCCGAGTGAAGAG-JHA710A3,JHA710A3,A3,0.0,2,0,0,0,0,0,0,609.0,0
AGGTCCGCACAACTGT-JHA710A3,JHA710A3,A3,0.0,2,0,0,0,0,0,0,713.0,0
AGGTCCGGTATCACCA-JHA710A3,JHA710A3,A3,0.0,4,0,0,0,0,0,0,2538.0,0
AGGTCCGGTCCGAATT-JHA710A3,JHA710A3,A3,2.0840929169535065,2,1,1,1,1,0,0,1421.0,0
AGGTCCGTCCTAGTGA-JHA710A3,JHA710A3,A3,3.248530748607392,2,1,1,1,1,0,0,1212.0,0
AGTAGTCAGTACGATA-JHA710A3,JHA710A3,A3,0.0,1,0,0,0,0,0,0,759.0,0
AGTAGTCAGTATCGAA-JHA710A3,JHA710A3,A3,2.041533639335474,1,1,1,0,0,0,0,1492.0,0
AGTAGTCCAATGGATA-JHA710A3,JHA710A3,A3,3.461483045046175,0,1,0,0,0,0,0,648.0,0
AGTAGTCCACGACGAA-JHA710A3,JHA710A3,A3,7.377341430547199,2,1,1,1,1,0,0,1439.0,0
AGTAGTCGTCAAAGAT-JHA710A3,JHA710A3,A3,2.1516208205361953,2,1,1,1,1,0,0,1316.0,0
AGTAGTCGTGGCTCCA-JHA710A3,JHA710A3,A3,2.347629004672164,1,1,1,0,0,0,0,1057.0,0
AGTAGTCGTTCAACCA-JHA710A3,JHA710A3,A3,8.19476328430574,3,1,1,1,1,1,1,707.0,0
AGTAGTCTCAGGCCCA-JHA710A3,JHA710A3,A3,0.0,1,0,0,0,0,0,0,1181.0,0
AGTAGTCTCAGTCAGT-JHA710A3,JHA710A3,A3,3.2623128529496817,2,1,1,1,1,0,0,1593.0,0
AGTAGTCTCCTTCAAT-JHA710A3,JHA710A3,A3,4.207280438364995,2,1,1,1,1,0,0,5138.0,0
AGTAGTCTCTTACCTA-JHA710A3,JHA710A3,A3,2.4729827839424217,0,1,0,0,0,0,0,921.0,0
AGTCTTTAGGAGTTGC-JHA710A3,JHA710A3,A3,0.0,2,0,0,0,0,0,0,3806.0,0
AGTCTTTAGTCCGTAT-JHA710A3,JHA710A3,A3,7.752520441146313,2,1,1,1,1,0,1,821.0,0
AGTCTTTCAACAACCT-JHA710A3,JHA710A3,A3,0.0,2,0,0,0,0,0,0,1104.0,0
AGTCTTTCAGACGCTC-JHA710A3,JHA710A3,A3,0.0,3,0,0,0,0,0,0,4540.0,1
AGTCTTTGTCTCAACA-JHA710A3,JHA710A3,A3,0.0,2,0,0,0,0,0,0,1966.0,0
AGTCTTTGTTGACGTT-JHA710A3,JHA710A3,A3,2.468026314309484,2,1,1,1,1,0,0,926.0,0
AGTCTTTGTTGTTTGG-JHA710A3,JHA710A3,A3,2.794418814984789,1,1,1,0,0,0,0,1954.0,0
AGTCTTTTCCAAGTAC-JHA710A3,JHA710A3,A3,2.866975062198613,2,1,1,1,1,0,0,603.0,0
AGTGAGGAGAAGAAGC-JHA710A3,JHA710A3,A3,2.3306914883605443,0,1,0,0,0,0,0,1077.0,0
AGTGAGGCACGACTCG-JHA710A3,JHA710A3,A3,0.0,1,0,0,0,0,0,0,1026.0,0
AGTGAGGGTACCGAGA-JHA710A3,JHA710A3,A3,2.9415541344132996,3,1,1,1,1,1,0,2229.0,1
AGTGAGGGTAGCTCCG-JHA710A3,JHA710A3,A3,1.2729451047604716,1,1,1,0,0,0,0,3889.0,0
AGTGAGGGTCAACTGT-JHA710A3,JHA710A3,A3,2.777053120265385,2,1,1,1,1,0,0,2654.0,0
AGTGAGGTCCATGCTC-JHA710A3,JHA710A3,A3,2.501289079205946,0,1,0,0,0,0,0,893.0,0
AGTGAGGTCTACTTAC-JHA710A3,JHA710A3,A3,3.3674116992474543,2,1,1,1,1,0,0,3571.0,0
AGTGGGAAGGATGGAA-JHA710A3,JHA710A3,A3,2.526326854297795,0,1,0,0,0,0,0,869.0,0
AGTGGGAAGTAGGTGC-JHA710A3,JHA710A3,A3,0.0,2,0,0,0,0,0,0,1009.0,0
AGTGGGAAGTCAAGGC-JHA710A3,JHA710A3,A3,2.486007365364186,2,1,1,1,1,0,0,908.0,0
AGTGGGACAAAGAATC-JHA710A3,JHA710A3,A3,7.136862360201857,2,1,1,1,1,0,0,772.0,0
AGTGGGACAAAGCAAT-JHA710A3,JHA710A3,A3,0.0,2,0,0,0,0,0,0,828.0,0
AGTGGGACAGGCAGTA-JHA710A3,JHA710A3,A3,2.3816903809221937,2,1,1,1,1,0,0,1018.0,0
AGTGGGACATGCCACG-JHA710A3,JHA710A3,A3,2.6309241979069813,2,1,1,1,1,0,0,776.0,0
AGTGGGAGTAAATGTG-JHA710A3,JHA710A3,A3,2.499235529103865,3,1,1,1,1,1,0,895.0,0
AGTGGGAGTCATCGGC-JHA710A3,JHA710A3,A3,0.0,2,0,0,0,0,0,0,1149.0,0
AGTGGGAGTGCTTCTC-JHA710A3,JHA710A3,A3,0.0,2,0,0,0,0,0,0,807.0,0
AGTGGGATCTTCTGGC-JHA710A3,JHA710A3,A3,2.4941233048929243,2,1,1,1,1,0,0,900.0,0
AGTGGGATCTTGCATT-JHA710A3,JHA710A3,A3,0.0,1,0,0,0,0,0,0,831.0,0
AGTGTCACACCGATAT-JHA710A3,JHA710A3,A3,1.5296664157191489,1,1,1,0,0,0,0,2765.0,0
AGTGTCACATCCGCGA-JHA710A3,JHA710A3,A3,0.0,2,0,0,0,0,0,0,693.0,0
AGTGTCACATGGTTGT-JHA710A3,JHA710A3,A3,0.0,2,0,0,0,0,0,0,752.0,0
AGTGTCAGTCATCGGC-JHA710A3,JHA710A3,A3,0.0,2,0,0,0,0,0,0,2583.0,0
AGTGTCAGTTGTTTGG-JHA710A3,JHA710A3,A3,2.2866318113771054,2,1,1,1,1,0,0,1131.0,0
AGTGTCATCGGTTCGG-JHA710A3,JHA710A3,A3,6.4187643634287905,2,1,1,1,1,0,0,1127.0,0
AGTTGGTCACAGGAGT-JHA710A3,JHA710A3,A3,3.515312287762974,1,1,1,0,0,0,0,613.0,0
AGTTGGTGTTTGACTG-JHA710A3,JHA710A3,A3,0.0,1,0,0,0,0,0,0,974.0,0
AGTTGGTTCCACGAAT-JHA710A3,JHA710A3,A3,0.0,1,0,0,0,0,0,0,905.0,0
AGTTGGTTCGATGAGG-JHA710A3,JHA710A3,A3,7.041759307282178,2,1,1,1,1,0,0,1243.0,0
ATAACGCAGAGTACCG-JHA710A3,JHA710A3,A3,0.0,1,0,0,0,0,0,0,692.0,0
ATAACGCCAATCCAAC-JHA710A3,JHA710A3,A3,1.7197175650034138,2,1,1,1,1,0,0,4364.0,0
ATAACGCGTAAGTTCC-JHA710A3,JHA710A3,A3,2.672567327298024,1,1,1,0,0,0,0,742.0,0
ATAACGCTCTGCTTGC-JHA710A3,JHA710A3,A3,3.296125799840491,2,1,1,1,1,0,0,769.0,0
ATAACGCTCTGGTGTA-JHA710A3,JHA710A3,A3,0.0,2,0,0,0,0,0,0,643.0,0
ATAAGAGAGACACGAC-JHA710A3,JHA710A3,A3,1.9550512958401782,2,1,1,1,1,0,0,1649.0,0
ATAAGAGAGATATACG-JHA710A3,JHA710A3,A3,0.0,1,0,0,0,0,0,0,1559.0,0
ATAAGAGCAGATCGGA-JHA710A3,JHA710A3,A3,3.5184832336717022,1,1,1,0,0,0,0,611.0,0
ATAAGAGCATGGTCAT-JHA710A3,JHA710A3,A3,2.2280310905028666,3,1,1,1,1,1,0,2415.0,1
ATAAGAGGTAACGCGA-JHA710A3,JHA710A3,A3,0.0,1,0,0,0,0,0,0,746.0,0
ATAAGAGGTCCGAATT-JHA710A3,JHA710A3,A3,2.0896582942802033,2,1,1,1,1,0,0,1412.0,0
ATAAGAGTCTGTGCAA-JHA710A3,JHA710A3,A3,0.0,2,0,0,0,0,0,0,1272.0,0
ATAGACCAGGGTCTCC-JHA710A3,JHA710A3,A3,2.481978390008912,3,1,1,1,1,1,0,912.0,0
ATAGACCAGTAATCCC-JHA710A3,JHA710A3,A3,0.0,1,0,0,0,0,0,0,762.0,0
ATAGACCCAAGAGTCG-JHA710A3,JHA710A3,A3,2.4144215394843522,2,1,1,1,1,0,0,982.0,0
ATAGACCCATGCATGT-JHA710A3,JHA710A3,A3,3.3344733436651732,2,1,1,1,1,0,0,739.0,0
ATAGACCTCACCTCGT-JHA710A3,JHA710A3,A3,1.4254087373521331,2,1,1,1,1,0,0,3165.0,0
ATAGACCTCTTCAACT-JHA710A3,JHA710A3,A3,2.052695311336513,2,1,1,1,1,0,0,1473.0,0
ATCACGAAGGAGCGAG-JHA710A3,JHA710A3,A3,8.555704518399251,3,1,1,1,1,1,1,1024.0,0
ATCACGAAGTGGAGTC-JHA710A3,JHA710A3,A3,0.0,2,0,0,0,0,0,0,948.0,0
ATCACGAAGTGGTAGC-JHA710A3,JHA710A3,A3,2.711041975959033,1,1,1,0,0,0,0,712.0,0
ATCACGACAACTGCTA-JHA710A3,JHA710A3,A3,0.0,2,0,0,0,0,0,0,1116.0,0
ATCACGACAAGAAAGG-JHA710A3,JHA710A3,A3,0.0,0,0,0,0,0,0,0,660.0,0
ATCACGAGTCACCTAA-JHA710A3,JHA710A3,A3,3.3357792205177508,1,1,1,0,0,0,0,738.0,0
ATCACGATCTAACTCT-JHA710A3,JHA710A3,A3,4.65403026861515,4,1,1,1,1,1,0,3269.0,0
ATCATCTAGATGCCAG-JHA710A3,JHA710A3,A3,0.0,2,0,0,0,0,0,0,2860.0,0
ATCATCTAGTATCTCG-JHA710A3,JHA710A3,A3,1.8893130599564576,2,1,1,1,1,0,0,1781.0,0
ATCATCTCAAGTAATG-JHA710A3,JHA710A3,A3,0.0,2,0,0,0,0,0,0,5762.0,0
ATCATCTCAATGAATG-JHA710A3,JHA710A3,A3,2.183476839332592,2,1,1,1,1,0,0,2539.0,0
ATCATCTGTTTGTTTC-JHA710A3,JHA710A3,A3,0.0,1,0,0,0,0,0,0,1181.0,0
ATCATCTTCGCAAACT-JHA710A3,JHA710A3,A3,0.0,3,0,0,0,0,0,0,3039.0,0
ATCATGGAGAATGTTG-JHA710A3,JHA710A3,A3,0.0,1,0,0,0,0,0,0,1313.0,0
ATCATGGAGACTGGGT-JHA710A3,JHA710A3,A3,0.0,0,0,0,0,0,0,0,727.0,1
ATCATGGCAAGACGTG-JHA710A3,JHA710A3,A3,0.0,1,0,0,0,0,0,0,1468.0,0
ATCATGGGTACCTACA-JHA710A3,JHA710A3,A3,0.0,1,0,0,0,0,0,0,751.0,0
ATCATGGTCAACGGCC-JHA710A3,JHA710A3,A3,2.198113960385395,2,1,1,1,1,0,0,4995.0,0
ATCATGGTCAGTGTTG-JHA710A3,JHA710A3,A3,0.0,2,0,0,0,0,0,0,951.0,0
ATCATGGTCCATTCTA-JHA710A3,JHA710A3,A3,3.311275564729472,2,1,1,1,1,0,0,757.0,0
ATCATGGTCGTCGTTC-JHA710A3,JHA710A3,A3,0.0,1,0,0,0,0,0,0,788.0,0
ATCCACCCAGACGCCT-JHA710A3,JHA710A3,A3,0.0,3,0,0,0,0,0,0,1095.0,0
ATCCACCGTTAAAGAC-JHA710A3,JHA710A3,A3,2.856093274440672,2,1,1,1,1,0,0,610.0,0
ATCCACCGTTTAGGAA-JHA710A3,JHA710A3,A3,2.52844697628231,2,1,1,1,1,0,0,867.0,0
ATCCGAAAGATGGGTC-JHA710A3,JHA710A3,A3,2.5742301665360094,1,1,1,0,0,0,0,825.0,1
ATCCGAAAGATGTGTA-JHA710A3,JHA710A3,A3,0.0,1,0,0,0,0,0,0,1061.0,0
ATCCGAAAGCACCGCT-JHA710A3,JHA710A3,A3,1.8516888345616596,1,1,1,0,0,0,0,1862.0,0
ATCCGAAAGGCAGTCA-JHA710A3,JHA710A3,A3,1.8608005962764693,2,1,1,1,1,0,0,1842.0,0
ATCCGAAAGTGTACTC-JHA710A3,JHA710A3,A3,8.177291376806089,3,1,1,1,1,1,1,756.0,0
ATCCGAACATGCAATC-JHA710A3,JHA710A3,A3,2.8094402865210615,0,1,0,0,0,0,0,641.0,0
ATCCGAACATTTGCCC-JHA710A3,JHA710A3,A3,2.8484011063308388,1,1,1,0,0,0,0,1230.0,0
ATCCGAAGTAATTGGA-JHA710A3,JHA710A3,A3,3.4771588062887915,2,1,1,1,1,0,0,1594.0,0
ATCCGAAGTATATGGA-JHA710A3,JHA710A3,A3,2.8347205033467873,1,1,1,0,0,0,0,624.0,0
ATCCGAAGTCGAGATG-JHA710A3,JHA710A3,A3,0.0,1,0,0,0,0,0,0,774.0,0
ATCCGAAGTCGCGAAA-JHA710A3,JHA710A3,A3,1.2718353838717555,2,1,1,1,1,0,0,3895.0,0
ATCCGAAGTGTTTGGT-JHA710A3,JHA710A3,A3,3.040009848275231,3,1,1,1,1,1,0,4019.0,0
ATCCGAATCAACTCTT-JHA710A3,JHA710A3,A3,2.615516054705466,1,1,1,0,0,0,0,789.0,0
ATCCGAATCGCACTCT-JHA710A3,JHA710A3,A3,0.0,2,0,0,0,0,0,0,777.0,0
ATCCGAATCGTTTATC-JHA710A3,JHA710A3,A3,2.4427123321769195,1,1,1,0,0,0,0,952.0,0
ATCCGAATCTTACCGC-JHA710A3,JHA710A3,A3,2.8803695613862503,1,1,1,0,0,0,0,1189.0,0
ATCGAGTAGAATGTGT-JHA710A3,JHA710A3,A3,0.0,2,0,0,0,0,0,0,671.0,0
ATCGAGTCAGGCAGTA-JHA710A3,JHA710A3,A3,2.0562538458953226,4,1,1,1,1,1,0,1467.0,0
ATCGAGTCAGTATGCT-JHA710A3,JHA710A3,A3,0.0,1,0,0,0,0,0,0,2276.0,0
ATCGAGTCATCACCCT-JHA710A3,JHA710A3,A3,2.506789631972778,1,1,1,0,0,0,0,2663.0,0
ATCGAGTTCAACACGT-JHA710A3,JHA710A3,A3,0.0,1,0,0,0,0,0,0,638.0,0
ATCGAGTTCCCTAATT-JHA710A3,JHA710A3,A3,2.5543080314703266,3,1,1,1,1,1,0,843.0,0
ATCTACTAGCATCATC-JHA710A3,JHA710A3,A3,8.124408406309648,3,1,1,1,1,1,1,963.0,0
ATCTACTAGTGCGATG-JHA710A3,JHA710A3,A3,2.039785951372495,3,1,1,1,1,1,0,1495.0,0
ATCTACTAGTGTACTC-JHA710A3,JHA710A3,A3,0.0,1,0,0,0,0,0,0,2149.0,0
ATCTACTAGTGTCTCA-JHA710A3,JHA710A3,A3,0.0,2,0,0,0,0,0,0,1310.0,0
ATCTACTCAAGCCGCT-JHA710A3,JHA710A3,A3,2.636924242787441,1,1,1,0,0,0,0,771.0,0
ATCTACTCATACTACG-JHA710A3,JHA710A3,A3,2.780120768895363,3,1,1,1,1,1,0,1984.0,0
ATCTACTTCCGTACAA-JHA710A3,JHA710A3,A3,0.0,2,0,0,0,0,0,0,905.0,0
ATCTACTTCGGTCCGA-JHA710A3,JHA710A3,A3,1.2442571049075963,3,1,1,1,1,1,0,4048.0,0
ATCTACTTCTGCCAGG-JHA710A3,JHA710A3,A3,0.0,1,0,0,0,0,0,0,1624.0,0
ATCTGCCAGAATAGGG-JHA710A3,JHA710A3,A3,2.696737024061381,2,1,1,1,1,0,0,723.0,0
ATCTGCCAGCTACCGC-JHA710A3,JHA710A3,A3,0.0,2,0,0,0,0,0,0,809.0,0
ATCTGCCCAAATTGCC-JHA710A3,JHA710A3,A3,1.4925165743751982,3,1,1,1,1,1,0,2900.0,0
ATCTGCCCACGAGGTA-JHA710A3,JHA710A3,A3,3.590740877599912,2,1,1,1,1,0,0,1418.0,1
ATCTGCCCATCTATGG-JHA710A3,JHA710A3,A3,0.0,2,0,0,0,0,0,0,871.0,0
ATCTGCCGTACGACCC-JHA710A3,JHA710A3,A3,0.0,3,0,0,0,0,0,0,1370.0,0
ATCTGCCGTAGTGAAT-JHA710A3,JHA710A3,A3,2.6954481069701335,2,1,1,1,1,0,0,724.0,0
ATCTGCCGTCACCTAA-JHA710A3,JHA710A3,A3,2.5074797135716005,0,1,0,0,0,0,0,887.0,0
ATCTGCCGTGTGACGA-JHA710A3,JHA710A3,A3,8.469472054487381,3,1,1,1,1,1,1,1047.0,0
ATCTGCCTCTTGTCAT-JHA710A3,JHA710A3,A3,2.390654111541811,2,1,1,1,1,0,0,1008.0,0
ATGAGGGAGCTGAAAT-JHA710A3,JHA710A3,A3,7.035705284911337,2,1,1,1,1,0,0,1048.0,0
ATGAGGGAGTGATCGG-JHA710A3,JHA710A3,A3,5.918740113915376,2,1,1,1,1,0,0,647.0,0
ATGAGGGCAAGCGTAG-JHA710A3,JHA710A3,A3,2.7119165067415816,1,1,1,0,0,0,0,2134.0,0
ATGAGGGCATCTGGTA-JHA710A3,JHA710A3,A3,0.0,2,0,0,0,0,0,0,636.0,0
ATGAGGGGTCAGAATA-JHA710A3,JHA710A3,A3,0.0,0,0,0,0,0,0,0,1152.0,0
ATGAGGGGTTGGTTTG-JHA710A3,JHA710A3,A3,1.621384135705839,1,1,1,0,0,0,0,2463.0,0
ATGAGGGTCCTCCTAG-JHA710A3,JHA710A3,A3,3.4634782014698198,1,1,1,0,0,0,0,970.0,0
ATGCGATAGAATTCCC-JHA710A3,JHA710A3,A3,2.517898754721667,1,1,1,0,0,0,0,877.0,0
ATGCGATAGATGCCAG-JHA710A3,JHA710A3,A3,0.0,2,0,0,0,0,0,0,1258.0,0
ATGCGATAGCCAGTAG-JHA710A3,JHA710A3,A3,2.5054111488321564,2,1,1,1,1,0,0,889.0,0
ATGCGATCAACACGCC-JHA710A3,JHA710A3,A3,0.0,2,0,0,0,0,0,0,661.0,0
ATGCGATCACATGACT-JHA710A3,JHA710A3,A3,2.576472577618077,1,1,1,0,0,0,0,823.0,0
ATGCGATGTCACTGGC-JHA710A3,JHA710A3,A3,2.6539487309945566,1,1,1,0,0,0,0,757.0,0
ATGCGATGTGGTTTCA-JHA710A3,JHA710A3,A3,0.0,2,0,0,0,0,0,0,2348.0,0
ATGCGATGTTGCGCAC-JHA710A3,JHA710A3,A3,6.611743331858948,2,1,1,1,1,0,0,727.0,0
ATGCGATTCGCGTTTC-JHA710A3,JHA710A3,A3,0.0,2,0,0,0,0,0,0,1021.0,0
ATGCGATTCTCGGACG-JHA710A3,JHA710A3,A3,0.0,2,0,0,0,0,0,0,742.0,0
ATGCGATTCTGCTGTC-JHA710A3,JHA710A3,A3,0.0,2,0,0,0,0,0,0,1759.0,0
ATGGGAGAGTCAATAG-JHA710A3,JHA710A3,A3,2.594625683033217,3,1,1,1,1,1,0,807.0,0
ATGGGAGAGTTTAGGA-JHA710A3,JHA710A3,A3,1.8653994591565601,1,1,1,0,0,0,0,1832.0,0
ATGGGAGCAACCGCCA-JHA710A3,JHA710A3,A3,0.0,2,0,0,0,0,0,0,2226.0,0
ATGGGAGTCCTGCAGG-JHA710A3,JHA710A3,A3,3.347615232990853,2,1,1,1,1,0,0,729.0,0
ATGGGAGTCTCCAGGG-JHA710A3,JHA710A3,A3,1.9194687298757531,2,1,1,1,1,0,0,1719.0,0
ATGTGTGCACCTCGTT-JHA710A3,JHA710A3,A3,0.0,3,0,0,0,0,0,0,1072.0,0
ATGTGTGGTACCGTTA-JHA710A3,JHA710A3,A3,8.3932815726713,2,1,1,1,1,0,1,1105.0,0
ATGTGTGGTCTTCGTC-JHA710A3,JHA710A3,A3,8.065840675306708,3,1,1,1,1,1,1,1794.0,0
ATGTGTGTCCTCAATT-JHA710A3,JHA710A3,A3,2.61316976459608,2,1,1,1,1,0,0,791.0,0
ATTACTCAGAAGGTTT-JHA710A3,JHA710A3,A3,8.157169194649157,3,1,1,1,1,1,1,866.0,0
ATTACTCAGAGGACGG-JHA710A3,JHA710A3,A3,0.0,1,0,0,0,0,0,0,878.0,0
ATTACTCAGCGCCTTG-JHA710A3,JHA710A3,A3,1.6236684242468011,2,1,1,1,1,0,0,2456.0,0
ATTACTCAGGCTCTTA-JHA710A3,JHA710A3,A3,2.859188830459477,0,1,0,0,0,0,0,608.0,0
ATTACTCAGTACCGGA-JHA710A3,JHA710A3,A3,3.1082906286313685,1,1,1,0,0,0,0,1403.0,0
ATTACTCCAAGTAATG-JHA710A3,JHA710A3,A3,8.624429133605686,3,1,1,1,1,1,1,2239.0,0
ATTACTCCAATCGAAA-JHA710A3,JHA710A3,A3,0.0,2,0,0,0,0,0,0,727.0,0
ATTACTCCATTAGGCT-JHA710A3,JHA710A3,A3,0.0,1,0,0,0,0,0,0,710.0,1
ATTACTCGTAGCTGCC-JHA710A3,JHA710A3,A3,8.063504774574769,3,1,1,1,1,1,1,992.0,0
ATTACTCTCCCAGGTG-JHA710A3,JHA710A3,A3,3.2146614610807247,2,1,1,1,1,0,0,837.0,0
ATTACTCTCGCATGAT-JHA710A3,JHA710A3,A3,4.348516855775004,2,1,1,1,1,0,0,2750.0,0
ATTATCCAGATCGATA-JHA710A3,JHA710A3,A3,2.48298383639514,2,1,1,1,1,0,0,911.0,0
ATTATCCCACCAACCG-JHA710A3,JHA710A3,A3,2.214475679005988,2,1,1,1,1,0,0,1226.0,0
ATTATCCCACTTAACG-JHA710A3,JHA710A3,A3,2.125207049092521,2,1,1,1,1,0,0,2712.0,0
ATTATCCCAGTCCTTC-JHA710A3,JHA710A3,A3,7.926145080256804,2,1,1,1,1,0,1,719.0,0
ATTATCCCATAAAGGT-JHA710A3,JHA710A3,A3,2.3437876086067306,3,1,1,1,1,1,0,4246.0,0
ATTATCCCATAAGACA-JHA710A3,JHA710A3,A3,0.0,2,0,0,0,0,0,0,1270.0,0
ATTATCCGTCCGACGT-JHA710A3,JHA710A3,A3,2.663829022455844,1,1,1,0,0,0,0,749.0,0
ATTATCCTCAGCAACT-JHA710A3,JHA710A3,A3,2.638732390538476,1,1,1,0,0,0,0,3078.0,0
ATTCTACAGAGTTGGC-JHA710A3,JHA710A3,A3,3.0081191461057926,2,1,1,1,1,0,0,1039.0,0
ATTCTACCACCGAAAG-JHA710A3,JHA710A3,A3,0.0,2,0,0,0,0,0,0,2981.0,0
ATTCTACCACGCCAGT-JHA710A3,JHA710A3,A3,7.088430499895942,2,1,1,1,1,0,0,1345.0,0
ATTCTACCATAAAGGT-JHA710A3,JHA710A3,A3,0.0,1,0,0,0,0,0,0,657.0,0
ATTCTACGTATGGTTC-JHA710A3,JHA710A3,A3,0.0,2,0,0,0,0,0,0,1042.0,0
ATTCTACGTTCCGTCT-JHA710A3,JHA710A3,A3,2.4134947816411794,3,1,1,1,1,1,0,983.0,0
ATTCTACTCTAACGGT-JHA710A3,JHA710A3,A3,0.0,1,0,0,0,0,0,0,921.0,0
ATTCTACTCTCAAACG-JHA710A3,JHA710A3,A3,2.619047483467966,1,1,1,0,0,0,0,786.0,1
ATTGGACAGAGTAAGG-JHA710A3,JHA710A3,A3,3.406334794211864,1,1,1,0,0,0,0,686.0,0
ATTGGACAGATCCCGC-JHA710A3,JHA710A3,A3,0.0,2,0,0,0,0,0,0,671.0,0
ATTGGACAGCGATGAC-JHA710A3,JHA710A3,A3,3.4704948104359175,2,1,1,1,1,0,0,642.0,0
ATTGGACAGCTAAGAT-JHA710A3,JHA710A3,A3,0.0,2,0,0,0,0,0,0,1304.0,0
ATTGGACAGCTGCAAG-JHA710A3,JHA710A3,A3,0.0,1,0,0,0,0,0,0,734.0,0
ATTGGACAGGTGCACA-JHA710A3,JHA710A3,A3,2.7588678958371258,1,1,1,0,0,0,0,1353.0,0
ATTGGACAGTGTGAAT-JHA710A3,JHA710A3,A3,1.1719135523607171,2,1,1,1,1,0,0,4488.0,0
ATTGGACCAGGACGTA-JHA710A3,JHA710A3,A3,2.3157401931160932,1,1,1,0,0,0,0,1095.0,0
ATTGGACCATGAGCGA-JHA710A3,JHA710A3,A3,7.186144304522325,3,1,1,1,1,1,0,1250.0,0
ATTGGACCATTGGTAC-JHA710A3,JHA710A3,A3,2.340812174341625,2,1,1,1,1,0,0,1065.0,0
ATTGGACGTAGATTAG-JHA710A3,JHA710A3,A3,1.120550762212808,3,1,1,1,1,1,0,4839.0,0
ATTGGACGTCAGGACA-JHA710A3,JHA710A3,A3,2.6194407568929976,1,1,1,0,0,0,0,2357.0,0
ATTGGACGTCCTGCTT-JHA710A3,JHA710A3,A3,2.571993598287207,1,1,1,0,0,0,0,827.0,0
ATTGGACGTCGACTAT-JHA710A3,JHA710A3,A3,0.0,0,0,0,0,0,0,0,1344.0,0
ATTGGACGTCGCATAT-JHA710A3,JHA710A3,A3,2.6225934028912694,0,1,0,0,0,0,0,783.0,0
ATTGGACGTCGTCTTC-JHA710A3,JHA710A3,A3,2.84026871364874,1,1,1,0,0,0,0,1861.0,0
ATTGGACGTGCAGGTA-JHA710A3,JHA710A3,A3,0.0,2,0,0,0,0,0,0,3988.0,0
ATTGGACTCTCGTATT-JHA710A3,JHA710A3,A3,2.1002802474243185,2,1,1,1,1,0,0,1395.0,0
ATTGGTGAGAACAACT-JHA710A3,JHA710A3,A3,7.698206028728831,2,1,1,1,1,0,1,708.0,0
ATTGGTGAGAGCCTAG-JHA710A3,JHA710A3,A3,0.0,1,0,0,0,0,0,0,794.0,0
ATTGGTGAGTCTCCTC-JHA710A3,JHA710A3,A3,2.845342745108185,1,1,1,0,0,0,0,617.0,0
ATTGGTGCAAGCCCAC-JHA710A3,JHA710A3,A3,3.2308572233306236,2,1,1,1,1,0,0,823.0,0
ATTGGTGCAAGCTGTT-JHA710A3,JHA710A3,A3,2.7363146015667534,1,1,1,0,0,0,0,693.0,0
ATTGGTGCACAGCGTC-JHA710A3,JHA710A3,A3,2.5305723857586506,2,1,1,1,1,0,0,865.0,0
ATTGGTGCACGGTAAG-JHA710A3,JHA710A3,A3,2.35364026379433,1,1,1,0,0,0,0,1050.0,0
ATTGGTGGTCCCTACT-JHA710A3,JHA710A3,A3,0.0,2,0,0,0,0,0,0,608.0,0
ATTGGTGGTCCGCTGA-JHA710A3,JHA710A3,A3,3.5786702761897913,3,1,1,1,1,1,0,2010.0,0
ATTGGTGTCTTAGCCC-JHA710A3,JHA710A3,A3,6.224868500705771,2,1,1,1,1,0,0,3729.0,0
ATTGGTGTCTTGTTTG-JHA710A3,JHA710A3,A3,2.1498321551152557,2,1,1,1,1,0,0,3956.0,0
ATTTCTGAGCATCATC-JHA710A3,JHA710A3,A3,8.080917609472978,2,1,1,1,1,0,1,2154.0,0
ATTTCTGTCAACACCA-JHA710A3,JHA710A3,A3,2.7848611315314105,1,1,1,0,0,0,0,658.0,0
CAACCAAAGATCCGAG-JHA710A3,JHA710A3,A3,0.0,0,0,0,0,0,0,0,753.0,0
CAACCAACAAGAAGAG-JHA710A3,JHA710A3,A3,0.0,2,0,0,0,0,0,0,880.0,1
CAACCAACATGGGACA-JHA710A3,JHA710A3,A3,2.7877176038360814,1,1,1,0,0,0,0,656.0,0
CAACCAACATTCACTT-JHA710A3,JHA710A3,A3,1.8351269311428675,1,1,1,0,0,0,0,1899.0,0
CAACCAAGTAAGAGAG-JHA710A3,JHA710A3,A3,8.070095025047967,1,1,1,0,0,0,1,779.0,0
CAACCAAGTCAGGACA-JHA710A3,JHA710A3,A3,2.2531729296310523,2,1,1,1,1,0,0,2348.0,0
CAACCAAGTGACTCAT-JHA710A3,JHA710A3,A3,0.0,2,0,0,0,0,0,0,925.0,0
CAACCAAGTTTGACAC-JHA710A3,JHA710A3,A3,0.0,2,0,0,0,0,0,0,1182.0,0
CAACCAATCAGCATGT-JHA710A3,JHA710A3,A3,0.0,2,0,0,0,0,0,0,2628.0,1
CAACCAATCAGCTGGC-JHA710A3,JHA710A3,A3,7.250154668464056,2,1,1,1,1,0,0,874.0,0
CAACCAATCTCGTATT-JHA710A3,JHA710A3,A3,3.2775297185599728,1,1,1,0,0,0,0,784.0,0
CAACCTCAGCGTTGCC-JHA710A3,JHA710A3,A3,8.271991949493078,3,1,1,1,1,1,1,997.0,0
CAACCTCCACTGAAGG-JHA710A3,JHA710A3,A3,5.991148917762159,2,1,1,1,1,0,0,2131.0,0
CAACCTCCATTCCTGC-JHA710A3,JHA710A3,A3,1.903751290048089,4,1,1,1,1,1,0,1751.0,0
CAACCTCGTAGCGCAA-JHA710A3,JHA710A3,A3,0.0,1,0,0,0,0,0,0,1271.0,1
CAACCTCGTGGTGTAG-JHA710A3,JHA710A3,A3,7.793108134672469,2,1,1,1,1,0,1,648.0,0
CAACCTCGTTTGTTTC-JHA710A3,JHA710A3,A3,1.8878846450025115,3,1,1,1,1,1,0,3568.0,1
CAACCTCTCACAGGCC-JHA710A3,JHA710A3,A3,2.5923354823577114,1,1,1,0,0,0,0,1618.0,0
CAACCTCTCATCATTC-JHA710A3,JHA710A3,A3,0.0,2,0,0,0,0,0,0,2043.0,0
CAACCTCTCTGTTGAG-JHA710A3,JHA710A3,A3,2.3489134533838354,2,1,1,1,1,0,0,2111.0,0
CAACTAGAGGATTCGG-JHA710A3,JHA710A3,A3,2.645394722680276,2,1,1,1,1,0,0,764.0,0
CAACTAGAGTATCTCG-JHA710A3,JHA710A3,A3,3.299890143122808,1,1,1,0,0,0,0,1532.0,0
CAACTAGAGTCAATAG-JHA710A3,JHA710A3,A3,7.0132393894862775,3,1,1,1,1,1,0,1288.0,0
CAACTAGCAATGGAAT-JHA710A3,JHA710A3,A3,3.419105977488495,2,1,1,1,1,0,0,677.0,0
CAACTAGGTAAGTGTA-JHA710A3,JHA710A3,A3,0.0,2,0,0,0,0,0,0,1439.0,0
CAACTAGGTTCCGTCT-JHA710A3,JHA710A3,A3,0.0,1,0,0,0,0,0,0,3183.0,0
CAACTAGTCACTCTTA-JHA710A3,JHA710A3,A3,2.6417543784484607,0,1,0,0,0,0,0,767.0,0
CAACTAGTCGGCGGTT-JHA710A3,JHA710A3,A3,0.0,2,0,0,0,0,0,0,955.0,0
CAAGAAACAGATCTGT-JHA710A3,JHA710A3,A3,2.148270382555784,1,1,1,0,0,0,0,1321.0,0
CAAGAAACAGGTGCCT-JHA710A3,JHA710A3,A3,0.0,1,0,0,0,0,0,0,2328.0,0
CAAGAAAGTAGGAGTC-JHA710A3,JHA710A3,A3,3.2986336659757227,2,1,1,1,1,0,0,767.0,0
CAAGAAAGTATAGTAG-JHA710A3,JHA710A3,A3,8.307719296683615,3,1,1,1,1,1,1,1480.0,0
CAAGAAAGTCAGCTAT-JHA710A3,JHA710A3,A3,2.41072065929993,2,1,1,1,1,0,0,986.0,0
CAAGAAATCACTCTTA-JHA710A3,JHA710A3,A3,3.0182397159242282,1,1,1,0,0,0,0,2056.0,0
CAAGAAATCCTCAACC-JHA710A3,JHA710A3,A3,4.275787716781833,2,1,1,1,1,0,0,4793.0,0
CAAGAAATCCTTAATC-JHA710A3,JHA710A3,A3,0.0,4,0,0,0,0,0,0,2126.0,0
CAAGATCAGGCCCGTT-JHA710A3,JHA710A3,A3,2.33405124906741,1,1,1,0,0,0,0,1073.0,0
CAAGATCAGTCTTGCA-JHA710A3,JHA710A3,A3,0.0,1,0,0,0,0,0,0,983.0,0
CAAGATCCACTGTTAG-JHA710A3,JHA710A3,A3,2.703860250838356,2,1,1,1,1,0,0,1435.0,0
CAAGATCCAGCGTTCG-JHA710A3,JHA710A3,A3,8.350265269593104,3,1,1,1,1,1,1,825.0,0
CAAGATCGTTAAGATG-JHA710A3,JHA710A3,A3,2.6915927290639097,0,1,0,0,0,0,0,727.0,0
CAAGATCTCTCAAACG-JHA710A3,JHA710A3,A3,2.0363024354591195,0,1,0,0,0,0,0,1501.0,0
CAAGGCCAGGGTGTTG-JHA710A3,JHA710A3,A3,2.152964976858545,2,1,1,1,1,0,0,2628.0,0
CAAGGCCAGTACTTGC-JHA710A3,JHA710A3,A3,0.0,2,0,0,0,0,0,0,829.0,0
CAAGGCCAGTTAACGA-JHA710A3,JHA710A3,A3,8.47079233376714,3,1,1,1,1,1,1,1054.0,0
CAAGGCCGTAGATTAG-JHA710A3,JHA710A3,A3,0.0,1,0,0,0,0,0,0,1078.0,1
CAAGGCCGTAGCTAAA-JHA710A3,JHA710A3,A3,0.0,2,0,0,0,0,0,0,1166.0,0
CAAGGCCGTCCAGTAT-JHA710A3,JHA710A3,A3,1.179659795206567,1,1,1,0,0,0,0,4438.0,0
CAAGGCCTCATTGCCC-JHA710A3,JHA710A3,A3,3.605484874249215,1,1,1,0,0,0,0,838.0,0
CAAGGCCTCTAGAGTC-JHA710A3,JHA710A3,A3,0.0,3,0,0,0,0,0,0,822.0,0
CAAGGCCTCTCTAGGA-JHA710A3,JHA710A3,A3,2.148939336176757,1,1,1,0,0,0,0,1320.0,0
CAAGTTGAGAAGAAGC-JHA710A3,JHA710A3,A3,3.716503402315791,0,1,0,0,0,0,0,997.0,0
CAAGTTGAGAGAACAG-JHA710A3,JHA710A3,A3,0.0,2,0,0,0,0,0,0,889.0,0
CAAGTTGAGGCTCAGA-JHA710A3,JHA710A3,A3,3.1875421616165553,2,1,1,1,1,0,0,1722.0,0
CAAGTTGAGGTGTTAA-JHA710A3,JHA710A3,A3,0.0,1,0,0,0,0,0,0,950.0,0
CAAGTTGAGTCGCCGT-JHA710A3,JHA710A3,A3,2.316563717633253,1,1,1,0,0,0,0,1094.0,0
CAAGTTGCAAGCTGTT-JHA710A3,JHA710A3,A3,2.7924989966088782,1,1,1,0,0,0,0,1958.0,0
CAAGTTGGTGCTGTAT-JHA710A3,JHA710A3,A3,7.695176335057378,3,1,1,1,1,1,1,610.0,0
CAAGTTGTCGTGGGAA-JHA710A3,JHA710A3,A3,2.468026314309484,0,1,0,0,0,0,0,926.0,0
CAAGTTGTCTGACCTC-JHA710A3,JHA710A3,A3,0.0,1,0,0,0,0,0,0,1275.0,0
CACAAACAGACCTAGG-JHA710A3,JHA710A3,A3,0.0,1,0,0,0,0,0,0,657.0,0
CACAAACAGACTACAA-JHA710A3,JHA710A3,A3,6.366538753562943,2,1,1,1,1,0,0,654.0,0
CACAAACAGAGCTTCT-JHA710A3,JHA710A3,A3,4.703109792058698,2,1,1,1,1,0,0,2013.0,0
CACAAACAGCTACCGC-JHA710A3,JHA710A3,A3,2.4759706917212125,1,1,1,0,0,0,0,918.0,0
CACAAACAGGCTAGCA-JHA710A3,JHA710A3,A3,2.54235776083478,1,1,1,0,0,0,0,854.0,0
CACAAACCAAGTTGTC-JHA710A3,JHA710A3,A3,7.343275317826244,2,1,1,1,1,0,0,1586.0,0
CACAAACCATTGGCGC-JHA710A3,JHA710A3,A3,2.4369772841275004,1,1,1,0,0,0,0,958.0,0
CACAAACGTGGCAAAC-JHA710A3,JHA710A3,A3,0.0,3,0,0,0,0,0,0,1518.0,0
CACAAACTCATGCAAC-JHA710A3,JHA710A3,A3,3.034106170068578,1,1,1,0,0,0,0,2022.0,0
CACACAAAGGCAATTA-JHA710A3,JHA710A3,A3,0.0,1,0,0,0,0,0,0,621.0,0
CACACAAAGTGTACTC-JHA710A3,JHA710A3,A3,8.231487740828813,3,1,1,1,1,1,1,1363.0,0
CACACAACAAAGTCAA-JHA710A3,JHA710A3,A3,2.5359092042403732,1,1,1,0,0,0,0,1720.0,0
CACACAACAATGTTGC-JHA710A3,JHA710A3,A3,1.7980369537471939,2,1,1,1,1,0,0,3970.0,1
CACACAACACGAGGTA-JHA710A3,JHA710A3,A3,2.73901772124583,1,1,1,0,0,0,0,691.0,0
CACACAACATGCAACT-JHA710A3,JHA710A3,A3,2.403367741764032,2,1,1,1,1,0,0,994.0,0
CACACAACATGGGACA-JHA710A3,JHA710A3,A3,2.7430880578430834,3,1,1,1,1,1,0,688.0,0
CACACAAGTTATGTGC-JHA710A3,JHA710A3,A3,0.0,2,0,0,0,0,0,0,1368.0,0
CACACAAGTTCCCTTG-JHA710A3,JHA710A3,A3,0.0,2,0,0,0,0,0,0,1340.0,0
CACACAAGTTCGTCTC-JHA710A3,JHA710A3,A3,2.7577148734165746,2,1,1,1,1,0,0,2032.0,0
CACACAATCATGCATG-JHA710A3,JHA710A3,A3,0.0,1,0,0,0,0,0,0,2117.0,0
CACACCTAGAAGAAGC-JHA710A3,JHA710A3,A3,2.9568397740099335,2,1,1,1,1,0,0,1645.0,0
CACACCTAGCCGGTAA-JHA710A3,JHA710A3,A3,3.22504035989753,3,1,1,1,1,1,0,1242.0,0
CACACCTAGTCCATAC-JHA710A3,JHA710A3,A3,1.722356004428006,2,1,1,1,1,0,0,2175.0,0
CACACCTGTAAAGTCA-JHA710A3,JHA710A3,A3,1.7291867681666375,3,1,1,1,1,1,0,2157.0,0
CACACCTGTAACGACG-JHA710A3,JHA710A3,A3,2.305108981119461,2,1,1,1,1,0,0,1108.0,0
CACACCTGTAGGACAC-JHA710A3,JHA710A3,A3,2.6345192343067705,4,1,1,1,1,1,0,3865.0,1
CACACCTGTCTCCCTA-JHA710A3,JHA710A3,A3,2.1426070117385376,2,1,1,1,1,0,0,2659.0,0
CACACCTGTCTTCAAG-JHA710A3,JHA710A3,A3,6.279223055487384,2,1,1,1,1,0,0,695.0,0
CACACCTGTTGACGTT-JHA710A3,JHA710A3,A3,3.1334877180268412,2,1,1,1,1,0,0,911.0,0
CACACCTTCTAACTGG-JHA710A3,JHA710A3,A3,2.0134743561002892,2,1,1,1,1,0,0,1541.0,0
CACACTCAGATGTGGC-JHA710A3,JHA710A3,A3,2.726251382553134,2,1,1,1,1,0,0,1401.0,1
CACACTCAGTTCGCAT-JHA710A3,JHA710A3,A3,2.3140956202253333,1,1,1,0,0,0,0,1097.0,0
CACACTCCAGTAAGCG-JHA710A3,JHA710A3,A3,3.2296909167649295,1,1,1,0,0,0,0,1236.0,0
CACACTCCAGTACACT-JHA710A3,JHA710A3,A3,0.0,1,0,0,0,0,0,0,670.0,0
CACACTCTCAACGGCC-JHA710A3,JHA710A3,A3,0.0,2,0,0,0,0,0,0,1069.0,0
CACACTCTCCCTTGCA-JHA710A3,JHA710A3,A3,0.0,1,0,0,0,0,0,0,1871.0,0
CACACTCTCGAGCCCA-JHA710A3,JHA710A3,A3,0.0,2,0,0,0,0,0,0,652.0,0
CACACTCTCGCGCCAA-JHA710A3,JHA710A3,A3,0.0,1,0,0,0,0,0,0,808.0,1
CACACTCTCTGCGTAA-JHA710A3,JHA710A3,A3,0.0,1,0,0,0,0,0,0,773.0,0
CACAGGCCAAGCCATT-JHA710A3,JHA710A3,A3,2.419070801644534,2,1,1,1,1,0,0,977.0,0
CACAGGCCAGCATACT-JHA710A3,JHA710A3,A3,2.174787176819306,2,1,1,1,1,0,0,1282.0,0
CACAGGCCATAAAGGT-JHA710A3,JHA710A3,A3,0.0,2,0,0,0,0,0,0,1341.0,0
CACAGGCCATCATCCC-JHA710A3,JHA710A3,A3,0.0,0,0,0,0,0,0,0,705.0,0
CACAGGCCATCCGTGG-JHA710A3,JHA710A3,A3,3.419105977488495,3,1,1,1,1,1,0,677.0,0
CACAGGCGTAAACACA-JHA710A3,JHA710A3,A3,1.9056978576898296,2,1,1,1,1,0,0,1747.0,0
CACAGGCGTATTACCG-JHA710A3,JHA710A3,A3,2.9201387180356875,1,1,1,0,0,0,0,1140.0,1
CACAGGCGTCTGGTCG-JHA710A3,JHA710A3,A3,2.6650719917609047,3,1,1,1,1,1,0,1496.0,0
CACAGGCTCAATCTCT-JHA710A3,JHA710A3,A3,0.0,2,0,0,0,0,0,0,626.0,0
CACAGGCTCTTTCCTC-JHA710A3,JHA710A3,A3,0.0,0,0,0,0,0,0,0,816.0,0
CACAGTAAGACCCACC-JHA710A3,JHA710A3,A3,3.22504035989753,2,1,1,1,1,0,0,828.0,0
CACAGTAAGAGGTTAT-JHA710A3,JHA710A3,A3,4.822210644217452,2,1,1,1,1,0,0,3408.0,0
CACAGTAGTCATCCCT-JHA710A3,JHA710A3,A3,0.0,1,0,0,0,0,0,0,949.0,0
CACAGTAGTGACTCAT-JHA710A3,JHA710A3,A3,6.918867725015483,2,1,1,1,1,0,0,1376.0,0
CACAGTATCTTCTGGC-JHA710A3,JHA710A3,A3,2.452358600047408,1,1,1,0,0,0,0,942.0,0
CACATAGCAAATCCGT-JHA710A3,JHA710A3,A3,2.5798472121421736,1,1,1,0,0,0,0,1640.0,0
CACATAGCACACTGCG-JHA710A3,JHA710A3,A3,1.5784906900691396,2,1,1,1,1,0,0,2599.0,0
CACATAGCACAGCCCA-JHA710A3,JHA710A3,A3,0.0,0,0,0,0,0,0,0,802.0,0
CACATAGCACGGCGTT-JHA710A3,JHA710A3,A3,8.025147545389887,2,1,1,1,1,0,1,877.0,0
CACATAGGTAAAGGAG-JHA710A3,JHA710A3,A3,0.0,2,0,0,0,0,0,0,1069.0,0
CACATAGGTGCCTGCA-JHA710A3,JHA710A3,A3,0.0,2,0,0,0,0,0,0,1225.0,0
CACATAGGTTGCGCAC-JHA710A3,JHA710A3,A3,2.8407748167567926,0,1,0,0,0,0,0,620.0,0
CACATAGTCCTAGTGA-JHA710A3,JHA710A3,A3,0.0,2,0,0,0,0,0,0,693.0,0
CACATAGTCGCCAAAT-JHA710A3,JHA710A3,A3,8.068311803555172,2,1,1,1,1,0,1,818.0,0
CACATAGTCTCATTCA-JHA710A3,JHA710A3,A3,1.9503805829102547,2,1,1,1,1,0,0,1658.0,0
CACATAGTCTTGAGAC-JHA710A3,JHA710A3,A3,0.0,1,0,0,0,0,0,0,846.0,0
CACATTTAGTAGATGT-JHA710A3,JHA710A3,A3,0.0,1,0,0,0,0,0,0,1936.0,0
CACATTTAGTAGCCGA-JHA710A3,JHA710A3,A3,6.034683666227958,1,1,1,0,0,0,0,648.0,0
CACATTTAGTCCTCCT-JHA710A3,JHA710A3,A3,2.552122795903801,1,1,1,0,0,0,0,845.0,0
CACATTTCAAGCCGCT-JHA710A3,JHA710A3,A3,2.671313613948783,1,1,1,0,0,0,0,743.0,0
CACATTTCACCAGCAC-JHA710A3,JHA710A3,A3,2.2254489746005013,2,1,1,1,1,0,0,1211.0,0
CACATTTCACCCATTC-JHA710A3,JHA710A3,A3,5.885538027678838,2,1,1,1,1,0,0,864.0,0
CACATTTCACCTGGTG-JHA710A3,JHA710A3,A3,0.0,2,0,0,0,0,0,0,1042.0,0
CACATTTCAGATGGCA-JHA710A3,JHA710A3,A3,1.6527254172162242,3,1,1,1,1,1,0,2369.0,1
CACATTTCATCGATTG-JHA710A3,JHA710A3,A3,0.0,1,0,0,0,0,0,0,1443.0,0
CACATTTGTGCTGTAT-JHA710A3,JHA710A3,A3,0.0,3,0,0,0,0,0,0,1005.0,0
CACATTTGTTGGTGGA-JHA710A3,JHA710A3,A3,0.0,2,0,0,0,0,0,0,716.0,0
CACATTTTCAGCTTAG-JHA710A3,JHA710A3,A3,7.83455029881034,3,1,1,1,1,1,1,689.0,0
CACATTTTCCTATTCA-JHA710A3,JHA710A3,A3,0.0,0,0,0,0,0,0,0,676.0,0
CACATTTTCTGCCAGG-JHA710A3,JHA710A3,A3,8.140949184574525,3,1,1,1,1,1,1,988.0,0
CACCACTAGTACTTGC-JHA710A3,JHA710A3,A3,0.0,1,0,0,0,0,0,0,641.0,0
CACCACTCAACACGCC-JHA710A3,JHA710A3,A3,8.175522987867422,3,1,1,1,1,1,1,732.0,0
CACCACTCAGATGAGC-JHA710A3,JHA710A3,A3,0.0,2,0,0,0,0,0,0,622.0,0
CACCACTCATCACAAC-JHA710A3,JHA710A3,A3,3.014546420368209,1,1,1,0,0,0,0,1032.0,0
CACCACTCATCACCCT-JHA710A3,JHA710A3,A3,2.292211184900219,2,1,1,1,1,0,0,2248.0,0
CACCACTGTCGGGTCT-JHA710A3,JHA710A3,A3,0.0,3,0,0,0,0,0,0,832.0,1
CACCACTGTGCACTTA-JHA710A3,JHA710A3,A3,0.0,1,0,0,0,0,0,0,765.0,0
CACCACTGTTTAGCTG-JHA710A3,JHA710A3,A3,2.6826625241222586,2,1,1,1,1,0,0,1468.0,0
CACCACTTCGACGGAA-JHA710A3,JHA710A3,A3,1.1851503914432961,2,1,1,1,1,0,0,4403.0,0
CACCACTTCGTACCGG-JHA710A3,JHA710A3,A3,0.0,2,0,0,0,0,0,0,2531.0,0
CACCACTTCTGTCTCG-JHA710A3,JHA710A3,A3,0.0,2,0,0,0,0,0,0,606.0,0
CACCAGGAGAAGATTC-JHA710A3,JHA710A3,A3,2.232848516931756,0,1,0,0,0,0,0,1201.0,1
CACCAGGAGACAATAC-JHA710A3,JHA710A3,A3,8.576601033312317,2,1,1,1,1,0,1,1885.0,0
CACCAGGAGCTTATCG-JHA710A3,JHA710A3,A3,1.2656794270964715,4,1,1,1,1,1,0,7857.0,1
CACCAGGCATCTATGG-JHA710A3,JHA710A3,A3,2.0791790859677306,2,1,1,1,1,0,0,1429.0,0
CACCAGGGTTTGACTG-JHA710A3,JHA710A3,A3,0.0,2,0,0,0,0,0,0,1102.0,0
CACCAGGTCACTTACT-JHA710A3,JHA710A3,A3,0.0,2,0,0,0,0,0,0,617.0,0
CACCAGGTCCCAAGTA-JHA710A3,JHA710A3,A3,0.0,1,0,0,0,0,0,0,714.0,0
CACCTTGAGAGCTATA-JHA710A3,JHA710A3,A3,2.1496088559151056,2,1,1,1,1,0,0,3957.0,0
CACCTTGAGCGATATA-JHA710A3,JHA710A3,A3,5.472637052870926,2,1,1,1,1,0,0,1181.0,0
CACCTTGAGGTGGGTT-JHA710A3,JHA710A3,A3,0.0,2,0,0,0,0,0,0,1185.0,0
CACCTTGCATAAGACA-JHA710A3,JHA710A3,A3,0.0,0,0,0,0,0,0,0,950.0,0
CACCTTGGTAATCACC-JHA710A3,JHA710A3,A3,2.8302066707397744,2,1,1,1,1,0,0,627.0,0
CACCTTGTCCGCATCT-JHA710A3,JHA710A3,A3,2.292211184900219,1,1,1,0,0,0,0,1124.0,1
CACTCCACAGGCAGTA-JHA710A3,JHA710A3,A3,0.0,1,0,0,0,0,0,0,663.0,1
CACTCCACAGGTCGTC-JHA710A3,JHA710A3,A3,0.0,1,0,0,0,0,0,0,838.0,0
CACTCCACATGCCTTC-JHA710A3,JHA710A3,A3,1.8404570996120742,1,1,1,0,0,0,0,1887.0,0
CACTCCAGTAGCCTCG-JHA710A3,JHA710A3,A3,3.2308572233306236,2,1,1,1,1,0,0,823.0,0
CACTCCAGTCAGCTAT-JHA710A3,JHA710A3,A3,0.0,2,0,0,0,0,0,0,3230.0,1
CACTCCAGTGCCTGTG-JHA710A3,JHA710A3,A3,2.2313631625840444,1,1,1,0,0,0,0,1203.0,0
CACTCCATCCAGAAGG-JHA710A3,JHA710A3,A3,0.0,2,0,0,0,0,0,0,1574.0,0
CACTCCATCCATGCTC-JHA710A3,JHA710A3,A3,2.802140009950101,1,1,1,0,0,0,0,646.0,0
CACTCCATCGCCCTTA-JHA710A3,JHA710A3,A3,2.1873305036910207,2,1,1,1,1,0,0,1264.0,0
CACTCCATCGTCACGG-JHA710A3,JHA710A3,A3,2.862295171627761,2,1,1,1,1,0,0,606.0,0
CAGAATCAGGCCATAG-JHA710A3,JHA710A3,A3,6.419650621855811,2,1,1,1,1,0,0,1126.0,0
CAGAATCAGTGTTGAA-JHA710A3,JHA710A3,A3,0.0,0,0,0,0,0,0,0,920.0,0
CAGAATCCAAGGGTCA-JHA710A3,JHA710A3,A3,2.7229224631737106,2,1,1,1,1,0,0,1406.0,0
CAGAATCTCACTATTC-JHA710A3,JHA710A3,A3,2.4870176138136064,0,1,0,0,0,0,0,907.0,0
CAGAATCTCATCGCTC-JHA710A3,JHA710A3,A3,1.739559743234625,2,1,1,1,1,0,0,2130.0,0
CAGAGAGAGAAACGCC-JHA710A3,JHA710A3,A3,2.1717967603406776,3,1,1,1,1,1,0,3859.0,0
CAGAGAGCAACACCTA-JHA710A3,JHA710A3,A3,0.0,2,0,0,0,0,0,0,2188.0,0
CAGAGAGCAGATCTGT-JHA710A3,JHA710A3,A3,2.5359092042403732,0,1,0,0,0,0,0,860.0,0
CAGAGAGCATTTGCCC-JHA710A3,JHA710A3,A3,2.8530084327453045,2,1,1,1,1,0,0,612.0,0
CAGAGAGGTCCAGTAT-JHA710A3,JHA710A3,A3,0.0,2,0,0,0,0,0,0,995.0,0
CAGAGAGGTGAGTGAC-JHA710A3,JHA710A3,A3,2.3861601679162607,2,1,1,1,1,0,0,2026.0,0
CAGAGAGTCCGTCAAA-JHA710A3,JHA710A3,A3,3.1127273153302792,2,1,1,1,1,0,0,931.0,0
CAGAGAGTCCTATTCA-JHA710A3,JHA710A3,A3,8.147464342630467,3,1,1,1,1,1,1,1552.0,0
CAGATCAAGCTGCCCA-JHA710A3,JHA710A3,A3,0.0,1,0,0,0,0,0,0,623.0,0
CAGATCAAGGCAAAGA-JHA710A3,JHA710A3,A3,3.2043980026930443,2,1,1,1,1,0,0,846.0,1
CAGATCACAGCTCGCA-JHA710A3,JHA710A3,A3,7.146044071611448,2,1,1,1,1,0,0,899.0,0
CAGATCACATGCATGT-JHA710A3,JHA710A3,A3,0.0,2,0,0,0,0,0,0,1514.0,0
CAGATCAGTGTGACGA-JHA710A3,JHA710A3,A3,0.0,1,0,0,0,0,0,0,663.0,0
CAGATCATCGAATGGG-JHA710A3,JHA710A3,A3,0.0,1,0,0,0,0,0,0,766.0,0
CAGCAGCCAAAGCGGT-JHA710A3,JHA710A3,A3,1.9639536642492483,2,1,1,1,1,0,0,1632.0,0
CAGCAGCCAATCTACG-JHA710A3,JHA710A3,A3,2.2724578089188157,1,1,1,0,0,0,0,1149.0,0
CAGCAGCCATGAGCGA-JHA710A3,JHA710A3,A3,2.708423614101321,2,1,1,1,1,0,0,1428.0,0
CAGCAGCGTAAATGTG-JHA710A3,JHA710A3,A3,2.607331788293512,2,1,1,1,1,0,0,796.0,0
CAGCAGCGTAGCCTCG-JHA710A3,JHA710A3,A3,2.3206937820202556,1,1,1,0,0,0,0,1089.0,0
CAGCAGCTCCAAGTAC-JHA710A3,JHA710A3,A3,1.9777755902438465,2,1,1,1,1,0,0,1606.0,0
CAGCAGCTCTACTATC-JHA710A3,JHA710A3,A3,2.543437270954336,2,1,1,1,1,0,0,853.0,0
CAGCATAAGACAAAGG-JHA710A3,JHA710A3,A3,2.374588373418914,1,1,1,0,0,0,0,1026.0,0
CAGCATAGTACTCAAC-JHA710A3,JHA710A3,A3,0.0,0,0,0,0,0,0,0,1670.0,0
CAGCATAGTACTCTCC-JHA710A3,JHA710A3,A3,0.0,2,0,0,0,0,0,0,784.0,0
CAGCATAGTCAACATC-JHA710A3,JHA710A3,A3,0.0,2,0,0,0,0,0,0,681.0,0
CAGCATAGTCATCGGC-JHA710A3,JHA710A3,A3,2.663829022455844,1,1,1,0,0,0,0,749.0,0
CAGCATAGTTTGTTGG-JHA710A3,JHA710A3,A3,0.0,1,0,0,0,0,0,0,1041.0,0
CAGCCGAAGACTAGAT-JHA710A3,JHA710A3,A3,2.5906218218568746,1,1,1,0,0,0,0,1621.0,0
CAGCCGAAGAGTGACC-JHA710A3,JHA710A3,A3,1.9450534956619772,3,1,1,1,1,1,0,5005.0,0
CAGCCGAAGCTACCTA-JHA710A3,JHA710A3,A3,8.495196950326775,1,1,1,0,0,0,1,1002.0,0
CAGCCGAAGCTGCGAA-JHA710A3,JHA710A3,A3,2.7658178995203304,1,1,1,0,0,0,0,1343.0,0
CAGCCGAAGGTGACCA-JHA710A3,JHA710A3,A3,0.0,1,0,0,0,0,0,0,683.0,0
CAGCCGAAGTTACCCA-JHA710A3,JHA710A3,A3,0.0,2,0,0,0,0,0,0,1627.0,0
CAGCCGACAAAGAATC-JHA710A3,JHA710A3,A3,0.0,2,0,0,0,0,0,0,2905.0,0
CAGCCGACAACTGCTA-JHA710A3,JHA710A3,A3,1.8770245643148813,1,1,1,0,0,0,0,1807.0,0
CAGCCGACAAGTTCTG-JHA710A3,JHA710A3,A3,0.0,2,0,0,0,0,0,0,2219.0,1
CAGCCGACAGAGCCAA-JHA710A3,JHA710A3,A3,0.0,2,0,0,0,0,0,0,1637.0,0
CAGCCGACAGCCAATT-JHA710A3,JHA710A3,A3,0.0,2,0,0,0,0,0,0,766.0,0
CAGCCGAGTAGCTGCC-JHA710A3,JHA710A3,A3,0.0,1,0,0,0,0,0,0,672.0,0
CAGCCGAGTTATTCTC-JHA710A3,JHA710A3,A3,3.9821380540562843,3,1,1,1,1,1,0,760.0,0
CAGCCGATCCATGAGT-JHA710A3,JHA710A3,A3,3.2990523028583034,2,1,1,1,1,0,0,1150.0,1
CAGCCGATCCATGCTC-JHA710A3,JHA710A3,A3,2.0017568072427903,2,1,1,1,1,0,0,1562.0,0
CAGCGACAGACCACGA-JHA710A3,JHA710A3,A3,0.0,1,0,0,0,0,0,0,756.0,0
CAGCGACAGGTGATTA-JHA710A3,JHA710A3,A3,2.0134743561002892,2,1,1,1,1,0,0,1541.0,0
CAGCGACAGTCATCCA-JHA710A3,JHA710A3,A3,7.948451930452082,2,1,1,1,1,0,1,954.0,0
CAGCGACCACAGGCCT-JHA710A3,JHA710A3,A3,2.9568397740099335,2,1,1,1,1,0,0,1645.0,0
CAGCGACCACGTCTCT-JHA710A3,JHA710A3,A3,2.450420473716831,0,1,0,0,0,0,0,944.0,0
CAGCGACCACTTAACG-JHA710A3,JHA710A3,A3,0.0,2,0,0,0,0,0,0,688.0,0
CAGCGACGTGGTTTCA-JHA710A3,JHA710A3,A3,2.2043674648485996,2,1,1,1,1,0,0,1240.0,0
CAGCGACGTTACGCGC-JHA710A3,JHA710A3,A3,2.856093274440672,2,1,1,1,1,0,0,1220.0,0
CAGCGACGTTATCCGA-JHA710A3,JHA710A3,A3,2.6096622419314524,1,1,1,0,0,0,0,794.0,0
CAGCGACTCACGACTA-JHA710A3,JHA710A3,A3,6.810344600431039,2,1,1,1,1,0,0,938.0,0
CAGCGACTCTGGCGAC-JHA710A3,JHA710A3,A3,2.7189443734600847,2,1,1,1,1,0,0,706.0,0
CAGCGACTCTTGAGGT-JHA710A3,JHA710A3,A3,1.96712095815354,1,1,1,0,0,0,0,3252.0,0
CAGCTAAAGAAGGCCT-JHA710A3,JHA710A3,A3,2.0248034437787608,2,1,1,1,1,0,0,1521.0,0
CAGCTAAAGCAGGTCA-JHA710A3,JHA710A3,A3,2.8615175713283003,2,1,1,1,1,0,0,1213.0,0
CAGCTAAAGCGCCTCA-JHA710A3,JHA710A3,A3,2.274020565260253,3,1,1,1,1,1,0,1147.0,0
CAGCTAAAGGGCTCTC-JHA710A3,JHA710A3,A3,8.10493794459624,3,1,1,1,1,1,1,849.0,0
CAGCTAAAGTCTCAAC-JHA710A3,JHA710A3,A3,3.0781520941560343,2,1,1,1,1,0,0,1448.0,0
CAGCTAAGTCCGAATT-JHA710A3,JHA710A3,A3,3.3524807442013334,2,1,1,1,1,0,0,1088.0,0
CAGCTAATCATTCACT-JHA710A3,JHA710A3,A3,3.9604331255814555,2,1,1,1,1,0,0,777.0,0
CAGCTAATCGGATGGA-JHA710A3,JHA710A3,A3,0.0,2,0,0,0,0,0,0,647.0,0
CAGCTAATCTACCTGC-JHA710A3,JHA710A3,A3,2.818280728741646,1,1,1,0,0,0,0,635.0,0
CAGCTGGAGACTGTAA-JHA710A3,JHA710A3,A3,8.281151848281404,3,1,1,1,1,1,1,1416.0,0
CAGCTGGAGGTGACCA-JHA710A3,JHA710A3,A3,0.0,1,0,0,0,0,0,0,1631.0,0
CAGCTGGAGTGTCTCA-JHA710A3,JHA710A3,A3,0.0,1,0,0,0,0,0,0,636.0,0
CAGCTGGCAAGCCCAC-JHA710A3,JHA710A3,A3,1.1546675140207199,2,1,1,1,1,0,0,4602.0,0
CAGCTGGGTCGAATCT-JHA710A3,JHA710A3,A3,0.0,3,0,0,0,0,0,0,812.0,0
CAGCTGGTCTATCCCG-JHA710A3,JHA710A3,A3,1.9956901747898,2,1,1,1,1,0,0,1573.0,0
CAGGTGCCAGTCAGCC-JHA710A3,JHA710A3,A3,2.3248447239832775,2,1,1,1,1,0,0,1084.0,0
CAGGTGCGTAGGGACT-JHA710A3,JHA710A3,A3,3.4735180432417816,2,1,1,1,1,0,0,640.0,0
CAGGTGCGTTTCGCTC-JHA710A3,JHA710A3,A3,2.9335160833731875,2,1,1,1,1,0,0,1686.0,0
CAGGTGCTCGGAAATA-JHA710A3,JHA710A3,A3,0.0,1,0,0,0,0,0,0,2378.0,0
CAGGTGCTCGTTGACA-JHA710A3,JHA710A3,A3,1.946253084586795,1,1,1,0,0,0,0,1666.0,1
CAGGTGCTCTTCTGGC-JHA710A3,JHA710A3,A3,0.0,1,0,0,0,0,0,0,1595.0,0
CAGTAACAGAGGGCTT-JHA710A3,JHA710A3,A3,0.0,1,0,0,0,0,0,0,1057.0,0
CAGTAACAGTGCGTGA-JHA710A3,JHA710A3,A3,2.375472808742538,1,1,1,0,0,0,0,1025.0,0
CAGTAACCAAGCGCTC-JHA710A3,JHA710A3,A3,2.20365030225719,2,1,1,1,1,0,0,1241.0,0
CAGTAACGTCTGATCA-JHA710A3,JHA710A3,A3,2.3215222940137967,1,1,1,0,0,0,0,1088.0,0
CAGTAACGTTATGTGC-JHA710A3,JHA710A3,A3,8.035042401583915,3,1,1,1,1,1,1,823.0,0
CAGTCCTCAAGTTGTC-JHA710A3,JHA710A3,A3,2.7149842618687474,1,1,1,0,0,0,0,709.0,0
CAGTCCTGTCGATTGT-JHA710A3,JHA710A3,A3,4.642810558604505,3,1,1,1,1,1,0,3209.0,0
CAGTCCTGTCTTCTCG-JHA710A3,JHA710A3,A3,0.0,1,0,0,0,0,0,0,1353.0,0
CAGTCCTGTTACTGAC-JHA710A3,JHA710A3,A3,0.0,0,0,0,0,0,0,0,1105.0,0
CATATGGCACAAGCCC-JHA710A3,JHA710A3,A3,0.0,2,0,0,0,0,0,0,802.0,0
CATATGGCACGGTGTC-JHA710A3,JHA710A3,A3,2.576472577618077,2,1,1,1,1,0,0,823.0,0
CATATGGGTAAACACA-JHA710A3,JHA710A3,A3,8.249908139060317,3,1,1,1,1,1,1,1393.0,0
CATATGGGTAGCGTAG-JHA710A3,JHA710A3,A3,2.7458121247918315,2,1,1,1,1,0,0,686.0,0
CATATGGGTCAATACC-JHA710A3,JHA710A3,A3,3.455522884072887,0,1,0,0,0,0,0,652.0,0
CATATGGGTGCAGACA-JHA710A3,JHA710A3,A3,0.0,2,0,0,0,0,0,0,1174.0,0
CATATGGGTTAAGAAC-JHA710A3,JHA710A3,A3,2.1824290630526244,1,1,1,0,0,0,0,1271.0,0
CATATGGGTTAAGGGC-JHA710A3,JHA710A3,A3,2.623778615466303,2,1,1,1,1,0,0,782.0,0
CATATGGTCAGCTCGG-JHA710A3,JHA710A3,A3,2.763727137269237,0,1,0,0,0,0,0,673.0,0
CATATGGTCATTATCC-JHA710A3,JHA710A3,A3,5.934588387252681,2,1,1,1,1,0,0,796.0,0
CATATGGTCTCGTATT-JHA710A3,JHA710A3,A3,6.502579475268393,2,1,1,1,1,0,0,826.0,0
CATATTCAGAAGCCCA-JHA710A3,JHA710A3,A3,3.1504414566071604,1,1,1,0,0,0,0,895.0,0
CATATTCAGACAGGCT-JHA710A3,JHA710A3,A3,2.214475679005988,2,1,1,1,1,0,0,1226.0,0
CATATTCAGCTACCTA-JHA710A3,JHA710A3,A3,0.0,2,0,0,0,0,0,0,667.0,0
CATATTCAGGATATAC-JHA710A3,JHA710A3,A3,2.211574599366026,2,1,1,1,1,0,0,1230.0,0
CATATTCCACGAGAGT-JHA710A3,JHA710A3,A3,0.0,1,0,0,0,0,0,0,691.0,0
CATATTCCATACGCTA-JHA710A3,JHA710A3,A3,2.504378753200821,1,1,1,0,0,0,0,1780.0,0
CATATTCGTTGAGGTG-JHA710A3,JHA710A3,A3,3.2146614610807247,0,1,0,0,0,0,0,837.0,0
CATCAAGAGTGTGAAT-JHA710A3,JHA710A3,A3,2.855321062300345,2,1,1,1,1,0,0,1221.0,0
CATCAAGAGTGTTAGA-JHA710A3,JHA710A3,A3,3.488781786679719,2,1,1,1,1,0,0,630.0,0
CATCAAGCAAGGTTTC-JHA710A3,JHA710A3,A3,2.390654111541811,2,1,1,1,1,0,0,1008.0,0
CATCAAGCAGGACCCT-JHA710A3,JHA710A3,A3,2.926802499521078,2,1,1,1,1,0,0,1132.0,0
CATCAAGCAGTGGGAT-JHA710A3,JHA710A3,A3,1.559231048636676,1,1,1,0,0,0,0,2663.0,0
CATCAGAAGATCGATA-JHA710A3,JHA710A3,A3,2.316563717633253,1,1,1,0,0,0,0,1094.0,0
CATCAGAAGCTGTTCA-JHA710A3,JHA710A3,A3,2.5821043558286254,2,1,1,1,1,0,0,2454.0,0
CATCAGACATCACCCT-JHA710A3,JHA710A3,A3,2.4275051339655733,2,1,1,1,1,0,0,968.0,0
CATCAGATCATATCGG-JHA710A3,JHA710A3,A3,2.7444490363025476,2,1,1,1,1,0,0,687.0,0
CATCCACAGAGTAAGG-JHA710A3,JHA710A3,A3,1.2320829703676828,1,1,1,0,0,0,0,4118.0,0
CATCCACCAAACTGTC-JHA710A3,JHA710A3,A3,3.2948744020224283,2,1,1,1,1,0,0,1540.0,0
CATCCACCAGCCAGAA-JHA710A3,JHA710A3,A3,2.104063913520007,1,1,1,0,0,0,0,1389.0,0
CATCCACCATCTCGCT-JHA710A3,JHA710A3,A3,2.96088294434551,3,1,1,1,1,1,0,1092.0,0
CATCCACCATGTCGAT-JHA710A3,JHA710A3,A3,7.743330827259697,2,1,1,1,1,0,1,603.0,0
CATCCACGTGACGGTA-JHA710A3,JHA710A3,A3,2.932253460237543,2,1,1,1,1,0,0,2251.0,1
CATCGAACACAGCCCA-JHA710A3,JHA710A3,A3,0.0,0,0,0,0,0,0,0,668.0,1
CATCGAACATGCTGGC-JHA710A3,JHA710A3,A3,2.717622346261697,2,1,1,1,1,0,0,707.0,0
CATCGAAGTACAGCAG-JHA710A3,JHA710A3,A3,2.5483120158891457,1,1,1,0,0,0,0,1697.0,0
CATCGGGAGAAACCAT-JHA710A3,JHA710A3,A3,6.591568963399856,2,1,1,1,1,0,0,838.0,0
CATCGGGAGCAGCGTA-JHA710A3,JHA710A3,A3,5.5994834472829265,3,1,1,1,1,1,0,1374.0,0
CATCGGGAGGCAGGTT-JHA710A3,JHA710A3,A3,3.213515421490046,1,1,1,0,0,0,0,1676.0,0
CATCGGGAGGCTAGGT-JHA710A3,JHA710A3,A3,8.279775165909816,2,1,1,1,1,0,1,832.0,1
CATCGGGCAGTCACTA-JHA710A3,JHA710A3,A3,7.266320330654541,2,1,1,1,1,0,0,839.0,0
CATCGGGGTGTGGCTC-JHA710A3,JHA710A3,A3,5.930836600817936,2,1,1,1,1,0,0,799.0,0
CATGACAAGTAGATGT-JHA710A3,JHA710A3,A3,3.1220112923471124,2,1,1,1,1,0,0,922.0,0
CATGACACAGACAGGT-JHA710A3,JHA710A3,A3,0.0,2,0,0,0,0,0,0,839.0,0
CATGACACAGGCAGTA-JHA710A3,JHA710A3,A3,0.0,2,0,0,0,0,0,0,915.0,0
CATGACACATGGGAAC-JHA710A3,JHA710A3,A3,2.6826625241222586,2,1,1,1,1,0,0,734.0,0
CATGACAGTAACGACG-JHA710A3,JHA710A3,A3,2.48298383639514,0,1,0,0,0,0,0,911.0,0
CATGACAGTAGCAAAT-JHA710A3,JHA710A3,A3,2.654562968762329,1,1,1,0,0,0,0,1513.0,1
CATGACAGTCTAGAGG-JHA710A3,JHA710A3,A3,3.0531345190840185,1,1,1,0,0,0,0,991.0,0
CATGACATCGCGTTTC-JHA710A3,JHA710A3,A3,2.909414498118091,1,1,1,0,0,0,0,1153.0,0
CATGACATCTAACTCT-JHA710A3,JHA710A3,A3,2.0140368446544157,2,1,1,1,1,0,0,1540.0,0
CATGCCTCAGGCTCAC-JHA710A3,JHA710A3,A3,4.856642319359034,1,1,1,0,0,0,0,627.0,0
CATGCCTCATCTATGG-JHA710A3,JHA710A3,A3,0.0,1,0,0,0,0,0,0,1982.0,0
CATGCCTTCCATGAGT-JHA710A3,JHA710A3,A3,0.0,2,0,0,0,0,0,0,2103.0,0
CATGCCTTCTTAGCCC-JHA710A3,JHA710A3,A3,2.619047483467966,1,1,1,0,0,0,0,786.0,0
CATGGCGCAATGGATA-JHA710A3,JHA710A3,A3,0.0,2,0,0,0,0,0,0,1054.0,0
CATGGCGCACCATCCT-JHA710A3,JHA710A3,A3,2.915173144017787,1,1,1,0,0,0,0,1146.0,0
CATGGCGCACTATCTT-JHA710A3,JHA710A3,A3,0.0,0,0,0,0,0,0,0,602.0,0
CATGGCGCAGCTATTG-JHA710A3,JHA710A3,A3,7.913705606295732,2,1,1,1,1,0,1,1167.0,0
CATGGCGGTCTCCCTA-JHA710A3,JHA710A3,A3,0.0,1,0,0,0,0,0,0,629.0,0
CATGGCGGTGAAGGCT-JHA710A3,JHA710A3,A3,2.5923354823577114,1,1,1,0,0,0,0,809.0,1
CATGGCGGTGATGCCC-JHA710A3,JHA710A3,A3,1.883143163941708,1,1,1,0,0,0,0,1794.0,0
CATGGCGGTTAGGGTG-JHA710A3,JHA710A3,A3,0.0,0,0,0,0,0,0,0,645.0,0
CATGGCGGTTGTCGCG-JHA710A3,JHA710A3,A3,3.003555994408114,2,1,1,1,1,0,0,1566.0,1
CATGGCGTCGAGAACG-JHA710A3,JHA710A3,A3,0.0,1,0,0,0,0,0,0,794.0,0
CATGGCGTCTTCCTTC-JHA710A3,JHA710A3,A3,2.523552177421202,3,1,1,1,1,1,0,6973.0,1
CATTATCCAGTATGCT-JHA710A3,JHA710A3,A3,0.0,1,0,0,0,0,0,0,3109.0,0
CATTATCGTAAGGGCT-JHA710A3,JHA710A3,A3,0.0,1,0,0,0,0,0,0,1346.0,0
CATTATCGTTCTGAAC-JHA710A3,JHA710A3,A3,0.0,2,0,0,0,0,0,0,1255.0,0
CATTATCTCAAACAAG-JHA710A3,JHA710A3,A3,0.0,1,0,0,0,0,0,0,602.0,0
CATTATCTCGTTTATC-JHA710A3,JHA710A3,A3,2.3843693677605557,1,1,1,0,0,0,0,2030.0,0
CATTCGCAGTAGGTGC-JHA710A3,JHA710A3,A3,0.0,1,0,0,0,0,0,0,646.0,0
CATTCGCCAAGGTTTC-JHA710A3,JHA710A3,A3,0.0,1,0,0,0,0,0,0,806.0,0
CATTCGCCAATGCCAT-JHA710A3,JHA710A3,A3,0.0,2,0,0,0,0,0,0,2064.0,0
CCAATCCAGATTACCC-JHA710A3,JHA710A3,A3,0.0,2,0,0,0,0,0,0,1178.0,0
CCAATCCAGGTGACCA-JHA710A3,JHA710A3,A3,2.1239093123187365,2,1,1,1,1,0,0,1358.0,0
CCAATCCCAAGCCATT-JHA710A3,JHA710A3,A3,5.468989972172137,1,1,1,0,0,0,0,635.0,0
CCAATCCCAATCGGTT-JHA710A3,JHA710A3,A3,2.1009095887198717,0,1,0,0,0,0,0,1394.0,1
CCAATCCCACATGACT-JHA710A3,JHA710A3,A3,2.4312811628121307,2,1,1,1,1,0,0,1928.0,0
CCAATCCCACTCTGTC-JHA710A3,JHA710A3,A3,1.8539561281053647,3,1,1,1,1,1,0,1857.0,0
CCAATCCCATCCTAGA-JHA710A3,JHA710A3,A3,0.0,1,0,0,0,0,0,0,1222.0,0
CCAATCCGTGCGAAAC-JHA710A3,JHA710A3,A3,0.0,1,0,0,0,0,0,0,750.0,0
CCAATCCTCACTTACT-JHA710A3,JHA710A3,A3,2.312454338748358,2,1,1,1,1,0,0,1099.0,0
CCAATCCTCCTTGACC-JHA710A3,JHA710A3,A3,2.292611174857804,2,1,1,1,1,0,0,2247.0,0
CCAATCCTCTGTGCAA-JHA710A3,JHA710A3,A3,0.0,1,0,0,0,0,0,0,1413.0,0
CCACCTAAGAGAGCTC-JHA710A3,JHA710A3,A3,0.0,2,0,0,0,0,0,0,677.0,0
CCACCTAAGGACAGAA-JHA710A3,JHA710A3,A3,0.0,2,0,0,0,0,0,0,1630.0,0
CCACCTAAGGCACATG-JHA710A3,JHA710A3,A3,2.506444801339132,2,1,1,1,1,0,0,888.0,0
CCACCTAAGGGCATGT-JHA710A3,JHA710A3,A3,2.148270382555784,2,1,1,1,1,0,0,2642.0,0
CCACCTACATTGTGCA-JHA710A3,JHA710A3,A3,1.9834299250769656,2,1,1,1,1,0,0,3191.0,0
CCACCTAGTCGAGATG-JHA710A3,JHA710A3,A3,6.456044529305283,2,1,1,1,1,0,0,771.0,0
CCACCTAGTCTAGAGG-JHA710A3,JHA710A3,A3,4.128241873006686,2,1,1,1,1,0,0,655.0,0
CCACGGACAATGGACG-JHA710A3,JHA710A3,A3,3.1251269935334336,2,1,1,1,1,0,0,919.0,0
CCACGGAGTAACGTTC-JHA710A3,JHA710A3,A3,0.0,2,0,0,0,0,0,0,1532.0,0
CCACGGAGTGACGGTA-JHA710A3,JHA710A3,A3,1.668607981167714,3,1,1,1,1,1,0,2323.0,1
CCACGGATCACCAGGC-JHA710A3,JHA710A3,A3,2.316563717633253,1,1,1,0,0,0,0,1094.0,0
CCACGGATCACCTTAT-JHA710A3,JHA710A3,A3,0.0,2,0,0,0,0,0,0,964.0,0
CCACGGATCACTTATC-JHA710A3,JHA710A3,A3,1.9750978204500318,1,1,1,0,0,0,0,1611.0,0
CCACGGATCAGAAATG-JHA710A3,JHA710A3,A3,4.863330639236108,4,1,1,1,1,1,0,2569.0,0
CCACGGATCCGAAGAG-JHA710A3,JHA710A3,A3,2.5911926629667694,2,1,1,1,1,0,0,810.0,0
CCACGGATCGCTTGTC-JHA710A3,JHA710A3,A3,2.875355945145735,1,1,1,0,0,0,0,1793.0,0
CCACGGATCGTTGACA-JHA710A3,JHA710A3,A3,2.2440766958238623,2,1,1,1,1,0,0,1186.0,0
CCACTACAGATGCCAG-JHA710A3,JHA710A3,A3,2.8576397087493746,3,1,1,1,1,1,0,1218.0,0
CCACTACAGCTAGTTC-JHA710A3,JHA710A3,A3,0.0,1,0,0,0,0,0,0,3806.0,0
CCACTACAGGCTACGA-JHA710A3,JHA710A3,A3,3.28988561019803,1,1,1,0,0,0,0,774.0,0
CCACTACCAAGCGAGT-JHA710A3,JHA710A3,A3,0.0,2,0,0,0,0,0,0,916.0,0
CCACTACGTTCTGTTT-JHA710A3,JHA710A3,A3,0.0,1,0,0,0,0,0,0,852.0,0
CCACTACTCATATCGG-JHA710A3,JHA710A3,A3,0.0,2,0,0,0,0,0,0,714.0,0
CCACTACTCCAAGCCG-JHA710A3,JHA710A3,A3,0.0,0,0,0,0,0,0,0,765.0,1
CCACTACTCCACGTTC-JHA710A3,JHA710A3,A3,1.547767221842776,2,1,1,1,1,0,0,2702.0,0
CCACTACTCGTTGACA-JHA710A3,JHA710A3,A3,2.1323831051780027,3,1,1,1,1,1,0,1345.0,0
CCACTACTCTAGCACA-JHA710A3,JHA710A3,A3,0.0,2,0,0,0,0,0,0,919.0,0
CCAGCGAAGAAGGTTT-JHA710A3,JHA710A3,A3,2.0145997473557884,1,1,1,0,0,0,0,1539.0,0
CCAGCGAGTCCAGTAT-JHA710A3,JHA710A3,A3,0.0,1,0,0,0,0,0,0,819.0,0
CCATGTCAGACGCAAC-JHA710A3,JHA710A3,A3,0.0,0,0,0,0,0,0,0,651.0,0
CCATGTCAGTGACTCT-JHA710A3,JHA710A3,A3,0.0,3,0,0,0,0,0,0,2877.0,1
CCATGTCCAAAGGCGT-JHA710A3,JHA710A3,A3,0.0,0,0,0,0,0,0,0,1012.0,0
CCATGTCCAGACAAAT-JHA710A3,JHA710A3,A3,0.0,2,0,0,0,0,0,0,1972.0,1
CCATGTCCAGGACGTA-JHA710A3,JHA710A3,A3,0.0,2,0,0,0,0,0,0,1441.0,0
CCATGTCCATGTCGAT-JHA710A3,JHA710A3,A3,0.0,2,0,0,0,0,0,0,984.0,0
CCATGTCGTCCAACTA-JHA710A3,JHA710A3,A3,2.7920196923347667,1,1,1,0,0,0,0,653.0,0
CCATGTCGTGAGTGAC-JHA710A3,JHA710A3,A3,2.356229966001738,2,1,1,1,1,0,0,1047.0,0
CCATGTCTCCACGACG-JHA710A3,JHA710A3,A3,0.0,2,0,0,0,0,0,0,640.0,0
CCATGTCTCCATGAAC-JHA710A3,JHA710A3,A3,2.214475679005988,3,1,1,1,1,1,0,1226.0,0
CCATGTCTCTCTGCTG-JHA710A3,JHA710A3,A3,3.338396480423125,1,1,1,0,0,0,0,1104.0,0
CCATTCGAGAAGGTGA-JHA710A3,JHA710A3,A3,3.475033314431841,2,1,1,1,1,0,0,639.0,0
CCATTCGAGGCCGAAT-JHA710A3,JHA710A3,A3,2.4660518490243706,0,1,0,0,0,0,0,928.0,0
CCATTCGCAATAGCAA-JHA710A3,JHA710A3,A3,0.0,2,0,0,0,0,0,0,2543.0,0
CCATTCGCAATGGAAT-JHA710A3,JHA710A3,A3,2.862295171627761,1,1,1,0,0,0,0,606.0,1
CCATTCGCACGGCCAT-JHA710A3,JHA710A3,A3,2.8043237834365513,2,1,1,1,1,0,0,1289.0,0
CCATTCGCACGTGAGA-JHA710A3,JHA710A3,A3,2.806512953803425,1,1,1,0,0,0,0,643.0,1
CCATTCGCAGCTGTTA-JHA710A3,JHA710A3,A3,2.3206937820202556,3,1,1,1,1,1,0,4356.0,0
CCATTCGCAGTAAGCG-JHA710A3,JHA710A3,A3,0.0,2,0,0,0,0,0,0,601.0,0
CCATTCGCATCTCCCA-JHA710A3,JHA710A3,A3,0.0,1,0,0,0,0,0,0,1283.0,0
CCATTCGGTGAGCGAT-JHA710A3,JHA710A3,A3,0.0,1,0,0,0,0,0,0,1275.0,0
CCATTCGGTGGTACAG-JHA710A3,JHA710A3,A3,0.0,1,0,0,0,0,0,0,708.0,0
CCATTCGGTTTGACTG-JHA710A3,JHA710A3,A3,2.339116734963032,2,1,1,1,1,0,0,3201.0,0
CCATTCGTCACGCATA-JHA710A3,JHA710A3,A3,3.1875421616165553,2,1,1,1,1,0,0,1722.0,0
CCATTCGTCGCAAGCC-JHA710A3,JHA710A3,A3,0.0,3,0,0,0,0,0,0,1751.0,1
CCCAATCAGAGTACAT-JHA710A3,JHA710A3,A3,8.262605778507428,4,1,1,1,1,1,1,689.0,0
CCCAATCCAGATCGGA-JHA710A3,JHA710A3,A3,1.8640167614594136,1,1,1,0,0,0,0,3670.0,0
CCCAATCCAGGATTGG-JHA710A3,JHA710A3,A3,0.0,1,0,0,0,0,0,0,1011.0,0
CCCAATCCATGCAACT-JHA710A3,JHA710A3,A3,2.02537432040956,2,1,1,1,1,0,0,3040.0,0
CCCAATCGTTAAGAAC-JHA710A3,JHA710A3,A3,1.7760993783250458,1,1,1,0,0,0,0,2038.0,0
CCCAATCTCAACGGGA-JHA710A3,JHA710A3,A3,2.2748030708547966,2,1,1,1,1,0,0,1146.0,0
CCCAGTTAGGCCCTCA-JHA710A3,JHA710A3,A3,8.164490642624672,2,1,1,1,1,0,1,928.0,0
CCCAGTTGTATGAATG-JHA710A3,JHA710A3,A3,2.782013862699364,1,1,1,0,0,0,0,660.0,0
CCCAGTTTCCACGCAG-JHA710A3,JHA710A3,A3,2.434124388245431,1,1,1,0,0,0,0,961.0,0
CCCATACAGAGTTGGC-JHA710A3,JHA710A3,A3,1.9324882690071832,2,1,1,1,1,0,0,1693.0,0
CCCATACAGTGTACCT-JHA710A3,JHA710A3,A3,0.0,1,0,0,0,0,0,0,601.0,0
CCCATACCAACGATCT-JHA710A3,JHA710A3,A3,3.3357792205177508,1,1,1,0,0,0,0,1107.0,0
CCCATACCAACTGGCC-JHA710A3,JHA710A3,A3,3.211227604029944,2,1,1,1,1,0,0,840.0,0
CCCATACCAATCAGAA-JHA710A3,JHA710A3,A3,0.0,0,0,0,0,0,0,0,906.0,0
CCCATACCACCTATCC-JHA710A3,JHA710A3,A3,6.566946275304543,2,1,1,1,1,0,0,873.0,1
CCCATACTCACCTTAT-JHA710A3,JHA710A3,A3,6.6501433361899505,2,1,1,1,1,0,0,2021.0,0
CCCTCCTAGAACTGTA-JHA710A3,JHA710A3,A3,2.5653186677787247,2,1,1,1,1,0,0,833.0,0
CCCTCCTAGAAGCCCA-JHA710A3,JHA710A3,A3,2.363175744919124,2,1,1,1,1,0,0,1039.0,0
CCCTCCTAGACTAAGT-JHA710A3,JHA710A3,A3,0.0,1,0,0,0,0,0,0,678.0,0
CCCTCCTAGGATGCGT-JHA710A3,JHA710A3,A3,0.0,0,0,0,0,0,0,0,745.0,0
CCCTCCTCACACATGT-JHA710A3,JHA710A3,A3,3.55243826312207,1,1,1,0,0,0,0,885.0,0
CCCTCCTCAGGGATTG-JHA710A3,JHA710A3,A3,0.0,2,0,0,0,0,0,0,2894.0,0
CCCTCCTCATAAAGGT-JHA710A3,JHA710A3,A3,1.6204075336445063,2,1,1,1,1,0,0,2466.0,0
CCCTCCTGTATGAATG-JHA710A3,JHA710A3,A3,5.062282785838203,2,1,1,1,1,0,0,892.0,0
CCCTCCTGTATTCTCT-JHA710A3,JHA710A3,A3,2.339116734963032,1,1,1,0,0,0,0,1067.0,1
CCCTCCTGTGTGGTTT-JHA710A3,JHA710A3,A3,2.8094402865210615,1,1,1,0,0,0,0,641.0,0
CCCTCCTGTTGTCGCG-JHA710A3,JHA710A3,A3,0.0,1,0,0,0,0,0,0,921.0,1
CCCTCCTTCACGCGGT-JHA710A3,JHA710A3,A3,2.372822326128577,2,1,1,1,1,0,0,1028.0,0
CCCTCCTTCCTAAGTG-JHA710A3,JHA710A3,A3,2.766515923644883,1,1,1,0,0,0,0,1342.0,0
CCCTCCTTCTGAGGGA-JHA710A3,JHA710A3,A3,7.553392904694438,2,1,1,1,1,0,1,1322.0,0
CCCTCCTTCTTTCCTC-JHA710A3,JHA710A3,A3,7.619883690211973,2,1,1,1,1,0,1,643.0,0
CCGGGATCAAGCCTAT-JHA710A3,JHA710A3,A3,3.8575655960320234,1,1,1,0,0,0,0,863.0,0
CCGGGATCAAGGACTG-JHA710A3,JHA710A3,A3,4.518106058905312,2,1,1,1,1,0,0,1103.0,1
CCGGGATCAGGGTTAG-JHA710A3,JHA710A3,A3,2.525268768466626,1,1,1,0,0,0,0,870.0,0
CCGGGATGTCTCTCGT-JHA710A3,JHA710A3,A3,2.5348391658523055,1,1,1,0,0,0,0,861.0,0
CCGGGATTCGTCCGTT-JHA710A3,JHA710A3,A3,3.435924688945532,1,1,1,0,0,0,0,998.0,0
CCGGGATTCTGTCCGT-JHA710A3,JHA710A3,A3,0.0,2,0,0,0,0,0,0,1471.0,0
CCGGTAGCAACGCACC-JHA710A3,JHA710A3,A3,0.0,2,0,0,0,0,0,0,766.0,0
CCGGTAGGTAAATGTG-JHA710A3,JHA710A3,A3,0.0,2,0,0,0,0,0,0,2535.0,0
CCGGTAGGTAGCTAAA-JHA710A3,JHA710A3,A3,2.02138708338238,2,1,1,1,1,0,0,1527.0,0
CCGGTAGGTCTGCCAG-JHA710A3,JHA710A3,A3,0.0,2,0,0,0,0,0,0,669.0,0
CCGGTAGTCAACGCTA-JHA710A3,JHA710A3,A3,0.0,0,0,0,0,0,0,0,637.0,0
CCGTACTAGAAGAAGC-JHA710A3,JHA710A3,A3,1.5967594541743295,1,1,1,0,0,0,0,2540.0,0
CCGTACTAGATCTGCT-JHA710A3,JHA710A3,A3,0.0,2,0,0,0,0,0,0,721.0,0
CCGTACTCAATCTACG-JHA710A3,JHA710A3,A3,2.680127740482587,0,1,0,0,0,0,0,736.0,0
CCGTACTGTAAACCTC-JHA710A3,JHA710A3,A3,0.0,0,0,0,0,0,0,0,1123.0,0
CCGTACTGTATGAATG-JHA710A3,JHA710A3,A3,1.7044617878130661,2,1,1,1,1,0,0,2223.0,0
CCGTACTGTTGTTTGG-JHA710A3,JHA710A3,A3,6.846515115409747,2,1,1,1,1,0,0,894.0,0
CCGTACTTCCGCAGTG-JHA710A3,JHA710A3,A3,1.2488482334343156,2,1,1,1,1,0,0,4022.0,0
CCGTACTTCCTCAATT-JHA710A3,JHA710A3,A3,2.619047483467966,2,1,1,1,1,0,0,786.0,1
CCGTGGAAGTCTCAAC-JHA710A3,JHA710A3,A3,1.6037026728803543,2,1,1,1,1,0,0,2518.0,0
CCGTGGACAGGGTATG-JHA710A3,JHA710A3,A3,0.0,1,0,0,0,0,0,0,724.0,0
CCGTGGAGTCGCTTTC-JHA710A3,JHA710A3,A3,1.8315951358507558,1,1,1,0,0,0,0,1907.0,0
CCGTGGAGTTAAAGAC-JHA710A3,JHA710A3,A3,3.22195294762445,2,1,1,1,1,0,0,1246.0,0
CCGTGGATCAAACCAC-JHA710A3,JHA710A3,A3,0.0,1,0,0,0,0,0,0,780.0,0
CCGTGGATCCTCCTAG-JHA710A3,JHA710A3,A3,1.897460063107149,2,1,1,1,1,0,0,1764.0,0
CCGTGGATCCTTCAAT-JHA710A3,JHA710A3,A3,0.0,1,0,0,0,0,0,0,595.0,0
CCGTGGATCGTCACGG-JHA710A3,JHA710A3,A3,2.289815352117924,2,1,1,1,1,0,0,1127.0,0
CCGTGGATCGTTTAGG-JHA710A3,JHA710A3,A3,1.7760993783250458,2,1,1,1,1,0,0,2038.0,0
CCGTTCAAGCAGACTG-JHA710A3,JHA710A3,A3,0.0,2,0,0,0,0,0,0,783.0,0
CCGTTCAAGGCTCAGA-JHA710A3,JHA710A3,A3,3.403520263078295,1,1,1,0,0,0,0,688.0,0
CCGTTCAGTCTGCAAT-JHA710A3,JHA710A3,A3,2.6776003063820424,0,1,0,0,0,0,0,738.0,0
CCGTTCAGTGTGAAAT-JHA710A3,JHA710A3,A3,3.037880101777118,0,1,0,0,0,0,0,1007.0,0
CCGTTCATCATGGTCA-JHA710A3,JHA710A3,A3,2.049153095354697,1,1,1,0,0,0,0,1479.0,0
CCGTTCATCCTAGTGA-JHA710A3,JHA710A3,A3,0.0,2,0,0,0,0,0,0,713.0,0
CCGTTCATCCTCAACC-JHA710A3,JHA710A3,A3,2.10153943691831,1,1,1,0,0,0,0,1393.0,0
CCGTTCATCGATCCCT-JHA710A3,JHA710A3,A3,2.2380689054987575,0,1,0,0,0,0,0,1194.0,1
CCTAAAGAGCAAATCA-JHA710A3,JHA710A3,A3,0.0,2,0,0,0,0,0,0,846.0,0
CCTAAAGAGCCAGTAG-JHA710A3,JHA710A3,A3,2.856093274440672,1,1,1,0,0,0,0,610.0,0
CCTAAAGAGTGAACGC-JHA710A3,JHA710A3,A3,0.0,2,0,0,0,0,0,0,1604.0,0
CCTAAAGCATGCCACG-JHA710A3,JHA710A3,A3,0.0,0,0,0,0,0,0,0,925.0,0
CCTAAAGCATTAGGCT-JHA710A3,JHA710A3,A3,2.6813942111000446,2,1,1,1,1,0,0,735.0,0
CCTAAAGTCGGCGCAT-JHA710A3,JHA710A3,A3,0.0,1,0,0,0,0,0,0,689.0,0
CCTAAAGTCGTTACAG-JHA710A3,JHA710A3,A3,0.0,1,0,0,0,0,0,0,658.0,0
CCTACACAGATCTGCT-JHA710A3,JHA710A3,A3,2.704510704113377,1,1,1,0,0,0,0,717.0,0
CCTACACCATCGGTTA-JHA710A3,JHA710A3,A3,0.0,2,0,0,0,0,0,0,615.0,0
CCTACACCATTCGACA-JHA710A3,JHA710A3,A3,0.0,1,0,0,0,0,0,0,820.0,0
CCTACACGTCTAGAGG-JHA710A3,JHA710A3,A3,1.458691771615476,2,1,1,1,1,0,0,3030.0,0
CCTACACGTTCCATGA-JHA710A3,JHA710A3,A3,0.0,2,0,0,0,0,0,0,653.0,0
CCTACACTCAAAGTAG-JHA710A3,JHA710A3,A3,0.0,2,0,0,0,0,0,0,1046.0,0
CCTACACTCACCTTAT-JHA710A3,JHA710A3,A3,0.0,2,0,0,0,0,0,0,4570.0,0
CCTACACTCTCGGACG-JHA710A3,JHA710A3,A3,4.323972321772239,2,1,1,1,1,0,0,1074.0,0
CCTACACTCTGTACGA-JHA710A3,JHA710A3,A3,1.8644773704202293,1,1,1,0,0,0,0,1834.0,0
CCTACCAAGCTGCGAA-JHA710A3,JHA710A3,A3,0.0,1,0,0,0,0,0,0,902.0,0
CCTACCAAGGCTCATT-JHA710A3,JHA710A3,A3,0.0,1,0,0,0,0,0,0,687.0,0
CCTACCAAGTACGACG-JHA710A3,JHA710A3,A3,0.0,2,0,0,0,0,0,0,968.0,1
CCTACCAAGTAGGTGC-JHA710A3,JHA710A3,A3,1.6945957207744073,2,1,1,1,1,0,0,2250.0,0
CCTACCACACACCGCA-JHA710A3,JHA710A3,A3,3.689171999094813,1,1,1,0,0,0,0,769.0,0
CCTACCACAGACGCCT-JHA710A3,JHA710A3,A3,1.6233416203649136,2,1,1,1,1,0,0,2457.0,0
CCTACCACAGCCTGTG-JHA710A3,JHA710A3,A3,0.0,1,0,0,0,0,0,0,2553.0,0
CCTACCACAGTGGAGT-JHA710A3,JHA710A3,A3,2.596921991522423,0,1,0,0,0,0,0,805.0,0
CCTACCAGTAATAGCA-JHA710A3,JHA710A3,A3,0.0,2,0,0,0,0,0,0,616.0,0
CCTACCAGTATTACCG-JHA710A3,JHA710A3,A3,2.116809806840658,2,1,1,1,1,0,0,1369.0,0
CCTACCAGTCTCACCT-JHA710A3,JHA710A3,A3,5.758513604641113,3,1,1,1,1,1,0,1203.0,0
CCTACCAGTGTGGCTC-JHA710A3,JHA710A3,A3,0.0,3,0,0,0,0,0,0,2587.0,0
CCTAGCTAGGCAATTA-JHA710A3,JHA710A3,A3,3.27141295880124,1,1,1,0,0,0,0,789.0,0
CCTAGCTAGTACTTGC-JHA710A3,JHA710A3,A3,2.3467738144796337,1,1,1,0,0,0,0,1058.0,0
CCTAGCTCAATGTAAG-JHA710A3,JHA710A3,A3,7.7472410954629405,2,1,1,1,1,0,1,1305.0,0
CCTAGCTCAGTTCATG-JHA710A3,JHA710A3,A3,1.791759469228055,3,1,1,1,1,1,0,2000.0,0
CCTAGCTCATCCCATC-JHA710A3,JHA710A3,A3,2.05328726355058,2,1,1,1,1,0,0,1472.0,0
CCTAGCTCATGTTGAC-JHA710A3,JHA710A3,A3,2.3861601679162607,2,1,1,1,1,0,0,1013.0,0
CCTAGCTGTACCGTTA-JHA710A3,JHA710A3,A3,0.0,1,0,0,0,0,0,0,1090.0,1
CCTAGCTGTCATCCCT-JHA710A3,JHA710A3,A3,0.0,1,0,0,0,0,0,0,1019.0,0
CCTAGCTGTCTAGAGG-JHA710A3,JHA710A3,A3,0.0,2,0,0,0,0,0,0,597.0,0
CCTAGCTTCCATGAAC-JHA710A3,JHA710A3,A3,2.7282548159047963,0,1,0,0,0,0,0,699.0,0
CCTATTAAGACACTAA-JHA710A3,JHA710A3,A3,2.055065846190645,2,1,1,1,1,0,0,1469.0,0
CCTATTAAGACCCACC-JHA710A3,JHA710A3,A3,2.3311107091183123,3,1,1,1,1,1,0,2153.0,0
CCTATTAGTCGAAAGC-JHA710A3,JHA710A3,A3,7.996233053169649,2,1,1,1,1,0,1,640.0,0
CCTATTAGTGCACGAA-JHA710A3,JHA710A3,A3,0.0,0,0,0,0,0,0,0,807.0,0
CCTATTATCAGGCGAA-JHA710A3,JHA710A3,A3,3.3202283191284883,2,1,1,1,1,0,0,750.0,0
CCTCAGTCAGCCTTGG-JHA710A3,JHA710A3,A3,0.0,2,0,0,0,0,0,0,2457.0,0
CCTCAGTCAGCTCGCA-JHA710A3,JHA710A3,A3,1.7088922829755755,2,1,1,1,1,0,0,2211.0,0
CCTCAGTCATTCCTGC-JHA710A3,JHA710A3,A3,2.712354099961389,1,1,1,0,0,0,0,711.0,0
CCTCAGTGTCATATGC-JHA710A3,JHA710A3,A3,0.0,1,0,0,0,0,0,0,1167.0,0
CCTCAGTGTGTTAAGA-JHA710A3,JHA710A3,A3,0.0,2,0,0,0,0,0,0,985.0,0
CCTCAGTGTTCCTCCA-JHA710A3,JHA710A3,A3,0.0,1,0,0,0,0,0,0,1818.0,0
CCTCAGTTCACCTCGT-JHA710A3,JHA710A3,A3,0.0,1,0,0,0,0,0,0,1636.0,0
CCTCAGTTCTCGAGTA-JHA710A3,JHA710A3,A3,0.0,2,0,0,0,0,0,0,645.0,0
CCTCAGTTCTCTTGAT-JHA710A3,JHA710A3,A3,1.8640167614594136,2,1,1,1,1,0,0,1835.0,0
CCTCTGAAGACTTTCG-JHA710A3,JHA710A3,A3,8.366172645688737,3,1,1,1,1,1,1,919.0,1
CCTCTGACAAGGTTCT-JHA710A3,JHA710A3,A3,7.628820466302533,3,1,1,1,1,1,1,827.0,0
CCTCTGACACCAGTTA-JHA710A3,JHA710A3,A3,2.399715440756296,1,1,1,0,0,0,0,998.0,0
CCTCTGACACGAGAGT-JHA710A3,JHA710A3,A3,8.035459465985706,1,1,1,0,0,0,1,651.0,0
CCTCTGACATTCTTAC-JHA710A3,JHA710A3,A3,1.6913381236269909,2,1,1,1,1,0,0,2259.0,1
CCTTACGAGAGCAATT-JHA710A3,JHA710A3,A3,3.780937598531884,0,1,0,0,0,0,0,700.0,0
CCTTACGAGATTACCC-JHA710A3,JHA710A3,A3,7.957163959245898,2,1,1,1,1,0,1,655.0,0
CCTTACGAGCTCCTCT-JHA710A3,JHA710A3,A3,0.0,1,0,0,0,0,0,0,1186.0,0
CCTTACGCACTAAGTC-JHA710A3,JHA710A3,A3,2.5877732833977265,2,1,1,1,1,0,0,813.0,0
CCTTACGCACTACAGT-JHA710A3,JHA710A3,A3,7.9387799856026025,1,1,1,0,0,0,1,817.0,0
CCTTACGGTAAGGGAA-JHA710A3,JHA710A3,A3,3.1178734492948132,1,1,1,0,0,0,0,926.0,0
CCTTACGGTCTCTCGT-JHA710A3,JHA710A3,A3,2.740372406427786,2,1,1,1,1,0,0,690.0,0
CCTTACGGTCTTGATG-JHA710A3,JHA710A3,A3,3.082444438250268,2,1,1,1,1,0,0,961.0,0
CCTTACGTCATTATCC-JHA710A3,JHA710A3,A3,1.26431044092014,3,1,1,1,1,1,0,3936.0,1
CCTTCCCAGCAGACTG-JHA710A3,JHA710A3,A3,8.290670749669937,2,1,1,1,1,0,1,966.0,0
CCTTCCCAGGGATGGG-JHA710A3,JHA710A3,A3,2.3875058036111456,1,1,1,0,0,0,0,2023.0,0
CCTTCCCCACCTATCC-JHA710A3,JHA710A3,A3,2.7136681934064333,2,1,1,1,1,0,0,2130.0,0
CCTTCCCGTGAGGGTT-JHA710A3,JHA710A3,A3,2.890749615448365,1,1,1,0,0,0,0,1176.0,0
CCTTCCCTCCCAAGAT-JHA710A3,JHA710A3,A3,0.0,1,0,0,0,0,0,0,758.0,0
CCTTCCCTCGGTCCGA-JHA710A3,JHA710A3,A3,0.0,2,0,0,0,0,0,0,786.0,0
CCTTCCCTCTGGAGCC-JHA710A3,JHA710A3,A3,2.49718693891809,2,1,1,1,1,0,0,897.0,0
CCTTCCCTCTTGAGGT-JHA710A3,JHA710A3,A3,6.14084632060422,2,1,1,1,1,0,0,1532.0,0
CCTTCGAAGAACTGTA-JHA710A3,JHA710A3,A3,5.286858521409932,3,1,1,1,1,1,0,610.0,0
CCTTCGAAGGGTGTGT-JHA710A3,JHA710A3,A3,1.541965874027338,2,1,1,1,1,0,0,2722.0,0
CCTTCGACAATAGCGG-JHA710A3,JHA710A3,A3,0.0,0,0,0,0,0,0,0,847.0,0
CCTTCGACACCAACCG-JHA710A3,JHA710A3,A3,2.833213344056216,1,1,1,0,0,0,0,625.0,0
CCTTCGACAGCGAACA-JHA710A3,JHA710A3,A3,1.873984265580573,2,1,1,1,1,0,0,3627.0,0
CCTTCGAGTCCTCTTG-JHA710A3,JHA710A3,A3,6.539335529851641,2,1,1,1,1,0,0,883.0,1
CCTTCGAGTTCGAATC-JHA710A3,JHA710A3,A3,2.639335945823237,2,1,1,1,1,0,0,769.0,0
CCTTCGATCCAGTAGT-JHA710A3,JHA710A3,A3,1.862177220807315,0,1,0,0,0,0,0,1839.0,0
CCTTCGATCGGCCGAT-JHA710A3,JHA710A3,A3,0.0,1,0,0,0,0,0,0,681.0,0
CCTTTCTAGAGGACGG-JHA710A3,JHA710A3,A3,1.5033000939777121,2,1,1,1,1,0,0,2860.0,0
CCTTTCTAGCGAAGGG-JHA710A3,JHA710A3,A3,0.0,0,0,0,0,0,0,0,735.0,0
CCTTTCTAGCGGCTTC-JHA710A3,JHA710A3,A3,2.4799710762920273,1,1,1,0,0,0,0,914.0,0
CCTTTCTAGTTACCCA-JHA710A3,JHA710A3,A3,0.0,1,0,0,0,0,0,0,809.0,0
CCTTTCTCACCTCGTT-JHA710A3,JHA710A3,A3,0.0,1,0,0,0,0,0,0,851.0,0
CCTTTCTCATTGGCGC-JHA710A3,JHA710A3,A3,2.2195779190636933,2,1,1,1,1,0,0,1219.0,0
CCTTTCTGTAGCGCAA-JHA710A3,JHA710A3,A3,2.4125690503955535,2,1,1,1,1,0,0,984.0,0
CCTTTCTGTCTCCCTA-JHA710A3,JHA710A3,A3,0.0,2,0,0,0,0,0,0,1166.0,0
CCTTTCTGTTATCCGA-JHA710A3,JHA710A3,A3,4.835328461700441,4,1,1,1,1,1,0,2082.0,0
CCTTTCTTCACATGCA-JHA710A3,JHA710A3,A3,4.113258162116701,3,1,1,1,1,1,0,3159.0,0
CCTTTCTTCATCGATG-JHA710A3,JHA710A3,A3,7.451094923910164,2,1,1,1,1,0,0,1017.0,0
CCTTTCTTCCTCGCAT-JHA710A3,JHA710A3,A3,0.0,1,0,0,0,0,0,0,2947.0,1
CGAACATAGTGGGCTA-JHA710A3,JHA710A3,A3,0.0,2,0,0,0,0,0,0,751.0,0
CGAACATCAAACCCAT-JHA710A3,JHA710A3,A3,3.334908432507605,0,1,0,0,0,0,0,1108.0,0
CGAACATGTTATCGGT-JHA710A3,JHA710A3,A3,2.261601864496068,1,1,1,0,0,0,0,1163.0,0
CGAACATTCAGGCCCA-JHA710A3,JHA710A3,A3,2.271677555530969,2,1,1,1,1,0,0,2300.0,0
CGAACATTCCGAAGAG-JHA710A3,JHA710A3,A3,5.711994901060905,3,1,1,1,1,1,0,4478.0,0
CGAATGTAGTTGAGAT-JHA710A3,JHA710A3,A3,0.0,1,0,0,0,0,0,0,1417.0,0
CGAATGTCATGAAGTA-JHA710A3,JHA710A3,A3,0.0,2,0,0,0,0,0,0,876.0,0
CGAATGTGTGAGCGAT-JHA710A3,JHA710A3,A3,2.8955813363371092,1,1,1,0,0,0,0,1170.0,0
CGAATGTGTTTCGCTC-JHA710A3,JHA710A3,A3,2.5923354823577114,1,1,1,0,0,0,0,809.0,0
CGAATGTTCCTTGCCA-JHA710A3,JHA710A3,A3,0.0,2,0,0,0,0,0,0,1142.0,0
CGACCTTAGAACAACT-JHA710A3,JHA710A3,A3,2.3285985829743976,2,1,1,1,1,0,0,2159.0,0
CGACCTTAGAAGGTTT-JHA710A3,JHA710A3,A3,0.0,1,0,0,0,0,0,0,637.0,0
CGACCTTAGTACACCT-JHA710A3,JHA710A3,A3,2.522102375158147,2,1,1,1,1,0,0,873.0,0
CGACCTTCAGCGTAAG-JHA710A3,JHA710A3,A3,3.114782297176139,0,1,0,0,0,0,0,929.0,0
CGACCTTCAGTAAGCG-JHA710A3,JHA710A3,A3,2.4350742760401247,0,1,0,0,0,0,0,960.0,0
CGACCTTGTCGAAAGC-JHA710A3,JHA710A3,A3,2.426563779520568,1,1,1,0,0,0,0,969.0,0
CGACCTTGTCGAGATG-JHA710A3,JHA710A3,A3,0.0,2,0,0,0,0,0,0,2043.0,1
CGACCTTTCAGCAACT-JHA710A3,JHA710A3,A3,2.07125975698358,1,1,1,0,0,0,0,1442.0,0
CGACCTTTCGGAAACG-JHA710A3,JHA710A3,A3,0.0,1,0,0,0,0,0,0,741.0,0
CGACTTCCACGAAACG-JHA710A3,JHA710A3,A3,0.0,1,0,0,0,0,0,0,1140.0,0
CGACTTCCAGATGGGT-JHA710A3,JHA710A3,A3,0.0,2,0,0,0,0,0,0,1119.0,0
CGACTTCGTCACAAGG-JHA710A3,JHA710A3,A3,0.0,2,0,0,0,0,0,0,915.0,0
CGACTTCGTTCCGTCT-JHA710A3,JHA710A3,A3,2.9462407814557032,2,1,1,1,1,0,0,1109.0,0
CGACTTCTCTATCCCG-JHA710A3,JHA710A3,A3,0.0,1,0,0,0,0,0,0,1414.0,1
CGACTTCTCTTAGCCC-JHA710A3,JHA710A3,A3,2.79345838500717,2,1,1,1,1,0,0,652.0,0
CGAGAAGAGCGTGAAC-JHA710A3,JHA710A3,A3,0.0,1,0,0,0,0,0,0,895.0,0
CGAGAAGAGGCCGAAT-JHA710A3,JHA710A3,A3,0.0,2,0,0,0,0,0,0,986.0,0
CGAGAAGCAACGATCT-JHA710A3,JHA710A3,A3,8.292145306484008,3,1,1,1,1,1,1,1626.0,0
CGAGAAGCACAGACAG-JHA710A3,JHA710A3,A3,1.9929485232331303,1,1,1,0,0,0,0,1578.0,0
CGAGAAGCAGTTAACC-JHA710A3,JHA710A3,A3,2.6669397821680856,1,1,1,0,0,0,0,1493.0,0
CGAGAAGCATTGCGGC-JHA710A3,JHA710A3,A3,3.26388381448496,2,1,1,1,1,0,0,1988.0,0
CGAGAAGGTCTGATTG-JHA710A3,JHA710A3,A3,0.0,2,0,0,0,0,0,0,901.0,0
CGAGAAGTCGCGATCG-JHA710A3,JHA710A3,A3,2.481978390008912,1,1,1,0,0,0,0,912.0,1
CGAGAAGTCTTAGAGC-JHA710A3,JHA710A3,A3,8.407335624857382,2,1,1,1,1,0,1,873.0,0
CGAGCACAGACTCGGA-JHA710A3,JHA710A3,A3,0.0,1,0,0,0,0,0,0,1022.0,0
CGAGCACAGATCTGCT-JHA710A3,JHA710A3,A3,0.0,2,0,0,0,0,0,0,788.0,0
CGAGCACAGGCAAAGA-JHA710A3,JHA710A3,A3,0.0,2,0,0,0,0,0,0,768.0,0
CGAGCACCAAAGTCAA-JHA710A3,JHA710A3,A3,2.8607406484459723,1,1,1,0,0,0,0,1214.0,0
CGAGCACCAAGGACAC-JHA710A3,JHA710A3,A3,0.0,1,0,0,0,0,0,0,2809.0,0
CGAGCACCATCACCCT-JHA710A3,JHA710A3,A3,0.0,2,0,0,0,0,0,0,1427.0,0
CGAGCACGTCAGATAA-JHA710A3,JHA710A3,A3,0.0,2,0,0,0,0,0,0,1350.0,0
CGAGCACGTCTTCTCG-JHA710A3,JHA710A3,A3,0.0,1,0,0,0,0,0,0,975.0,0
CGAGCACGTTGGGACA-JHA710A3,JHA710A3,A3,8.059085775373642,2,1,1,1,1,0,1,601.0,0
CGAGCACTCTTGCATT-JHA710A3,JHA710A3,A3,8.362793421234255,3,1,1,1,1,1,1,691.0,0
CGAGCCAAGCGCTTAT-JHA710A3,JHA710A3,A3,0.0,1,0,0,0,0,0,0,2198.0,0
CGAGCCAAGGGCTTCC-JHA710A3,JHA710A3,A3,2.5911926629667694,2,1,1,1,1,0,0,810.0,0
CGAGCCAGTATGGTTC-JHA710A3,JHA710A3,A3,3.329268074628386,0,1,0,0,0,0,0,743.0,0
CGAGCCAGTCCGACGT-JHA710A3,JHA710A3,A3,3.397916475505736,2,1,1,1,1,0,0,692.0,0
CGAGCCATCATATCGG-JHA710A3,JHA710A3,A3,2.517898754721667,2,1,1,1,1,0,0,877.0,0
CGAGCCATCATCTGTT-JHA710A3,JHA710A3,A3,0.0,0,0,0,0,0,0,0,790.0,0
CGAGCCATCCAAAGTC-JHA710A3,JHA710A3,A3,3.538276667569795,2,1,1,1,1,0,0,898.0,0
CGATCGGAGAATTCCC-JHA710A3,JHA710A3,A3,0.0,1,0,0,0,0,0,0,1549.0,0
CGATCGGAGCCCAACC-JHA710A3,JHA710A3,A3,1.815481354198642,2,1,1,1,1,0,0,1944.0,0
CGATCGGAGTAGGTGC-JHA710A3,JHA710A3,A3,0.0,1,0,0,0,0,0,0,661.0,0
CGATCGGAGTATGACA-JHA710A3,JHA710A3,A3,0.0,2,0,0,0,0,0,0,681.0,0
CGATCGGCACTGTCGG-JHA710A3,JHA710A3,A3,7.5463392563688645,2,1,1,1,1,0,1,1194.0,0
CGATCGGCATCTCGCT-JHA710A3,JHA710A3,A3,7.75724842809148,3,1,1,1,1,1,1,646.0,0
CGATCGGGTGCAGTAG-JHA710A3,JHA710A3,A3,0.0,2,0,0,0,0,0,0,620.0,0
CGATCGGTCTCAAACG-JHA710A3,JHA710A3,A3,6.502715966354141,2,1,1,1,1,0,0,931.0,0
CGATGGCAGACTGTAA-JHA710A3,JHA710A3,A3,2.354502596716878,2,1,1,1,1,0,0,1049.0,0
CGATGGCAGGCATTGG-JHA710A3,JHA710A3,A3,3.786537971592369,2,1,1,1,1,0,0,928.0,0
CGATGGCCAATAAGCA-JHA710A3,JHA710A3,A3,2.629968037407243,2,1,1,1,1,0,0,3884.0,1
CGATGGCCATTTCAGG-JHA710A3,JHA710A3,A3,8.035907699067753,3,1,1,1,1,1,1,832.0,0
CGATGGCTCCCTCAGT-JHA710A3,JHA710A3,A3,3.0725693416397943,2,1,1,1,1,0,0,971.0,0
CGATGGCTCGCTTGTC-JHA710A3,JHA710A3,A3,0.0,2,0,0,0,0,0,0,1091.0,0
CGATGTAAGAGTGACC-JHA710A3,JHA710A3,A3,5.777098101889424,3,1,1,1,1,1,0,1274.0,0
CGATGTAAGCTAGTCT-JHA710A3,JHA710A3,A3,3.0686490603375596,0,1,0,0,0,0,0,975.0,0
CGATGTAAGGAATCGC-JHA710A3,JHA710A3,A3,0.0,1,0,0,0,0,0,0,714.0,0
CGATGTAAGTGCTGCC-JHA710A3,JHA710A3,A3,0.0,1,0,0,0,0,0,0,725.0,0
CGATGTACAAAGCGGT-JHA710A3,JHA710A3,A3,0.0,2,0,0,0,0,0,0,1915.0,0
CGATGTACACGACGAA-JHA710A3,JHA710A3,A3,7.987302282764443,3,1,1,1,1,1,1,1006.0,0
CGATGTAGTCTCTCGT-JHA710A3,JHA710A3,A3,0.0,2,0,0,0,0,0,0,653.0,0
CGATGTAGTGCACTTA-JHA710A3,JHA710A3,A3,2.843817495685926,2,1,1,1,1,0,0,618.0,0
CGATGTAGTTTGTGTG-JHA710A3,JHA710A3,A3,2.03398882528649,2,1,1,1,1,0,0,3010.0,1
CGATGTATCACATGCA-JHA710A3,JHA710A3,A3,8.155008463924057,2,1,1,1,1,0,1,865.0,0
CGATGTATCCGTTGTC-JHA710A3,JHA710A3,A3,7.260007984785948,2,1,1,1,1,0,0,978.0,0
CGATGTATCGGTGTTA-JHA710A3,JHA710A3,A3,0.0,1,0,0,0,0,0,0,1445.0,0
CGATTGAAGCCAGTTT-JHA710A3,JHA710A3,A3,3.535038567213393,2,1,1,1,1,0,0,901.0,0
CGATTGAAGCCTCGTG-JHA710A3,JHA710A3,A3,0.0,2,0,0,0,0,0,0,1053.0,0
CGATTGAAGGCAAAGA-JHA710A3,JHA710A3,A3,2.2562278642714446,1,1,1,0,0,0,0,1170.0,0
CGATTGAAGTACGATA-JHA710A3,JHA710A3,A3,1.5860156132598258,4,1,1,1,1,1,0,5149.0,1
CGATTGACACAAGTAA-JHA710A3,JHA710A3,A3,4.885728403789298,2,1,1,1,1,0,0,685.0,0
CGATTGACAGCGTTCG-JHA710A3,JHA710A3,A3,0.0,4,0,0,0,0,0,0,1692.0,0
CGATTGACATTTGCCC-JHA710A3,JHA710A3,A3,0.0,3,0,0,0,0,0,0,910.0,0
CGATTGAGTTCGCGAC-JHA710A3,JHA710A3,A3,7.24863505570147,2,1,1,1,1,0,0,733.0,0
CGATTGATCAGTCCCT-JHA710A3,JHA710A3,A3,2.6309241979069813,2,1,1,1,1,0,0,776.0,0
CGATTGATCCGCGTTT-JHA710A3,JHA710A3,A3,1.6717591977175335,2,1,1,1,1,0,0,2314.0,0
CGATTGATCCTCATTA-JHA710A3,JHA710A3,A3,0.0,2,0,0,0,0,0,0,1021.0,0
CGATTGATCGTACCGG-JHA710A3,JHA710A3,A3,0.0,0,0,0,0,0,0,0,614.0,0
CGCCAAGAGGCCGAAT-JHA710A3,JHA710A3,A3,0.0,2,0,0,0,0,0,0,838.0,0
CGCCAAGCAAGCTGAG-JHA710A3,JHA710A3,A3,0.0,3,0,0,0,0,0,0,1278.0,0
CGCCAAGCACGGACAA-JHA710A3,JHA710A3,A3,0.0,1,0,0,0,0,0,0,743.0,0
CGCCAAGCAGACAAGC-JHA710A3,JHA710A3,A3,4.807625491831435,3,1,1,1,1,1,0,2388.0,1
CGCCAAGCATAACCTG-JHA710A3,JHA710A3,A3,0.0,2,0,0,0,0,0,0,764.0,0
CGCCAAGCATCTCCCA-JHA710A3,JHA710A3,A3,0.0,2,0,0,0,0,0,0,1170.0,0
CGCCAAGGTGACTCAT-JHA710A3,JHA710A3,A3,0.0,1,0,0,0,0,0,0,1181.0,0
CGCCAAGGTTGGACCC-JHA710A3,JHA710A3,A3,0.0,2,0,0,0,0,0,0,975.0,0
CGCCAAGTCGCTTAGA-JHA710A3,JHA710A3,A3,1.8562304934873313,4,1,1,1,1,1,0,3704.0,1
CGCCAAGTCTCTGTCG-JHA710A3,JHA710A3,A3,0.0,2,0,0,0,0,0,0,1311.0,0
CGCGGTACAGCTCGCA-JHA710A3,JHA710A3,A3,3.6608373511223116,4,1,1,1,1,1,0,5014.0,0
CGCGGTAGTCTCAACA-JHA710A3,JHA710A3,A3,0.0,0,0,0,0,0,0,0,1034.0,0
CGCGGTAGTCTGGAGA-JHA710A3,JHA710A3,A3,2.824223677747392,2,1,1,1,1,0,0,631.0,0
CGCGGTATCATGCAAC-JHA710A3,JHA710A3,A3,0.0,1,0,0,0,0,0,0,1085.0,0
CGCGTTTAGTGGGCTA-JHA710A3,JHA710A3,A3,2.4951432864176915,1,1,1,0,0,0,0,899.0,0
CGCGTTTCACGTGAGA-JHA710A3,JHA710A3,A3,3.4570093811582225,2,1,1,1,1,0,0,651.0,0
CGCGTTTCAGTCACTA-JHA710A3,JHA710A3,A3,1.6813008778447902,3,1,1,1,1,1,0,4574.0,1
CGCGTTTGTCAGAGGT-JHA710A3,JHA710A3,A3,2.6813942111000446,1,1,1,0,0,0,0,1470.0,0
CGCGTTTGTGGCCCTA-JHA710A3,JHA710A3,A3,5.209784558504817,2,1,1,1,1,0,0,1538.0,1
CGCGTTTTCCTGTAGA-JHA710A3,JHA710A3,A3,1.992401377356631,2,1,1,1,1,0,0,1579.0,0
CGCGTTTTCTTTAGGG-JHA710A3,JHA710A3,A3,2.3649213355433565,1,1,1,0,0,0,0,1037.0,0
CGCTATCAGAAGCCCA-JHA710A3,JHA710A3,A3,2.8572528485740367,3,1,1,1,1,1,0,2437.0,0
CGCTATCAGTGGACGT-JHA710A3,JHA710A3,A3,2.7349661550018722,2,1,1,1,1,0,0,694.0,0
CGCTATCCACTGCCAG-JHA710A3,JHA710A3,A3,1.8907442474306662,2,1,1,1,1,0,0,1778.0,1
CGCTATCCAGCGTTCG-JHA710A3,JHA710A3,A3,2.6202278410408484,1,1,1,0,0,0,0,1570.0,0
CGCTATCGTAACGTTC-JHA710A3,JHA710A3,A3,0.0,2,0,0,0,0,0,0,839.0,0
CGCTATCGTACTCGCG-JHA710A3,JHA710A3,A3,8.044056383024946,3,1,1,1,1,1,1,928.0,0
CGCTATCGTCCGTTAA-JHA710A3,JHA710A3,A3,2.729592984328823,1,1,1,0,0,0,0,698.0,1
CGCTATCGTGTTAAGA-JHA710A3,JHA710A3,A3,2.7149842618687474,2,1,1,1,1,0,0,2836.0,1
CGCTATCGTTGTTTGG-JHA710A3,JHA710A3,A3,2.4562482949004933,1,1,1,0,0,0,0,938.0,0
CGCTATCTCTATCCCG-JHA710A3,JHA710A3,A3,2.403367741764032,2,1,1,1,1,0,0,994.0,0
CGCTATCTCTATGTGG-JHA710A3,JHA710A3,A3,8.323433565376902,3,1,1,1,1,1,1,930.0,0
CGCTGGAAGAGTACAT-JHA710A3,JHA710A3,A3,2.862295171627761,2,1,1,1,1,0,0,1212.0,0
CGCTGGAAGCCTATGT-JHA710A3,JHA710A3,A3,0.0,2,0,0,0,0,0,0,2316.0,0
CGCTGGAAGGTTCCTA-JHA710A3,JHA710A3,A3,7.734068131093197,2,1,1,1,1,0,1,1712.0,0
CGCTGGAAGTCAAGGC-JHA710A3,JHA710A3,A3,0.0,2,0,0,0,0,0,0,821.0,0
CGCTGGACACATGACT-JHA710A3,JHA710A3,A3,2.8607406484459723,1,1,1,0,0,0,0,1214.0,0
CGCTGGAGTCGGCTCA-JHA710A3,JHA710A3,A3,2.5597956556439763,1,1,1,0,0,0,0,838.0,0
CGCTGGAGTGCAACGA-JHA710A3,JHA710A3,A3,2.964363009886346,1,1,1,0,0,0,0,1088.0,0
CGCTGGAGTGTCAATC-JHA710A3,JHA710A3,A3,0.0,0,0,0,0,0,0,0,720.0,0
CGCTGGAGTGTGAAAT-JHA710A3,JHA710A3,A3,0.0,1,0,0,0,0,0,0,3879.0,0
CGCTGGATCACCATAG-JHA710A3,JHA710A3,A3,0.0,2,0,0,0,0,0,0,638.0,0
CGCTGGATCACGATGT-JHA710A3,JHA710A3,A3,3.352924325148821,2,1,1,1,1,0,0,725.0,0
CGCTTCACAGTATGCT-JHA710A3,JHA710A3,A3,0.0,2,0,0,0,0,0,0,1177.0,0
CGCTTCACATTTCAGG-JHA710A3,JHA710A3,A3,2.4088763494672967,2,1,1,1,1,0,0,988.0,0
CGCTTCATCATTCACT-JHA710A3,JHA710A3,A3,2.87010868073789,2,1,1,1,1,0,0,601.0,0
CGCTTCATCCACGTTC-JHA710A3,JHA710A3,A3,0.0,2,0,0,0,0,0,0,755.0,0
CGCTTCATCCCGGATG-JHA710A3,JHA710A3,A3,5.585324432473101,1,1,1,0,0,0,0,1130.0,0
CGGACACAGTTCGCGC-JHA710A3,JHA710A3,A3,2.892357292515283,3,1,1,1,1,1,0,1174.0,0
CGGACACCACAGCGTC-JHA710A3,JHA710A3,A3,3.4857091534143234,1,1,1,0,0,0,0,632.0,0
CGGACACGTGAGTATA-JHA710A3,JHA710A3,A3,1.5054789387015626,3,1,1,1,1,1,0,2852.0,1
CGGACACGTTCCAACA-JHA710A3,JHA710A3,A3,6.10929805986098,2,1,1,1,1,0,0,1893.0,0
CGGACACTCATCATTC-JHA710A3,JHA710A3,A3,2.121643413698038,2,1,1,1,1,0,0,2723.0,0
CGGACACTCCACGCAG-JHA710A3,JHA710A3,A3,0.0,2,0,0,0,0,0,0,905.0,0
CGGACACTCCCTAATT-JHA710A3,JHA710A3,A3,2.274020565260253,1,1,1,0,0,0,0,1147.0,0
CGGACGTAGGGATGGG-JHA710A3,JHA710A3,A3,0.0,1,0,0,0,0,0,0,770.0,0
CGGACGTCACGTTGGC-JHA710A3,JHA710A3,A3,3.3418976393808637,1,1,1,0,0,0,0,1100.0,0
CGGACGTGTCAGATAA-JHA710A3,JHA710A3,A3,0.0,1,0,0,0,0,0,0,1407.0,0
CGGACGTTCACAAACC-JHA710A3,JHA710A3,A3,3.2861615342771384,2,1,1,1,1,0,0,777.0,0
CGGACGTTCATTATCC-JHA710A3,JHA710A3,A3,0.0,2,0,0,0,0,0,0,835.0,0
CGGACGTTCCACTGGG-JHA710A3,JHA710A3,A3,2.052695311336513,0,1,0,0,0,0,0,1473.0,0
CGGACGTTCTGATTCT-JHA710A3,JHA710A3,A3,0.0,1,0,0,0,0,0,0,976.0,0
CGGACTGAGTACTTGC-JHA710A3,JHA710A3,A3,2.3978952727983707,2,1,1,1,1,0,0,1000.0,0
CGGACTGAGTTACCCA-JHA710A3,JHA710A3,A3,2.7349661550018722,2,1,1,1,1,0,0,694.0,0
CGGACTGAGTTAGCGG-JHA710A3,JHA710A3,A3,5.231357311210506,3,1,1,1,1,1,0,1505.0,0
CGGACTGGTCGAATCT-JHA710A3,JHA710A3,A3,3.579154025371409,1,1,1,0,0,0,0,861.0,0
CGGACTGTCAGCGACC-JHA710A3,JHA710A3,A3,3.0053784970549207,1,1,1,0,0,0,0,1042.0,0
CGGAGCTAGAATAGGG-JHA710A3,JHA710A3,A3,6.200552330506456,2,1,1,1,1,0,0,752.0,0
CGGAGCTAGAGGGATA-JHA710A3,JHA710A3,A3,2.6813942111000446,1,1,1,0,0,0,0,735.0,0
CGGAGCTCAAGAGGCT-JHA710A3,JHA710A3,A3,0.0,1,0,0,0,0,0,0,698.0,0
CGGAGCTGTACGCACC-JHA710A3,JHA710A3,A3,5.940194269181038,2,1,1,1,1,0,0,686.0,0
CGGAGTCAGCCCGAAA-JHA710A3,JHA710A3,A3,1.8681727152258614,2,1,1,1,1,0,0,1826.0,0
CGGAGTCAGTAAGTAC-JHA710A3,JHA710A3,A3,0.0,2,0,0,0,0,0,0,1043.0,0
CGGAGTCAGTGGAGAA-JHA710A3,JHA710A3,A3,1.935018278274633,2,1,1,1,1,0,0,1688.0,0
CGGAGTCCACACATGT-JHA710A3,JHA710A3,A3,2.2291402508380993,4,1,1,1,1,1,0,1206.0,1
CGGAGTCCACCTCGTT-JHA710A3,JHA710A3,A3,6.998281305681508,2,1,1,1,1,0,0,896.0,0
CGGAGTCCACGAAGCA-JHA710A3,JHA710A3,A3,4.560461425139064,2,1,1,1,1,0,0,3276.0,0
CGGAGTCCAGGGTTAG-JHA710A3,JHA710A3,A3,3.5409835997118755,2,1,1,1,1,0,0,597.0,0
CGGAGTCGTCCATCCT-JHA710A3,JHA710A3,A3,3.7657037457846396,4,1,1,1,1,1,0,711.0,0
CGGAGTCGTCGCCATG-JHA710A3,JHA710A3,A3,0.0,2,0,0,0,0,0,0,710.0,0
CGGAGTCGTCTAAAGA-JHA710A3,JHA710A3,A3,0.0,1,0,0,0,0,0,0,768.0,0
CGGAGTCGTTGCGTTA-JHA710A3,JHA710A3,A3,0.0,2,0,0,0,0,0,0,1125.0,0
CGGAGTCGTTTGTTGG-JHA710A3,JHA710A3,A3,2.82124722950691,3,1,1,1,1,1,0,633.0,0
CGGAGTCTCACGCGGT-JHA710A3,JHA710A3,A3,2.686903605391505,2,1,1,1,1,0,0,2192.0,0
CGGAGTCTCTAACTGG-JHA710A3,JHA710A3,A3,3.5211338632581137,2,1,1,1,1,0,0,914.0,0
CGGCTAGAGAGTCGGT-JHA710A3,JHA710A3,A3,2.660110738813091,2,1,1,1,1,0,0,752.0,0
CGGCTAGAGATTACCC-JHA710A3,JHA710A3,A3,0.0,2,0,0,0,0,0,0,1411.0,0
CGGCTAGAGCCACGCT-JHA710A3,JHA710A3,A3,0.0,2,0,0,0,0,0,0,831.0,0
CGGCTAGAGCTGCAAG-JHA710A3,JHA710A3,A3,3.5480581769384827,2,1,1,1,1,0,0,889.0,0
CGGCTAGAGTAACCCT-JHA710A3,JHA710A3,A3,6.321766996021397,2,1,1,1,1,0,0,720.0,1
CGGCTAGCAGTCGATT-JHA710A3,JHA710A3,A3,0.0,2,0,0,0,0,0,0,1171.0,0
CGGCTAGCATAAAGGT-JHA710A3,JHA710A3,A3,2.821990406526113,1,1,1,0,0,0,0,1265.0,0
CGGCTAGCATTTGCCC-JHA710A3,JHA710A3,A3,0.0,1,0,0,0,0,0,0,1579.0,0
CGGCTAGGTTCCCTTG-JHA710A3,JHA710A3,A3,1.9066730624564856,2,1,1,1,1,0,0,3490.0,0
CGGCTAGTCGTTACAG-JHA710A3,JHA710A3,A3,0.0,2,0,0,0,0,0,0,655.0,0
CGGGTCAAGCGTGAGT-JHA710A3,JHA710A3,A3,2.4941233048929243,1,1,1,0,0,0,0,900.0,0
CGGGTCAAGGACAGCT-JHA710A3,JHA710A3,A3,2.932674137586854,2,1,1,1,1,0,0,1125.0,0
CGGGTCAAGTCTCCTC-JHA710A3,JHA710A3,A3,0.0,1,0,0,0,0,0,0,1270.0,0
CGGGTCACAATAGCGG-JHA710A3,JHA710A3,A3,2.363175744919124,3,1,1,1,1,1,0,3117.0,0
CGGGTCACAGCGATCC-JHA710A3,JHA710A3,A3,0.0,2,0,0,0,0,0,0,1073.0,0
CGGGTCAGTGTGCCTG-JHA710A3,JHA710A3,A3,3.172083663361442,2,1,1,1,1,0,0,875.0,0
CGGGTCATCAAACCGT-JHA710A3,JHA710A3,A3,0.0,1,0,0,0,0,0,0,1111.0,0
CGGGTCATCGTAGGAG-JHA710A3,JHA710A3,A3,0.0,2,0,0,0,0,0,0,1161.0,0
CGGGTCATCGTTGACA-JHA710A3,JHA710A3,A3,2.83170873591079,1,1,1,0,0,0,0,626.0,0
CGGTTAAAGCGATAGC-JHA710A3,JHA710A3,A3,2.0544725303506346,2,1,1,1,1,0,0,1470.0,0
CGGTTAACAAGTCTAC-JHA710A3,JHA710A3,A3,0.0,1,0,0,0,0,0,0,1129.0,0
CGGTTAACATACCATG-JHA710A3,JHA710A3,A3,2.6405443187368367,0,1,0,0,0,0,0,768.0,0
CGGTTAACATCTCCCA-JHA710A3,JHA710A3,A3,0.0,1,0,0,0,0,0,0,616.0,0
CGGTTAAGTCTCACCT-JHA710A3,JHA710A3,A3,3.8701245318686737,2,1,1,1,1,0,0,852.0,0
CGGTTAAGTGCCTGCA-JHA710A3,JHA710A3,A3,2.372822326128577,2,1,1,1,1,0,0,2056.0,1
CGGTTAAGTGTCTGAT-JHA710A3,JHA710A3,A3,0.0,2,0,0,0,0,0,0,897.0,0
CGGTTAATCCCTAACC-JHA710A3,JHA710A3,A3,3.021948115684884,3,1,1,1,1,1,0,1536.0,0
CGGTTAATCTCCTATA-JHA710A3,JHA710A3,A3,0.0,2,0,0,0,0,0,0,786.0,0
CGGTTAATCTCTAAGG-JHA710A3,JHA710A3,A3,7.465017258828522,3,1,1,1,1,1,0,831.0,0
CGTAGCGAGAGAGCTC-JHA710A3,JHA710A3,A3,2.6539487309945566,1,1,1,0,0,0,0,757.0,0
CGTAGCGAGCTAAGAT-JHA710A3,JHA710A3,A3,2.729592984328823,2,1,1,1,1,0,0,698.0,0
CGTAGCGAGTGAATTG-JHA710A3,JHA710A3,A3,0.0,0,0,0,0,0,0,0,595.0,0
CGTAGCGCAAACAACA-JHA710A3,JHA710A3,A3,0.0,1,0,0,0,0,0,0,2629.0,0
CGTAGCGCACGGCTAC-JHA710A3,JHA710A3,A3,0.0,0,0,0,0,0,0,0,610.0,0
CGTAGCGGTATTAGCC-JHA710A3,JHA710A3,A3,2.5697628444930847,2,1,1,1,1,0,0,829.0,0
CGTAGCGGTCATGCCG-JHA710A3,JHA710A3,A3,3.735946572944121,1,1,1,0,0,0,0,733.0,0
CGTAGCGGTCTAGCGC-JHA710A3,JHA710A3,A3,0.0,0,0,0,0,0,0,0,1184.0,0
CGTAGCGGTTAAAGAC-JHA710A3,JHA710A3,A3,2.102169792757392,1,1,1,0,0,0,0,1392.0,0
CGTAGCGGTTTGACTG-JHA710A3,JHA710A3,A3,0.0,1,0,0,0,0,0,0,995.0,0
CGTAGCGTCAGAGGTG-JHA710A3,JHA710A3,A3,3.2100858193880426,2,1,1,1,1,0,0,841.0,0
CGTAGCGTCCTTCAAT-JHA710A3,JHA710A3,A3,1.705198238543573,2,1,1,1,1,0,0,2221.0,0
CGTAGCGTCTCATTCA-JHA710A3,JHA710A3,A3,0.0,2,0,0,0,0,0,0,2364.0,0
CGTAGCGTCTGCTGTC-JHA710A3,JHA710A3,A3,2.4125690503955535,2,1,1,1,1,0,0,984.0,0
CGTAGGCCAAGGACTG-JHA710A3,JHA710A3,A3,0.0,3,0,0,0,0,0,0,1197.0,0
CGTAGGCCAAGGGTCA-JHA710A3,JHA710A3,A3,2.596921991522423,2,1,1,1,1,0,0,805.0,0
CGTAGGCCAGAGTGTG-JHA710A3,JHA710A3,A3,0.0,2,0,0,0,0,0,0,1022.0,0
CGTAGGCCATTTGCCC-JHA710A3,JHA710A3,A3,1.6308986612818104,1,1,1,0,0,0,0,2434.0,0
CGTCACTAGAATCTCC-JHA710A3,JHA710A3,A3,3.160117406434413,2,1,1,1,1,0,0,886.0,0
CGTCACTAGGGAAACA-JHA710A3,JHA710A3,A3,2.8145864958490483,2,1,1,1,1,0,0,2550.0,0
CGTCACTCACATGACT-JHA710A3,JHA710A3,A3,2.419070801644534,2,1,1,1,1,0,0,977.0,0
CGTCACTCATTGGGCC-JHA710A3,JHA710A3,A3,7.5876053807242325,2,1,1,1,1,0,1,1313.0,0
CGTCACTTCAGTCCCT-JHA710A3,JHA710A3,A3,2.4481649559598475,3,1,1,1,1,1,0,2839.0,0
CGTCACTTCGGTGTTA-JHA710A3,JHA710A3,A3,2.405199907177258,2,1,1,1,1,0,0,992.0,0
CGTCAGGAGCGTCAAG-JHA710A3,JHA710A3,A3,2.8079754114663533,2,1,1,1,1,0,0,642.0,0
CGTCAGGAGGAACTGC-JHA710A3,JHA710A3,A3,1.486662971807466,2,1,1,1,1,0,0,2922.0,0
CGTCAGGAGGCAAAGA-JHA710A3,JHA710A3,A3,0.0,2,0,0,0,0,0,0,661.0,0
CGTCAGGAGTCAAGGC-JHA710A3,JHA710A3,A3,0.0,2,0,0,0,0,0,0,963.0,0
CGTCAGGAGTCCCACG-JHA710A3,JHA710A3,A3,3.155804391824426,2,1,1,1,1,0,0,890.0,0
CGTCAGGGTCCCTTGT-JHA710A3,JHA710A3,A3,2.2043674648485996,0,1,0,0,0,0,0,1240.0,0
CGTCAGGGTCGGCTCA-JHA710A3,JHA710A3,A3,1.705198238543573,3,1,1,1,1,1,0,2221.0,0
CGTCAGGGTGTGCCTG-JHA710A3,JHA710A3,A3,2.680127740482587,2,1,1,1,1,0,0,1472.0,0
CGTCCATCAAGCTGGA-JHA710A3,JHA710A3,A3,0.0,1,0,0,0,0,0,0,1006.0,0
CGTCCATCAATCCGAT-JHA710A3,JHA710A3,A3,0.0,2,0,0,0,0,0,0,1069.0,0
CGTCCATCATGGGACA-JHA710A3,JHA710A3,A3,2.7278092129248592,1,1,1,0,0,0,0,2098.0,0
CGTCCATTCTCTGCTG-JHA710A3,JHA710A3,A3,2.6776003063820424,2,1,1,1,1,0,0,738.0,0
CGTCTACAGATAGGAG-JHA710A3,JHA710A3,A3,6.691359415462848,2,1,1,1,1,0,0,1268.0,0
CGTCTACAGCGTTGCC-JHA710A3,JHA710A3,A3,2.607331788293512,0,1,0,0,0,0,0,796.0,0
CGTCTACAGGTGGGTT-JHA710A3,JHA710A3,A3,7.80751625088971,2,1,1,1,1,0,1,655.0,0
CGTCTACGTAACGACG-JHA710A3,JHA710A3,A3,2.8635407439355127,2,1,1,1,1,0,0,3026.0,0
CGTCTACGTGTTAAGA-JHA710A3,JHA710A3,A3,0.0,2,0,0,0,0,0,0,1026.0,0
CGTCTACGTTAGGGTG-JHA710A3,JHA710A3,A3,2.1986480651210734,1,1,1,0,0,0,0,1248.0,0
CGTCTACTCGCCCTTA-JHA710A3,JHA710A3,A3,3.132438445789672,1,1,1,0,0,0,0,912.0,0
CGTGAGCAGCGCTTAT-JHA710A3,JHA710A3,A3,1.2324270878412205,1,1,1,0,0,0,0,4116.0,0
CGTGAGCAGGGTGTGT-JHA710A3,JHA710A3,A3,3.379932693167399,1,1,1,0,0,0,0,705.0,0
CGTGAGCAGGTAGCCA-JHA710A3,JHA710A3,A3,2.553214716022599,2,1,1,1,1,0,0,844.0,1
CGTGAGCCAGCTGTTA-JHA710A3,JHA710A3,A3,0.0,4,0,0,0,0,0,0,1188.0,0
CGTGAGCCAGTTTACG-JHA710A3,JHA710A3,A3,0.0,2,0,0,0,0,0,0,1000.0,0
CGTGAGCCATATACGC-JHA710A3,JHA710A3,A3,2.9582816823078377,2,1,1,1,1,0,0,1095.0,0
CGTGAGCGTGCAACTT-JHA710A3,JHA710A3,A3,2.126506930258451,2,1,1,1,1,0,0,1354.0,0
CGTGAGCTCATGTCCC-JHA710A3,JHA710A3,A3,8.36553645628104,2,1,1,1,1,0,1,1178.0,0
CGTGAGCTCGTCCGTT-JHA710A3,JHA710A3,A3,7.886715634225494,2,1,1,1,1,0,1,669.0,0
CGTGTAAAGTCAATAG-JHA710A3,JHA710A3,A3,0.0,2,0,0,0,0,0,0,610.0,0
CGTGTAAAGTTCGCGC-JHA710A3,JHA710A3,A3,2.776346712382111,1,1,1,0,0,0,0,664.0,0
CGTGTAACAATACGCT-JHA710A3,JHA710A3,A3,6.340425855038838,2,1,1,1,1,0,0,795.0,0
CGTGTAACAGGTCGTC-JHA710A3,JHA710A3,A3,2.6429661293803113,2,1,1,1,1,0,0,766.0,0
CGTGTAACATCGACGC-JHA710A3,JHA710A3,A3,0.0,2,0,0,0,0,0,0,670.0,0
CGTGTAAGTAATCACC-JHA710A3,JHA710A3,A3,0.0,1,0,0,0,0,0,0,654.0,0
CGTGTAAGTCAGATAA-JHA710A3,JHA710A3,A3,0.0,2,0,0,0,0,0,0,2722.0,0
CGTGTAAGTGTTGAGG-JHA710A3,JHA710A3,A3,2.1363250442806674,2,1,1,1,1,0,0,1339.0,0
CGTGTCTAGAAGATTC-JHA710A3,JHA710A3,A3,1.665471241535658,1,1,1,0,0,0,0,2332.0,0
CGTGTCTAGCGCTTAT-JHA710A3,JHA710A3,A3,0.0,3,0,0,0,0,0,0,1591.0,0
CGTGTCTAGGGATCTG-JHA710A3,JHA710A3,A3,0.0,2,0,0,0,0,0,0,2406.0,0
CGTGTCTAGGGCTTCC-JHA710A3,JHA710A3,A3,0.0,2,0,0,0,0,0,0,755.0,0
CGTGTCTCACGTCAGC-JHA710A3,JHA710A3,A3,5.859125692473613,2,1,1,1,1,0,0,601.0,0
CGTGTCTCACGTTGGC-JHA710A3,JHA710A3,A3,0.0,1,0,0,0,0,0,0,963.0,0
CGTGTCTCAGATGGCA-JHA710A3,JHA710A3,A3,0.0,2,0,0,0,0,0,0,815.0,0
CGTGTCTCAGTATAAG-JHA710A3,JHA710A3,A3,8.400225560467135,3,1,1,1,1,1,1,2116.0,0
CGTGTCTCAGTGGGAT-JHA710A3,JHA710A3,A3,0.0,0,0,0,0,0,0,0,627.0,0
CGTGTCTCATCCGTGG-JHA710A3,JHA710A3,A3,0.0,2,0,0,0,0,0,0,879.0,0
CGTGTCTGTACTCAAC-JHA710A3,JHA710A3,A3,1.9027799212116197,1,1,1,0,0,0,0,1753.0,0
CGTGTCTGTCATGCAT-JHA710A3,JHA710A3,A3,0.0,1,0,0,0,0,0,0,634.0,0
CGTGTCTGTGAAAGAG-JHA710A3,JHA710A3,A3,2.6178687359580257,3,1,1,1,1,1,0,787.0,0
CGTGTCTGTGTGAATA-JHA710A3,JHA710A3,A3,2.845342745108185,3,1,1,1,1,1,0,2468.0,0
CGTGTCTTCCAGGGCT-JHA710A3,JHA710A3,A3,0.0,1,0,0,0,0,0,0,719.0,0
CGTGTCTTCCTTGACC-JHA710A3,JHA710A3,A3,0.0,2,0,0,0,0,0,0,1220.0,0
CGTTAGAAGAGGTTGC-JHA710A3,JHA710A3,A3,2.6613484007210935,2,1,1,1,1,0,0,751.0,0
CGTTAGAAGCTGCGAA-JHA710A3,JHA710A3,A3,2.6973821964044484,2,1,1,1,1,0,0,1445.0,1
CGTTAGAAGGTGACCA-JHA710A3,JHA710A3,A3,0.9602628707300424,3,1,1,1,0,0,0,6202.0,1
CGTTAGAAGTCATCCA-JHA710A3,JHA710A3,A3,2.7609471472242952,1,1,1,0,0,0,0,675.0,0
CGTTAGAAGTCCCACG-JHA710A3,JHA710A3,A3,2.8287071404115056,1,1,1,0,0,0,0,1256.0,0
CGTTAGAAGTGGGCTA-JHA710A3,JHA710A3,A3,2.7512857030562534,2,1,1,1,1,0,0,682.0,0
CGTTAGACAAGCCGTC-JHA710A3,JHA710A3,A3,3.222723833464374,1,1,1,0,0,0,0,830.0,0
CGTTAGACAATAGCAA-JHA710A3,JHA710A3,A3,0.0,2,0,0,0,0,0,0,766.0,0
CGTTAGACAGGACCCT-JHA710A3,JHA710A3,A3,2.8433096595090532,1,1,1,0,0,0,0,1855.0,0
CGTTAGACAGGGCATA-JHA710A3,JHA710A3,A3,3.0974604072812126,1,1,1,0,0,0,0,946.0,0
CGTTAGAGTAACGACG-JHA710A3,JHA710A3,A3,0.0,1,0,0,0,0,0,0,1677.0,0
CGTTAGAGTCTCCATC-JHA710A3,JHA710A3,A3,0.0,2,0,0,0,0,0,0,929.0,0
CGTTAGAGTGATAAAC-JHA710A3,JHA710A3,A3,8.096418530118541,2,1,1,1,1,0,1,710.0,0
CGTTAGATCAACTCTT-JHA710A3,JHA710A3,A3,2.0634204152820033,1,1,1,0,0,0,0,1455.0,0
CGTTCTGAGGCCCGTT-JHA710A3,JHA710A3,A3,8.131440356657022,2,1,1,1,1,0,1,1836.0,0
CGTTCTGCAAAGGCGT-JHA710A3,JHA710A3,A3,6.477202986632825,2,1,1,1,1,0,0,647.0,0
CGTTCTGCAGGTTTCA-JHA710A3,JHA710A3,A3,7.895979598705688,3,1,1,1,1,1,1,674.0,0
CGTTCTGGTCGCATAT-JHA710A3,JHA710A3,A3,2.3693014734316296,0,1,0,0,0,0,0,1032.0,0
CGTTGGGAGCCACTAT-JHA710A3,JHA710A3,A3,0.0,3,0,0,0,0,0,0,735.0,0
CGTTGGGCAGTGACAG-JHA710A3,JHA710A3,A3,0.0,1,0,0,0,0,0,0,1834.0,0
CGTTGGGCATGAGCGA-JHA710A3,JHA710A3,A3,3.614817820089552,2,1,1,1,1,0,0,830.0,0
CGTTGGGGTAAGGATT-JHA710A3,JHA710A3,A3,4.555890891224781,2,1,1,1,1,0,0,1274.0,0
CGTTGGGTCTCGATGA-JHA710A3,JHA710A3,A3,4.496430295971074,3,1,1,1,1,1,0,4848.0,0
CTAACTTAGGCTCTTA-JHA710A3,JHA710A3,A3,2.8123773191388315,0,1,0,0,0,0,0,639.0,0
CTAACTTAGTCATCCA-JHA710A3,JHA710A3,A3,6.928537818164665,2,1,1,1,1,0,0,1000.0,0
CTAACTTCAATGGAAT-JHA710A3,JHA710A3,A3,0.0,2,0,0,0,0,0,0,896.0,0
CTAACTTCAGGAATCG-JHA710A3,JHA710A3,A3,7.340790792507498,1,1,1,0,0,0,0,623.0,0
CTAACTTCAGTCGTGC-JHA710A3,JHA710A3,A3,2.480974137518121,1,1,1,0,0,0,0,913.0,0
CTAACTTGTAGAAAGG-JHA710A3,JHA710A3,A3,1.5282513498452008,1,1,1,0,0,0,0,2770.0,0
CTAACTTGTCGCTTCT-JHA710A3,JHA710A3,A3,0.0,0,0,0,0,0,0,0,594.0,0
CTAACTTTCGGCTTGG-JHA710A3,JHA710A3,A3,3.421967829019362,2,1,1,1,1,0,0,675.0,0
CTAAGACAGAAGGCCT-JHA710A3,JHA710A3,A3,3.4301242071497273,2,1,1,1,1,0,0,1004.0,0
CTAAGACAGAGCTTCT-JHA710A3,JHA710A3,A3,0.0,0,0,0,0,0,0,0,873.0,0
CTAAGACAGTCGCCGT-JHA710A3,JHA710A3,A3,2.9885095205445276,2,1,1,1,1,0,0,1591.0,0
CTAAGACCATGTAAGA-JHA710A3,JHA710A3,A3,1.5583420163377217,2,1,1,1,1,0,0,2666.0,0
CTAAGACGTCCAGTTA-JHA710A3,JHA710A3,A3,0.0,2,0,0,0,0,0,0,1240.0,0
CTAAGACGTTCGAATC-JHA710A3,JHA710A3,A3,2.59807244573354,1,1,1,0,0,0,0,804.0,0
CTAAGACTCAAGATCC-JHA710A3,JHA710A3,A3,6.118777928505369,2,1,1,1,1,0,0,1103.0,0
CTAAGACTCCCTCAGT-JHA710A3,JHA710A3,A3,2.106596559876401,1,1,1,0,0,0,0,1385.0,0
CTAAGACTCTGTCCGT-JHA710A3,JHA710A3,A3,3.8627975181875938,1,1,1,0,0,0,0,1073.0,0
CTAAGACTCTGTCTCG-JHA710A3,JHA710A3,A3,3.0676716195903886,2,1,1,1,1,0,0,976.0,0
CTAATGGAGCCTTGAT-JHA710A3,JHA710A3,A3,0.0,0,0,0,0,0,0,0,864.0,0
CTAATGGAGTAAGTAC-JHA710A3,JHA710A3,A3,1.3520469340053287,2,1,1,1,1,0,0,3490.0,0
CTAATGGAGTGTGAAT-JHA710A3,JHA710A3,A3,2.5543080314703266,0,1,0,0,0,0,0,843.0,0
CTAATGGCAGCTCCGA-JHA710A3,JHA710A3,A3,1.2875737542040684,1,1,1,0,0,0,0,3811.0,0
CTAATGGGTATAGGGC-JHA710A3,JHA710A3,A3,2.9110560559586918,2,1,1,1,1,0,0,1151.0,0
CTAATGGTCAAGATCC-JHA710A3,JHA710A3,A3,2.8227342062462237,2,1,1,1,1,0,0,632.0,0
CTAATGGTCACGCGGT-JHA710A3,JHA710A3,A3,1.9264509902073939,3,1,1,1,1,1,0,1705.0,0
CTAATGGTCGCTGATA-JHA710A3,JHA710A3,A3,2.3763581876539868,1,1,1,0,0,0,0,2048.0,1
CTACACCAGATCCTGT-JHA710A3,JHA710A3,A3,2.729592984328823,1,1,1,0,0,0,0,698.0,0
CTACACCAGTAGCCGA-JHA710A3,JHA710A3,A3,0.0,2,0,0,0,0,0,0,1242.0,0
CTACACCCAGGTGCCT-JHA710A3,JHA710A3,A3,2.5348391658523055,2,1,1,1,1,0,0,861.0,0
CTACACCCAGTCACTA-JHA710A3,JHA710A3,A3,6.212870599807958,2,1,1,1,1,0,0,803.0,0
CTACACCGTAGCTAAA-JHA710A3,JHA710A3,A3,3.1015067162710444,1,1,1,0,0,0,0,942.0,0
CTACACCGTCAAACTC-JHA710A3,JHA710A3,A3,2.9360466621119823,1,1,1,0,0,0,0,1121.0,0
CTACACCTCGTTACGA-JHA710A3,JHA710A3,A3,2.8607406484459723,0,1,0,0,0,0,0,607.0,0
CTACATTAGAACAACT-JHA710A3,JHA710A3,A3,2.419070801644534,2,1,1,1,1,0,0,977.0,0
CTACATTAGAGTCTGG-JHA710A3,JHA710A3,A3,1.6845111779803141,4,1,1,1,1,1,0,4556.0,1
CTACATTAGGATCGCA-JHA710A3,JHA710A3,A3,1.1641279704749599,3,1,1,1,1,1,0,4539.0,0
CTACATTAGGTCGGAT-JHA710A3,JHA710A3,A3,0.0,2,0,0,0,0,0,0,596.0,0
CTACATTCACACAGAG-JHA710A3,JHA710A3,A3,2.138303427273925,0,1,0,0,0,0,0,1336.0,0
CTACATTCACAGTCGC-JHA710A3,JHA710A3,A3,2.3075501223766746,2,1,1,1,1,0,0,1105.0,0
CTACATTGTAGAAGGA-JHA710A3,JHA710A3,A3,1.590820982858338,3,1,1,1,1,1,0,2559.0,0
CTACATTGTCGAACAG-JHA710A3,JHA710A3,A3,2.5466840094842436,2,1,1,1,1,0,0,850.0,0
CTACATTGTCGACTGC-JHA710A3,JHA710A3,A3,1.5632467457499892,3,1,1,1,1,1,0,5299.0,1
CTACATTGTCTTGTCC-JHA710A3,JHA710A3,A3,3.1709893618269125,0,1,0,0,0,0,0,876.0,0
CTACATTTCTGTCAAG-JHA710A3,JHA710A3,A3,0.0,4,0,0,0,0,0,0,2436.0,1
CTACCCAAGCTAAACA-JHA710A3,JHA710A3,A3,7.504264051349489,2,1,1,1,1,0,0,799.0,0
CTACCCAAGGCAAAGA-JHA710A3,JHA710A3,A3,5.769847386177573,2,1,1,1,1,0,0,626.0,0
CTACCCACAGGTGGAT-JHA710A3,JHA710A3,A3,1.893135747003989,1,1,1,0,0,0,0,1773.0,0
CTACCCAGTTTGACTG-JHA710A3,JHA710A3,A3,0.0,3,0,0,0,0,0,0,973.0,0
CTACCCATCAAGGTAA-JHA710A3,JHA710A3,A3,2.4920870175616026,1,1,1,0,0,0,0,902.0,0
CTACCCATCCAGTAGT-JHA710A3,JHA710A3,A3,5.006412741805446,1,1,1,0,0,0,0,674.0,0
CTACGTCAGCCTATGT-JHA710A3,JHA710A3,A3,0.0,0,0,0,0,0,0,0,1116.0,0
CTACGTCAGGACACCA-JHA710A3,JHA710A3,A3,3.0564093086443376,2,1,1,1,1,0,0,2469.0,0
CTACGTCAGGATGGTC-JHA710A3,JHA710A3,A3,2.057443673840837,3,1,1,1,1,1,0,4395.0,1
CTACGTCAGTGTACTC-JHA710A3,JHA710A3,A3,8.320343859071837,2,1,1,1,1,0,1,682.0,0
CTACGTCCATTACCTT-JHA710A3,JHA710A3,A3,2.8748298291020755,2,1,1,1,1,0,0,598.0,0
CTACGTCCATTCACTT-JHA710A3,JHA710A3,A3,2.522102375158147,1,1,1,0,0,0,0,873.0,0
CTACGTCGTCGGGTCT-JHA710A3,JHA710A3,A3,0.0,2,0,0,0,0,0,0,1085.0,0
CTACGTCGTGCAGTAG-JHA710A3,JHA710A3,A3,0.0,1,0,0,0,0,0,0,611.0,0
CTACGTCGTTCGGCAC-JHA710A3,JHA710A3,A3,0.0,2,0,0,0,0,0,0,1285.0,0
CTACGTCTCCACGTGG-JHA710A3,JHA710A3,A3,0.0,2,0,0,0,0,0,0,1191.0,0
CTACGTCTCCTATTCA-JHA710A3,JHA710A3,A3,2.1310734943806255,0,1,0,0,0,0,0,1347.0,0
CTACGTCTCTGTCAAG-JHA710A3,JHA710A3,A3,0.0,1,0,0,0,0,0,0,1124.0,0
CTACGTCTCTTGTTTG-JHA710A3,JHA710A3,A3,2.1097739295290716,2,1,1,1,1,0,0,1380.0,0
CTAGAGTAGCCAGTTT-JHA710A3,JHA710A3,A3,0.0,1,0,0,0,0,0,0,743.0,0
CTAGAGTAGCGATGAC-JHA710A3,JHA710A3,A3,2.5092073744533017,3,1,1,1,1,1,0,2656.0,0
CTAGAGTAGCGTTCCG-JHA710A3,JHA710A3,A3,2.869324244107872,2,1,1,1,1,0,0,1203.0,0
CTAGAGTAGGTCATCT-JHA710A3,JHA710A3,A3,5.731000766681233,2,1,1,1,1,0,0,1855.0,0
CTAGAGTAGGTGCACA-JHA710A3,JHA710A3,A3,0.0,1,0,0,0,0,0,0,824.0,0
CTAGAGTCACAGAGGT-JHA710A3,JHA710A3,A3,0.0,1,0,0,0,0,0,0,1738.0,0
CTAGAGTCACTCAGGC-JHA710A3,JHA710A3,A3,1.6412204220788607,2,1,1,1,1,0,0,2403.0,0
CTAGAGTCAGTAAGAT-JHA710A3,JHA710A3,A3,1.6859428086385608,2,1,1,1,1,0,0,4548.0,0
CTAGCCTAGGTAAACT-JHA710A3,JHA710A3,A3,6.2587833135299,2,1,1,1,1,0,0,1112.0,0
CTAGCCTCAACTTGAC-JHA710A3,JHA710A3,A3,1.5877167468149538,4,1,1,1,1,1,0,2569.0,0
CTAGCCTCACCCATTC-JHA710A3,JHA710A3,A3,1.5217818593718582,2,1,1,1,1,0,0,2793.0,0
CTAGCCTCATGATCCA-JHA710A3,JHA710A3,A3,2.354502596716878,1,1,1,0,0,0,0,1049.0,1
CTAGCCTGTAGATTAG-JHA710A3,JHA710A3,A3,0.0,1,0,0,0,0,0,0,859.0,0
CTAGCCTGTTAAGTAG-JHA710A3,JHA710A3,A3,6.657139939273139,4,1,1,1,1,1,0,3898.0,0
CTAGCCTTCGGAAACG-JHA710A3,JHA710A3,A3,2.4446327506500602,2,1,1,1,1,0,0,950.0,0
CTAGCCTTCTCCAACC-JHA710A3,JHA710A3,A3,0.0,1,0,0,0,0,0,0,870.0,0
CTAGTGAAGTCGATAA-JHA710A3,JHA710A3,A3,0.0,1,0,0,0,0,0,0,1058.0,0
CTAGTGACAAATACAG-JHA710A3,JHA710A3,A3,2.854549518701995,2,1,1,1,1,0,0,1833.0,0
CTAGTGATCCAACCAA-JHA710A3,JHA710A3,A3,0.0,2,0,0,0,0,0,0,1375.0,0
CTAGTGATCCTTAATC-JHA710A3,JHA710A3,A3,2.10153943691831,2,1,1,1,1,0,0,1393.0,0
CTAGTGATCTTACCGC-JHA710A3,JHA710A3,A3,0.0,2,0,0,0,0,0,0,1170.0,0
CTCACACAGAGTACAT-JHA710A3,JHA710A3,A3,0.0,1,0,0,0,0,0,0,909.0,0
CTCACACAGCGTTTAC-JHA710A3,JHA710A3,A3,5.710583033080767,2,1,1,1,1,0,0,764.0,0
CTCACACAGGAATGGA-JHA710A3,JHA710A3,A3,2.678863107244799,2,1,1,1,1,0,0,737.0,0
CTCACACCACACGCTG-JHA710A3,JHA710A3,A3,8.120836037206056,3,1,1,1,1,1,1,2147.0,0
CTCACACGTTGATTCG-JHA710A3,JHA710A3,A3,2.881163762741827,1,1,1,0,0,0,0,594.0,0
CTCACACTCTGCGTAA-JHA710A3,JHA710A3,A3,0.0,1,0,0,0,0,0,0,1100.0,0
CTCAGAAAGGATGCGT-JHA710A3,JHA710A3,A3,2.4484868026519853,2,1,1,1,1,0,0,1892.0,0
CTCAGAAAGGGTTCCC-JHA710A3,JHA710A3,A3,2.3067355997192722,2,1,1,1,1,0,0,1106.0,0
CTCAGAAAGTCGCCGT-JHA710A3,JHA710A3,A3,2.4880290694430274,2,1,1,1,1,0,0,906.0,0
CTCAGAAGTGCTTCTC-JHA710A3,JHA710A3,A3,0.0,1,0,0,0,0,0,0,636.0,0
CTCAGAATCTCGGACG-JHA710A3,JHA710A3,A3,1.7537649847906391,4,1,1,1,1,1,0,6281.0,1
CTCATTAAGACAAGCC-JHA710A3,JHA710A3,A3,0.0,1,0,0,0,0,0,0,1288.0,0
CTCATTAAGAGTGACC-JHA710A3,JHA710A3,A3,0.0,2,0,0,0,0,0,0,1033.0,0
CTCATTAAGCAGATCG-JHA710A3,JHA710A3,A3,0.0,2,0,0,0,0,0,0,1499.0,0
CTCATTAAGGCTCAGA-JHA710A3,JHA710A3,A3,7.2811192159811675,2,1,1,1,1,0,0,806.0,0
CTCATTACACGGCTAC-JHA710A3,JHA710A3,A3,7.11358574821583,3,1,1,1,1,1,0,1670.0,0
CTCATTACATTAGCCA-JHA710A3,JHA710A3,A3,0.0,2,0,0,0,0,0,0,1607.0,0
CTCATTAGTCAGGACA-JHA710A3,JHA710A3,A3,6.7188602260412535,2,1,1,1,1,0,0,774.0,0
CTCATTAGTCTAGTGT-JHA710A3,JHA710A3,A3,2.285044688700701,1,1,1,0,0,0,0,1133.0,0
CTCATTAGTTCTGAAC-JHA710A3,JHA710A3,A3,0.0,2,0,0,0,0,0,0,3597.0,0
CTCATTATCCGCATCT-JHA710A3,JHA710A3,A3,2.375472808742538,1,1,1,0,0,0,0,2050.0,1
CTCATTATCGTCCAGG-JHA710A3,JHA710A3,A3,7.779588017895113,3,1,1,1,1,1,1,1071.0,0
CTCCTAGAGGAGTAGA-JHA710A3,JHA710A3,A3,7.918178301535843,3,1,1,1,1,1,1,2360.0,0
CTCCTAGAGGTGTTAA-JHA710A3,JHA710A3,A3,2.6776003063820424,2,1,1,1,1,0,0,738.0,0
CTCCTAGCAACTTGAC-JHA710A3,JHA710A3,A3,2.11488466448506,2,1,1,1,1,0,0,1372.0,0
CTCCTAGCACCAGATT-JHA710A3,JHA710A3,A3,0.0,1,0,0,0,0,0,0,1067.0,0
CTCCTAGCATACGCCG-JHA710A3,JHA710A3,A3,0.0,2,0,0,0,0,0,0,716.0,1
CTCCTAGGTTATCACG-JHA710A3,JHA710A3,A3,2.566427554330848,1,1,1,0,0,0,0,832.0,0
CTCCTAGTCGAATGGG-JHA710A3,JHA710A3,A3,8.22556995306461,3,1,1,1,1,1,1,873.0,0
CTCCTAGTCTAAGCCA-JHA710A3,JHA710A3,A3,0.0,0,0,0,0,0,0,0,1114.0,0
CTCCTAGTCTGAGGGA-JHA710A3,JHA710A3,A3,2.0773443720891125,1,1,1,0,0,0,0,1432.0,0
CTCGAAACATATGGTC-JHA710A3,JHA710A3,A3,6.544307844925154,2,1,1,1,1,0,0,821.0,0
CTCGAAATCAGATAAG-JHA710A3,JHA710A3,A3,3.152582872745752,2,1,1,1,1,0,0,893.0,0
CTCGAAATCAGGCGAA-JHA710A3,JHA710A3,A3,2.111048493736989,1,1,1,0,0,0,0,1378.0,0
CTCGAGGAGCTTTGGT-JHA710A3,JHA710A3,A3,2.7143259804110995,2,1,1,1,1,0,0,1419.0,0
CTCGAGGCACCAGCAC-JHA710A3,JHA710A3,A3,0.0,2,0,0,0,0,0,0,959.0,0
CTCGAGGCAGCCTTTC-JHA710A3,JHA710A3,A3,0.0,2,0,0,0,0,0,0,2160.0,0
CTCGAGGCAGGTCTCG-JHA710A3,JHA710A3,A3,0.0,1,0,0,0,0,0,0,768.0,0
CTCGAGGGTAAGGGAA-JHA710A3,JHA710A3,A3,0.0,1,0,0,0,0,0,0,842.0,0
CTCGAGGGTAGCAAAT-JHA710A3,JHA710A3,A3,0.0,1,0,0,0,0,0,0,1203.0,0
CTCGAGGGTGACTACT-JHA710A3,JHA710A3,A3,2.8806342167653396,2,1,1,1,1,0,0,1783.0,1
CTCGAGGGTTAAAGTG-JHA710A3,JHA710A3,A3,2.611999006073166,1,1,1,0,0,0,0,792.0,0
CTCGAGGGTTACCAGT-JHA710A3,JHA710A3,A3,0.0,0,0,0,0,0,0,0,696.0,0
CTCGAGGTCCACGAAT-JHA710A3,JHA710A3,A3,0.0,2,0,0,0,0,0,0,1702.0,0
CTCGAGGTCCCGGATG-JHA710A3,JHA710A3,A3,4.729708324157996,3,1,1,1,1,1,0,2316.0,0
CTCGAGGTCCTACAGA-JHA710A3,JHA710A3,A3,0.0,3,0,0,0,0,0,0,1540.0,0
CTCGAGGTCTACCAGA-JHA710A3,JHA710A3,A3,0.0,2,0,0,0,0,0,0,2001.0,0
CTCGGAGAGTGACATA-JHA710A3,JHA710A3,A3,3.5179540011581443,1,1,1,0,0,0,0,917.0,0
CTCGGAGCACCGATAT-JHA710A3,JHA710A3,A3,0.0,1,0,0,0,0,0,0,605.0,0
CTCGGAGGTCATCCCT-JHA710A3,JHA710A3,A3,2.7834363501866295,0,1,0,0,0,0,0,659.0,0
CTCGGAGGTCATCGGC-JHA710A3,JHA710A3,A3,2.5210495220503306,2,1,1,1,1,0,0,874.0,0
CTCGGAGGTCATGCCG-JHA710A3,JHA710A3,A3,2.896658603124852,2,1,1,1,1,0,0,1753.0,0
CTCGGAGGTGACAAAT-JHA710A3,JHA710A3,A3,5.723566413402668,2,1,1,1,1,0,0,2623.0,0
CTCGGAGGTTTGACTG-JHA710A3,JHA710A3,A3,1.8686359473435419,2,1,1,1,1,0,0,1825.0,0
CTCGGAGTCCAAGTAC-JHA710A3,JHA710A3,A3,2.6613484007210935,1,1,1,0,0,0,0,1502.0,0
CTCGGAGTCTATCCTA-JHA710A3,JHA710A3,A3,4.723782250365057,2,1,1,1,1,0,0,1613.0,0
CTCGGAGTCTCTGAGA-JHA710A3,JHA710A3,A3,2.2994411425040777,1,1,1,0,0,0,0,1115.0,0
CTCGGGACAAATCCGT-JHA710A3,JHA710A3,A3,0.0,1,0,0,0,0,0,0,804.0,0
CTCGGGACACCTTGTC-JHA710A3,JHA710A3,A3,0.0,2,0,0,0,0,0,0,921.0,0
CTCGGGACAGCTATTG-JHA710A3,JHA710A3,A3,0.0,1,0,0,0,0,0,0,1345.0,0
CTCGGGAGTCGCTTCT-JHA710A3,JHA710A3,A3,0.0,1,0,0,0,0,0,0,630.0,0
CTCGGGAGTTCGCTAA-JHA710A3,JHA710A3,A3,2.52844697628231,2,1,1,1,1,0,0,1734.0,0
CTCGGGATCGCTAGCG-JHA710A3,JHA710A3,A3,2.763727137269237,2,1,1,1,1,0,0,673.0,0
CTCGGGATCTGTTTGT-JHA710A3,JHA710A3,A3,8.150856446424182,2,1,1,1,1,0,1,808.0,0
CTCGTACCAACTGCTA-JHA710A3,JHA710A3,A3,0.0,0,0,0,0,0,0,0,609.0,1
CTCGTACCATGCATGT-JHA710A3,JHA710A3,A3,0.0,2,0,0,0,0,0,0,699.0,0
CTCGTACGTCAGGACA-JHA710A3,JHA710A3,A3,2.6178687359580257,2,1,1,1,1,0,0,787.0,0
CTCGTACTCAGTTTGG-JHA710A3,JHA710A3,A3,0.0,2,0,0,0,0,0,0,848.0,0
CTCGTACTCGAGGTAG-JHA710A3,JHA710A3,A3,1.934680448468453,2,1,1,1,1,0,0,5066.0,0
CTCGTCACAGGTCTCG-JHA710A3,JHA710A3,A3,3.126167920693723,2,1,1,1,1,0,0,918.0,0
CTCGTCACAGGTGCCT-JHA710A3,JHA710A3,A3,3.710973987820179,1,1,1,0,0,0,0,752.0,0
CTCGTCAGTAGCCTAT-JHA710A3,JHA710A3,A3,0.0,3,0,0,0,0,0,0,1401.0,0
CTCGTCAGTCACCCAG-JHA710A3,JHA710A3,A3,2.1873305036910207,1,1,1,0,0,0,0,1264.0,0
CTCGTCAGTTAGATGA-JHA710A3,JHA710A3,A3,0.0,1,0,0,0,0,0,0,705.0,0
CTCTAATAGAAACCGC-JHA710A3,JHA710A3,A3,3.303249081699906,2,1,1,1,1,0,0,1145.0,0
CTCTAATAGAGCCCAA-JHA710A3,JHA710A3,A3,8.442010813330782,2,1,1,1,1,0,1,895.0,0
CTCTAATAGCAGACTG-JHA710A3,JHA710A3,A3,8.231637720203876,3,1,1,1,1,1,1,1432.0,0
CTCTAATCAATCTACG-JHA710A3,JHA710A3,A3,0.0,2,0,0,0,0,0,0,2259.0,0
CTCTAATCAGTAAGCG-JHA710A3,JHA710A3,A3,0.0,2,0,0,0,0,0,0,813.0,0
CTCTAATGTCACCTAA-JHA710A3,JHA710A3,A3,0.0,2,0,0,0,0,0,0,867.0,0
CTCTAATTCATAAAGG-JHA710A3,JHA710A3,A3,0.0,2,0,0,0,0,0,0,655.0,1
CTCTAATTCCTCAATT-JHA710A3,JHA710A3,A3,2.7834363501866295,2,1,1,1,1,0,0,1318.0,0
CTCTAATTCTCTAAGG-JHA710A3,JHA710A3,A3,3.233584344073141,2,1,1,1,1,0,0,1231.0,0
CTCTACGAGATCCGAG-JHA710A3,JHA710A3,A3,0.0,0,0,0,0,0,0,0,834.0,0
CTCTACGAGCGCTCCA-JHA710A3,JHA710A3,A3,2.4799710762920273,0,1,0,0,0,0,0,914.0,0
CTCTACGCACCACCAG-JHA710A3,JHA710A3,A3,3.237494243605309,2,1,1,1,1,0,0,1226.0,0
CTCTACGCATAACCTG-JHA710A3,JHA710A3,A3,0.0,1,0,0,0,0,0,0,857.0,0
CTCTACGCATCGATGT-JHA710A3,JHA710A3,A3,2.756103173937114,1,1,1,0,0,0,0,1357.0,0
CTCTACGTCACAGGCC-JHA710A3,JHA710A3,A3,0.0,0,0,0,0,0,0,0,678.0,0
CTCTACGTCGTCACGG-JHA710A3,JHA710A3,A3,0.0,1,0,0,0,0,0,0,625.0,0
CTCTGGTAGAGACGAA-JHA710A3,JHA710A3,A3,2.6166915944017415,0,1,0,0,0,0,0,788.0,0
CTCTGGTAGCCTCGTG-JHA710A3,JHA710A3,A3,0.0,2,0,0,0,0,0,0,894.0,0
CTCTGGTAGCGATGAC-JHA710A3,JHA710A3,A3,2.720268398211515,1,1,1,0,0,0,0,705.0,0
CTCTGGTCAAGTAATG-JHA710A3,JHA710A3,A3,0.0,1,0,0,0,0,0,0,1520.0,0
CTCTGGTCAAGTCTGT-JHA710A3,JHA710A3,A3,0.0,2,0,0,0,0,0,0,1217.0,0
CTCTGGTCAATACGCT-JHA710A3,JHA710A3,A3,1.4144674007888403,2,1,1,1,1,0,0,3211.0,0
CTCTGGTCACGGCTAC-JHA710A3,JHA710A3,A3,2.6309241979069813,1,1,1,0,0,0,0,776.0,0
CTCTGGTCAGTTAACC-JHA710A3,JHA710A3,A3,1.7756918883605712,2,1,1,1,1,0,0,2039.0,0
CTCTGGTCATATACCG-JHA710A3,JHA710A3,A3,4.133591741254249,4,1,1,1,1,1,0,4723.0,0
CTCTGGTGTAGCGCTC-JHA710A3,JHA710A3,A3,8.570458484634855,2,1,1,1,1,0,1,1009.0,0
CTCTGGTTCGTCTGCT-JHA710A3,JHA710A3,A3,2.5554027455779567,1,1,1,0,0,0,0,842.0,0
CTGAAACAGCAGACTG-JHA710A3,JHA710A3,A3,2.4446327506500602,2,1,1,1,1,0,0,950.0,0
CTGAAACCAGACAGGT-JHA710A3,JHA710A3,A3,2.750599640459065,2,1,1,1,1,0,0,1365.0,0
CTGAAACCAGTAGAGC-JHA710A3,JHA710A3,A3,0.0,2,0,0,0,0,0,0,784.0,0
CTGAAACCAGTCTTCC-JHA710A3,JHA710A3,A3,1.9508981194932695,0,1,0,0,0,0,0,1657.0,0
CTGAAACCATCACAAC-JHA710A3,JHA710A3,A3,6.1351527863863975,2,1,1,1,1,0,0,2322.0,0
CTGAAACCATCCGTGG-JHA710A3,JHA710A3,A3,4.062903036387282,2,1,1,1,1,0,0,700.0,0
CTGAAACGTATCACCA-JHA710A3,JHA710A3,A3,0.0,1,0,0,0,0,0,0,869.0,0
CTGAAACGTATTAGCC-JHA710A3,JHA710A3,A3,2.7877176038360814,2,1,1,1,1,0,0,656.0,0
CTGAAACGTCATGCAT-JHA710A3,JHA710A3,A3,2.961462023327332,1,1,1,0,0,0,0,1637.0,0
CTGAAACGTCGAGATG-JHA710A3,JHA710A3,A3,2.9731223700249396,2,1,1,1,1,0,0,2695.0,0
CTGAAACGTGACAAAT-JHA710A3,JHA710A3,A3,7.571649113437358,2,1,1,1,1,0,1,716.0,0
CTGAAACGTTGAGGTG-JHA710A3,JHA710A3,A3,0.0,0,0,0,0,0,0,0,912.0,0
CTGAAACGTTTGACTG-JHA710A3,JHA710A3,A3,2.6845684592074934,2,1,1,1,1,0,0,1465.0,1
CTGAAACTCACATAGC-JHA710A3,JHA710A3,A3,0.0,2,0,0,0,0,0,0,754.0,0
CTGAAACTCGGTTAAC-JHA710A3,JHA710A3,A3,2.680127740482587,3,1,1,1,1,1,0,736.0,0
CTGAAGTAGCGACGTA-JHA710A3,JHA710A3,A3,0.0,2,0,0,0,0,0,0,722.0,0
CTGAAGTCACGGACAA-JHA710A3,JHA710A3,A3,1.7096334602487382,2,1,1,1,1,0,0,2209.0,0
CTGAAGTCATACAGCT-JHA710A3,JHA710A3,A3,2.8530084327453045,2,1,1,1,1,0,0,612.0,0
CTGAAGTCATCACCCT-JHA710A3,JHA710A3,A3,0.0,2,0,0,0,0,0,0,944.0,0
CTGAAGTCATCGGACC-JHA710A3,JHA710A3,A3,0.0,0,0,0,0,0,0,0,594.0,0
CTGAAGTGTAACGCGA-JHA710A3,JHA710A3,A3,8.333618312228358,3,1,1,1,1,1,1,1608.0,0
CTGAAGTGTAAGGGAA-JHA710A3,JHA710A3,A3,3.3498236813856344,0,1,0,0,0,0,0,1091.0,0
CTGAAGTGTATAGGGC-JHA710A3,JHA710A3,A3,0.0,2,0,0,0,0,0,0,1043.0,0
CTGAAGTTCTAGCACA-JHA710A3,JHA710A3,A3,0.0,2,0,0,0,0,0,0,1325.0,0
CTGATAGAGAGCTGCA-JHA710A3,JHA710A3,A3,2.404283321533691,2,1,1,1,1,0,0,993.0,0
CTGATAGAGCGTGAGT-JHA710A3,JHA710A3,A3,0.0,1,0,0,0,0,0,0,1156.0,0
CTGATAGCAAGCCATT-JHA710A3,JHA710A3,A3,2.0515127661548256,2,1,1,1,1,0,0,1475.0,0
CTGATAGCACACGCTG-JHA710A3,JHA710A3,A3,2.5085158883890646,2,1,1,1,1,0,0,886.0,0
CTGATAGCATATGAGA-JHA710A3,JHA710A3,A3,7.921091376885099,3,1,1,1,1,1,1,2847.0,0
CTGATAGGTAGGCATG-JHA710A3,JHA710A3,A3,2.5642112138590973,0,1,0,0,0,0,0,834.0,0
CTGATAGTCACCGTAA-JHA710A3,JHA710A3,A3,1.9184765875116407,2,1,1,1,1,0,0,1721.0,0
CTGATAGTCAGGCGAA-JHA710A3,JHA710A3,A3,0.0,0,0,0,0,0,0,0,1577.0,0
CTGATAGTCGATGAGG-JHA710A3,JHA710A3,A3,2.475471972571242,1,1,1,0,0,0,0,1837.0,0
CTGATCCAGAGACTAT-JHA710A3,JHA710A3,A3,0.0,2,0,0,0,0,0,0,2839.0,0
CTGATCCCACCGGAAA-JHA710A3,JHA710A3,A3,2.7834363501866295,2,1,1,1,1,0,0,1318.0,0
CTGATCCCAGGGTACA-JHA710A3,JHA710A3,A3,0.0,2,0,0,0,0,0,0,893.0,0
CTGATCCCATGCATGT-JHA710A3,JHA710A3,A3,0.0,1,0,0,0,0,0,0,1151.0,0
CTGATCCGTATAGGTA-JHA710A3,JHA710A3,A3,1.9395939792010246,1,1,1,0,0,0,0,1679.0,0
CTGATCCTCCCTAATT-JHA710A3,JHA710A3,A3,2.303891134747844,3,1,1,1,1,1,0,2219.0,0
CTGATCCTCGTCGTTC-JHA710A3,JHA710A3,A3,3.524857311822493,2,1,1,1,1,0,0,607.0,0
CTGCCTAAGAATAGGG-JHA710A3,JHA710A3,A3,2.999921957839141,2,1,1,1,1,0,0,1572.0,0
CTGCCTAAGCACCGTC-JHA710A3,JHA710A3,A3,2.8287071404115056,2,1,1,1,1,0,0,628.0,0
CTGCCTAAGCGCTCCA-JHA710A3,JHA710A3,A3,0.0,1,0,0,0,0,0,0,719.0,0
CTGCCTACACCGTTGG-JHA710A3,JHA710A3,A3,8.227528630788175,1,1,1,0,0,0,1,890.0,0
CTGCCTACAGGAATCG-JHA710A3,JHA710A3,A3,2.6763393329100147,2,1,1,1,1,0,0,739.0,0
CTGCCTAGTAGCTCCG-JHA710A3,JHA710A3,A3,2.2755863298316292,1,1,1,0,0,0,0,1145.0,0
CTGCCTAGTCGTGGCT-JHA710A3,JHA710A3,A3,2.8168011890227884,2,1,1,1,1,0,0,1272.0,0
CTGCCTAGTGAAATCA-JHA710A3,JHA710A3,A3,3.6159909292798242,2,1,1,1,1,0,0,829.0,0
CTGCCTAGTGACAAAT-JHA710A3,JHA710A3,A3,2.71564303847989,1,1,1,0,0,0,0,1417.0,0
CTGCCTAGTTTACTCT-JHA710A3,JHA710A3,A3,0.0,2,0,0,0,0,0,0,789.0,0
CTGCCTATCACAATGC-JHA710A3,JHA710A3,A3,0.0,3,0,0,0,0,0,0,4467.0,1
CTGCGGAAGTGAACAT-JHA710A3,JHA710A3,A3,2.9617517023525437,0,1,0,0,0,0,0,1091.0,0
CTGCGGAGTAAGAGAG-JHA710A3,JHA710A3,A3,0.0,2,0,0,0,0,0,0,1117.0,0
CTGCGGAGTCAAACTC-JHA710A3,JHA710A3,A3,2.5095533286607186,2,1,1,1,1,0,0,885.0,0
CTGCGGAGTTAAGATG-JHA710A3,JHA710A3,A3,0.0,1,0,0,0,0,0,0,678.0,0
CTGCGGAGTTTGTTTC-JHA710A3,JHA710A3,A3,3.0894211664646236,2,1,1,1,1,0,0,954.0,1
CTGCGGATCACGACTA-JHA710A3,JHA710A3,A3,0.0,1,0,0,0,0,0,0,1094.0,0
CTGCGGATCCCAACGG-JHA710A3,JHA710A3,A3,2.2914117923959205,2,1,1,1,1,0,0,1125.0,0
CTGCGGATCGTTTATC-JHA710A3,JHA710A3,A3,1.9724294979835366,3,1,1,1,1,1,0,1616.0,0
CTGCGGATCTTGCAAG-JHA710A3,JHA710A3,A3,2.553214716022599,2,1,1,1,1,0,0,844.0,0
CTGCTGTAGCACCGTC-JHA710A3,JHA710A3,A3,0.0,1,0,0,0,0,0,0,734.0,0
CTGCTGTAGGTGCACA-JHA710A3,JHA710A3,A3,0.0,0,0,0,0,0,0,0,678.0,0
CTGCTGTCAAGTAGTA-JHA710A3,JHA710A3,A3,0.0,1,0,0,0,0,0,0,601.0,0
CTGCTGTCACAGACAG-JHA710A3,JHA710A3,A3,2.5543080314703266,2,1,1,1,1,0,0,843.0,0
CTGCTGTGTACTTCTT-JHA710A3,JHA710A3,A3,7.260044477451623,2,1,1,1,1,0,0,788.0,0
CTGCTGTGTCGGATCC-JHA710A3,JHA710A3,A3,1.4214615477091352,3,1,1,1,1,1,0,6363.0,0
CTGCTGTGTTCCATGA-JHA710A3,JHA710A3,A3,1.8771417506399477,3,1,1,1,1,1,0,14454.0,1
CTGGTCTAGGACACCA-JHA710A3,JHA710A3,A3,2.506444801339132,0,1,0,0,0,0,0,1776.0,0
CTGGTCTAGTACGTTC-JHA710A3,JHA710A3,A3,0.0,1,0,0,0,0,0,0,959.0,0
CTGGTCTAGTGGTCCC-JHA710A3,JHA710A3,A3,6.009527811485395,2,1,1,1,1,0,0,763.0,0
CTGGTCTGTATATGAG-JHA710A3,JHA710A3,A3,2.1469341701990836,1,1,1,0,0,0,0,2646.0,0
CTGGTCTTCATCGATG-JHA710A3,JHA710A3,A3,2.0259456223307337,2,1,1,1,1,0,0,3038.0,0
CTGGTCTTCCTGTACC-JHA710A3,JHA710A3,A3,2.449936639011645,2,1,1,1,1,0,0,1889.0,0
CTGGTCTTCGTTTAGG-JHA710A3,JHA710A3,A3,2.782013862699364,2,1,1,1,1,0,0,660.0,0
CTGGTCTTCTCTGAGA-JHA710A3,JHA710A3,A3,2.316563717633253,1,1,1,0,0,0,0,1094.0,0
CTGGTCTTCTGGTGTA-JHA710A3,JHA710A3,A3,0.0,2,0,0,0,0,0,0,883.0,0
CTGTGCTCACGTGAGA-JHA710A3,JHA710A3,A3,0.0,2,0,0,0,0,0,0,780.0,0
CTGTGCTCATGTAAGA-JHA710A3,JHA710A3,A3,2.335314702964585,2,1,1,1,1,0,0,2143.0,0
CTGTGCTGTGCGAAAC-JHA710A3,JHA710A3,A3,2.9004392757326394,1,1,1,0,0,0,0,1164.0,0
CTGTGCTGTGTTGGGA-JHA710A3,JHA710A3,A3,2.819762739627058,1,1,1,0,0,0,0,634.0,0
CTGTGCTTCTCCAACC-JHA710A3,JHA710A3,A3,2.48231340601911,1,1,1,0,0,0,0,2735.0,0
CTGTTTAAGCTGCGAA-JHA710A3,JHA710A3,A3,8.357539337162134,3,1,1,1,1,1,1,1340.0,0
CTGTTTACAGCGTTCG-JHA710A3,JHA710A3,A3,0.0,1,0,0,0,0,0,0,746.0,0
CTGTTTAGTCAGATAA-JHA710A3,JHA710A3,A3,2.07551397826316,2,1,1,1,1,0,0,1435.0,0
CTGTTTAGTGTAAGTA-JHA710A3,JHA710A3,A3,2.275194606087437,1,1,1,0,0,0,0,2291.0,0
CTGTTTATCCTAGAAC-JHA710A3,JHA710A3,A3,2.7215944262099674,1,1,1,0,0,0,0,704.0,0
CTGTTTATCGGCGGTT-JHA710A3,JHA710A3,A3,0.0,2,0,0,0,0,0,0,685.0,0
CTGTTTATCTCTTGAT-JHA710A3,JHA710A3,A3,4.101574430981617,2,1,1,1,1,0,0,673.0,0
CTTAACTAGCAGGCTA-JHA710A3,JHA710A3,A3,0.0,1,0,0,0,0,0,0,4183.0,0
CTTAACTAGTGGAGAA-JHA710A3,JHA710A3,A3,0.0,1,0,0,0,0,0,0,909.0,0
CTTAACTCAAGAGTCG-JHA710A3,JHA710A3,A3,1.9738959097964743,2,1,1,1,1,0,0,6453.0,1
CTTAACTCATCGTCGG-JHA710A3,JHA710A3,A3,3.124087248135773,2,1,1,1,1,0,0,920.0,0
CTTAACTGTACCATCA-JHA710A3,JHA710A3,A3,1.7997202939413481,1,1,1,0,0,0,0,1981.0,0
CTTAACTGTGACCAAG-JHA710A3,JHA710A3,A3,8.308514329323657,2,1,1,1,1,0,1,1676.0,0
CTTAACTGTTCAGCGC-JHA710A3,JHA710A3,A3,0.0,1,0,0,0,0,0,0,625.0,0
CTTAACTTCACGCGGT-JHA710A3,JHA710A3,A3,8.374955484160102,3,1,1,1,1,1,1,851.0,0
CTTACCGAGACTGTAA-JHA710A3,JHA710A3,A3,0.0,0,0,0,0,0,0,0,649.0,0
CTTACCGAGTGGGATC-JHA710A3,JHA710A3,A3,0.0,1,0,0,0,0,0,0,1213.0,0
CTTACCGAGTGTTAGA-JHA710A3,JHA710A3,A3,2.9819675610831395,1,1,1,0,0,0,0,1068.0,0
CTTACCGCAGGTCGTC-JHA710A3,JHA710A3,A3,0.0,1,0,0,0,0,0,0,1613.0,0
CTTACCGCAGGTGCCT-JHA710A3,JHA710A3,A3,2.059828834746,1,1,1,0,0,0,0,1461.0,0
CTTACCGGTAGAGCTG-JHA710A3,JHA710A3,A3,0.0,3,0,0,0,0,0,0,2405.0,0
CTTACCGGTATGAATG-JHA710A3,JHA710A3,A3,2.839257370388061,2,1,1,1,1,0,0,1242.0,0
CTTACCGGTGACGGTA-JHA710A3,JHA710A3,A3,2.8362302219925604,1,1,1,0,0,0,0,623.0,0
CTTACCGTCAGAGCTT-JHA710A3,JHA710A3,A3,2.6357209039067135,2,1,1,1,1,0,0,772.0,0
CTTACCGTCCAAGTAC-JHA710A3,JHA710A3,A3,2.7215944262099674,2,1,1,1,1,0,0,1408.0,0
CTTACCGTCCAGAGGA-JHA710A3,JHA710A3,A3,0.0,3,0,0,0,0,0,0,1530.0,0
CTTAGGAGTTATGCGT-JHA710A3,JHA710A3,A3,0.0,2,0,0,0,0,0,0,866.0,0
CTTAGGATCGGGAGTA-JHA710A3,JHA710A3,A3,0.0,2,0,0,0,0,0,0,670.0,0
CTTAGGATCTGTCTAT-JHA710A3,JHA710A3,A3,7.770699037229664,3,1,1,1,1,1,1,1490.0,0
CTTCTCTAGGCAAAGA-JHA710A3,JHA710A3,A3,2.147379323522913,3,1,1,1,1,1,0,3967.0,0
CTTCTCTAGTCTCAAC-JHA710A3,JHA710A3,A3,0.0,1,0,0,0,0,0,0,913.0,0
CTTCTCTAGTGATCGG-JHA710A3,JHA710A3,A3,1.4067374834318334,2,1,1,1,1,0,0,3244.0,0
CTTCTCTCACCGAATT-JHA710A3,JHA710A3,A3,2.345066087970213,2,1,1,1,1,0,0,1060.0,0
CTTCTCTCACGACGAA-JHA710A3,JHA710A3,A3,0.0,1,0,0,0,0,0,0,594.0,0
CTTCTCTCAGTAAGCG-JHA710A3,JHA710A3,A3,1.742662943337302,1,1,1,0,0,0,0,2122.0,0
CTTCTCTGTCTAGGTT-JHA710A3,JHA710A3,A3,3.642173547596456,2,1,1,1,1,0,0,807.0,1
CTTCTCTGTCTCTCGT-JHA710A3,JHA710A3,A3,2.576472577618077,1,1,1,0,0,0,0,1646.0,0
CTTCTCTGTTGGGACA-JHA710A3,JHA710A3,A3,2.6584632594128683,3,1,1,1,1,1,0,2260.0,0
CTTCTCTTCAACGAAA-JHA710A3,JHA710A3,A3,3.8217208187328198,2,1,1,1,1,0,0,1119.0,0
CTTCTCTTCCAAAGTC-JHA710A3,JHA710A3,A3,2.3493420473813797,2,1,1,1,1,0,0,1055.0,0
CTTCTCTTCCATGCTC-JHA710A3,JHA710A3,A3,2.87957606515677,1,1,1,0,0,0,0,595.0,0
CTTGGCTAGAGCTGCA-JHA710A3,JHA710A3,A3,8.06785529498545,3,1,1,1,1,1,1,856.0,0
CTTGGCTAGATGTGTA-JHA710A3,JHA710A3,A3,2.9335160833731875,0,1,0,0,0,0,0,1124.0,0
CTTGGCTAGGTGCACA-JHA710A3,JHA710A3,A3,3.3840521889178845,1,1,1,0,0,0,0,702.0,0
CTTGGCTAGTTAGCGG-JHA710A3,JHA710A3,A3,3.135589873093944,2,1,1,1,1,0,0,909.0,0
CTTGGCTCACTGTTAG-JHA710A3,JHA710A3,A3,0.0,1,0,0,0,0,0,0,1137.0,0
CTTGGCTCAGCTCGCA-JHA710A3,JHA710A3,A3,2.4581999019261933,1,1,1,0,0,0,0,936.0,0
CTTGGCTGTAAGTAGT-JHA710A3,JHA710A3,A3,7.221114873688012,1,1,1,0,0,0,0,673.0,0
CTTGGCTTCGGTGTCG-JHA710A3,JHA710A3,A3,2.3484850817412446,2,1,1,1,1,0,0,1056.0,0
CTTTGCGAGAGGTAGA-JHA710A3,JHA710A3,A3,3.425317743558874,2,1,1,1,1,0,0,1009.0,0
CTTTGCGAGCACGCCT-JHA710A3,JHA710A3,A3,0.0,0,0,0,0,0,0,0,1503.0,0
CTTTGCGCATGCGCAC-JHA710A3,JHA710A3,A3,2.2181168275541614,0,1,0,0,0,0,0,1221.0,0
CTTTGCGCATGGGAAC-JHA710A3,JHA710A3,A3,0.0,2,0,0,0,0,0,0,614.0,0
CTTTGCGGTCCAACTA-JHA710A3,JHA710A3,A3,1.6116816829082714,3,1,1,1,1,1,0,2493.0,0
CTTTGCGTCAGGTTCA-JHA710A3,JHA710A3,A3,0.0,1,0,0,0,0,0,0,809.0,0
GAAACTCAGAGTACAT-JHA710A3,JHA710A3,A3,2.0383325694244743,1,1,1,0,0,0,0,2995.0,0
GAAACTCAGATAGCAT-JHA710A3,JHA710A3,A3,0.0,0,0,0,0,0,0,0,864.0,0
GAAACTCAGCTAGGCA-JHA710A3,JHA710A3,A3,0.0,3,0,0,0,0,0,0,1918.0,0
GAAACTCCAGACTCGC-JHA710A3,JHA710A3,A3,0.0,1,0,0,0,0,0,0,2074.0,0
GAAACTCCAGGCGATA-JHA710A3,JHA710A3,A3,2.539127393634072,2,1,1,1,1,0,0,857.0,0
GAAACTCTCAGTACGT-JHA710A3,JHA710A3,A3,7.465487738674735,3,1,1,1,1,1,0,2446.0,0
GAAACTCTCTATCCCG-JHA710A3,JHA710A3,A3,0.0,2,0,0,0,0,0,0,1741.0,0
GAAATGAAGTCTCGGC-JHA710A3,JHA710A3,A3,1.9294635253756696,2,1,1,1,1,0,0,5097.0,1
GAAATGAAGTTCGATC-JHA710A3,JHA710A3,A3,3.3059450036554825,1,1,1,0,0,0,0,1903.0,0
GAAATGACAATTGCTG-JHA710A3,JHA710A3,A3,2.712354099961389,2,1,1,1,1,0,0,1422.0,0
GAAATGACAGCTTAAC-JHA710A3,JHA710A3,A3,2.450904586875535,1,1,1,0,0,0,0,1887.0,0
GAAATGACATACTCTT-JHA710A3,JHA710A3,A3,0.0,1,0,0,0,0,0,0,805.0,0
GAAATGACATGACGGA-JHA710A3,JHA710A3,A3,2.41118237380365,2,1,1,1,1,0,0,1971.0,0
GAAATGAGTCCGCTGA-JHA710A3,JHA710A3,A3,0.0,1,0,0,0,0,0,0,1252.0,0
GAAATGAGTTATCACG-JHA710A3,JHA710A3,A3,0.0,0,0,0,0,0,0,0,1671.0,0
GAAATGATCTCAAACG-JHA710A3,JHA710A3,A3,7.987628138529097,2,1,1,1,1,0,1,829.0,0
GAACATCAGAAGGGTA-JHA710A3,JHA710A3,A3,6.5852750513805125,2,1,1,1,1,0,0,788.0,0
GAACATCAGGCATGTG-JHA710A3,JHA710A3,A3,3.0589215345956022,2,1,1,1,1,0,0,985.0,0
GAACATCAGTCCGTAT-JHA710A3,JHA710A3,A3,2.762336045981583,1,1,1,0,0,0,0,674.0,0
GAACATCCAGGTCTCG-JHA710A3,JHA710A3,A3,2.7136681934064333,0,1,0,0,0,0,0,710.0,1
GAACCTAAGCAGCCTC-JHA710A3,JHA710A3,A3,0.0,1,0,0,0,0,0,0,770.0,0
GAACCTACAGATAATG-JHA710A3,JHA710A3,A3,2.645394722680276,1,1,1,0,0,0,0,764.0,0
GAACCTAGTACAAGTA-JHA710A3,JHA710A3,A3,0.0,0,0,0,0,0,0,0,614.0,0
GAACCTATCACATGCA-JHA710A3,JHA710A3,A3,2.2058037184276023,2,1,1,1,1,0,0,1238.0,0
GAACCTATCACCTTAT-JHA710A3,JHA710A3,A3,0.0,1,0,0,0,0,0,0,1793.0,0
GAACGGAAGTGACTCT-JHA710A3,JHA710A3,A3,2.289815352117924,1,1,1,0,0,0,0,1127.0,0
GAACGGAAGTGCGTGA-JHA710A3,JHA710A3,A3,0.0,2,0,0,0,0,0,0,823.0,0
GAACGGAAGTTCGATC-JHA710A3,JHA710A3,A3,2.1986480651210734,2,1,1,1,1,0,0,1248.0,0
GAACGGACAATCAGAA-JHA710A3,JHA710A3,A3,2.164483298410485,2,1,1,1,1,0,0,1297.0,0
GAACGGACATCTACGA-JHA710A3,JHA710A3,A3,1.7818289010254542,2,1,1,1,1,0,0,2024.0,0
GAACGGAGTACCTACA-JHA710A3,JHA710A3,A3,2.0838875534495265,2,1,1,1,1,0,0,4264.0,0
GAACGGAGTCGCGGTT-JHA710A3,JHA710A3,A3,1.7840237692531995,2,1,1,1,1,0,0,6056.0,0
GAACGGAGTTACGTCA-JHA710A3,JHA710A3,A3,0.0,0,0,0,0,0,0,0,1175.0,0
GAACGGATCGGCTACG-JHA710A3,JHA710A3,A3,3.8056852114125483,2,1,1,1,1,0,0,910.0,0
GAAGCAGAGAATGTGT-JHA710A3,JHA710A3,A3,0.0,1,0,0,0,0,0,0,716.0,0
GAAGCAGAGTGGACGT-JHA710A3,JHA710A3,A3,0.0,1,0,0,0,0,0,0,919.0,0
GAAGCAGCAAACTGTC-JHA710A3,JHA710A3,A3,7.896256037926448,3,1,1,1,1,1,1,819.0,0
GAAGCAGCAAATACAG-JHA710A3,JHA710A3,A3,0.0,2,0,0,0,0,0,0,997.0,0
GAAGCAGGTAGAGTGC-JHA710A3,JHA710A3,A3,2.9831534913471307,1,1,1,0,0,0,0,1600.0,0
GAAGCAGGTATATCCG-JHA710A3,JHA710A3,A3,2.106596559876401,1,1,1,0,0,0,0,1385.0,0
GAAGCAGTCACCGTAA-JHA710A3,JHA710A3,A3,1.7863632500815836,2,1,1,1,1,0,0,2013.0,0
GAAGCAGTCAGCCTAA-JHA710A3,JHA710A3,A3,0.0,2,0,0,0,0,0,0,800.0,0
GAAGCAGTCCTAGTGA-JHA710A3,JHA710A3,A3,0.0,2,0,0,0,0,0,0,1287.0,1
GAAGCAGTCCTATGTT-JHA710A3,JHA710A3,A3,0.0,0,0,0,0,0,0,0,926.0,0
GAATAAGAGCGTCTAT-JHA710A3,JHA710A3,A3,2.398804859908563,3,1,1,1,1,1,0,999.0,0
GAATAAGAGGACACCA-JHA710A3,JHA710A3,A3,2.270898050243479,2,1,1,1,1,0,0,1151.0,0
GAATAAGAGGAGTTGC-JHA710A3,JHA710A3,A3,3.965919466013656,4,1,1,1,1,1,0,4636.0,0
GAATAAGAGGGTGTGT-JHA710A3,JHA710A3,A3,3.597393314286565,1,1,1,0,0,0,0,845.0,0
GAATAAGCAATGAAAC-JHA710A3,JHA710A3,A3,0.0,0,0,0,0,0,0,0,1347.0,0
GAATAAGGTCAATGTC-JHA710A3,JHA710A3,A3,1.916566898961128,4,1,1,1,1,1,0,12074.0,1
GAATAAGGTGCACTTA-JHA710A3,JHA710A3,A3,2.435549623575652,2,1,1,1,1,0,0,1919.0,0
GAATAAGGTTAAGATG-JHA710A3,JHA710A3,A3,0.0,0,0,0,0,0,0,0,720.0,0
GAATAAGTCACAGTAC-JHA710A3,JHA710A3,A3,0.0,2,0,0,0,0,0,0,1116.0,0
GAATAAGTCAGGCAAG-JHA710A3,JHA710A3,A3,3.448616854224119,1,1,1,0,0,0,0,985.0,0
GAATAAGTCATCTGCC-JHA710A3,JHA710A3,A3,2.1509495972226604,3,1,1,1,1,1,0,1317.0,0
GAATAAGTCCTCTAGC-JHA710A3,JHA710A3,A3,0.0,2,0,0,0,0,0,0,932.0,0
GAATGAAAGCAATATG-JHA710A3,JHA710A3,A3,1.883143163941708,1,1,1,0,0,0,0,1794.0,0
GAATGAACATTGGGCC-JHA710A3,JHA710A3,A3,2.5742301665360094,2,1,1,1,1,0,0,825.0,0
GAATGAAGTCTCAACA-JHA710A3,JHA710A3,A3,2.5321699275885625,2,1,1,1,1,0,0,1727.0,0
GAATGAATCGCATGGC-JHA710A3,JHA710A3,A3,0.0,2,0,0,0,0,0,0,1810.0,0
GACACGCAGAAACCGC-JHA710A3,JHA710A3,A3,0.0,0,0,0,0,0,0,0,747.0,0
GACACGCAGCATGGCA-JHA710A3,JHA710A3,A3,0.0,1,0,0,0,0,0,0,2004.0,0
GACACGCAGGACTGGT-JHA710A3,JHA710A3,A3,0.0,2,0,0,0,0,0,0,714.0,0
GACACGCCAAGTTAAG-JHA710A3,JHA710A3,A3,2.0795873886865848,2,1,1,1,1,0,0,4285.0,0
GACACGCCAATAGCGG-JHA710A3,JHA710A3,A3,0.0,3,0,0,0,0,0,0,3438.0,0
GACACGCCAGTCCTTC-JHA710A3,JHA710A3,A3,3.3712951902599917,1,1,1,0,0,0,0,1067.0,0
GACACGCCATCACGAT-JHA710A3,JHA710A3,A3,2.0305314166423223,3,1,1,1,1,1,0,1511.0,0
GACACGCGTCAGCTAT-JHA710A3,JHA710A3,A3,2.159381050939588,0,1,0,0,0,0,0,2609.0,0
GACACGCGTGTCAATC-JHA710A3,JHA710A3,A3,0.0,0,0,0,0,0,0,0,608.0,0
GACACGCGTTGGGACA-JHA710A3,JHA710A3,A3,1.8608005962764693,2,1,1,1,1,0,0,1842.0,0
GACACGCTCCGAACGC-JHA710A3,JHA710A3,A3,2.610829833190498,2,1,1,1,1,0,0,1586.0,0
GACACGCTCGTCCAGG-JHA710A3,JHA710A3,A3,2.99090020199846,2,1,1,1,1,0,0,1587.0,0
GACAGAGAGCAGCCTC-JHA710A3,JHA710A3,A3,0.0,1,0,0,0,0,0,0,760.0,0
GACAGAGAGCGGCTTC-JHA710A3,JHA710A3,A3,2.4920870175616026,3,1,1,1,1,1,0,902.0,0
GACAGAGAGCTGCGAA-JHA710A3,JHA710A3,A3,0.0,3,0,0,0,0,0,0,718.0,0
GACAGAGCAAGCTGGA-JHA710A3,JHA710A3,A3,2.5742301665360094,2,1,1,1,1,0,0,825.0,1
GACAGAGCAGCTTCGG-JHA710A3,JHA710A3,A3,2.6050076133284237,1,1,1,0,0,0,0,798.0,0
GACAGAGCATCAGTAC-JHA710A3,JHA710A3,A3,3.2285260807003624,1,1,1,0,0,0,0,825.0,0
GACAGAGGTACTTGAC-JHA710A3,JHA710A3,A3,1.0835102288278315,3,1,1,1,1,1,0,5115.0,1
GACAGAGTCAACCATG-JHA710A3,JHA710A3,A3,1.4000249011250219,2,1,1,1,1,0,0,3273.0,0
GACAGAGTCATAACCG-JHA710A3,JHA710A3,A3,2.852238888200721,2,1,1,1,1,0,0,1225.0,0
GACAGAGTCTCAAGTG-JHA710A3,JHA710A3,A3,2.689031902628088,2,1,1,1,1,0,0,729.0,0
GACCAATAGAGGGCTT-JHA710A3,JHA710A3,A3,3.0163911874730642,1,1,1,0,0,0,0,1030.0,0
GACCAATCATGTCTCC-JHA710A3,JHA710A3,A3,2.686478568177349,2,1,1,1,1,0,0,731.0,0
GACCAATGTACCGAGA-JHA710A3,JHA710A3,A3,2.5653186677787247,1,1,1,0,0,0,0,1666.0,0
GACCAATGTCTCACCT-JHA710A3,JHA710A3,A3,0.0,2,0,0,0,0,0,0,1103.0,0
GACCAATGTGGCAAAC-JHA710A3,JHA710A3,A3,3.459989454362384,0,1,0,0,0,0,0,649.0,0
GACCAATTCTTTACAC-JHA710A3,JHA710A3,A3,7.811000547639704,2,1,1,1,1,0,1,973.0,0
GACCTGGAGACTACAA-JHA710A3,JHA710A3,A3,2.344213548288271,1,1,1,0,0,0,0,2122.0,1
GACCTGGAGTGGGATC-JHA710A3,JHA710A3,A3,3.0062911256243434,2,1,1,1,1,0,0,1041.0,0
GACCTGGCATGCAATC-JHA710A3,JHA710A3,A3,0.0,1,0,0,0,0,0,0,658.0,0
GACCTGGGTAACGACG-JHA710A3,JHA710A3,A3,0.0,1,0,0,0,0,0,0,1540.0,0
GACCTGGTCCTCAACC-JHA710A3,JHA710A3,A3,0.0,2,0,0,0,0,0,0,2106.0,0
GACCTGGTCTTGCAAG-JHA710A3,JHA710A3,A3,5.064919342998449,2,1,1,1,1,0,0,699.0,0
GACGCGTAGATCGATA-JHA710A3,JHA710A3,A3,0.0,2,0,0,0,0,0,0,3890.0,0
GACGCGTAGGCAAAGA-JHA710A3,JHA710A3,A3,6.7798521779192376,2,1,1,1,1,0,0,603.0,0
GACGCGTCAAGTCATC-JHA710A3,JHA710A3,A3,2.087179884903007,2,1,1,1,1,0,0,1416.0,0
GACGCGTCACAGCGTC-JHA710A3,JHA710A3,A3,0.0,2,0,0,0,0,0,0,669.0,0
GACGCGTCACATCCGG-JHA710A3,JHA710A3,A3,0.0,2,0,0,0,0,0,0,1575.0,0
GACGCGTCAGCCTATA-JHA710A3,JHA710A3,A3,0.0,1,0,0,0,0,0,0,631.0,0
GACGCGTCATGTCTCC-JHA710A3,JHA710A3,A3,2.6267487727002305,2,1,1,1,1,0,0,1559.0,0
GACGCGTTCCGTCATC-JHA710A3,JHA710A3,A3,1.7773232523404772,2,1,1,1,1,0,0,2035.0,0
GACGGCTGTACACCGC-JHA710A3,JHA710A3,A3,2.8507017905335323,1,1,1,0,0,0,0,1227.0,0
GACGGCTGTATCGCAT-JHA710A3,JHA710A3,A3,8.36734157033764,3,1,1,1,1,1,1,1227.0,0
GACGGCTGTTTGGGCC-JHA710A3,JHA710A3,A3,0.0,0,0,0,0,0,0,0,1818.0,0
GACGGCTTCACAGGCC-JHA710A3,JHA710A3,A3,4.964103241978784,2,1,1,1,1,0,0,1055.0,0
GACGGCTTCAGTCAGT-JHA710A3,JHA710A3,A3,2.5537611991224387,3,1,1,1,1,1,0,1687.0,0
GACGGCTTCCGAGCCA-JHA710A3,JHA710A3,A3,2.8138494919574732,2,1,1,1,1,0,0,1914.0,0
GACGGCTTCGCGATCG-JHA710A3,JHA710A3,A3,0.0,2,0,0,0,0,0,0,1845.0,0
GACGTGCAGAGGTACC-JHA710A3,JHA710A3,A3,1.291673348719835,3,1,1,1,1,1,0,7579.0,0
GACGTGCAGCGTTTAC-JHA710A3,JHA710A3,A3,0.0,2,0,0,0,0,0,0,1206.0,0
GACGTGCAGGCTAGCA-JHA710A3,JHA710A3,A3,7.986713358458329,3,1,1,1,1,1,1,1044.0,0
GACGTGCAGGTAGCTG-JHA710A3,JHA710A3,A3,0.0,2,0,0,0,0,0,0,748.0,0
GACGTGCCACCCAGTG-JHA710A3,JHA710A3,A3,0.0,0,0,0,0,0,0,0,748.0,0
GACGTGCCACGAAAGC-JHA710A3,JHA710A3,A3,6.5928568093464355,1,1,1,0,0,0,0,686.0,0
GACGTGCCAGCTCCGA-JHA710A3,JHA710A3,A3,0.0,1,0,0,0,0,0,0,665.0,0
GACGTGCCAGTGGGAT-JHA710A3,JHA710A3,A3,0.0,2,0,0,0,0,0,0,968.0,0
GACGTGCCATCCCATC-JHA710A3,JHA710A3,A3,2.9528146626481604,1,1,1,0,0,0,0,1652.0,0
GACGTGCGTTGGTTTG-JHA710A3,JHA710A3,A3,1.793845845949831,2,1,1,1,1,0,0,3990.0,0
GACGTGCTCAATACCG-JHA710A3,JHA710A3,A3,0.0,2,0,0,0,0,0,0,907.0,0
GACGTGCTCACCAGGC-JHA710A3,JHA710A3,A3,2.6688115906970515,1,1,1,0,0,0,0,745.0,0
GACGTGCTCAGTGTTG-JHA710A3,JHA710A3,A3,8.196215751264784,3,1,1,1,1,1,1,626.0,0
GACGTGCTCGAACGGA-JHA710A3,JHA710A3,A3,0.0,2,0,0,0,0,0,0,604.0,0
GACGTGCTCGAATGGG-JHA710A3,JHA710A3,A3,6.514458028819272,3,1,1,1,1,1,0,1024.0,0
GACGTGCTCTGAGTGT-JHA710A3,JHA710A3,A3,2.7948994212345966,2,1,1,1,1,0,0,651.0,0
GACGTGCTCTGGAGCC-JHA710A3,JHA710A3,A3,5.328105844412055,1,1,1,0,0,0,0,634.0,0
GACGTTAAGCCGATTT-JHA710A3,JHA710A3,A3,4.637958688381864,2,1,1,1,1,0,0,2443.0,0
GACGTTAAGCTTATCG-JHA710A3,JHA710A3,A3,7.1316985104669115,1,1,1,0,0,0,0,712.0,0
GACGTTAAGTAGGCCA-JHA710A3,JHA710A3,A3,2.856093274440672,1,1,1,0,0,0,0,610.0,0
GACGTTACAACCGCCA-JHA710A3,JHA710A3,A3,3.1207679743984027,3,1,1,1,1,1,0,2308.0,1
GACGTTACAGAGTGTG-JHA710A3,JHA710A3,A3,0.0,1,0,0,0,0,0,0,599.0,0
GACGTTACAGCTTCGG-JHA710A3,JHA710A3,A3,2.1412803318849982,2,1,1,1,1,0,0,2663.0,1
GACGTTACATCGATGT-JHA710A3,JHA710A3,A3,0.0,2,0,0,0,0,0,0,1567.0,1
GACGTTAGTTGTCGCG-JHA710A3,JHA710A3,A3,0.0,0,0,0,0,0,0,0,941.0,0
GACGTTAGTTTGCATG-JHA710A3,JHA710A3,A3,3.42483845038059,2,1,1,1,1,0,0,673.0,0
GACGTTATCTATCGCC-JHA710A3,JHA710A3,A3,2.6613484007210935,1,1,1,0,0,0,0,751.0,0
GACGTTATCTTATCTG-JHA710A3,JHA710A3,A3,0.0,1,0,0,0,0,0,0,1345.0,0
GACTAACGTCGCTTCT-JHA710A3,JHA710A3,A3,0.0,2,0,0,0,0,0,0,1241.0,0
GACTAACTCCCAAGAT-JHA710A3,JHA710A3,A3,0.0,0,0,0,0,0,0,0,893.0,0
GACTAACTCGGTCCGA-JHA710A3,JHA710A3,A3,0.0,2,0,0,0,0,0,0,2348.0,0
GACTACAAGAGCCTAG-JHA710A3,JHA710A3,A3,3.429160940290802,2,1,1,1,1,0,0,670.0,0
GACTACACACAGTCGC-JHA710A3,JHA710A3,A3,1.7272826174809015,1,1,1,0,0,0,0,2162.0,0
GACTACAGTGTCGCTG-JHA710A3,JHA710A3,A3,2.4670385040048903,1,1,1,0,0,0,0,927.0,0
GACTACATCCTAGAAC-JHA710A3,JHA710A3,A3,0.0,1,0,0,0,0,0,0,894.0,0
GACTACATCCTTGCCA-JHA710A3,JHA710A3,A3,2.5653186677787247,0,1,0,0,0,0,0,833.0,0
GACTACATCTACCTGC-JHA710A3,JHA710A3,A3,2.87010868073789,1,1,1,0,0,0,0,601.0,0
GACTGCGAGAGTTGGC-JHA710A3,JHA710A3,A3,2.5923354823577114,2,1,1,1,1,0,0,809.0,0
GACTGCGAGCGAGAAA-JHA710A3,JHA710A3,A3,1.192773703268561,1,1,1,0,0,0,0,4355.0,0
GACTGCGAGTATCTCG-JHA710A3,JHA710A3,A3,0.0,2,0,0,0,0,0,0,2083.0,0
GACTGCGCAGCCACCA-JHA710A3,JHA710A3,A3,0.0,1,0,0,0,0,0,0,690.0,0
GACTGCGCAGCTTCGG-JHA710A3,JHA710A3,A3,0.0,0,0,0,0,0,0,0,1079.0,0
GACTGCGGTAGCAAAT-JHA710A3,JHA710A3,A3,0.0,2,0,0,0,0,0,0,1585.0,0
GACTGCGGTTACGCGC-JHA710A3,JHA710A3,A3,2.240316593462727,1,1,1,0,0,0,0,1191.0,0
GACTGCGTCAACACGT-JHA710A3,JHA710A3,A3,0.0,1,0,0,0,0,0,0,921.0,0
GACTGCGTCGGAAATA-JHA710A3,JHA710A3,A3,2.035144760143036,1,1,1,0,0,0,0,1503.0,0
GAGCAGAAGCAGACTG-JHA710A3,JHA710A3,A3,1.8022527449438936,1,1,1,0,0,0,0,1975.0,0
GAGCAGACAAAGAATC-JHA710A3,JHA710A3,A3,0.0,2,0,0,0,0,0,0,672.0,0
GAGCAGACAAAGGTGC-JHA710A3,JHA710A3,A3,3.8474110871016545,0,1,0,0,0,0,0,872.0,0
GAGCAGACAGTCTTCC-JHA710A3,JHA710A3,A3,0.0,2,0,0,0,0,0,0,1118.0,0
GAGCAGAGTACTTCTT-JHA710A3,JHA710A3,A3,2.316563717633253,2,1,1,1,1,0,0,1094.0,0
GAGCAGAGTATATCCG-JHA710A3,JHA710A3,A3,2.8576397087493746,2,1,1,1,1,0,0,609.0,0
GAGCAGAGTGATAAAC-JHA710A3,JHA710A3,A3,0.0,1,0,0,0,0,0,0,925.0,0
GAGCAGAGTGCTGTAT-JHA710A3,JHA710A3,A3,1.1823195627358272,2,1,1,1,1,0,0,4421.0,1
GAGCAGAGTTCCAACA-JHA710A3,JHA710A3,A3,0.0,1,0,0,0,0,0,0,663.0,0
GAGGTGAAGAACTGTA-JHA710A3,JHA710A3,A3,5.7200080603519865,2,1,1,1,1,0,0,691.0,0
GAGGTGAAGCTAAGAT-JHA710A3,JHA710A3,A3,2.6763393329100147,1,1,1,0,0,0,0,739.0,0
GAGGTGAAGGGAGTAA-JHA710A3,JHA710A3,A3,2.6178687359580257,2,1,1,1,1,0,0,787.0,0
GAGGTGACAGCTGCTG-JHA710A3,JHA710A3,A3,3.7009728643514186,1,1,1,0,0,0,0,1013.0,0
GAGGTGAGTGCTGTAT-JHA710A3,JHA710A3,A3,8.512775151302959,3,1,1,1,1,1,1,868.0,0
GAGGTGAGTTACCAGT-JHA710A3,JHA710A3,A3,0.0,0,0,0,0,0,0,0,1035.0,0
GAGGTGATCCACGAAT-JHA710A3,JHA710A3,A3,2.1116865538110616,1,1,1,0,0,0,0,1377.0,0
GAGGTGATCGGTGTCG-JHA710A3,JHA710A3,A3,1.4850759056796743,2,1,1,1,1,0,0,2928.0,0
GAGGTGATCTAGCACA-JHA710A3,JHA710A3,A3,3.47807120462196,0,1,0,0,0,0,0,637.0,0
GAGTCCGAGCACCGTC-JHA710A3,JHA710A3,A3,3.37174780927291,0,1,0,0,0,0,0,711.0,0
GAGTCCGAGCTCCCAG-JHA710A3,JHA710A3,A3,2.9242977830853873,2,1,1,1,1,0,0,1135.0,0
GAGTCCGAGCTTATCG-JHA710A3,JHA710A3,A3,0.0,1,0,0,0,0,0,0,850.0,0
GAGTCCGAGGGATGGG-JHA710A3,JHA710A3,A3,1.4095369976224867,3,1,1,1,1,1,0,3232.0,0
GAGTCCGCATCACCCT-JHA710A3,JHA710A3,A3,2.699320576571291,1,1,1,0,0,0,0,721.0,0
GAGTCCGGTCTGGAGA-JHA710A3,JHA710A3,A3,8.505500776447748,2,1,1,1,1,0,1,1184.0,0
GAGTCCGGTTTGTGTG-JHA710A3,JHA710A3,A3,2.671313613948783,2,1,1,1,1,0,0,743.0,0
GAGTCCGTCAGAGGTG-JHA710A3,JHA710A3,A3,0.0,2,0,0,0,0,0,0,3117.0,0
GAGTCCGTCATTCACT-JHA710A3,JHA710A3,A3,2.468026314309484,1,1,1,0,0,0,0,926.0,0
GAGTCCGTCTTCATGT-JHA710A3,JHA710A3,A3,2.5168510863477893,1,1,1,0,0,0,0,878.0,0
GATCAGTAGAAGCCCA-JHA710A3,JHA710A3,A3,0.0,2,0,0,0,0,0,0,1155.0,0
GATCAGTCAAGCGTAG-JHA710A3,JHA710A3,A3,0.0,1,0,0,0,0,0,0,878.0,0
GATCAGTCACGGTAGA-JHA710A3,JHA710A3,A3,0.0,3,0,0,0,0,0,0,2984.0,0
GATCAGTCATCGGAAG-JHA710A3,JHA710A3,A3,2.317388069562121,1,1,1,0,0,0,0,1093.0,0
GATCAGTGTGCCTGGT-JHA710A3,JHA710A3,A3,2.0655232213041907,3,1,1,1,1,1,0,2903.0,0
GATCAGTTCGCTAGCG-JHA710A3,JHA710A3,A3,0.0,2,0,0,0,0,0,0,999.0,0
GATCGATAGCTCCTCT-JHA710A3,JHA710A3,A3,2.7609471472242952,0,1,0,0,0,0,0,675.0,0
GATCGATAGTTAACGA-JHA710A3,JHA710A3,A3,2.1972245773362196,1,1,1,0,0,0,0,1250.0,0
GATCGATCAATGGAAT-JHA710A3,JHA710A3,A3,0.0,1,0,0,0,0,0,0,2267.0,0
GATCGATCAGCAGTTT-JHA710A3,JHA710A3,A3,2.4870176138136064,2,1,1,1,1,0,0,907.0,0
GATCGATCAGCTGGCT-JHA710A3,JHA710A3,A3,2.5934798211189394,2,1,1,1,1,0,0,808.0,0
GATCGATGTATCAGTC-JHA710A3,JHA710A3,A3,4.722847652437837,2,1,1,1,1,0,0,2063.0,0
GATCGATTCCGTCAAA-JHA710A3,JHA710A3,A3,6.129776162905494,2,1,1,1,1,0,0,720.0,0
GATCGATTCTTTACGT-JHA710A3,JHA710A3,A3,2.0174204922481564,1,1,1,0,0,0,0,1534.0,0
GATCGCGAGAGTCGGT-JHA710A3,JHA710A3,A3,1.624731637992314,3,1,1,1,1,1,0,9811.0,0
GATCGCGAGCTGAAAT-JHA710A3,JHA710A3,A3,2.73766512164114,0,1,0,0,0,0,0,692.0,1
GATCGCGAGTAGTGCG-JHA710A3,JHA710A3,A3,0.0,3,0,0,0,0,0,0,598.0,0
GATCGCGAGTGCGTGA-JHA710A3,JHA710A3,A3,2.8104182166252687,1,1,1,0,0,0,0,3842.0,0
GATCGCGGTCTAGTGT-JHA710A3,JHA710A3,A3,2.6214098128016805,2,1,1,1,1,0,0,784.0,0
GATCGCGGTGTAACGG-JHA710A3,JHA710A3,A3,0.0,2,0,0,0,0,0,0,2412.0,0
GATCGCGGTTATCACG-JHA710A3,JHA710A3,A3,2.5911926629667694,2,1,1,1,1,0,0,1620.0,1
GATCGCGTCAACGGCC-JHA710A3,JHA710A3,A3,3.021948115684884,0,1,0,0,0,0,0,1024.0,0
GATCGCGTCAATAAGG-JHA710A3,JHA710A3,A3,1.853048364243351,2,1,1,1,1,0,0,1859.0,0
GATCGCGTCCCGGATG-JHA710A3,JHA710A3,A3,2.289815352117924,1,1,1,0,0,0,0,1127.0,0
GATCGTACAATAACGA-JHA710A3,JHA710A3,A3,0.0,1,0,0,0,0,0,0,746.0,0
GATCGTACATCGGTTA-JHA710A3,JHA710A3,A3,8.32986351279476,3,1,1,1,1,1,1,1146.0,0
GATCGTACATGCTAGT-JHA710A3,JHA710A3,A3,8.235483224731304,2,1,1,1,1,0,1,1689.0,0
GATCGTAGTCGAATCT-JHA710A3,JHA710A3,A3,0.0,2,0,0,0,0,0,0,768.0,0
GATCGTATCAAGATCC-JHA710A3,JHA710A3,A3,2.049153095354697,2,1,1,1,1,0,0,1479.0,0
GATCGTATCATACGGT-JHA710A3,JHA710A3,A3,2.362304327695668,2,1,1,1,1,0,0,1040.0,0
GATCGTATCGTGGACC-JHA710A3,JHA710A3,A3,0.0,2,0,0,0,0,0,0,1327.0,0
GATCTAGAGAGAACAG-JHA710A3,JHA710A3,A3,2.1142439984164736,2,1,1,1,1,0,0,1373.0,0
GATCTAGAGAGGTTGC-JHA710A3,JHA710A3,A3,0.0,2,0,0,0,0,0,0,907.0,0
GATCTAGAGTGCAAGC-JHA710A3,JHA710A3,A3,2.4312811628121307,1,1,1,0,0,0,0,964.0,0
GATCTAGCAGGATCGA-JHA710A3,JHA710A3,A3,2.6411491374669134,1,1,1,0,0,0,0,1535.0,0
GATCTAGGTACCGCTG-JHA710A3,JHA710A3,A3,0.0,3,0,0,0,0,0,0,1240.0,0
GATCTAGTCCTTTCGG-JHA710A3,JHA710A3,A3,5.426025843381078,2,1,1,1,1,0,0,884.0,0
GATCTAGTCTTGACGA-JHA710A3,JHA710A3,A3,0.0,1,0,0,0,0,0,0,789.0,0
GATGAAACACCTATCC-JHA710A3,JHA710A3,A3,3.3448520140409985,3,1,1,1,1,1,0,4021.0,1
GATGAAACACGTCAGC-JHA710A3,JHA710A3,A3,0.0,4,0,0,0,0,0,0,2621.0,0
GATGAAAGTATGAATG-JHA710A3,JHA710A3,A3,2.749914112375097,0,1,0,0,0,0,0,683.0,0
GATGAAAGTCGAGTTT-JHA710A3,JHA710A3,A3,0.0,3,0,0,0,0,0,0,1121.0,1
GATGAAAGTCTCATCC-JHA710A3,JHA710A3,A3,5.71856667477794,2,1,1,1,1,0,0,692.0,0
GATGAAAGTTGGTAAA-JHA710A3,JHA710A3,A3,3.1158115214707247,2,1,1,1,1,0,0,928.0,0
GATGAAATCCAAACAC-JHA710A3,JHA710A3,A3,2.656408292452806,2,1,1,1,1,0,0,755.0,0
GATGAGGAGCAATCTC-JHA710A3,JHA710A3,A3,0.0,2,0,0,0,0,0,0,734.0,0
GATGAGGCAGTCGATT-JHA710A3,JHA710A3,A3,2.3256774347746627,2,1,1,1,1,0,0,1083.0,0
GATGAGGGTCACTGGC-JHA710A3,JHA710A3,A3,2.680127740482587,2,1,1,1,1,0,0,736.0,0
GATGAGGTCGCTGATA-JHA710A3,JHA710A3,A3,0.0,2,0,0,0,0,0,0,1543.0,1
GATGAGGTCTACCAGA-JHA710A3,JHA710A3,A3,2.342511107692963,2,1,1,1,1,0,0,1063.0,0
GATGAGGTCTCGCTTG-JHA710A3,JHA710A3,A3,2.7660505128281354,3,1,1,1,1,1,0,2014.0,0
GATGCTAAGAGTCGGT-JHA710A3,JHA710A3,A3,0.0,2,0,0,0,0,0,0,1392.0,1
GATGCTAAGGTTACCT-JHA710A3,JHA710A3,A3,2.16927515978799,1,1,1,0,0,0,0,1290.0,0
GATGCTACACGGCGTT-JHA710A3,JHA710A3,A3,0.0,2,0,0,0,0,0,0,1802.0,0
GATGCTACACGGTAGA-JHA710A3,JHA710A3,A3,0.0,1,0,0,0,0,0,0,815.0,0
GATGCTAGTTAAGATG-JHA710A3,JHA710A3,A3,2.4640819950232826,0,1,0,0,0,0,0,930.0,0
GATGCTATCATCTGCC-JHA710A3,JHA710A3,A3,3.2234953634310632,2,1,1,1,1,0,0,1244.0,0
GATTCAGAGGTCATCT-JHA710A3,JHA710A3,A3,2.2810903494633377,2,1,1,1,1,0,0,1138.0,0
GATTCAGCAGTATAAG-JHA710A3,JHA710A3,A3,2.881163762741827,1,1,1,0,0,0,0,594.0,0
GATTCAGTCGGAGGTA-JHA710A3,JHA710A3,A3,2.523156531922,1,1,1,0,0,0,0,872.0,0
GATTCAGTCTACCAGA-JHA710A3,JHA710A3,A3,0.0,2,0,0,0,0,0,0,980.0,0
GCAAACTAGAACTCGG-JHA710A3,JHA710A3,A3,0.0,2,0,0,0,0,0,0,813.0,0
GCAAACTAGTCCAGGA-JHA710A3,JHA710A3,A3,0.0,0,0,0,0,0,0,0,662.0,0
GCAAACTCAATAGAGT-JHA710A3,JHA710A3,A3,0.0,3,0,0,0,0,0,0,613.0,0
GCAAACTCAGATGAGC-JHA710A3,JHA710A3,A3,2.1271576769937455,1,1,1,0,0,0,0,1353.0,0
GCAAACTCAGTTTACG-JHA710A3,JHA710A3,A3,0.0,2,0,0,0,0,0,0,666.0,0
GCAAACTCATGTAAGA-JHA710A3,JHA710A3,A3,6.368809169183276,2,1,1,1,1,0,0,601.0,0
GCAAACTGTCTTCGTC-JHA710A3,JHA710A3,A3,2.502317721213641,2,1,1,1,1,0,0,892.0,0
GCAAACTTCTCCTATA-JHA710A3,JHA710A3,A3,0.0,1,0,0,0,0,0,0,1206.0,0
GCAATCAAGCCCTAAT-JHA710A3,JHA710A3,A3,2.3879548330931195,2,1,1,1,1,0,0,1011.0,0
GCAATCACACGGTGTC-JHA710A3,JHA710A3,A3,0.0,1,0,0,0,0,0,0,2461.0,0
GCAATCACAGCCAATT-JHA710A3,JHA710A3,A3,3.0994813220041806,1,1,1,0,0,0,0,944.0,0
GCAATCAGTGCACGAA-JHA710A3,JHA710A3,A3,0.0,0,0,0,0,0,0,0,1118.0,0
GCAATCATCATTGCGA-JHA710A3,JHA710A3,A3,2.3879548330931195,2,1,1,1,1,0,0,2022.0,0
GCAATCATCCTACAGA-JHA710A3,JHA710A3,A3,3.1230486819283416,0,1,0,0,0,0,0,921.0,0
GCAATCATCTATCCTA-JHA710A3,JHA710A3,A3,2.3306914883605443,2,1,1,1,1,0,0,1077.0,0
GCACATAAGATCCTGT-JHA710A3,JHA710A3,A3,0.0,1,0,0,0,0,0,0,1030.0,0
GCACATAAGGCAATTA-JHA710A3,JHA710A3,A3,3.303669804225516,2,1,1,1,1,0,0,763.0,0
GCACATACAAATTGCC-JHA710A3,JHA710A3,A3,2.8153241126795012,1,1,1,0,0,0,0,1274.0,0
GCACATACAGATGAGC-JHA710A3,JHA710A3,A3,0.0,1,0,0,0,0,0,0,1714.0,0
GCACATACATAGAAAC-JHA710A3,JHA710A3,A3,0.0,0,0,0,0,0,0,0,1184.0,0
GCACATACATTTGCTT-JHA710A3,JHA710A3,A3,2.593098205813061,2,1,1,1,1,0,0,2425.0,1
GCACATAGTGCTTCTC-JHA710A3,JHA710A3,A3,0.0,1,0,0,0,0,0,0,1122.0,0
GCACATAGTGTTTGTG-JHA710A3,JHA710A3,A3,0.0,2,0,0,0,0,0,0,967.0,0
GCACATATCGATCCCT-JHA710A3,JHA710A3,A3,7.964294569083399,2,1,1,1,1,0,1,626.0,0
GCACTCTCAATAGAGT-JHA710A3,JHA710A3,A3,2.504378753200821,1,1,1,0,0,0,0,890.0,0
GCACTCTCACAACTGT-JHA710A3,JHA710A3,A3,8.006271895978191,3,1,1,1,1,1,1,777.0,0
GCACTCTCAGGGAGAG-JHA710A3,JHA710A3,A3,8.284823245257149,3,1,1,1,1,1,1,636.0,0
GCACTCTGTAGCCTCG-JHA710A3,JHA710A3,A3,2.656408292452806,2,1,1,1,1,0,0,755.0,0
GCACTCTGTCTAGTCA-JHA710A3,JHA710A3,A3,2.8422948557192496,1,1,1,0,0,0,0,619.0,0
GCACTCTTCATCGCTC-JHA710A3,JHA710A3,A3,2.295416603515433,0,1,0,0,0,0,0,2240.0,0
GCACTCTTCCTTGCCA-JHA710A3,JHA710A3,A3,0.0,2,0,0,0,0,0,0,822.0,0
GCACTCTTCTCTAAGG-JHA710A3,JHA710A3,A3,2.5653186677787247,2,1,1,1,1,0,0,3332.0,0
GCAGCCAAGCCTTGAT-JHA710A3,JHA710A3,A3,0.0,1,0,0,0,0,0,0,1187.0,1
GCAGCCAAGTGGGTTG-JHA710A3,JHA710A3,A3,2.265462350272533,0,1,0,0,0,0,0,1158.0,0
GCAGCCACATAACCTG-JHA710A3,JHA710A3,A3,2.6613484007210935,2,1,1,1,1,0,0,751.0,0
GCAGCCAGTGCGCTTG-JHA710A3,JHA710A3,A3,0.0,2,0,0,0,0,0,0,1315.0,0
GCAGCCAGTTGTCGCG-JHA710A3,JHA710A3,A3,2.3251222005158154,2,1,1,1,1,0,0,3251.0,0
GCAGCCATCTCGAGTA-JHA710A3,JHA710A3,A3,3.3138247112381145,1,1,1,0,0,0,0,755.0,0
GCAGCCATCTCTTGAT-JHA710A3,JHA710A3,A3,1.9896715422511264,2,1,1,1,1,0,0,1584.0,0
GCAGTTAAGTACGATA-JHA710A3,JHA710A3,A3,0.0,1,0,0,0,0,0,0,1334.0,0
GCAGTTACAATCTGCA-JHA710A3,JHA710A3,A3,0.0,1,0,0,0,0,0,0,1516.0,0
GCAGTTACACCGTTGG-JHA710A3,JHA710A3,A3,2.0933907393458737,2,1,1,1,1,0,0,1406.0,0
GCAGTTAGTTAAGACA-JHA710A3,JHA710A3,A3,1.7720349638802764,2,1,1,1,1,0,0,4096.0,0
GCAGTTATCCAAGCCG-JHA710A3,JHA710A3,A3,2.7644235071561227,2,1,1,1,1,0,0,1345.0,0
GCAGTTATCCCTCAGT-JHA710A3,JHA710A3,A3,0.0,2,0,0,0,0,0,0,762.0,0
GCAGTTATCGCAAACT-JHA710A3,JHA710A3,A3,0.0,3,0,0,0,0,0,0,2962.0,1
GCAGTTATCGGCCGAT-JHA710A3,JHA710A3,A3,3.5200727167171477,2,1,1,1,1,0,0,915.0,0
GCAGTTATCTTCGAGA-JHA710A3,JHA710A3,A3,0.0,2,0,0,0,0,0,0,3402.0,0
GCATACAAGTAGCCGA-JHA710A3,JHA710A3,A3,7.962567758408268,3,1,1,1,1,1,1,1397.0,0
GCATACACAAGGACTG-JHA710A3,JHA710A3,A3,2.4446327506500602,1,1,1,0,0,0,0,950.0,0
GCATACACACTACAGT-JHA710A3,JHA710A3,A3,2.7242525148454386,1,1,1,0,0,0,0,702.0,0
GCATACACAGATGAGC-JHA710A3,JHA710A3,A3,0.0,2,0,0,0,0,0,0,1139.0,0
GCATACACATCCTTGC-JHA710A3,JHA710A3,A3,0.0,1,0,0,0,0,0,0,1016.0,0
GCATACAGTGCTGTAT-JHA710A3,JHA710A3,A3,2.0129122811476368,4,1,1,1,1,1,0,3084.0,0
GCATACATCAGTGCAT-JHA710A3,JHA710A3,A3,1.632552801743339,4,1,1,1,1,1,0,2429.0,0
GCATACATCCATGCTC-JHA710A3,JHA710A3,A3,0.0,0,0,0,0,0,0,0,813.0,0
GCATACATCCGTAGGC-JHA710A3,JHA710A3,A3,2.749914112375097,1,1,1,0,0,0,0,683.0,0
GCATACATCCTTTCGG-JHA710A3,JHA710A3,A3,2.2284006409544963,3,1,1,1,1,1,0,1207.0,0
GCATACATCTTAACCT-JHA710A3,JHA710A3,A3,0.0,2,0,0,0,0,0,0,1236.0,0
GCATGATAGACTCGGA-JHA710A3,JHA710A3,A3,2.97224259794176,2,1,1,1,1,0,0,1079.0,0
GCATGATAGAGCCTAG-JHA710A3,JHA710A3,A3,7.924080357761659,3,1,1,1,1,1,1,811.0,0
GCATGATAGGCTCATT-JHA710A3,JHA710A3,A3,2.387057016415087,1,1,1,0,0,0,0,1012.0,0
GCATGATCAGCAGTTT-JHA710A3,JHA710A3,A3,2.7242525148454386,2,1,1,1,1,0,0,702.0,0
GCATGATCAGCTCCGA-JHA710A3,JHA710A3,A3,4.365899885538881,2,1,1,1,1,0,0,2702.0,0
GCATGATCAGGGCATA-JHA710A3,JHA710A3,A3,3.1137542292927436,2,1,1,1,1,0,0,930.0,0
GCATGATGTTACGGAG-JHA710A3,JHA710A3,A3,7.350786034880141,2,1,1,1,1,0,0,771.0,0
GCATGATGTTGGTAAA-JHA710A3,JHA710A3,A3,0.0,0,0,0,0,0,0,0,1569.0,1
GCATGATTCACAGTAC-JHA710A3,JHA710A3,A3,2.0006501820309803,1,1,1,0,0,0,0,1564.0,0
GCATGATTCACCTCGT-JHA710A3,JHA710A3,A3,0.0,2,0,0,0,0,0,0,1350.0,0
GCATGATTCTACCAGA-JHA710A3,JHA710A3,A3,1.7857432280248977,2,1,1,1,1,0,0,4029.0,0
GCATGATTCTCTTGAT-JHA710A3,JHA710A3,A3,6.312058347593952,2,1,1,1,1,0,0,1963.0,0
GCATGCGAGAGTAAGG-JHA710A3,JHA710A3,A3,4.977369533505153,2,1,1,1,1,0,0,694.0,0
GCATGCGAGGTGCAAC-JHA710A3,JHA710A3,A3,2.200788055494608,1,1,1,0,0,0,0,1245.0,0
GCATGCGGTAGCGTGA-JHA710A3,JHA710A3,A3,0.0,1,0,0,0,0,0,0,644.0,0
GCATGCGGTCCAAGTT-JHA710A3,JHA710A3,A3,2.5877732833977265,2,1,1,1,1,0,0,1626.0,0
GCATGCGGTGAAGGCT-JHA710A3,JHA710A3,A3,2.881163762741827,2,1,1,1,1,0,0,1188.0,0
GCATGCGTCATTGCGA-JHA710A3,JHA710A3,A3,2.5477690025111035,2,1,1,1,1,0,0,849.0,0
GCATGCGTCCAGAAGG-JHA710A3,JHA710A3,A3,2.5564988616883437,3,1,1,1,1,1,0,841.0,0
GCATGCGTCGAATGCT-JHA710A3,JHA710A3,A3,0.0,2,0,0,0,0,0,0,619.0,0
GCATGTAAGCGATCCC-JHA710A3,JHA710A3,A3,2.2662366553995033,2,1,1,1,1,0,0,1157.0,0
GCATGTAGTGATAAGT-JHA710A3,JHA710A3,A3,2.1187396817263315,2,1,1,1,1,0,0,1366.0,0
GCATGTAGTGCACCAC-JHA710A3,JHA710A3,A3,0.0,0,0,0,0,0,0,0,804.0,0
GCATGTAGTGGCTCCA-JHA710A3,JHA710A3,A3,0.0,3,0,0,0,0,0,0,1197.0,0
GCATGTAGTTATGCGT-JHA710A3,JHA710A3,A3,8.084417754868605,3,1,1,1,1,1,1,2276.0,0
GCATGTAGTTCCAACA-JHA710A3,JHA710A3,A3,0.0,2,0,0,0,0,0,0,1189.0,0
GCATGTATCCTAGGGC-JHA710A3,JHA710A3,A3,1.307880565300464,3,1,1,1,1,1,0,7412.0,0
GCATGTATCTGGTTCC-JHA710A3,JHA710A3,A3,0.0,2,0,0,0,0,0,0,756.0,0
GCCAAATAGAGGTTGC-JHA710A3,JHA710A3,A3,2.1745896600625274,3,1,1,1,1,1,0,8976.0,0
GCCAAATCAATAACGA-JHA710A3,JHA710A3,A3,0.0,1,0,0,0,0,0,0,874.0,0
GCCAAATCACGAAATA-JHA710A3,JHA710A3,A3,0.0,1,0,0,0,0,0,0,1197.0,0
GCCAAATCAGCATACT-JHA710A3,JHA710A3,A3,2.45332933989141,1,1,1,0,0,0,0,1882.0,0
GCCAAATCATGAAGTA-JHA710A3,JHA710A3,A3,1.686301182744965,2,1,1,1,1,0,0,2273.0,0
GCCAAATCATGACATC-JHA710A3,JHA710A3,A3,3.2281381281731263,2,1,1,1,1,0,0,1238.0,0
GCCAAATGTCGATTGT-JHA710A3,JHA710A3,A3,0.0,2,0,0,0,0,0,0,853.0,0
GCCAAATGTGTGAATA-JHA710A3,JHA710A3,A3,0.0,1,0,0,0,0,0,0,725.0,0
GCCAAATTCAGAAATG-JHA710A3,JHA710A3,A3,2.7136681934064333,3,1,1,1,1,1,0,1420.0,0
GCCAAATTCCAGATCA-JHA710A3,JHA710A3,A3,2.7430880578430834,3,1,1,1,1,1,0,1376.0,0
GCCAAATTCTGTCTAT-JHA710A3,JHA710A3,A3,7.848843410369656,2,1,1,1,1,0,1,1538.0,0
GCCTCTAAGCACACAG-JHA710A3,JHA710A3,A3,6.275332537003648,2,1,1,1,1,0,0,660.0,0
GCCTCTAAGGACAGAA-JHA710A3,JHA710A3,A3,3.6171654925126244,2,1,1,1,1,0,0,828.0,0
GCCTCTAAGGGTCGAT-JHA710A3,JHA710A3,A3,0.0,2,0,0,0,0,0,0,855.0,1
GCCTCTACACAACGCC-JHA710A3,JHA710A3,A3,2.6273440299108803,0,1,0,0,0,0,0,779.0,1
GCCTCTACAGACGCCT-JHA710A3,JHA710A3,A3,2.0779554624693275,3,1,1,1,1,1,0,1431.0,0
GCCTCTAGTAATCACC-JHA710A3,JHA710A3,A3,7.748765556742361,3,1,1,1,1,1,1,768.0,0
GCCTCTAGTTACAGAA-JHA710A3,JHA710A3,A3,0.0,2,0,0,0,0,0,0,650.0,0
GCCTCTATCCTGTACC-JHA710A3,JHA710A3,A3,2.018551708457756,2,1,1,1,1,0,0,1532.0,0
GCGACCACAAAGCAAT-JHA710A3,JHA710A3,A3,2.3523484491967426,3,1,1,1,1,1,0,2103.0,0
GCGACCACAGCTCGCA-JHA710A3,JHA710A3,A3,2.8362302219925604,2,1,1,1,1,0,0,1246.0,0
GCGACCACATGAAGTA-JHA710A3,JHA710A3,A3,3.2521063439984785,2,1,1,1,1,0,0,805.0,0
GCGACCAGTACCGTTA-JHA710A3,JHA710A3,A3,2.4303355595130025,2,1,1,1,1,0,0,965.0,0
GCGACCAGTCGAATCT-JHA710A3,JHA710A3,A3,0.0,1,0,0,0,0,0,0,993.0,1
GCGACCATCAACACAC-JHA710A3,JHA710A3,A3,1.6037026728803543,2,1,1,1,1,0,0,2518.0,0
GCGACCATCACGAAGG-JHA710A3,JHA710A3,A3,1.0114100416285923,4,1,1,1,1,1,0,5716.0,1
GCGACCATCCTGTAGA-JHA710A3,JHA710A3,A3,2.4144215394843522,1,1,1,0,0,0,0,982.0,0
GCGACCATCTAACTCT-JHA710A3,JHA710A3,A3,2.4061175007389126,0,1,0,0,0,0,0,991.0,1
GCGACCATCTTATCTG-JHA710A3,JHA710A3,A3,7.909047867738006,3,1,1,1,1,1,1,702.0,0
GCGAGAAAGAGCCCAA-JHA710A3,JHA710A3,A3,3.5137308074495954,2,1,1,1,1,0,0,614.0,0
GCGAGAAAGCTAGTGG-JHA710A3,JHA710A3,A3,2.782013862699364,2,1,1,1,1,0,0,660.0,0
GCGAGAAAGGATCGCA-JHA710A3,JHA710A3,A3,0.0,1,0,0,0,0,0,0,596.0,0
GCGAGAAAGGCAGGTT-JHA710A3,JHA710A3,A3,2.163119488538647,2,1,1,1,1,0,0,1299.0,0
GCGAGAACAGTCCTTC-JHA710A3,JHA710A3,A3,3.1677142504441984,2,1,1,1,1,0,0,1758.0,0
GCGAGAACATGCAATC-JHA710A3,JHA710A3,A3,3.2669528508388925,2,1,1,1,1,0,0,1189.0,0
GCGAGAACATGCATGT-JHA710A3,JHA710A3,A3,3.3138247112381145,2,1,1,1,1,0,0,755.0,0
GCGAGAAGTGGTAACG-JHA710A3,JHA710A3,A3,7.852420261687588,3,1,1,1,1,1,1,599.0,0
GCGAGAATCGCTTGTC-JHA710A3,JHA710A3,A3,3.168804658333127,1,1,1,0,0,0,0,878.0,0
GCGCAACAGAAGAAGC-JHA710A3,JHA710A3,A3,2.1248824141124847,2,1,1,1,1,0,0,2713.0,0
GCGCAACAGATGCCTT-JHA710A3,JHA710A3,A3,7.067058719505825,2,1,1,1,1,0,0,1724.0,0
GCGCAACAGCCTCGTG-JHA710A3,JHA710A3,A3,4.016309374915187,3,1,1,1,1,1,0,2569.0,0
GCGCAACAGGGCTTGA-JHA710A3,JHA710A3,A3,2.73766512164114,0,1,0,0,0,0,0,692.0,0
GCGCAACAGTCCGTAT-JHA710A3,JHA710A3,A3,0.0,2,0,0,0,0,0,0,2849.0,0
GCGCAACCAAATACAG-JHA710A3,JHA710A3,A3,3.185688189801157,2,1,1,1,1,0,0,1294.0,0
GCGCAACCAGGTGCCT-JHA710A3,JHA710A3,A3,3.3813038411425844,3,1,1,1,1,1,0,1408.0,0
GCGCAACCATGGGAAC-JHA710A3,JHA710A3,A3,1.2534777137191344,3,1,1,1,1,1,0,3996.0,0
GCGCAGTAGGACAGAA-JHA710A3,JHA710A3,A3,3.7631311372904,3,1,1,1,1,1,0,1901.0,0
GCGCAGTGTTACTGAC-JHA710A3,JHA710A3,A3,1.6809451028877649,1,1,1,0,0,0,0,2288.0,0
GCGCAGTGTTTGGGCC-JHA710A3,JHA710A3,A3,2.1304195044564898,2,1,1,1,1,0,0,1348.0,0
GCGCAGTTCCTTGGTC-JHA710A3,JHA710A3,A3,0.0,1,0,0,0,0,0,0,1127.0,0
GCGCAGTTCGCGTAGC-JHA710A3,JHA710A3,A3,2.3472012988220485,4,1,1,1,1,1,0,2115.0,0
GCGCCAAAGAGACTTA-JHA710A3,JHA710A3,A3,0.0,2,0,0,0,0,0,0,1918.0,0
GCGCCAAAGAGTACAT-JHA710A3,JHA710A3,A3,2.599224438370223,2,1,1,1,1,0,0,803.0,0
GCGCCAAAGAGTCGGT-JHA710A3,JHA710A3,A3,0.0,2,0,0,0,0,0,0,972.0,0
GCGCCAAGTCCATCCT-JHA710A3,JHA710A3,A3,1.9353562608087502,4,1,1,1,1,1,0,5062.0,1
GCGCCAATCTCGAGTA-JHA710A3,JHA710A3,A3,8.146027663867855,1,1,1,0,0,0,1,925.0,0
GCGCCAATCTGAGTGT-JHA710A3,JHA710A3,A3,0.0,2,0,0,0,0,0,0,809.0,0
GCGCGATAGCTATGCT-JHA710A3,JHA710A3,A3,3.0874223674767087,3,1,1,1,1,1,0,956.0,0
GCGCGATAGGTGCTTT-JHA710A3,JHA710A3,A3,0.0,2,0,0,0,0,0,0,1237.0,0
GCGCGATAGTCCGGTC-JHA710A3,JHA710A3,A3,3.3826770044780465,3,1,1,1,1,1,0,2109.0,1
GCGCGATCACCATCCT-JHA710A3,JHA710A3,A3,8.044909562347769,2,1,1,1,1,0,1,847.0,0
GCGCGATCAGTTCATG-JHA710A3,JHA710A3,A3,3.242208056342121,3,1,1,1,1,1,0,1220.0,0
GCGCGATGTCTAGGTT-JHA710A3,JHA710A3,A3,1.8111873967814713,1,1,1,0,0,0,0,1954.0,0
GCGCGATTCCCTCTTT-JHA710A3,JHA710A3,A3,2.5085158883890646,1,1,1,0,0,0,0,886.0,0
GCGGGTTAGCAGATCG-JHA710A3,JHA710A3,A3,0.0,3,0,0,0,0,0,0,1831.0,0
GCGGGTTGTTCTCATT-JHA710A3,JHA710A3,A3,1.756799401360786,1,1,1,0,0,0,0,2086.0,0
GCGGGTTGTTGCTCCT-JHA710A3,JHA710A3,A3,0.0,0,0,0,0,0,0,0,1702.0,0
GCGGGTTTCTATCCCG-JHA710A3,JHA710A3,A3,0.0,1,0,0,0,0,0,0,1844.0,1
GCTCCTAAGACGCTTT-JHA710A3,JHA710A3,A3,3.242601960910441,0,1,0,0,0,0,0,813.0,0
GCTCCTAAGCGTAGTG-JHA710A3,JHA710A3,A3,2.03398882528649,2,1,1,1,1,0,0,3010.0,0
GCTCCTAAGGGCTTCC-JHA710A3,JHA710A3,A3,0.0,2,0,0,0,0,0,0,818.0,0
GCTCCTAAGTACGATA-JHA710A3,JHA710A3,A3,2.4167429393014506,1,1,1,0,0,0,0,1959.0,0
GCTCCTAAGTAGCCGA-JHA710A3,JHA710A3,A3,2.8400157700222777,1,1,1,0,0,0,0,1241.0,0
GCTCCTAAGTGTCCCG-JHA710A3,JHA710A3,A3,2.403367741764032,0,1,0,0,0,0,0,994.0,1
GCTCCTACAATGGAGC-JHA710A3,JHA710A3,A3,0.0,2,0,0,0,0,0,0,750.0,0
GCTCCTACAATGGTCT-JHA710A3,JHA710A3,A3,2.6441795759719278,1,1,1,0,0,0,0,765.0,0
GCTCCTACATACGCCG-JHA710A3,JHA710A3,A3,2.058337247630776,2,1,1,1,1,0,0,2927.0,1
GCTCCTAGTAACGCGA-JHA710A3,JHA710A3,A3,2.67508018186464,1,1,1,0,0,0,0,740.0,0
GCTCCTAGTGGGTATG-JHA710A3,JHA710A3,A3,6.06664752263382,2,1,1,1,1,0,0,860.0,0
GCTCCTAGTTACGGAG-JHA710A3,JHA710A3,A3,8.166722502958907,3,1,1,1,1,1,1,818.0,0
GCTCTGTAGTGAAGAG-JHA710A3,JHA710A3,A3,2.5316370809944218,2,1,1,1,1,0,0,1728.0,0
GCTCTGTTCATCGCTC-JHA710A3,JHA710A3,A3,0.0,0,0,0,0,0,0,0,603.0,0
GCTCTGTTCCATTCTA-JHA710A3,JHA710A3,A3,0.0,1,0,0,0,0,0,0,635.0,0
GCTCTGTTCTGAAAGA-JHA710A3,JHA710A3,A3,3.767078643399507,0,1,0,0,0,0,0,710.0,0
GCTGCAGAGAGATGAG-JHA710A3,JHA710A3,A3,1.946767782040986,3,1,1,1,1,1,0,1665.0,0
GCTGCAGAGGTGATAT-JHA710A3,JHA710A3,A3,0.0,1,0,0,0,0,0,0,646.0,0
GCTGCAGCACATCCAA-JHA710A3,JHA710A3,A3,2.1704203506274817,1,1,1,0,0,0,0,3865.0,0
GCTGCAGCAGTCTTCC-JHA710A3,JHA710A3,A3,3.4134083772031643,2,1,1,1,1,0,0,681.0,1
GCTGCAGCATCCTAGA-JHA710A3,JHA710A3,A3,2.41534932603235,2,1,1,1,1,0,0,981.0,0
GCTGCAGGTAGAAGGA-JHA710A3,JHA710A3,A3,2.1155258540624087,2,1,1,1,1,0,0,1371.0,0
GCTGCAGGTTCCAACA-JHA710A3,JHA710A3,A3,3.132438445789672,2,1,1,1,1,0,0,912.0,0
GCTGCAGTCAACTCTT-JHA710A3,JHA710A3,A3,2.73766512164114,2,1,1,1,1,0,0,692.0,1
GCTGCGAAGCCGTCGT-JHA710A3,JHA710A3,A3,2.129766057093383,2,1,1,1,1,0,0,1349.0,0
GCTGCGAAGCTCCCAG-JHA710A3,JHA710A3,A3,3.3357792205177508,1,1,1,0,0,0,0,738.0,0
GCTGCGACAATCGGTT-JHA710A3,JHA710A3,A3,2.2065228115154145,2,1,1,1,1,0,0,1237.0,0
GCTGCGACAGCTCGAC-JHA710A3,JHA710A3,A3,1.4604673091882452,2,1,1,1,1,0,0,3023.0,0
GCTGCGACAGTCAGCC-JHA710A3,JHA710A3,A3,8.03766747700252,2,1,1,1,1,0,1,837.0,0
GCTGCGAGTATAATGG-JHA710A3,JHA710A3,A3,5.06719649727782,3,1,1,1,1,1,0,1902.0,0
GCTGCGAGTCCCGACA-JHA710A3,JHA710A3,A3,3.0598896244944562,1,1,1,0,0,0,0,984.0,0
GCTGCGAGTCCGAACC-JHA710A3,JHA710A3,A3,2.9574162605251617,3,1,1,1,1,1,0,1096.0,0
GCTGCGAGTGCGAAAC-JHA710A3,JHA710A3,A3,2.351918292745652,1,1,1,0,0,0,0,2104.0,0
GCTGCGATCAACGAAA-JHA710A3,JHA710A3,A3,0.0,0,0,0,0,0,0,0,1247.0,0
GCTGCGATCAGCCTAA-JHA710A3,JHA710A3,A3,0.0,2,0,0,0,0,0,0,962.0,0
GCTGCGATCCAAACTG-JHA710A3,JHA710A3,A3,5.387835319511901,2,1,1,1,1,0,0,643.0,0
GCTGCGATCGCAGGCT-JHA710A3,JHA710A3,A3,1.5000457585041043,2,1,1,1,1,0,0,2872.0,0
GCTGCGATCTGCCAGG-JHA710A3,JHA710A3,A3,1.806280843157379,2,1,1,1,1,0,0,3931.0,0
GCTGCTTAGCAGCCTC-JHA710A3,JHA710A3,A3,2.8748298291020755,2,1,1,1,1,0,0,1196.0,0
GCTGCTTAGCTGCCCA-JHA710A3,JHA710A3,A3,2.9445337209950284,2,1,1,1,1,0,0,1111.0,0
GCTGCTTAGTCTCCTC-JHA710A3,JHA710A3,A3,2.395172453907977,2,1,1,1,1,0,0,1003.0,0
GCTGCTTCAATACGCT-JHA710A3,JHA710A3,A3,2.4379304089524387,2,1,1,1,1,0,0,2871.0,0
GCTGCTTGTCACTTCC-JHA710A3,JHA710A3,A3,0.0,3,0,0,0,0,0,0,805.0,0
GCTGCTTGTTGAGTTC-JHA710A3,JHA710A3,A3,3.358263820472134,2,1,1,1,1,0,0,721.0,0
GCTGGGTAGAGACTTA-JHA710A3,JHA710A3,A3,2.1376434149156553,2,1,1,1,1,0,0,1337.0,0
GCTGGGTAGAGGTTGC-JHA710A3,JHA710A3,A3,3.459989454362384,0,1,0,0,0,0,0,649.0,0
GCTGGGTAGATGGGTC-JHA710A3,JHA710A3,A3,0.0,2,0,0,0,0,0,0,943.0,0
GCTGGGTAGGAATTAC-JHA710A3,JHA710A3,A3,2.0700485347172295,0,1,0,0,0,0,0,1444.0,1
GCTGGGTCAATGAAAC-JHA710A3,JHA710A3,A3,0.0,2,0,0,0,0,0,0,861.0,0
GCTGGGTCAGAGCCAA-JHA710A3,JHA710A3,A3,0.0,3,0,0,0,0,0,0,2262.0,0
GCTGGGTGTACTCTCC-JHA710A3,JHA710A3,A3,2.5137158020148327,2,1,1,1,1,0,0,881.0,0
GCTGGGTTCCTATTCA-JHA710A3,JHA710A3,A3,0.0,2,0,0,0,0,0,0,626.0,0
GCTGGGTTCTGCTTGC-JHA710A3,JHA710A3,A3,0.0,2,0,0,0,0,0,0,869.0,0
GCTTCCAAGAATTCCC-JHA710A3,JHA710A3,A3,0.0,1,0,0,0,0,0,0,620.0,0
GCTTCCACACTGAAGG-JHA710A3,JHA710A3,A3,2.56089741343352,2,1,1,1,1,0,0,837.0,0
GCTTCCAGTGTCAATC-JHA710A3,JHA710A3,A3,0.0,2,0,0,0,0,0,0,1450.0,0
GCTTCCATCAACGGGA-JHA710A3,JHA710A3,A3,1.4011769440870494,3,1,1,1,1,1,0,3268.0,0
GCTTCCATCACTTATC-JHA710A3,JHA710A3,A3,2.626153924779351,2,1,1,1,1,0,0,780.0,0
GCTTCCATCATGCAAC-JHA710A3,JHA710A3,A3,0.0,3,0,0,0,0,0,0,2202.0,0
GCTTCCATCTGGCGTG-JHA710A3,JHA710A3,A3,1.97723927763111,1,1,1,0,0,0,0,1607.0,0
GCTTGAAAGCGACGTA-JHA710A3,JHA710A3,A3,2.5642112138590973,2,1,1,1,1,0,0,834.0,0
GCTTGAACAGTCGTGC-JHA710A3,JHA710A3,A3,3.427717893827554,2,1,1,1,1,0,0,671.0,0
GCTTGAAGTAAAGTCA-JHA710A3,JHA710A3,A3,1.3880030410643154,3,1,1,1,1,1,0,13303.0,1
GCTTGAAGTTGTGGCC-JHA710A3,JHA710A3,A3,0.0,2,0,0,0,0,0,0,824.0,0
GGAAAGCCAATGCCAT-JHA710A3,JHA710A3,A3,5.9855966338410465,2,1,1,1,1,0,0,958.0,0
GGAAAGCCACCACGTG-JHA710A3,JHA710A3,A3,0.0,1,0,0,0,0,0,0,612.0,0
GGAAAGCCACCTCGTT-JHA710A3,JHA710A3,A3,8.270722223121348,2,1,1,1,1,0,1,901.0,0
GGAAAGCGTCGTTGTA-JHA710A3,JHA710A3,A3,0.0,0,0,0,0,0,0,0,1813.0,0
GGAAAGCGTGCCTGCA-JHA710A3,JHA710A3,A3,1.4387525715844656,2,1,1,1,1,0,0,3110.0,0
GGAAAGCGTGTTCGAT-JHA710A3,JHA710A3,A3,4.62098862794878,3,1,1,1,1,1,0,2187.0,1
GGAAAGCTCCGATATG-JHA710A3,JHA710A3,A3,8.504283397546635,2,1,1,1,1,0,1,1305.0,0
GGAAAGCTCCGGGTGT-JHA710A3,JHA710A3,A3,3.4091578158935616,3,1,1,1,1,1,0,1026.0,1
GGAACTTAGAATTCCC-JHA710A3,JHA710A3,A3,0.0,1,0,0,0,0,0,0,1285.0,0
GGAACTTCACGTCTCT-JHA710A3,JHA710A3,A3,3.2948744020224283,1,1,1,0,0,0,0,770.0,1
GGAACTTCATTCTCAT-JHA710A3,JHA710A3,A3,2.8971977229665646,2,1,1,1,1,0,0,1168.0,0
GGAACTTGTCATGCAT-JHA710A3,JHA710A3,A3,0.0,2,0,0,0,0,0,0,1181.0,1
GGAACTTGTCCGTCAG-JHA710A3,JHA710A3,A3,2.9301530219189638,2,1,1,1,1,0,0,1692.0,1
GGAACTTGTGTTCGAT-JHA710A3,JHA710A3,A3,8.300065569751773,2,1,1,1,1,0,1,778.0,0
GGAACTTTCCGCGGTA-JHA710A3,JHA710A3,A3,6.049697691367574,2,1,1,1,1,0,0,1253.0,0
GGAACTTTCCTAAGTG-JHA710A3,JHA710A3,A3,2.0859436294321316,1,1,1,0,0,0,0,1418.0,0
GGAACTTTCGGTCTAA-JHA710A3,JHA710A3,A3,0.0,3,0,0,0,0,0,0,2771.0,0
GGAACTTTCTCGCATC-JHA710A3,JHA710A3,A3,0.0,1,0,0,0,0,0,0,942.0,0
GGAATAAAGCAATCTC-JHA710A3,JHA710A3,A3,0.0,1,0,0,0,0,0,0,2708.0,0
GGAATAAAGTCCCACG-JHA710A3,JHA710A3,A3,3.306198147814863,2,1,1,1,1,0,0,761.0,0
GGAATAACACGAGAGT-JHA710A3,JHA710A3,A3,3.1753744029075848,1,1,1,0,0,0,0,872.0,0
GGAATAATCTCGTTTA-JHA710A3,JHA710A3,A3,1.8512362210595148,1,1,1,0,0,0,0,1863.0,0
GGACAAGAGACAATAC-JHA710A3,JHA710A3,A3,0.0,1,0,0,0,0,0,0,855.0,0
GGACAAGAGACGCAAC-JHA710A3,JHA710A3,A3,0.0,2,0,0,0,0,0,0,1039.0,0
GGACAAGAGCAGCGTA-JHA710A3,JHA710A3,A3,2.79345838500717,1,1,1,0,0,0,0,652.0,0
GGACAAGAGTAGGCCA-JHA710A3,JHA710A3,A3,0.0,0,0,0,0,0,0,0,2528.0,0
GGACAAGCACTCGACG-JHA710A3,JHA710A3,A3,0.0,0,0,0,0,0,0,0,765.0,0
GGACAAGGTGGCAAAC-JHA710A3,JHA710A3,A3,0.0,2,0,0,0,0,0,0,856.0,0
GGACAAGGTTTAAGCC-JHA710A3,JHA710A3,A3,2.772120096709859,2,1,1,1,1,0,0,2668.0,0
GGACAAGTCACGCGGT-JHA710A3,JHA710A3,A3,2.720268398211515,1,1,1,0,0,0,0,705.0,0
GGACAAGTCCGTCAAA-JHA710A3,JHA710A3,A3,0.0,2,0,0,0,0,0,0,1123.0,0
GGACAAGTCGAGCCCA-JHA710A3,JHA710A3,A3,0.0,2,0,0,0,0,0,0,2583.0,0
GGACAAGTCGCCATAA-JHA710A3,JHA710A3,A3,1.9545308920992204,0,1,0,0,0,0,0,1650.0,0
GGACAGAAGAAGGACA-JHA710A3,JHA710A3,A3,0.0,2,0,0,0,0,0,0,1944.0,0
GGACAGAAGGACTGGT-JHA710A3,JHA710A3,A3,3.0637723102856707,2,1,1,1,1,0,0,980.0,0
GGACAGAAGGCATGGT-JHA710A3,JHA710A3,A3,8.190567700694729,3,1,1,1,1,1,1,832.0,0
GGACAGAAGGCCCTCA-JHA710A3,JHA710A3,A3,0.0,2,0,0,0,0,0,0,913.0,0
GGACAGAAGGTGATAT-JHA710A3,JHA710A3,A3,3.1590372525457378,2,1,1,1,1,0,0,887.0,0
GGACAGAGTGGCAAAC-JHA710A3,JHA710A3,A3,0.0,1,0,0,0,0,0,0,1108.0,0
GGACAGAGTGTCCTCT-JHA710A3,JHA710A3,A3,0.0,1,0,0,0,0,0,0,1166.0,0
GGACAGAGTTTGCATG-JHA710A3,JHA710A3,A3,2.6915927290639097,2,1,1,1,1,0,0,727.0,0
GGACAGATCTATCCTA-JHA710A3,JHA710A3,A3,8.085998975798457,2,1,1,1,1,0,1,1284.0,0
GGACATTAGAGCTTCT-JHA710A3,JHA710A3,A3,0.0,2,0,0,0,0,0,0,840.0,0
GGACATTAGAGGTTAT-JHA710A3,JHA710A3,A3,2.541279613375632,2,1,1,1,1,0,0,855.0,0
GGACATTAGCTGGAAC-JHA710A3,JHA710A3,A3,2.667563271085006,2,1,1,1,1,0,0,746.0,0
GGACATTAGGTAAACT-JHA710A3,JHA710A3,A3,0.0,1,0,0,0,0,0,0,622.0,0
GGACATTAGTTAGGTA-JHA710A3,JHA710A3,A3,0.0,2,0,0,0,0,0,0,1474.0,0
GGACATTCAGGGCATA-JHA710A3,JHA710A3,A3,2.0589335374587088,3,1,1,1,1,1,0,2925.0,0
GGACATTGTAGGCATG-JHA710A3,JHA710A3,A3,0.0,2,0,0,0,0,0,0,1051.0,0
GGACATTGTTACGTCA-JHA710A3,JHA710A3,A3,6.147755791434351,2,1,1,1,1,0,0,750.0,0
GGACATTGTTATGCGT-JHA710A3,JHA710A3,A3,0.0,1,0,0,0,0,0,0,642.0,0
GGACATTGTTCAGCGC-JHA710A3,JHA710A3,A3,2.9488074571487553,2,1,1,1,1,0,0,1106.0,0
GGACGTCAGAGCCTAG-JHA710A3,JHA710A3,A3,2.545167329508672,2,1,1,1,1,0,0,4257.0,0
GGACGTCAGGAATGGA-JHA710A3,JHA710A3,A3,0.0,0,0,0,0,0,0,0,768.0,0
GGACGTCAGGCCGAAT-JHA710A3,JHA710A3,A3,0.0,2,0,0,0,0,0,0,932.0,0
GGACGTCCACCTCGGA-JHA710A3,JHA710A3,A3,1.8821985210730219,1,1,1,0,0,0,0,1796.0,0
GGACGTCCATTGTGCA-JHA710A3,JHA710A3,A3,2.3399640187322652,0,1,0,0,0,0,0,1066.0,0
GGACGTCGTTGCTCCT-JHA710A3,JHA710A3,A3,3.2689775119757347,0,1,0,0,0,0,0,791.0,1
GGAGCAAAGAGTGAGA-JHA710A3,JHA710A3,A3,1.525430521246843,2,1,1,1,1,0,0,2780.0,0
GGAGCAAAGCTCCTTC-JHA710A3,JHA710A3,A3,5.869518623892806,2,1,1,1,1,0,0,3427.0,0
GGAGCAACAATGGTCT-JHA710A3,JHA710A3,A3,7.618118488951921,3,1,1,1,1,1,1,1008.0,0
GGAGCAACAGCTATTG-JHA710A3,JHA710A3,A3,3.114782297176139,0,1,0,0,0,0,0,929.0,0
GGAGCAACATTTCAGG-JHA710A3,JHA710A3,A3,0.0,1,0,0,0,0,0,0,733.0,1
GGAGCAAGTTAAGAAC-JHA710A3,JHA710A3,A3,0.0,0,0,0,0,0,0,0,926.0,1
GGAGCAATCCCAGGTG-JHA710A3,JHA710A3,A3,3.4378661852992427,1,1,1,0,0,0,0,996.0,0
GGAGCAATCGATCCCT-JHA710A3,JHA710A3,A3,0.0,1,0,0,0,0,0,0,633.0,0
GGATGTTAGCCAGAAC-JHA710A3,JHA710A3,A3,1.9703016021794724,2,1,1,1,1,0,0,1620.0,0
GGATGTTAGCGACGTA-JHA710A3,JHA710A3,A3,0.0,1,0,0,0,0,0,0,600.0,0
GGATGTTCACATTTCT-JHA710A3,JHA710A3,A3,2.1922622277645565,2,1,1,1,1,0,0,2514.0,0
GGATGTTCAGCATGAG-JHA710A3,JHA710A3,A3,2.8131131000411784,1,1,1,0,0,0,0,1277.0,0
GGATGTTGTAAGTAGT-JHA710A3,JHA710A3,A3,2.1476019941849733,1,1,1,0,0,0,0,1322.0,0
GGATGTTGTCCAGTAT-JHA710A3,JHA710A3,A3,0.0,0,0,0,0,0,0,0,939.0,0
GGATGTTGTGTTTGTG-JHA710A3,JHA710A3,A3,0.0,1,0,0,0,0,0,0,678.0,0
GGATGTTTCACTTACT-JHA710A3,JHA710A3,A3,0.0,2,0,0,0,0,0,0,2160.0,0
GGATTACAGCTAGCCC-JHA710A3,JHA710A3,A3,6.593884912303278,2,1,1,1,1,0,0,699.0,0
GGATTACGTGAGTGAC-JHA710A3,JHA710A3,A3,1.184047720552676,2,1,1,1,1,0,0,4410.0,0
GGATTACTCACAAACC-JHA710A3,JHA710A3,A3,0.0,1,0,0,0,0,0,0,800.0,0
GGATTACTCGCACTCT-JHA710A3,JHA710A3,A3,7.750368715178911,2,1,1,1,1,0,1,952.0,0
GGCAATTAGATCCTGT-JHA710A3,JHA710A3,A3,2.194385178800358,2,1,1,1,1,0,0,1254.0,0
GGCAATTAGCGTGTCC-JHA710A3,JHA710A3,A3,3.375831284328072,2,1,1,1,1,0,0,708.0,0
GGCAATTAGGGTCTCC-JHA710A3,JHA710A3,A3,8.24094096099444,2,1,1,1,1,0,1,1039.0,0
GGCAATTCAAGCCGCT-JHA710A3,JHA710A3,A3,8.121569730430316,3,1,1,1,1,1,1,1147.0,0
GGCAATTCATCTCCCA-JHA710A3,JHA710A3,A3,0.0,3,0,0,0,0,0,0,1206.0,0
GGCAATTGTCGGCTCA-JHA710A3,JHA710A3,A3,0.0,1,0,0,0,0,0,0,635.0,0
GGCAATTTCACAACGT-JHA710A3,JHA710A3,A3,1.896496914260496,2,1,1,1,1,0,0,1766.0,0
GGCAATTTCACCATAG-JHA710A3,JHA710A3,A3,0.0,0,0,0,0,0,0,0,1078.0,0
GGCAATTTCGATAGAA-JHA710A3,JHA710A3,A3,0.0,2,0,0,0,0,0,0,1586.0,0
GGCCGATCAATAACGA-JHA710A3,JHA710A3,A3,1.9729624095477525,1,1,1,0,0,0,0,1615.0,0
GGCCGATCAATACGCT-JHA710A3,JHA710A3,A3,1.6547761428200192,1,1,1,0,0,0,0,2363.0,0
GGCCGATCACACCGCA-JHA710A3,JHA710A3,A3,2.7609471472242952,2,1,1,1,1,0,0,1350.0,0
GGCCGATCACATGGGA-JHA710A3,JHA710A3,A3,2.175132949130442,4,1,1,1,1,1,0,2563.0,0
GGCCGATCAGTATGCT-JHA710A3,JHA710A3,A3,2.477968517154099,1,1,1,0,0,0,0,916.0,0
GGCCGATGTCCGAAGA-JHA710A3,JHA710A3,A3,0.0,2,0,0,0,0,0,0,659.0,0
GGCCGATGTTATCACG-JHA710A3,JHA710A3,A3,0.0,2,0,0,0,0,0,0,923.0,0
GGCGACTAGAAGCCCA-JHA710A3,JHA710A3,A3,0.0,1,0,0,0,0,0,0,1250.0,0
GGCGACTAGAATTCCC-JHA710A3,JHA710A3,A3,2.7130109001557154,1,1,1,0,0,0,0,1421.0,0
GGCGACTAGAGCCCAA-JHA710A3,JHA710A3,A3,4.794657786073714,2,1,1,1,1,0,0,1168.0,0
GGCGACTCACGAAAGC-JHA710A3,JHA710A3,A3,2.0586353350948854,1,1,1,0,0,0,0,1463.0,0
GGCGACTCAGCGAACA-JHA710A3,JHA710A3,A3,0.0,3,0,0,0,0,0,0,838.0,0
GGCGACTCAGTTCATG-JHA710A3,JHA710A3,A3,1.8241468235723102,2,1,1,1,1,0,0,1924.0,0
GGCGACTGTCGAACAG-JHA710A3,JHA710A3,A3,0.0,1,0,0,0,0,0,0,1184.0,0
GGCGACTGTCGAATCT-JHA710A3,JHA710A3,A3,0.0,2,0,0,0,0,0,0,1153.0,1
GGCGACTTCGGTTCGG-JHA710A3,JHA710A3,A3,2.6613484007210935,2,1,1,1,1,0,0,751.0,0
GGCGACTTCGTAGGTT-JHA710A3,JHA710A3,A3,1.9581813019997478,1,1,1,0,0,0,0,1643.0,0
GGCGACTTCGTTGACA-JHA710A3,JHA710A3,A3,2.859188830459477,2,1,1,1,1,0,0,1216.0,0
GGCGACTTCTGTTGAG-JHA710A3,JHA710A3,A3,2.7985123123910514,2,1,1,1,1,0,0,1297.0,0
GGCGTGTAGTCAATAG-JHA710A3,JHA710A3,A3,0.0,0,0,0,0,0,0,0,1168.0,0
GGCGTGTGTCAGAAGC-JHA710A3,JHA710A3,A3,2.3570950058362645,2,1,1,1,1,0,0,1046.0,0
GGCGTGTGTGATGATA-JHA710A3,JHA710A3,A3,0.0,2,0,0,0,0,0,0,976.0,0
GGCGTGTGTTCAGTAC-JHA710A3,JHA710A3,A3,3.420535810272966,1,1,1,0,0,0,0,676.0,0
GGCGTGTTCAGCGATT-JHA710A3,JHA710A3,A3,0.0,1,0,0,0,0,0,0,1017.0,0
GGCGTGTTCCCTCAGT-JHA710A3,JHA710A3,A3,0.0,1,0,0,0,0,0,0,630.0,0
GGCGTGTTCGAGAACG-JHA710A3,JHA710A3,A3,2.617279964691895,2,1,1,1,1,0,0,3150.0,0
GGCTCGAAGCGAAGGG-JHA710A3,JHA710A3,A3,2.0977679365712976,3,1,1,1,1,1,0,2798.0,1
GGCTCGAAGGAGCGTT-JHA710A3,JHA710A3,A3,8.743998801131795,3,1,1,1,1,1,1,6840.0,0
GGCTCGACAAATACAG-JHA710A3,JHA710A3,A3,1.6920607045236293,2,1,1,1,1,0,0,2257.0,0
GGCTCGACATTAGCCA-JHA710A3,JHA710A3,A3,2.2478543719500057,2,1,1,1,1,0,0,1181.0,0
GGCTCGAGTATAGGGC-JHA710A3,JHA710A3,A3,0.0,2,0,0,0,0,0,0,995.0,0
GGCTCGAGTCCAACTA-JHA710A3,JHA710A3,A3,2.0890379528690723,1,1,1,0,0,0,0,1413.0,0
GGCTCGAGTGGCAAAC-JHA710A3,JHA710A3,A3,1.7688001137312757,2,1,1,1,1,0,0,2056.0,0
GGCTCGATCACCAGGC-JHA710A3,JHA710A3,A3,3.078481558265877,1,1,1,0,0,0,0,965.0,0
GGCTCGATCCGCAGTG-JHA710A3,JHA710A3,A3,7.773098413805135,3,1,1,1,1,1,1,699.0,0
GGCTCGATCTGCTGTC-JHA710A3,JHA710A3,A3,2.3790200045268763,0,1,0,0,0,0,0,1021.0,0
GGCTGGTCACACCGAC-JHA710A3,JHA710A3,A3,0.0,2,0,0,0,0,0,0,690.0,0
GGCTGGTCACGCCAGT-JHA710A3,JHA710A3,A3,2.1136038550844507,2,1,1,1,1,0,0,1374.0,0
GGCTGGTCATGTAGTC-JHA710A3,JHA710A3,A3,0.0,0,0,0,0,0,0,0,606.0,0
GGCTGGTGTAATCGTC-JHA710A3,JHA710A3,A3,3.6159909292798242,1,1,1,0,0,0,0,829.0,0
GGCTGGTTCTAAGCCA-JHA710A3,JHA710A3,A3,0.0,1,0,0,0,0,0,0,901.0,0
GGGAATGAGAGTTGGC-JHA710A3,JHA710A3,A3,2.0977679365712976,1,1,1,0,0,0,0,1399.0,0
GGGAATGAGCGTCTAT-JHA710A3,JHA710A3,A3,5.034002479895963,3,1,1,1,1,1,0,4261.0,0
GGGAATGAGGCTCATT-JHA710A3,JHA710A3,A3,2.596921991522423,2,1,1,1,1,0,0,805.0,0
GGGAATGAGGGCTTCC-JHA710A3,JHA710A3,A3,2.5242119953514974,2,1,1,1,1,0,0,871.0,0
GGGAATGAGTGTTAGA-JHA710A3,JHA710A3,A3,1.6855846212776704,2,1,1,1,1,0,0,2275.0,0
GGGAATGGTACATGTC-JHA710A3,JHA710A3,A3,2.608496228294576,0,1,0,0,0,0,0,795.0,0
GGGAATGGTCGATTGT-JHA710A3,JHA710A3,A3,2.8732533379118057,1,1,1,0,0,0,0,599.0,0
GGGAATGGTGATGATA-JHA710A3,JHA710A3,A3,3.4555228840728867,3,1,1,1,1,1,0,978.0,0
GGGAATGGTGTGACCC-JHA710A3,JHA710A3,A3,1.354174811697778,2,1,1,1,1,0,0,3480.0,0
GGGAATGGTGTGGCTC-JHA710A3,JHA710A3,A3,0.0,2,0,0,0,0,0,0,612.0,0
GGGAATGTCCAGGGCT-JHA710A3,JHA710A3,A3,2.236573916124767,2,1,1,1,1,0,0,1196.0,0
GGGAATGTCGGAGCAA-JHA710A3,JHA710A3,A3,0.0,2,0,0,0,0,0,0,998.0,0
GGGAATGTCTCTTGAT-JHA710A3,JHA710A3,A3,5.831973123911298,2,1,1,1,1,0,0,647.0,0
GGGACCTAGACAAAGG-JHA710A3,JHA710A3,A3,1.8180700762778836,2,1,1,1,1,0,0,1938.0,0
GGGACCTAGACAGGCT-JHA710A3,JHA710A3,A3,0.0,2,0,0,0,0,0,0,2574.0,0
GGGACCTAGGCTAGGT-JHA710A3,JHA710A3,A3,0.0,2,0,0,0,0,0,0,838.0,0
GGGACCTAGTGAATTG-JHA710A3,JHA710A3,A3,0.0,2,0,0,0,0,0,0,1016.0,0
GGGACCTAGTTCGCGC-JHA710A3,JHA710A3,A3,2.083476988861622,1,1,1,0,0,0,0,1422.0,0
GGGACCTCACCCAGTG-JHA710A3,JHA710A3,A3,0.0,2,0,0,0,0,0,0,634.0,0
GGGACCTCACGTAAGG-JHA710A3,JHA710A3,A3,1.7100043461272523,2,1,1,1,1,0,0,2208.0,0
GGGACCTCAGGCTCAC-JHA710A3,JHA710A3,A3,2.393362173467386,2,1,1,1,1,0,0,3015.0,0
GGGACCTCATGAACCT-JHA710A3,JHA710A3,A3,2.358827804607461,2,1,1,1,1,0,0,1044.0,0
GGGACCTGTTATCGGT-JHA710A3,JHA710A3,A3,0.0,4,0,0,0,0,0,0,998.0,0
GGGACCTTCGTTGCCT-JHA710A3,JHA710A3,A3,6.406796793721752,2,1,1,1,1,0,0,1091.0,0
GGGAGATAGCATCATC-JHA710A3,JHA710A3,A3,0.0,1,0,0,0,0,0,0,1247.0,0
GGGAGATAGGAGTTTA-JHA710A3,JHA710A3,A3,2.611999006073166,2,1,1,1,1,0,0,792.0,0
GGGAGATAGTCGAGTG-JHA710A3,JHA710A3,A3,2.01122853245675,2,1,1,1,1,0,0,1545.0,0
GGGAGATCACAGAGGT-JHA710A3,JHA710A3,A3,0.0,2,0,0,0,0,0,0,1348.0,0
GGGAGATCATCAGTAC-JHA710A3,JHA710A3,A3,0.0,3,0,0,0,0,0,0,906.0,0
GGGAGATGTACAGACG-JHA710A3,JHA710A3,A3,0.0,2,0,0,0,0,0,0,734.0,0
GGGATGAAGCAGGCTA-JHA710A3,JHA710A3,A3,8.161940606159101,3,1,1,1,1,1,1,879.0,0
GGGATGAAGTCCATAC-JHA710A3,JHA710A3,A3,2.419381673359297,2,1,1,1,1,0,0,2930.0,0
GGGATGAGTAGTGAAT-JHA710A3,JHA710A3,A3,6.8508438451936735,2,1,1,1,1,0,0,2681.0,0
GGGCACTAGAGGTTGC-JHA710A3,JHA710A3,A3,2.0915222846976893,1,1,1,0,0,0,0,1409.0,0
GGGCACTCACATGTGT-JHA710A3,JHA710A3,A3,2.446557567905548,1,1,1,0,0,0,0,948.0,0
GGGCACTCATCAGTAC-JHA710A3,JHA710A3,A3,0.0,1,0,0,0,0,0,0,1658.0,0
GGGCACTGTCCGAGTC-JHA710A3,JHA710A3,A3,2.2440766958238623,2,1,1,1,1,0,0,1186.0,0
GGGCACTGTGGTCTCG-JHA710A3,JHA710A3,A3,2.314506454404841,1,1,1,0,0,0,0,4386.0,0
GGGCACTTCAGAGACG-JHA710A3,JHA710A3,A3,2.0230933599578274,3,1,1,1,1,1,0,1524.0,0
GGGCACTTCATATCGG-JHA710A3,JHA710A3,A3,2.4417537666695446,1,1,1,0,0,0,0,953.0,0
GGGCACTTCCATGAAC-JHA710A3,JHA710A3,A3,0.0,2,0,0,0,0,0,0,1224.0,1
GGGCATCAGTTTGCGT-JHA710A3,JHA710A3,A3,2.0700485347172295,0,1,0,0,0,0,0,1444.0,0
GGGCATCGTAGCTCCG-JHA710A3,JHA710A3,A3,0.0,2,0,0,0,0,0,0,1190.0,0
GGGCATCGTAGGAGTC-JHA710A3,JHA710A3,A3,5.418805074611547,2,1,1,1,1,0,0,1024.0,1
GGGCATCGTCTAAACC-JHA710A3,JHA710A3,A3,2.176171168138387,1,1,1,0,0,0,0,1280.0,0
GGGCATCGTGTGCCTG-JHA710A3,JHA710A3,A3,2.461135816587141,2,1,1,1,1,0,0,933.0,0
GGGCATCGTTCCACGG-JHA710A3,JHA710A3,A3,2.608350587317822,2,1,1,1,1,0,0,6361.0,0
GGGCATCTCACGCGGT-JHA710A3,JHA710A3,A3,0.0,1,0,0,0,0,0,0,666.0,0
GGGCATCTCGCTAGCG-JHA710A3,JHA710A3,A3,2.9146231059412857,2,1,1,1,1,0,0,1720.0,1
GGGCATCTCTGTCAAG-JHA710A3,JHA710A3,A3,3.201002078134709,2,1,1,1,1,0,0,849.0,0
GGGCATCTCTTGCATT-JHA710A3,JHA710A3,A3,2.3684235916406675,0,1,0,0,0,0,0,1033.0,0
GGGTCTGAGCTTATCG-JHA710A3,JHA710A3,A3,5.904680223753082,2,1,1,1,1,0,0,3527.0,0
GGGTCTGAGTTATCGC-JHA710A3,JHA710A3,A3,2.662587827025453,0,1,0,0,0,0,0,750.0,0
GGGTCTGCATCGACGC-JHA710A3,JHA710A3,A3,5.070658767599454,2,1,1,1,1,0,0,2464.0,0
GGGTCTGCATGCTGGC-JHA710A3,JHA710A3,A3,2.549943128388163,1,1,1,0,0,0,0,847.0,0
GGGTCTGGTACAAGTA-JHA710A3,JHA710A3,A3,0.0,2,0,0,0,0,0,0,706.0,0
GGGTCTGGTACTTGAC-JHA710A3,JHA710A3,A3,7.64247480847063,3,1,1,1,1,1,1,739.0,0
GGGTCTGGTATAGGGC-JHA710A3,JHA710A3,A3,2.6954481069701335,0,1,0,0,0,0,0,724.0,0
GGGTCTGGTATCAGTC-JHA710A3,JHA710A3,A3,2.522102375158147,2,1,1,1,1,0,0,873.0,0
GGGTCTGGTTCGTGAT-JHA710A3,JHA710A3,A3,0.0,1,0,0,0,0,0,0,1687.0,0
GGGTCTGTCAGAGCTT-JHA710A3,JHA710A3,A3,2.226185877475419,2,1,1,1,1,0,0,1210.0,0
GGGTCTGTCTTTCCTC-JHA710A3,JHA710A3,A3,0.0,1,0,0,0,0,0,0,671.0,0
GGGTTGCAGCCCAACC-JHA710A3,JHA710A3,A3,3.0407208745060754,1,1,1,0,0,0,0,1004.0,0
GGGTTGCAGGCTAGGT-JHA710A3,JHA710A3,A3,2.352778829711831,2,1,1,1,1,0,0,1051.0,0
GGGTTGCCAATCTGCA-JHA710A3,JHA710A3,A3,2.685204697584203,3,1,1,1,1,1,0,732.0,0
GGGTTGCCAGACAAGC-JHA710A3,JHA710A3,A3,3.28988561019803,0,1,0,0,0,0,0,1161.0,0
GGGTTGCCAGACTCGC-JHA710A3,JHA710A3,A3,3.341021115268542,2,1,1,1,1,0,0,734.0,0
GGGTTGCCAGCTGTGC-JHA710A3,JHA710A3,A3,0.0,0,0,0,0,0,0,0,843.0,0
GGGTTGCGTCGAACAG-JHA710A3,JHA710A3,A3,0.0,1,0,0,0,0,0,0,758.0,0
GGGTTGCGTCGTTGTA-JHA710A3,JHA710A3,A3,0.0,2,0,0,0,0,0,0,658.0,0
GGGTTGCGTGATGCCC-JHA710A3,JHA710A3,A3,0.0,1,0,0,0,0,0,0,690.0,0
GGGTTGCGTTCAGCGC-JHA710A3,JHA710A3,A3,2.290613181935603,2,1,1,1,1,0,0,2252.0,0
GGGTTGCGTTCGAATC-JHA710A3,JHA710A3,A3,0.0,2,0,0,0,0,0,0,1003.0,0
GGGTTGCTCCTTAATC-JHA710A3,JHA710A3,A3,2.6826625241222586,1,1,1,0,0,0,0,1468.0,0
GGTATTGAGACAGACC-JHA710A3,JHA710A3,A3,3.189399874120676,0,1,0,0,0,0,0,1289.0,1
GGTATTGAGAGGTTAT-JHA710A3,JHA710A3,A3,2.8035952605318073,1,1,1,0,0,0,0,645.0,0
GGTATTGAGCTCCTTC-JHA710A3,JHA710A3,A3,2.5210495220503306,1,1,1,0,0,0,0,874.0,0
GGTATTGAGTGCGATG-JHA710A3,JHA710A3,A3,0.0,2,0,0,0,0,0,0,982.0,0
GGTATTGCACCAGTTA-JHA710A3,JHA710A3,A3,0.0,1,0,0,0,0,0,0,718.0,0
GGTATTGCATCTATGG-JHA710A3,JHA710A3,A3,0.0,1,0,0,0,0,0,0,1209.0,0
GGTATTGCATTCCTGC-JHA710A3,JHA710A3,A3,0.0,2,0,0,0,0,0,0,996.0,0
GGTATTGTCAGTTAGC-JHA710A3,JHA710A3,A3,0.0,0,0,0,0,0,0,0,668.0,1
GGTATTGTCTGGCGAC-JHA710A3,JHA710A3,A3,2.05328726355058,2,1,1,1,1,0,0,1472.0,0
GGTGAAGAGGATGGTC-JHA710A3,JHA710A3,A3,0.0,1,0,0,0,0,0,0,755.0,0
GGTGAAGAGGCATGTG-JHA710A3,JHA710A3,A3,2.1651660828208033,2,1,1,1,1,0,0,1296.0,0
GGTGAAGAGGCTATCT-JHA710A3,JHA710A3,A3,0.0,1,0,0,0,0,0,0,616.0,0
GGTGAAGGTAGTAGTA-JHA710A3,JHA710A3,A3,3.156880748096752,1,1,1,0,0,0,0,889.0,0
GGTGAAGTCCCGACTT-JHA710A3,JHA710A3,A3,0.0,2,0,0,0,0,0,0,945.0,0
GGTGAAGTCCCTCAGT-JHA710A3,JHA710A3,A3,5.773722333017425,3,1,1,1,1,1,0,1746.0,0
GGTGCGTAGAGAGCTC-JHA710A3,JHA710A3,A3,2.656408292452806,1,1,1,0,0,0,0,755.0,0
GGTGCGTAGGCCCTCA-JHA710A3,JHA710A3,A3,1.8193679333090482,2,1,1,1,1,0,0,1935.0,0
GGTGCGTCACCTATCC-JHA710A3,JHA710A3,A3,0.0,0,0,0,0,0,0,0,642.0,0
GGTGCGTCACGCCAGT-JHA710A3,JHA710A3,A3,0.0,1,0,0,0,0,0,0,1164.0,0
GGTGCGTCAGACGTAG-JHA710A3,JHA710A3,A3,7.663585374972647,3,1,1,1,1,1,1,888.0,0
GGTGCGTCAGCCAGAA-JHA710A3,JHA710A3,A3,2.126506930258451,3,1,1,1,1,1,0,1354.0,0
GGTGCGTGTCACCCAG-JHA710A3,JHA710A3,A3,0.0,3,0,0,0,0,0,0,713.0,0
GGTGCGTGTCTAGGTT-JHA710A3,JHA710A3,A3,0.0,0,0,0,0,0,0,0,633.0,0
GGTGCGTGTCTCAACA-JHA710A3,JHA710A3,A3,0.0,2,0,0,0,0,0,0,1408.0,0
GGTGCGTGTTCCCGAG-JHA710A3,JHA710A3,A3,0.0,2,0,0,0,0,0,0,1341.0,0
GGTGCGTTCCCATTAT-JHA710A3,JHA710A3,A3,1.9332463728126847,1,1,1,0,0,0,0,3383.0,1
GGTGCGTTCCGAATGT-JHA710A3,JHA710A3,A3,0.0,3,0,0,0,0,0,0,1333.0,0
GGTGCGTTCTTTAGGG-JHA710A3,JHA710A3,A3,2.022239746715008,2,1,1,1,1,0,0,3051.0,1
GGTGTTAAGACTTTCG-JHA710A3,JHA710A3,A3,2.806512953803425,0,1,0,0,0,0,0,643.0,0
GGTGTTAAGCGGCTTC-JHA710A3,JHA710A3,A3,0.0,1,0,0,0,0,0,0,1320.0,1
GGTGTTAAGCTGAAAT-JHA710A3,JHA710A3,A3,0.0,1,0,0,0,0,0,0,1377.0,0
GGTGTTAAGGTACTCT-JHA710A3,JHA710A3,A3,0.0,1,0,0,0,0,0,0,891.0,0
GGTGTTACAAAGGTGC-JHA710A3,JHA710A3,A3,2.843817495685926,2,1,1,1,1,0,0,1854.0,0
GGTGTTACAATGAAAC-JHA710A3,JHA710A3,A3,2.0859436294321316,2,1,1,1,1,0,0,1418.0,0
GGTGTTACAGCCTGTG-JHA710A3,JHA710A3,A3,5.413919954643618,2,1,1,1,1,0,0,1208.0,0
GGTGTTAGTCATCGGC-JHA710A3,JHA710A3,A3,0.0,2,0,0,0,0,0,0,745.0,0
GGTGTTATCCTGCAGG-JHA710A3,JHA710A3,A3,7.960707154163,2,1,1,1,1,0,1,1616.0,0
GGTGTTATCGCTAGCG-JHA710A3,JHA710A3,A3,2.8685404962389303,2,1,1,1,1,0,0,602.0,0
GGTGTTATCTCGCTTG-JHA710A3,JHA710A3,A3,8.03897853443265,3,1,1,1,1,1,1,965.0,0
GTAACGTAGACTCGGA-JHA710A3,JHA710A3,A3,0.0,3,0,0,0,0,0,0,1766.0,0
GTAACGTAGCGCCTCA-JHA710A3,JHA710A3,A3,0.0,2,0,0,0,0,0,0,833.0,0
GTAACGTCAGGCAGTA-JHA710A3,JHA710A3,A3,2.5787208601192204,2,1,1,1,1,0,0,821.0,0
GTAACGTCAGTTCCCT-JHA710A3,JHA710A3,A3,1.9891267505550956,1,1,1,0,0,0,0,1585.0,0
GTAACGTCATGTTGAC-JHA710A3,JHA710A3,A3,2.7891493088974655,1,1,1,0,0,0,0,1310.0,0
GTAACGTGTACATCCA-JHA710A3,JHA710A3,A3,0.0,1,0,0,0,0,0,0,1058.0,0
GTAACGTGTCATTAGC-JHA710A3,JHA710A3,A3,0.0,1,0,0,0,0,0,0,1154.0,0
GTAACGTTCACGACTA-JHA710A3,JHA710A3,A3,0.0,1,0,0,0,0,0,0,666.0,0
GTAACGTTCCGGCACA-JHA710A3,JHA710A3,A3,0.0,1,0,0,0,0,0,0,880.0,0
GTAACGTTCGATGAGG-JHA710A3,JHA710A3,A3,0.0,0,0,0,0,0,0,0,812.0,0
GTAACTGAGAATGTTG-JHA710A3,JHA710A3,A3,3.9544997704111235,4,1,1,1,1,1,0,5472.0,1
GTAACTGAGCCGCCTA-JHA710A3,JHA710A3,A3,5.47256040277679,2,1,1,1,1,0,0,1856.0,0
GTAACTGAGGAGCGAG-JHA710A3,JHA710A3,A3,2.3206937820202556,1,1,1,0,0,0,0,1089.0,0
GTAACTGAGGCTATCT-JHA710A3,JHA710A3,A3,0.0,3,0,0,0,0,0,0,1503.0,0
GTAACTGAGTACGTAA-JHA710A3,JHA710A3,A3,3.4525569327741508,1,1,1,0,0,0,0,654.0,0
GTAACTGAGTCATGCT-JHA710A3,JHA710A3,A3,0.0,2,0,0,0,0,0,0,1018.0,0
GTAACTGAGTGCGTGA-JHA710A3,JHA710A3,A3,2.302270153617272,1,1,1,0,0,0,0,2223.0,0
GTAACTGCACGAAAGC-JHA710A3,JHA710A3,A3,2.6592866087675207,2,1,1,1,1,0,0,2258.0,0
GTAACTGCACGTGAGA-JHA710A3,JHA710A3,A3,1.9214569913418558,4,1,1,1,1,1,0,6860.0,1
GTAACTGCAGATCCAT-JHA710A3,JHA710A3,A3,2.5653186677787247,3,1,1,1,1,1,0,833.0,0
GTAACTGCATCGACGC-JHA710A3,JHA710A3,A3,0.0,2,0,0,0,0,0,0,1049.0,0
GTAACTGGTGTCAATC-JHA710A3,JHA710A3,A3,2.1979360046672483,2,1,1,1,1,0,0,1249.0,0
GTAACTGTCCGCTGTT-JHA710A3,JHA710A3,A3,2.347629004672164,3,1,1,1,1,1,0,2114.0,0
GTAACTGTCGAGGTAG-JHA710A3,JHA710A3,A3,2.0456270638863985,1,1,1,0,0,0,0,1485.0,0
GTACGTAAGAATGTTG-JHA710A3,JHA710A3,A3,1.4989646735777615,0,1,0,0,0,0,0,2876.0,0
GTACGTACAGGGTATG-JHA710A3,JHA710A3,A3,2.802140009950101,2,1,1,1,1,0,0,646.0,0
GTACGTAGTAAACCTC-JHA710A3,JHA710A3,A3,1.9390841839849133,2,1,1,1,1,0,0,3360.0,0
GTACGTAGTCGAGATG-JHA710A3,JHA710A3,A3,2.671313613948783,3,1,1,1,1,1,0,2972.0,0
GTACGTAGTGGTGTAG-JHA710A3,JHA710A3,A3,0.0,2,0,0,0,0,0,0,617.0,0
GTACGTAGTGTTGGGA-JHA710A3,JHA710A3,A3,3.2617093457277058,1,1,1,0,0,0,0,797.0,1
GTACGTAGTTAAAGAC-JHA710A3,JHA710A3,A3,7.03672343422298,2,1,1,1,1,0,0,783.0,0
GTACTCCAGACTTGAA-JHA710A3,JHA710A3,A3,2.447521631918479,2,1,1,1,1,0,0,947.0,1
GTACTCCAGATGGGTC-JHA710A3,JHA710A3,A3,2.2126612760573625,2,1,1,1,1,0,0,2457.0,1
GTACTCCAGCCACGTC-JHA710A3,JHA710A3,A3,2.361433826824168,0,1,0,0,0,0,0,1041.0,0
GTACTCCCACACCGAC-JHA710A3,JHA710A3,A3,0.0,2,0,0,0,0,0,0,1490.0,0
GTACTCCCAGACAGGT-JHA710A3,JHA710A3,A3,2.2585266471592362,3,1,1,1,1,1,0,2334.0,0
GTACTCCGTTCAGGCC-JHA710A3,JHA710A3,A3,8.189814445231663,2,1,1,1,1,0,1,655.0,0
GTACTCCTCAGCGATT-JHA710A3,JHA710A3,A3,0.0,2,0,0,0,0,0,0,1477.0,0
GTACTCCTCATGTGGT-JHA710A3,JHA710A3,A3,0.0,0,0,0,0,0,0,0,723.0,0
GTACTCCTCGCATGAT-JHA710A3,JHA710A3,A3,3.638560343924229,1,1,1,0,0,0,0,810.0,0
GTACTCCTCTTACCGC-JHA710A3,JHA710A3,A3,7.923499112049652,3,1,1,1,1,1,1,768.0,0
GTACTCCTCTTGGGTA-JHA710A3,JHA710A3,A3,0.0,1,0,0,0,0,0,0,1102.0,0
GTACTTTAGACCTAGG-JHA710A3,JHA710A3,A3,3.7725981167256024,1,1,1,0,0,0,0,706.0,0
GTACTTTAGATGTAAC-JHA710A3,JHA710A3,A3,0.0,2,0,0,0,0,0,0,2560.0,0
GTACTTTAGTGGACGT-JHA710A3,JHA710A3,A3,3.1923800311031436,1,1,1,0,0,0,0,1285.0,0
GTACTTTAGTTATCGC-JHA710A3,JHA710A3,A3,0.0,1,0,0,0,0,0,0,871.0,0
GTACTTTAGTTCGCGC-JHA710A3,JHA710A3,A3,1.954010848299813,2,1,1,1,1,0,0,1651.0,0
GTACTTTGTACCAGTT-JHA710A3,JHA710A3,A3,0.0,2,0,0,0,0,0,0,775.0,0
GTACTTTGTTCGTTGA-JHA710A3,JHA710A3,A3,0.0,2,0,0,0,0,0,0,766.0,0
GTACTTTTCATTGCGA-JHA710A3,JHA710A3,A3,3.18346834097285,2,1,1,1,1,0,0,1297.0,0
GTACTTTTCTCTGTCG-JHA710A3,JHA710A3,A3,2.773526720620158,1,1,1,0,0,0,0,666.0,0
GTAGGCCCAAGCCGCT-JHA710A3,JHA710A3,A3,0.0,2,0,0,0,0,0,0,907.0,0
GTAGGCCCAGACACTT-JHA710A3,JHA710A3,A3,1.4358163888294457,2,1,1,1,1,0,0,3122.0,0
GTAGGCCCAGGTGCCT-JHA710A3,JHA710A3,A3,3.5084782983891962,1,1,1,0,0,0,0,926.0,0
GTAGGCCCAGTCGTGC-JHA710A3,JHA710A3,A3,8.411695305661938,2,1,1,1,1,0,1,1236.0,0
GTAGGCCGTACAGTTC-JHA710A3,JHA710A3,A3,2.1617580178476454,2,1,1,1,1,0,0,1301.0,0
GTAGGCCGTAGGCTGA-JHA710A3,JHA710A3,A3,2.7316040709166076,3,1,1,1,1,1,0,1393.0,0
GTAGGCCGTCTGCGGT-JHA710A3,JHA710A3,A3,0.0,2,0,0,0,0,0,0,930.0,0
GTAGGCCGTTTGTTGG-JHA710A3,JHA710A3,A3,0.0,0,0,0,0,0,0,0,607.0,0
GTAGGCCTCCGAAGAG-JHA710A3,JHA710A3,A3,0.0,2,0,0,0,0,0,0,1234.0,0
GTAGGCCTCTTGTCAT-JHA710A3,JHA710A3,A3,5.55067114056188,2,1,1,1,1,0,0,975.0,1
GTAGTCAAGAAGATTC-JHA710A3,JHA710A3,A3,7.85527846148013,2,1,1,1,1,0,1,830.0,0
GTAGTCAAGAGGACGG-JHA710A3,JHA710A3,A3,0.0,2,0,0,0,0,0,0,1181.0,0
GTAGTCACACAACGTT-JHA710A3,JHA710A3,A3,1.7769150600795225,2,1,1,1,1,0,0,4072.0,0
GTAGTCACATGTAGTC-JHA710A3,JHA710A3,A3,0.0,2,0,0,0,0,0,0,1214.0,0
GTAGTCAGTAGAAGGA-JHA710A3,JHA710A3,A3,8.288873547325112,2,1,1,1,1,0,1,739.0,0
GTAGTCAGTCACTGGC-JHA710A3,JHA710A3,A3,3.53773621179462,1,1,1,0,0,0,0,599.0,0
GTAGTCAGTGGTGTAG-JHA710A3,JHA710A3,A3,2.0724728723637424,2,1,1,1,1,0,0,1440.0,0
GTAGTCAGTTACCGAT-JHA710A3,JHA710A3,A3,0.0,2,0,0,0,0,0,0,918.0,0
GTAGTCAGTTAGTGGG-JHA710A3,JHA710A3,A3,0.0,3,0,0,0,0,0,0,1797.0,0
GTAGTCAGTTTAGGAA-JHA710A3,JHA710A3,A3,7.15889599516783,2,1,1,1,1,0,0,1051.0,0
GTAGTCATCCAGATCA-JHA710A3,JHA710A3,A3,2.4749735476583794,2,1,1,1,1,0,0,919.0,0
GTAGTCATCCCTAACC-JHA710A3,JHA710A3,A3,0.0,2,0,0,0,0,0,0,645.0,0
GTATCTTAGGCATGTG-JHA710A3,JHA710A3,A3,1.7280436548419473,2,1,1,1,1,0,0,2160.0,0
GTATCTTCACTGTTAG-JHA710A3,JHA710A3,A3,0.0,1,0,0,0,0,0,0,747.0,0
GTATCTTGTGAAATCA-JHA710A3,JHA710A3,A3,2.5957730718973826,0,1,0,0,0,0,0,806.0,0
GTATCTTGTGCCTGGT-JHA710A3,JHA710A3,A3,2.419070801644534,2,1,1,1,1,0,0,977.0,0
GTATCTTGTGGTACAG-JHA710A3,JHA710A3,A3,0.0,1,0,0,0,0,0,0,725.0,0
GTATTCTAGCTAAACA-JHA710A3,JHA710A3,A3,2.5147596129376817,1,1,1,0,0,0,0,880.0,0
GTATTCTAGGCATGGT-JHA710A3,JHA710A3,A3,3.681594921699307,0,1,0,0,0,0,0,775.0,0
GTATTCTCACACAGAG-JHA710A3,JHA710A3,A3,7.790748582243536,3,1,1,1,1,1,1,724.0,0
GTATTCTCACCAGCAC-JHA710A3,JHA710A3,A3,0.0,1,0,0,0,0,0,0,1637.0,0
GTATTCTCATTGAGCT-JHA710A3,JHA710A3,A3,8.034706886701176,3,1,1,1,1,1,1,833.0,0
GTATTCTGTAACGCGA-JHA710A3,JHA710A3,A3,0.0,2,0,0,0,0,0,0,946.0,0
GTATTCTGTTAAGATG-JHA710A3,JHA710A3,A3,3.341021115268542,1,1,1,0,0,0,0,1101.0,0
GTATTCTGTTGCTCCT-JHA710A3,JHA710A3,A3,0.0,1,0,0,0,0,0,0,846.0,0
GTATTCTTCACATACG-JHA710A3,JHA710A3,A3,1.8272044880451617,2,1,1,1,1,0,0,1917.0,0
GTATTCTTCACTTCAT-JHA710A3,JHA710A3,A3,3.152582872745752,1,1,1,0,0,0,0,893.0,0
GTATTCTTCAGGTAAA-JHA710A3,JHA710A3,A3,2.237321064667244,1,1,1,0,0,0,0,1195.0,1
GTCAAGTCACCGTTGG-JHA710A3,JHA710A3,A3,2.0162909458171128,2,1,1,1,1,0,0,1536.0,0
GTCAAGTCAGCTTCGG-JHA710A3,JHA710A3,A3,0.0,2,0,0,0,0,0,0,1454.0,0
GTCAAGTCATACTACG-JHA710A3,JHA710A3,A3,3.035048184003741,2,1,1,1,1,0,0,1010.0,0
GTCAAGTGTCGTGGCT-JHA710A3,JHA710A3,A3,1.8180700762778836,1,1,1,0,0,0,0,1938.0,0
GTCACAAAGACTAGAT-JHA710A3,JHA710A3,A3,8.198195982034578,2,1,1,1,1,0,1,611.0,0
GTCACAACACATTTCT-JHA710A3,JHA710A3,A3,0.0,2,0,0,0,0,0,0,849.0,0
GTCACAACAGCCAGAA-JHA710A3,JHA710A3,A3,0.0,2,0,0,0,0,0,0,1073.0,0
GTCACAATCCCACTTG-JHA710A3,JHA710A3,A3,0.0,3,0,0,0,0,0,0,2893.0,1
GTCACAATCCTACAGA-JHA710A3,JHA710A3,A3,2.1239093123187365,1,1,1,0,0,0,0,1358.0,0
GTCACGGAGACAAGCC-JHA710A3,JHA710A3,A3,5.713195599659969,2,1,1,1,1,0,0,762.0,0
GTCACGGAGTCTCCTC-JHA710A3,JHA710A3,A3,0.0,1,0,0,0,0,0,0,1038.0,0
GTCACGGCAAGGACAC-JHA710A3,JHA710A3,A3,2.766515923644883,2,1,1,1,1,0,0,671.0,0
GTCACGGCACCGCTAG-JHA710A3,JHA710A3,A3,1.8653994591565601,1,1,1,0,0,0,0,1832.0,0
GTCACGGCACTGTTAG-JHA710A3,JHA710A3,A3,0.0,2,0,0,0,0,0,0,2452.0,0
GTCACGGCATCGTCGG-JHA710A3,JHA710A3,A3,7.86954872599968,2,1,1,1,1,0,1,910.0,0
GTCACGGGTCTGATCA-JHA710A3,JHA710A3,A3,0.0,2,0,0,0,0,0,0,840.0,0
GTCACGGTCAGCTGGC-JHA710A3,JHA710A3,A3,0.0,1,0,0,0,0,0,0,1001.0,0
GTCACGGTCGACAGCC-JHA710A3,JHA710A3,A3,1.9692398979596926,3,1,1,1,1,1,0,1622.0,0
GTCATTTAGGATGGTC-JHA710A3,JHA710A3,A3,2.6490504083387063,2,1,1,1,1,0,0,761.0,0
GTCATTTCAAACGCGA-JHA710A3,JHA710A3,A3,2.5456003920468335,1,1,1,0,0,0,0,851.0,0
GTCATTTCAATGACCT-JHA710A3,JHA710A3,A3,2.9411292834738245,2,1,1,1,1,0,0,1115.0,0
GTCATTTCACAACGTT-JHA710A3,JHA710A3,A3,4.43477720005941,2,1,1,1,1,0,0,720.0,1
GTCATTTCAGCTGCAC-JHA710A3,JHA710A3,A3,2.0509221719408375,1,1,1,0,0,0,0,1476.0,0
GTCATTTGTATTAGCC-JHA710A3,JHA710A3,A3,0.0,1,0,0,0,0,0,0,1901.0,0
GTCATTTGTCCAGTGC-JHA710A3,JHA710A3,A3,2.1091374238725975,2,1,1,1,1,0,0,1381.0,0
GTCATTTGTCCGTGAC-JHA710A3,JHA710A3,A3,5.984617147762463,2,1,1,1,1,0,0,858.0,0
GTCCTCAAGATAGGAG-JHA710A3,JHA710A3,A3,0.0,2,0,0,0,0,0,0,610.0,0
GTCCTCAAGGCCGAAT-JHA710A3,JHA710A3,A3,0.0,0,0,0,0,0,0,0,653.0,0
GTCCTCAAGTAGGCCA-JHA710A3,JHA710A3,A3,3.4007141731482835,3,1,1,1,1,1,0,1035.0,0
GTCCTCAAGTTCCACA-JHA710A3,JHA710A3,A3,4.831034974856119,3,1,1,1,1,1,0,2654.0,0
GTCCTCAGTAGAGTGC-JHA710A3,JHA710A3,A3,3.024739398873978,3,1,1,1,1,1,0,1021.0,0
GTCCTCAGTCTACCTC-JHA710A3,JHA710A3,A3,2.289815352117924,3,1,1,1,1,1,0,1127.0,0
GTCCTCAGTTAGTGGG-JHA710A3,JHA710A3,A3,6.386063485845463,2,1,1,1,1,0,0,962.0,0
GTCCTCAGTTGAGTTC-JHA710A3,JHA710A3,A3,1.606086355213076,2,1,1,1,1,0,0,5021.0,0
GTCGGGTAGGCATTGG-JHA710A3,JHA710A3,A3,0.0,2,0,0,0,0,0,0,994.0,0
GTCGGGTCAACAACCT-JHA710A3,JHA710A3,A3,7.551905209510184,2,1,1,1,1,0,1,683.0,0
GTCGGGTCAAGAAAGG-JHA710A3,JHA710A3,A3,0.0,2,0,0,0,0,0,0,1059.0,0
GTCGGGTCACAGACTT-JHA710A3,JHA710A3,A3,1.9145212008382146,1,1,1,0,0,0,0,1729.0,0
GTCGGGTCACCATGTA-JHA710A3,JHA710A3,A3,2.0162909458171128,2,1,1,1,1,0,0,1536.0,0
GTCGGGTGTTCGCTAA-JHA710A3,JHA710A3,A3,0.0,1,0,0,0,0,0,0,614.0,0
GTCGGGTGTTGAGGTG-JHA710A3,JHA710A3,A3,1.6102917923023974,4,1,1,1,1,1,0,7492.0,1
GTCGGGTTCTCATTCA-JHA710A3,JHA710A3,A3,1.631229164169415,2,1,1,1,1,0,0,2433.0,0
GTCGGGTTCTTAGCCC-JHA710A3,JHA710A3,A3,6.984329610647126,1,1,1,0,0,0,0,649.0,0
GTCGTAAAGAATTGTG-JHA710A3,JHA710A3,A3,0.0,0,0,0,0,0,0,0,787.0,0
GTCGTAACAAACGTGG-JHA710A3,JHA710A3,A3,1.9962396931068738,1,1,1,0,0,0,0,1572.0,0
GTCGTAACAAGACGTG-JHA710A3,JHA710A3,A3,0.0,2,0,0,0,0,0,0,1642.0,0
GTCGTAAGTGTCCTCT-JHA710A3,JHA710A3,A3,2.47397757925581,1,1,1,0,0,0,0,920.0,0
GTCGTAAGTTTGTTGG-JHA710A3,JHA710A3,A3,5.5254529391317835,2,1,1,1,1,0,0,680.0,0
GTCGTAATCTTGACGA-JHA710A3,JHA710A3,A3,2.8043237834365513,3,1,1,1,1,1,0,2578.0,0
GTCTCGTAGCCACCTG-JHA710A3,JHA710A3,A3,2.7609471472242952,1,1,1,0,0,0,0,675.0,0
GTCTCGTCAAGCGTAG-JHA710A3,JHA710A3,A3,2.303485588327296,2,1,1,1,1,0,0,1110.0,0
GTCTCGTCACCCATTC-JHA710A3,JHA710A3,A3,0.0,1,0,0,0,0,0,0,1389.0,0
GTCTCGTGTCTTCTCG-JHA710A3,JHA710A3,A3,2.3737048798301204,2,1,1,1,1,0,0,1027.0,0
GTCTCGTGTGTAACGG-JHA710A3,JHA710A3,A3,5.640848902715135,2,1,1,1,1,0,0,855.0,0
GTCTCGTTCACGACTA-JHA710A3,JHA710A3,A3,0.0,1,0,0,0,0,0,0,1083.0,0
GTCTCGTTCCTCATTA-JHA710A3,JHA710A3,A3,2.599224438370223,0,1,0,0,0,0,0,1606.0,1
GTCTTCGAGAAACGCC-JHA710A3,JHA710A3,A3,2.281879683642564,2,1,1,1,1,0,0,1137.0,0
GTCTTCGCATGCCCGA-JHA710A3,JHA710A3,A3,3.5393585087351154,1,1,1,0,0,0,0,598.0,0
GTCTTCGCATTGAGCT-JHA710A3,JHA710A3,A3,5.946472690556917,3,1,1,1,1,1,0,2753.0,0
GTCTTCGGTATTAGCC-JHA710A3,JHA710A3,A3,0.0,3,0,0,0,0,0,0,1244.0,0
GTCTTCGGTCCATCCT-JHA710A3,JHA710A3,A3,2.270898050243479,2,1,1,1,1,0,0,4604.0,0
GTCTTCGGTTAAAGTG-JHA710A3,JHA710A3,A3,0.0,1,0,0,0,0,0,0,698.0,0
GTCTTCGGTTGGACCC-JHA710A3,JHA710A3,A3,3.0047705885356693,2,1,1,1,1,0,0,1564.0,0
GTCTTCGTCAACACAC-JHA710A3,JHA710A3,A3,3.47655103233087,2,1,1,1,1,0,0,638.0,0
GTCTTCGTCACAATGC-JHA710A3,JHA710A3,A3,7.7460069549086725,2,1,1,1,1,0,1,636.0,1
GTCTTCGTCACATGCA-JHA710A3,JHA710A3,A3,3.4496003241423345,0,1,0,0,0,0,0,656.0,0
GTCTTCGTCTCTGTCG-JHA710A3,JHA710A3,A3,2.599224438370223,0,1,0,0,0,0,0,803.0,0
GTCTTCGTCTGTCAAG-JHA710A3,JHA710A3,A3,3.3176615826063856,2,1,1,1,1,0,0,1128.0,0
GTGAAGGAGCTGGAAC-JHA710A3,JHA710A3,A3,2.913524040475829,2,1,1,1,1,0,0,1148.0,0
GTGAAGGAGGCAGTCA-JHA710A3,JHA710A3,A3,0.0,3,0,0,0,0,0,0,1074.0,0
GTGAAGGAGTGAAGTT-JHA710A3,JHA710A3,A3,0.0,1,0,0,0,0,0,0,764.0,0
GTGAAGGCAGTAGAGC-JHA710A3,JHA710A3,A3,2.982856862824717,2,1,1,1,1,0,0,1067.0,0
GTGAAGGGTACATGTC-JHA710A3,JHA710A3,A3,3.3091566025633434,1,1,1,0,0,0,0,1138.0,0
GTGAAGGGTCTAGTCA-JHA710A3,JHA710A3,A3,1.7732518465720697,3,1,1,1,1,1,0,4090.0,1
GTGAAGGGTTCATGGT-JHA710A3,JHA710A3,A3,2.8875429016956873,2,1,1,1,1,0,0,1180.0,0
GTGAAGGTCAGTCAGT-JHA710A3,JHA710A3,A3,5.25539527552601,2,1,1,1,1,0,0,787.0,0
GTGCAGCGTCAAAGCG-JHA710A3,JHA710A3,A3,0.0,2,0,0,0,0,0,0,1702.0,0
GTGCAGCGTCAAGCGA-JHA710A3,JHA710A3,A3,3.1886563393072103,2,1,1,1,1,0,0,860.0,0
GTGCAGCGTTCACGGC-JHA710A3,JHA710A3,A3,2.73766512164114,1,1,1,0,0,0,0,692.0,0
GTGCAGCTCGTCTGCT-JHA710A3,JHA710A3,A3,0.0,1,0,0,0,0,0,0,655.0,0
GTGCATAAGGCTCAGA-JHA710A3,JHA710A3,A3,8.654055253537233,2,1,1,1,1,0,1,1898.0,0
GTGCATAAGTCGTTTG-JHA710A3,JHA710A3,A3,0.0,2,0,0,0,0,0,0,795.0,0
GTGCATAAGTTGAGTA-JHA710A3,JHA710A3,A3,0.0,2,0,0,0,0,0,0,597.0,0
GTGCATACAAGGACTG-JHA710A3,JHA710A3,A3,3.2055327629577235,2,1,1,1,1,0,0,845.0,0
GTGCATACAGATCCAT-JHA710A3,JHA710A3,A3,0.0,0,0,0,0,0,0,0,651.0,1
GTGCATAGTAATTGGA-JHA710A3,JHA710A3,A3,0.0,1,0,0,0,0,0,0,1010.0,0
GTGCATAGTGCGCTTG-JHA710A3,JHA710A3,A3,3.26412573752268,0,1,0,0,0,0,0,795.0,0
GTGCATATCTATGTGG-JHA710A3,JHA710A3,A3,3.13139037355954,0,1,0,0,0,0,0,913.0,0
GTGCATATCTTGTCAT-JHA710A3,JHA710A3,A3,0.0,1,0,0,0,0,0,0,1183.0,0
GTGCGGTAGCTACCGC-JHA710A3,JHA710A3,A3,1.8653994591565601,2,1,1,1,1,0,0,1832.0,0
GTGCGGTCAAACGCGA-JHA710A3,JHA710A3,A3,8.389859150854088,2,1,1,1,1,0,1,668.0,0
GTGCGGTCACAGTCGC-JHA710A3,JHA710A3,A3,0.0,2,0,0,0,0,0,0,1758.0,0
GTGCGGTCATGTCGAT-JHA710A3,JHA710A3,A3,2.863073450466124,2,1,1,1,1,0,0,1211.0,0
GTGCGGTTCACCGTAA-JHA710A3,JHA710A3,A3,2.4144215394843522,1,1,1,0,0,0,0,982.0,0
GTGCGGTTCTGCAGTA-JHA710A3,JHA710A3,A3,2.534126551823951,1,1,1,0,0,0,0,2585.0,0
GTGCTTCAGGCTCAGA-JHA710A3,JHA710A3,A3,2.629331183383352,2,1,1,1,1,0,0,2332.0,0
GTGCTTCCACGAAACG-JHA710A3,JHA710A3,A3,5.057190205910582,3,1,1,1,1,1,0,3074.0,1
GTGCTTCGTTACCGAT-JHA710A3,JHA710A3,A3,3.2763031339043294,1,1,1,0,0,0,0,785.0,0
GTGCTTCTCGCCATAA-JHA710A3,JHA710A3,A3,0.0,2,0,0,0,0,0,0,689.0,0
GTGCTTCTCGGCTTGG-JHA710A3,JHA710A3,A3,3.83109017740423,2,1,1,1,1,0,0,665.0,0
GTGGGTCAGATGCGAC-JHA710A3,JHA710A3,A3,0.0,2,0,0,0,0,0,0,620.0,0
GTGGGTCAGTGATCGG-JHA710A3,JHA710A3,A3,2.0006501820309803,3,1,1,1,1,1,0,1564.0,0
GTGGGTCCATCTATGG-JHA710A3,JHA710A3,A3,0.0,0,0,0,0,0,0,0,1311.0,1
GTGGGTCGTGCGAAAC-JHA710A3,JHA710A3,A3,0.0,0,0,0,0,0,0,0,836.0,0
GTGGGTCTCCAGTAGT-JHA710A3,JHA710A3,A3,3.515312287762974,2,1,1,1,1,0,0,613.0,0
GTGTGCGAGCTACCTA-JHA710A3,JHA710A3,A3,2.7829619331627082,3,1,1,1,1,1,0,1978.0,0
GTGTGCGCAGTCCTTC-JHA710A3,JHA710A3,A3,0.0,1,0,0,0,0,0,0,921.0,0
GTGTGCGCATCTCGCT-JHA710A3,JHA710A3,A3,2.2306215105112326,1,1,1,0,0,0,0,1204.0,0
GTGTGCGTCCCTCTTT-JHA710A3,JHA710A3,A3,2.088727967151042,1,1,1,0,0,0,0,2827.0,0
GTGTTAGAGAGTTGGC-JHA710A3,JHA710A3,A3,2.401539591700538,1,1,1,0,0,0,0,996.0,0
GTGTTAGAGCTAACTC-JHA710A3,JHA710A3,A3,0.0,2,0,0,0,0,0,0,721.0,0
GTGTTAGGTAACGTTC-JHA710A3,JHA710A3,A3,0.0,1,0,0,0,0,0,0,854.0,0
GTGTTAGGTAGCCTAT-JHA710A3,JHA710A3,A3,2.671313613948783,1,1,1,0,0,0,0,743.0,0
GTGTTAGGTCGGATCC-JHA710A3,JHA710A3,A3,0.0,2,0,0,0,0,0,0,667.0,0
GTGTTAGGTTACCGAT-JHA710A3,JHA710A3,A3,2.679495194504502,2,1,1,1,1,0,0,1473.0,1
GTGTTAGGTTGTTTGG-JHA710A3,JHA710A3,A3,2.3843693677605557,0,1,0,0,0,0,0,1015.0,0
GTGTTAGTCACAGGCC-JHA710A3,JHA710A3,A3,8.22575467476374,3,1,1,1,1,1,1,830.0,0
GTGTTAGTCACCGGGT-JHA710A3,JHA710A3,A3,0.0,2,0,0,0,0,0,0,1205.0,0
GTGTTAGTCATTGCCC-JHA710A3,JHA710A3,A3,0.0,2,0,0,0,0,0,0,797.0,0
GTTAAGCAGATAGCAT-JHA710A3,JHA710A3,A3,4.308175901176209,3,1,1,1,1,1,0,1637.0,0
GTTAAGCAGCTCTCGG-JHA710A3,JHA710A3,A3,0.0,1,0,0,0,0,0,0,3650.0,0
GTTAAGCCAACGATGG-JHA710A3,JHA710A3,A3,2.9846380962695913,2,1,1,1,1,0,0,1065.0,0
GTTAAGCCATCGGTTA-JHA710A3,JHA710A3,A3,7.993566143498353,2,1,1,1,1,0,1,1047.0,0
GTTAAGCGTGCGAAAC-JHA710A3,JHA710A3,A3,0.0,2,0,0,0,0,0,0,1459.0,0
GTTAAGCTCACAATGC-JHA710A3,JHA710A3,A3,2.462116732362367,2,1,1,1,1,0,0,932.0,0
GTTAAGCTCGAGCCCA-JHA710A3,JHA710A3,A3,4.763596045548645,2,1,1,1,1,0,0,1033.0,0
GTTAAGCTCTGCGGCA-JHA710A3,JHA710A3,A3,2.0355786841738266,4,1,1,1,1,1,0,6009.0,1
GTTACAGGTCCAGTAT-JHA710A3,JHA710A3,A3,0.0,0,0,0,0,0,0,0,780.0,0
GTTACAGGTTACGTCA-JHA710A3,JHA710A3,A3,0.0,2,0,0,0,0,0,0,1122.0,0
GTTACAGTCAACACCA-JHA710A3,JHA710A3,A3,0.0,1,0,0,0,0,0,0,928.0,0
GTTCATTCAGGCTGAA-JHA710A3,JHA710A3,A3,0.0,0,0,0,0,0,0,0,627.0,0
GTTCATTGTCATGCCG-JHA710A3,JHA710A3,A3,2.6405443187368367,1,1,1,0,0,0,0,1536.0,0
GTTCATTGTCTCAACA-JHA710A3,JHA710A3,A3,2.8779911833266105,1,1,1,0,0,0,0,596.0,1
GTTCATTGTTATCGGT-JHA710A3,JHA710A3,A3,8.042039621708343,2,1,1,1,1,0,1,843.0,0
GTTCATTGTTCAGTAC-JHA710A3,JHA710A3,A3,2.5466840094842436,0,1,0,0,0,0,0,850.0,0
GTTCATTTCCTCAATT-JHA710A3,JHA710A3,A3,2.7071173652136697,3,1,1,1,1,1,0,715.0,0
GTTCATTTCTTGTCAT-JHA710A3,JHA710A3,A3,0.0,2,0,0,0,0,0,0,657.0,0
GTTCGGGAGACCACGA-JHA710A3,JHA710A3,A3,2.782013862699364,2,1,1,1,1,0,0,660.0,0
GTTCGGGAGACCGGAT-JHA710A3,JHA710A3,A3,2.6026896854443837,2,1,1,1,1,0,0,800.0,0
GTTCGGGAGAGGGCTT-JHA710A3,JHA710A3,A3,3.3279712923854086,2,1,1,1,1,0,0,744.0,0
GTTCGGGAGCCGGTAA-JHA710A3,JHA710A3,A3,1.2076956337582119,3,1,1,1,1,1,0,4263.0,0
GTTCGGGAGTCCATAC-JHA710A3,JHA710A3,A3,3.007204674716228,3,1,1,1,1,1,0,1040.0,0
GTTCGGGAGTCTTGCA-JHA710A3,JHA710A3,A3,8.853201565541152,2,1,1,1,1,0,1,942.0,0
GTTCGGGGTACTCGCG-JHA710A3,JHA710A3,A3,0.0,3,0,0,0,0,0,0,599.0,0
GTTCGGGGTCATACTG-JHA710A3,JHA710A3,A3,2.623778615466303,2,1,1,1,1,0,0,782.0,0
GTTCGGGGTCCAGTAT-JHA710A3,JHA710A3,A3,2.58663650393941,1,1,1,0,0,0,0,1628.0,0
GTTCGGGGTGGCAAAC-JHA710A3,JHA710A3,A3,0.0,1,0,0,0,0,0,0,1406.0,0
GTTCGGGTCAAAGACA-JHA710A3,JHA710A3,A3,2.0101080913787897,2,1,1,1,1,0,0,1547.0,0
GTTCGGGTCAACGAAA-JHA710A3,JHA710A3,A3,3.8510092655578254,1,1,1,0,0,0,0,1086.0,0
GTTCGGGTCAGAAATG-JHA710A3,JHA710A3,A3,1.7178390681467346,2,1,1,1,1,0,0,2187.0,0
GTTCGGGTCATATCGG-JHA710A3,JHA710A3,A3,0.0,0,0,0,0,0,0,0,1514.0,0
GTTCGGGTCATGTAGC-JHA710A3,JHA710A3,A3,0.0,3,0,0,0,0,0,0,1030.0,0
GTTCTCGAGCACAGGT-JHA710A3,JHA710A3,A3,3.47655103233087,1,1,1,0,0,0,0,1276.0,0
GTTCTCGAGGTGTGGT-JHA710A3,JHA710A3,A3,2.2335922215070942,3,1,1,1,1,1,0,3600.0,1
GTTCTCGAGTTCGCGC-JHA710A3,JHA710A3,A3,0.0,2,0,0,0,0,0,0,3124.0,0
GTTCTCGCAATGGAGC-JHA710A3,JHA710A3,A3,0.0,2,0,0,0,0,0,0,829.0,0
GTTCTCGGTCACCTAA-JHA710A3,JHA710A3,A3,0.0,2,0,0,0,0,0,0,739.0,0
GTTCTCGGTCGCGAAA-JHA710A3,JHA710A3,A3,2.0785670335349034,1,1,1,0,0,0,0,1430.0,0
GTTTCTACACATGGGA-JHA710A3,JHA710A3,A3,0.0,2,0,0,0,0,0,0,823.0,0
GTTTCTACACCGAAAG-JHA710A3,JHA710A3,A3,6.458854273706981,1,1,1,0,0,0,0,659.0,0
GTTTCTACATTCACTT-JHA710A3,JHA710A3,A3,1.554797960592994,2,1,1,1,1,0,0,2678.0,0
GTTTCTAGTCCCTTGT-JHA710A3,JHA710A3,A3,0.0,2,0,0,0,0,0,0,1167.0,0
GTTTCTAGTCCGAGTC-JHA710A3,JHA710A3,A3,3.4364096862899784,1,1,1,0,0,0,0,1330.0,0
GTTTCTATCATGTCTT-JHA710A3,JHA710A3,A3,2.478969203708523,1,1,1,0,0,0,0,915.0,0
GTTTCTATCGGATGTT-JHA710A3,JHA710A3,A3,2.106913717487203,2,1,1,1,1,0,0,2769.0,0
GTTTCTATCTTGTACT-JHA710A3,JHA710A3,A3,3.344971983783334,1,1,1,0,0,0,0,1462.0,0
TAAACCGAGAAACCGC-JHA710A3,JHA710A3,A3,7.5903220404714515,2,1,1,1,1,0,1,1542.0,0
TAAACCGCACCGAATT-JHA710A3,JHA710A3,A3,0.0,1,0,0,0,0,0,0,975.0,0
TAAACCGGTAAACGCG-JHA710A3,JHA710A3,A3,0.0,2,0,0,0,0,0,0,1617.0,0
TAAACCGGTAATAGCA-JHA710A3,JHA710A3,A3,2.639335945823237,2,1,1,1,1,0,0,769.0,0
TAAACCGGTCGTCTTC-JHA710A3,JHA710A3,A3,7.155048807814211,3,1,1,1,1,1,0,1438.0,0
TAAACCGTCAGTACGT-JHA710A3,JHA710A3,A3,8.12846187481088,3,1,1,1,1,1,1,1086.0,0
TAAACCGTCTGATTCT-JHA710A3,JHA710A3,A3,2.102169792757392,2,1,1,1,1,0,0,1392.0,0
TAAGAGAAGATCGGGT-JHA710A3,JHA710A3,A3,3.1251269935334336,2,1,1,1,1,0,0,919.0,0
TAAGAGATCACATGCA-JHA710A3,JHA710A3,A3,0.0,1,0,0,0,0,0,0,715.0,0
TAAGAGATCGCGGATC-JHA710A3,JHA710A3,A3,5.40010221943505,3,1,1,1,1,1,0,5081.0,0
TAAGAGATCGTAGGAG-JHA710A3,JHA710A3,A3,1.8878846450025115,1,1,1,0,0,0,0,1784.0,0
TAAGAGATCTCTGAGA-JHA710A3,JHA710A3,A3,2.0736878861942696,1,1,1,0,0,0,0,2876.0,0
TAAGCGTAGATGTTAG-JHA710A3,JHA710A3,A3,2.6877543014823075,1,1,1,0,0,0,0,730.0,0
TAAGCGTAGGGAACGG-JHA710A3,JHA710A3,A3,3.531811543953941,2,1,1,1,1,0,0,904.0,0
TAAGCGTCAGGGAGAG-JHA710A3,JHA710A3,A3,0.0,1,0,0,0,0,0,0,863.0,0
TAAGCGTCAGTCTTCC-JHA710A3,JHA710A3,A3,1.4483927943447295,3,1,1,1,1,1,0,3071.0,0
TAAGCGTGTAATCACC-JHA710A3,JHA710A3,A3,0.0,1,0,0,0,0,0,0,1006.0,1
TAAGCGTGTACTTGAC-JHA710A3,JHA710A3,A3,2.117452571594441,2,1,1,1,1,0,0,1368.0,0
TAAGCGTGTAGCACGA-JHA710A3,JHA710A3,A3,7.4166601676292085,3,1,1,1,1,1,0,794.0,0
TAAGCGTGTAGCTGCC-JHA710A3,JHA710A3,A3,0.0,3,0,0,0,0,0,0,1185.0,0
TAAGCGTGTATATCCG-JHA710A3,JHA710A3,A3,7.349889079584781,3,1,1,1,1,1,0,1254.0,0
TAAGCGTGTCTGCAAT-JHA710A3,JHA710A3,A3,2.8597058030958427,2,1,1,1,1,0,0,1823.0,1
TAAGCGTGTTCGCGAC-JHA710A3,JHA710A3,A3,2.4759706917212125,1,1,1,0,0,0,0,918.0,0
TAAGCGTTCGGTGTTA-JHA710A3,JHA710A3,A3,2.694161088941543,2,1,1,1,1,0,0,725.0,0
TAAGCGTTCTGGTGTA-JHA710A3,JHA710A3,A3,2.2755863298316292,0,1,0,0,0,0,0,1145.0,0
TAAGTGCAGAATTGTG-JHA710A3,JHA710A3,A3,0.0,2,0,0,0,0,0,0,725.0,0
TAAGTGCAGCACCGCT-JHA710A3,JHA710A3,A3,2.5554027455779567,2,1,1,1,1,0,0,842.0,0
TAAGTGCAGTGAAGAG-JHA710A3,JHA710A3,A3,0.0,2,0,0,0,0,0,0,1094.0,0
TAAGTGCAGTGTCCCG-JHA710A3,JHA710A3,A3,2.7349661550018722,2,1,1,1,1,0,0,694.0,0
TAAGTGCCAGTCGATT-JHA710A3,JHA710A3,A3,0.0,2,0,0,0,0,0,0,1392.0,0
TAAGTGCGTCCGTGAC-JHA710A3,JHA710A3,A3,0.0,1,0,0,0,0,0,0,815.0,0
TAAGTGCTCGCCGTGA-JHA710A3,JHA710A3,A3,1.79510060163789,1,1,1,0,0,0,0,1992.0,0
TAAGTGCTCTTCGGTC-JHA710A3,JHA710A3,A3,2.48298383639514,1,1,1,0,0,0,0,911.0,0
TACACGAAGAGCTGCA-JHA710A3,JHA710A3,A3,1.9576587292493886,3,1,1,1,1,1,0,3288.0,0
TACACGAAGCACCGCT-JHA710A3,JHA710A3,A3,0.0,1,0,0,0,0,0,0,1078.0,0
TACACGACATGGTAGG-JHA710A3,JHA710A3,A3,2.6881799607391397,1,1,1,0,0,0,0,2189.0,1
TACACGAGTAAGAGAG-JHA710A3,JHA710A3,A3,7.427221013683962,2,1,1,1,1,0,0,619.0,0
TACACGAGTATAATGG-JHA710A3,JHA710A3,A3,0.0,2,0,0,0,0,0,0,1526.0,0
TACACGAGTCGGCTCA-JHA710A3,JHA710A3,A3,2.229880540310272,2,1,1,1,1,0,0,1205.0,0
TACACGAGTGATGCCC-JHA710A3,JHA710A3,A3,2.656408292452806,0,1,0,0,0,0,0,755.0,0
TACACGAGTGTGACGA-JHA710A3,JHA710A3,A3,2.740372406427786,2,1,1,1,1,0,0,1380.0,0
TACACGATCTTAGCCC-JHA710A3,JHA710A3,A3,3.423402040216123,1,1,1,0,0,0,0,674.0,0
TACAGTGAGACCACGA-JHA710A3,JHA710A3,A3,1.5619054348146768,1,1,1,0,0,0,0,2654.0,0
TACAGTGAGTTTAGGA-JHA710A3,JHA710A3,A3,7.695373864203254,3,1,1,1,1,1,1,2039.0,0
TACAGTGCAACGATGG-JHA710A3,JHA710A3,A3,2.9488074571487553,1,1,1,0,0,0,0,1106.0,0
TACAGTGCACCGCTAG-JHA710A3,JHA710A3,A3,2.799236663722673,0,1,0,0,0,0,0,648.0,0
TACAGTGCACGACGAA-JHA710A3,JHA710A3,A3,3.0053784970549207,2,1,1,1,1,0,0,1563.0,1
TACAGTGCATCGGTTA-JHA710A3,JHA710A3,A3,0.0,1,0,0,0,0,0,0,943.0,0
TACAGTGGTCGAGTTT-JHA710A3,JHA710A3,A3,2.189440371732106,3,1,1,1,1,1,0,1261.0,0
TACAGTGGTCGTTGTA-JHA710A3,JHA710A3,A3,0.0,2,0,0,0,0,0,0,737.0,0
TACAGTGTCAGTTTGG-JHA710A3,JHA710A3,A3,5.881244406650353,3,1,1,1,1,1,0,3191.0,0
TACAGTGTCGTCCGTT-JHA710A3,JHA710A3,A3,0.0,2,0,0,0,0,0,0,694.0,0
TACCTATAGGACTGGT-JHA710A3,JHA710A3,A3,1.7921762574639888,3,1,1,1,1,1,0,1999.0,1
TACCTATCAAGGACAC-JHA710A3,JHA710A3,A3,7.192209388934921,3,1,1,1,1,1,0,881.0,0
TACCTATCACCGATAT-JHA710A3,JHA710A3,A3,0.0,2,0,0,0,0,0,0,947.0,0
TACCTATGTCATGCAT-JHA710A3,JHA710A3,A3,5.40686730754845,2,1,1,1,1,0,0,766.0,0
TACCTATGTTGCGTTA-JHA710A3,JHA710A3,A3,3.2521063439984785,2,1,1,1,1,0,0,805.0,0
TACCTATTCAAGAAGT-JHA710A3,JHA710A3,A3,7.609561582205495,2,1,1,1,1,0,1,1220.0,0
TACCTATTCACGAAGG-JHA710A3,JHA710A3,A3,3.27507816971916,1,1,1,0,0,0,0,786.0,0
TACCTATTCCACTCCA-JHA710A3,JHA710A3,A3,0.0,1,0,0,0,0,0,0,1356.0,0
TACCTTAAGCCAGGAT-JHA710A3,JHA710A3,A3,0.0,1,0,0,0,0,0,0,623.0,0
TACCTTAAGTCGATAA-JHA710A3,JHA710A3,A3,2.5686496392043927,2,1,1,1,1,0,0,830.0,1
TACCTTAAGTGTTAGA-JHA710A3,JHA710A3,A3,0.0,2,0,0,0,0,0,0,1417.0,0
TACCTTAAGTTAAGTG-JHA710A3,JHA710A3,A3,0.0,0,0,0,0,0,0,0,597.0,0
TACCTTAGTAGATTAG-JHA710A3,JHA710A3,A3,2.200788055494608,1,1,1,0,0,0,0,1245.0,0
TACCTTATCGTAGGTT-JHA710A3,JHA710A3,A3,0.0,2,0,0,0,0,0,0,1167.0,0
TACGGATAGAATGTTG-JHA710A3,JHA710A3,A3,0.0,1,0,0,0,0,0,0,1362.0,1
TACGGATAGCGTCAAG-JHA710A3,JHA710A3,A3,7.837895479423084,2,1,1,1,1,0,1,1255.0,0
TACGGATCACGGCGTT-JHA710A3,JHA710A3,A3,0.0,2,0,0,0,0,0,0,1611.0,0
TACGGATTCGACGGAA-JHA710A3,JHA710A3,A3,0.0,0,0,0,0,0,0,0,1124.0,0
TACGGATTCGTAGGTT-JHA710A3,JHA710A3,A3,0.0,1,0,0,0,0,0,0,797.0,1
TACGGGCAGCAGACTG-JHA710A3,JHA710A3,A3,6.252738178057629,2,1,1,1,1,0,0,868.0,0
TACGGGCAGCGATTCT-JHA710A3,JHA710A3,A3,2.340387987453795,2,1,1,1,1,0,0,2131.0,0
TACGGGCAGTGAAGAG-JHA710A3,JHA710A3,A3,3.0426196686211284,2,1,1,1,1,0,0,1002.0,0
TACGGGCCAATGAATG-JHA710A3,JHA710A3,A3,0.0,1,0,0,0,0,0,0,931.0,0
TACGGGCCATCGATTG-JHA710A3,JHA710A3,A3,0.0,2,0,0,0,0,0,0,1959.0,0
TACGGGCGTAGGAGTC-JHA710A3,JHA710A3,A3,2.845342745108185,2,1,1,1,1,0,0,617.0,0
TACGGGCGTCACCTAA-JHA710A3,JHA710A3,A3,0.0,2,0,0,0,0,0,0,1028.0,0
TACGGGCGTCGACTGC-JHA710A3,JHA710A3,A3,8.064088377508893,3,1,1,1,1,1,1,598.0,0
TACGGGCTCTGCGTAA-JHA710A3,JHA710A3,A3,0.0,2,0,0,0,0,0,0,1424.0,0
TACGGTAAGATCGGGT-JHA710A3,JHA710A3,A3,0.0,0,0,0,0,0,0,0,887.0,0
TACGGTAAGATCTGAA-JHA710A3,JHA710A3,A3,2.660110738813091,2,1,1,1,1,0,0,752.0,0
TACGGTAAGCTCCCAG-JHA710A3,JHA710A3,A3,3.4903218750925675,1,1,1,0,0,0,0,629.0,1
TACGGTACAGTATCTG-JHA710A3,JHA710A3,A3,0.0,1,0,0,0,0,0,0,4222.0,0
TACGGTACATATGCTG-JHA710A3,JHA710A3,A3,3.2965433074954005,2,1,1,1,1,0,0,1153.0,0
TACGGTACATCCCACT-JHA710A3,JHA710A3,A3,2.805052905993226,2,1,1,1,1,0,0,1288.0,0
TACGGTATCCACGTTC-JHA710A3,JHA710A3,A3,0.0,1,0,0,0,0,0,0,1376.0,0
TACGGTATCCAGAGGA-JHA710A3,JHA710A3,A3,0.0,1,0,0,0,0,0,0,1558.0,0
TACTCATAGGATCGCA-JHA710A3,JHA710A3,A3,0.0,1,0,0,0,0,0,0,735.0,0
TACTCATAGGGATACC-JHA710A3,JHA710A3,A3,0.0,2,0,0,0,0,0,0,640.0,0
TACTCATCAAAGAATC-JHA710A3,JHA710A3,A3,8.434233008259682,3,1,1,1,1,1,1,1065.0,0
TACTCATCAACAACCT-JHA710A3,JHA710A3,A3,0.0,1,0,0,0,0,0,0,651.0,0
TACTCATCAAGGACTG-JHA710A3,JHA710A3,A3,2.9713636825370333,2,1,1,1,1,0,0,1080.0,0
TACTCATCACAGACAG-JHA710A3,JHA710A3,A3,0.0,1,0,0,0,0,0,0,678.0,0
TACTCATCAGCGAACA-JHA710A3,JHA710A3,A3,3.7399501209820936,1,1,1,0,0,0,0,730.0,0
TACTCATCATTACCTT-JHA710A3,JHA710A3,A3,2.8362302219925604,1,1,1,0,0,0,0,623.0,0
TACTCATGTACAGTGG-JHA710A3,JHA710A3,A3,2.549725466860903,3,1,1,1,1,1,0,4236.0,0
TACTCATGTCTAGCGC-JHA710A3,JHA710A3,A3,3.2836870944291316,0,1,0,0,0,0,0,779.0,0
TACTCATGTCTGGAGA-JHA710A3,JHA710A3,A3,6.229567541338282,2,1,1,1,1,0,0,612.0,0
TACTCATTCATTTGGG-JHA710A3,JHA710A3,A3,6.121495502161354,1,1,1,0,0,0,0,1056.0,0
TACTCATTCCACGAAT-JHA710A3,JHA710A3,A3,0.0,1,0,0,0,0,0,0,1110.0,0
TACTCATTCCTCAATT-JHA710A3,JHA710A3,A3,3.240241046388213,1,1,1,0,0,0,0,815.0,0
TACTCGCCACTTGGAT-JHA710A3,JHA710A3,A3,0.0,1,0,0,0,0,0,0,2187.0,0
TACTCGCCAGCGTAAG-JHA710A3,JHA710A3,A3,0.0,2,0,0,0,0,0,0,744.0,1
TACTCGCGTACATCCA-JHA710A3,JHA710A3,A3,3.996010836271511,2,1,1,1,1,0,0,1124.0,0
TACTCGCGTCGGCATC-JHA710A3,JHA710A3,A3,7.822091160203734,2,1,1,1,1,0,1,1275.0,0
TACTCGCGTTCCCGAG-JHA710A3,JHA710A3,A3,8.161028097298095,2,1,1,1,1,0,1,637.0,0
TACTCGCTCTCGAGTA-JHA710A3,JHA710A3,A3,3.337086931108504,1,1,1,0,0,0,0,737.0,0
TACTTACAGCACAGGT-JHA710A3,JHA710A3,A3,0.0,3,0,0,0,0,0,0,633.0,0
TACTTACCATACAGCT-JHA710A3,JHA710A3,A3,0.0,1,0,0,0,0,0,0,835.0,0
TACTTACCATCAGTAC-JHA710A3,JHA710A3,A3,1.6276025377260417,2,1,1,1,1,0,0,2444.0,0
TACTTACGTGATAAAC-JHA710A3,JHA710A3,A3,0.0,2,0,0,0,0,0,0,985.0,0
TACTTACTCGCGCCAA-JHA710A3,JHA710A3,A3,4.7584267836543885,1,1,1,0,0,0,0,2596.0,0
TACTTGTAGCCAGAAC-JHA710A3,JHA710A3,A3,2.772120096709859,1,1,1,0,0,0,0,667.0,0
TACTTGTAGTGATCGG-JHA710A3,JHA710A3,A3,0.0,2,0,0,0,0,0,0,2876.0,0
TACTTGTCAGTAAGCG-JHA710A3,JHA710A3,A3,2.4350742760401247,1,1,1,0,0,0,0,960.0,0
TACTTGTCATGTCCTC-JHA710A3,JHA710A3,A3,1.7446094330966573,0,1,0,0,0,0,0,2117.0,0
TACTTGTGTGCAGGTA-JHA710A3,JHA710A3,A3,2.503347611604877,1,1,1,0,0,0,0,891.0,0
TACTTGTTCACCGTAA-JHA710A3,JHA710A3,A3,1.360389408610578,1,1,1,0,0,0,0,3451.0,0
TACTTGTTCCCATTAT-JHA710A3,JHA710A3,A3,1.932993586064968,2,1,1,1,1,0,0,1692.0,0
TAGACCAAGCCAGGAT-JHA710A3,JHA710A3,A3,0.0,1,0,0,0,0,0,0,627.0,0
TAGACCACATCTCCCA-JHA710A3,JHA710A3,A3,2.7841484536899133,1,1,1,0,0,0,0,1317.0,0
TAGACCAGTCAATACC-JHA710A3,JHA710A3,A3,2.104063913520007,1,1,1,0,0,0,0,1389.0,0
TAGACCATCGCGTTTC-JHA710A3,JHA710A3,A3,0.0,0,0,0,0,0,0,0,615.0,0
TAGAGCTAGCCTCGTG-JHA710A3,JHA710A3,A3,2.8685404962389303,1,1,1,0,0,0,0,602.0,0
TAGAGCTCACGCGAAA-JHA710A3,JHA710A3,A3,1.9370484687053595,2,1,1,1,1,0,0,1684.0,0
TAGAGCTCAGCTTAAC-JHA710A3,JHA710A3,A3,0.0,2,0,0,0,0,0,0,644.0,0
TAGAGCTGTAAGCACG-JHA710A3,JHA710A3,A3,0.0,1,0,0,0,0,0,0,681.0,0
TAGAGCTGTCCGAGTC-JHA710A3,JHA710A3,A3,0.0,2,0,0,0,0,0,0,871.0,0
TAGCCGGAGGAGTTTA-JHA710A3,JHA710A3,A3,0.0,0,0,0,0,0,0,0,912.0,0
TAGCCGGAGGCTCATT-JHA710A3,JHA710A3,A3,0.0,1,0,0,0,0,0,0,602.0,0
TAGCCGGGTCGAATCT-JHA710A3,JHA710A3,A3,0.0,0,0,0,0,0,0,0,658.0,0
TAGCCGGGTGTTCGAT-JHA710A3,JHA710A3,A3,2.181034166487125,2,1,1,1,1,0,0,1273.0,0
TAGCCGGGTTCCCTTG-JHA710A3,JHA710A3,A3,2.0031423526479344,2,1,1,1,1,0,0,3119.0,1
TAGCCGGGTTGTGGCC-JHA710A3,JHA710A3,A3,0.0,1,0,0,0,0,0,0,635.0,0
TAGCCGGTCGTCGTTC-JHA710A3,JHA710A3,A3,8.266135872936916,3,1,1,1,1,1,1,936.0,0
TAGCCGGTCTATCCTA-JHA710A3,JHA710A3,A3,2.1330387276888136,2,1,1,1,1,0,0,1344.0,0
TAGGCATAGACTACAA-JHA710A3,JHA710A3,A3,3.293624688512779,0,1,0,0,0,0,0,771.0,0
TAGGCATCAATGGTCT-JHA710A3,JHA710A3,A3,2.330272481095742,2,1,1,1,1,0,0,2155.0,0
TAGGCATGTACTCGCG-JHA710A3,JHA710A3,A3,2.2239771895168308,2,1,1,1,1,0,0,2426.0,0
TAGGCATTCATTCACT-JHA710A3,JHA710A3,A3,2.1563353819614273,2,1,1,1,1,0,0,1309.0,0
TAGGCATTCCGTAGTA-JHA710A3,JHA710A3,A3,2.3675466387640016,2,1,1,1,1,0,0,1034.0,0
TAGGCATTCGTACGGC-JHA710A3,JHA710A3,A3,0.0,1,0,0,0,0,0,0,901.0,0
TAGTGGTAGCCACGCT-JHA710A3,JHA710A3,A3,0.0,2,0,0,0,0,0,0,1052.0,0
TAGTGGTAGCTGGAAC-JHA710A3,JHA710A3,A3,3.4704948104359175,2,1,1,1,1,0,0,963.0,0
TAGTGGTAGTCTTGCA-JHA710A3,JHA710A3,A3,0.0,1,0,0,0,0,0,0,1382.0,0
TAGTGGTCATGCTAGT-JHA710A3,JHA710A3,A3,1.6773974681047141,2,1,1,1,1,0,0,2298.0,0
TAGTGGTGTCCTAGCG-JHA710A3,JHA710A3,A3,0.0,2,0,0,0,0,0,0,705.0,0
TAGTGGTGTTCGTGAT-JHA710A3,JHA710A3,A3,0.0,2,0,0,0,0,0,0,1434.0,0
TAGTGGTTCCAACCAA-JHA710A3,JHA710A3,A3,1.707042799031294,2,1,1,1,1,0,0,2216.0,0
TAGTGGTTCCTCAATT-JHA710A3,JHA710A3,A3,8.321403627357132,3,1,1,1,1,1,1,1219.0,0
TAGTTGGAGCTGCGAA-JHA710A3,JHA710A3,A3,2.046213617513629,1,1,1,0,0,0,0,1484.0,0
TAGTTGGCAACAACCT-JHA710A3,JHA710A3,A3,0.0,1,0,0,0,0,0,0,2372.0,0
TAGTTGGCAGTGGGAT-JHA710A3,JHA710A3,A3,2.694161088941543,2,1,1,1,1,0,0,1450.0,0
TAGTTGGCATCCTTGC-JHA710A3,JHA710A3,A3,1.9903985396502524,4,1,1,1,1,1,0,4748.0,1
TAGTTGGGTCTTGATG-JHA710A3,JHA710A3,A3,2.301865409623652,2,1,1,1,1,0,0,1112.0,0
TAGTTGGGTGTTAAGA-JHA710A3,JHA710A3,A3,0.0,2,0,0,0,0,0,0,710.0,0
TAGTTGGTCAACGGCC-JHA710A3,JHA710A3,A3,0.0,1,0,0,0,0,0,0,959.0,0
TAGTTGGTCATTATCC-JHA710A3,JHA710A3,A3,0.0,1,0,0,0,0,0,0,1112.0,0
TAGTTGGTCCAATGGT-JHA710A3,JHA710A3,A3,5.714111623601466,2,1,1,1,1,0,0,662.0,0
TAGTTGGTCCGTAGTA-JHA710A3,JHA710A3,A3,2.1142439984164736,3,1,1,1,1,1,0,2746.0,0
TAGTTGGTCGTTGACA-JHA710A3,JHA710A3,A3,2.769313559063233,2,1,1,1,1,0,0,669.0,0
TAGTTGGTCTTTACAC-JHA710A3,JHA710A3,A3,0.0,1,0,0,0,0,0,0,1031.0,0
TATCAGGAGTCGCCGT-JHA710A3,JHA710A3,A3,0.0,2,0,0,0,0,0,0,805.0,0
TATCAGGCACCGGAAA-JHA710A3,JHA710A3,A3,2.5450590981582977,1,1,1,0,0,0,0,1703.0,0
TATCAGGCATCCTAGA-JHA710A3,JHA710A3,A3,2.135666684336786,1,1,1,0,0,0,0,1340.0,0
TATCAGGTCTCGAGTA-JHA710A3,JHA710A3,A3,2.3026750979443786,3,1,1,1,1,1,0,1111.0,0
TATCTCAAGTGTACCT-JHA710A3,JHA710A3,A3,0.0,1,0,0,0,0,0,0,771.0,0
TATCTCACACGGTGTC-JHA710A3,JHA710A3,A3,2.5085158883890646,2,1,1,1,1,0,0,886.0,0
TATCTCACATACTCTT-JHA710A3,JHA710A3,A3,1.6658190568347733,2,1,1,1,1,0,0,2331.0,0
TATCTCAGTCAAGCGA-JHA710A3,JHA710A3,A3,2.436025240579954,2,1,1,1,1,0,0,959.0,0
TATCTCAGTCCATCCT-JHA710A3,JHA710A3,A3,0.0,2,0,0,0,0,0,0,880.0,0
TATCTCAGTCTCTTTA-JHA710A3,JHA710A3,A3,7.468748648689374,2,1,1,1,1,0,0,1062.0,0
TATCTCATCAAGCCTA-JHA710A3,JHA710A3,A3,0.0,2,0,0,0,0,0,0,1066.0,0
TATCTCATCAAGGTAA-JHA710A3,JHA710A3,A3,3.0650702262746723,2,1,1,1,1,0,0,1468.0,0
TATCTCATCGTAGGAG-JHA710A3,JHA710A3,A3,2.8916679343576113,3,1,1,1,1,1,0,4112.0,0
TATCTCATCGTCCGTT-JHA710A3,JHA710A3,A3,8.259776406864688,3,1,1,1,1,1,1,1149.0,0
TATCTCATCTCCGGTT-JHA710A3,JHA710A3,A3,6.284402352656557,2,1,1,1,1,0,0,1252.0,0
TATCTCATCTTCTGGC-JHA710A3,JHA710A3,A3,2.5961558748325824,1,1,1,0,0,0,0,2417.0,0
TATGCCCAGGTCGGAT-JHA710A3,JHA710A3,A3,2.4729827839424217,2,1,1,1,1,0,0,921.0,0
TATGCCCCATCACCCT-JHA710A3,JHA710A3,A3,8.079485358723625,3,1,1,1,1,1,1,843.0,0
TATGCCCGTAGGACAC-JHA710A3,JHA710A3,A3,3.1345381929117835,2,1,1,1,1,0,0,910.0,0
TATGCCCTCTCAAACG-JHA710A3,JHA710A3,A3,2.802140009950101,1,1,1,0,0,0,0,646.0,0
TATGCCCTCTCAACTT-JHA710A3,JHA710A3,A3,1.7088922829755755,1,1,1,0,0,0,0,2211.0,0
TATTACCAGAATTGTG-JHA710A3,JHA710A3,A3,0.0,0,0,0,0,0,0,0,678.0,0
TATTACCAGCTGCGAA-JHA710A3,JHA710A3,A3,8.078208493230221,3,1,1,1,1,1,1,962.0,0
TATTACCCAATGTTGC-JHA710A3,JHA710A3,A3,2.9069577829535476,1,1,1,0,0,0,0,1156.0,0
TATTACCCACATAACC-JHA710A3,JHA710A3,A3,3.3436531653482855,2,1,1,1,1,0,0,732.0,0
TATTACCCACCGTTGG-JHA710A3,JHA710A3,A3,2.2173872765793767,1,1,1,0,0,0,0,1222.0,0
TATTACCGTCTAACGT-JHA710A3,JHA710A3,A3,0.0,1,0,0,0,0,0,0,602.0,0
TATTACCGTGTTTGGT-JHA710A3,JHA710A3,A3,0.0,2,0,0,0,0,0,0,1258.0,0
TATTACCTCATAGCAC-JHA710A3,JHA710A3,A3,1.54428018710154,3,1,1,1,1,1,0,2714.0,1
TATTACCTCCAGAGGA-JHA710A3,JHA710A3,A3,2.00397489044703,0,1,0,0,0,0,0,1558.0,0
TATTACCTCCAGATCA-JHA710A3,JHA710A3,A3,2.4322278338764147,2,1,1,1,1,0,0,1926.0,1
TATTACCTCCCTGACT-JHA710A3,JHA710A3,A3,0.0,2,0,0,0,0,0,0,754.0,0
TATTACCTCGTGGTCG-JHA710A3,JHA710A3,A3,3.4053956762187445,1,1,1,0,0,0,0,1030.0,0
TCAACGAAGAGGGATA-JHA710A3,JHA710A3,A3,3.5757729663414546,2,1,1,1,1,0,0,864.0,0
TCAACGAAGCGATATA-JHA710A3,JHA710A3,A3,0.0,0,0,0,0,0,0,0,814.0,0
TCAACGAAGTCATGCT-JHA710A3,JHA710A3,A3,0.0,2,0,0,0,0,0,0,715.0,0
TCAACGACAATAGCAA-JHA710A3,JHA710A3,A3,1.8598842851049426,1,1,1,0,0,0,0,1844.0,0
TCAACGACAGAGTGTG-JHA710A3,JHA710A3,A3,2.596921991522423,2,1,1,1,1,0,0,1610.0,0
TCAACGACAGATCCAT-JHA710A3,JHA710A3,A3,2.501289079205946,2,1,1,1,1,0,0,893.0,0
TCAACGAGTCAAAGAT-JHA710A3,JHA710A3,A3,0.0,2,0,0,0,0,0,0,627.0,0
TCAACGAGTGCGATAG-JHA710A3,JHA710A3,A3,3.1048923797982546,0,1,0,0,0,0,0,1408.0,1
TCAACGAGTGTGGCTC-JHA710A3,JHA710A3,A3,1.8150508037073632,2,1,1,1,1,0,0,1945.0,0
TCAACGATCGCCAGCA-JHA710A3,JHA710A3,A3,3.4555228840728867,1,1,1,0,0,0,0,978.0,0
TCAACGATCGGTGTCG-JHA710A3,JHA710A3,A3,0.0,2,0,0,0,0,0,0,610.0,0
TCAATCTAGAGCCCAA-JHA710A3,JHA710A3,A3,3.9486384026580588,0,1,0,0,0,0,0,983.0,0
TCAATCTCACTGAAGG-JHA710A3,JHA710A3,A3,2.2966218856893024,2,1,1,1,1,0,0,2237.0,0
TCAATCTGTCATACTG-JHA710A3,JHA710A3,A3,0.0,2,0,0,0,0,0,0,697.0,0
TCAATCTTCTCTTGAT-JHA710A3,JHA710A3,A3,1.4285366663181915,2,1,1,1,1,0,0,3152.0,0
TCACAAGAGACTCGGA-JHA710A3,JHA710A3,A3,1.9885823494617763,3,1,1,1,1,1,0,1586.0,0
TCACAAGCAAAGGTGC-JHA710A3,JHA710A3,A3,0.0,3,0,0,0,0,0,0,2182.0,0
TCACAAGCACATCTTT-JHA710A3,JHA710A3,A3,8.116189129498784,2,1,1,1,1,0,1,959.0,0
TCACAAGGTCCGAAGA-JHA710A3,JHA710A3,A3,0.0,2,0,0,0,0,0,0,906.0,0
TCACAAGGTGATGTCT-JHA710A3,JHA710A3,A3,0.0,2,0,0,0,0,0,0,847.0,0
TCACAAGGTGTGAAAT-JHA710A3,JHA710A3,A3,2.148939336176757,1,1,1,0,0,0,0,1320.0,0
TCACAAGTCCCTTGCA-JHA710A3,JHA710A3,A3,0.0,1,0,0,0,0,0,0,796.0,0
TCACAAGTCCTTAATC-JHA710A3,JHA710A3,A3,2.5832351547702865,2,1,1,1,1,0,0,2451.0,0
TCACAAGTCTTTAGTC-JHA710A3,JHA710A3,A3,3.535038567213393,2,1,1,1,1,0,0,901.0,0
TCACGAAAGCGTCTAT-JHA710A3,JHA710A3,A3,2.043870075894968,1,1,1,0,0,0,0,1488.0,0
TCACGAAAGGGCTCTC-JHA710A3,JHA710A3,A3,0.0,2,0,0,0,0,0,0,1105.0,0
TCACGAACAAATACAG-JHA710A3,JHA710A3,A3,1.7830626819006332,1,1,1,0,0,0,0,2021.0,0
TCACGAACACCCATGG-JHA710A3,JHA710A3,A3,2.7417291832602873,1,1,1,0,0,0,0,689.0,0
TCACGAACACGCTTTC-JHA710A3,JHA710A3,A3,0.0,2,0,0,0,0,0,0,884.0,0
TCACGAACACGGTTTA-JHA710A3,JHA710A3,A3,0.0,3,0,0,0,0,0,0,634.0,0
TCACGAACATTAACCG-JHA710A3,JHA710A3,A3,5.70573648719465,2,1,1,1,1,0,0,968.0,0
TCACGAAGTAGCACGA-JHA710A3,JHA710A3,A3,2.401539591700538,2,1,1,1,1,0,0,1992.0,0
TCACGAAGTAGCGTAG-JHA710A3,JHA710A3,A3,2.1576875683110233,2,1,1,1,1,0,0,3921.0,0
TCACGAAGTCGCCATG-JHA710A3,JHA710A3,A3,0.0,2,0,0,0,0,0,0,746.0,0
TCACGAAGTTACGACT-JHA710A3,JHA710A3,A3,2.5316370809944218,1,1,1,0,0,0,0,864.0,0
TCACGAATCACCGGGT-JHA710A3,JHA710A3,A3,0.0,2,0,0,0,0,0,0,1011.0,0
TCACGAATCCCATTTA-JHA710A3,JHA710A3,A3,2.221041670657696,2,1,1,1,1,0,0,1217.0,0
TCACGAATCGCTGATA-JHA710A3,JHA710A3,A3,3.1178734492948132,2,1,1,1,1,0,0,926.0,0
TCAGATGCACTGTTAG-JHA710A3,JHA710A3,A3,0.0,2,0,0,0,0,0,0,1458.0,0
TCAGATGCACTTAACG-JHA710A3,JHA710A3,A3,2.0106681064735117,1,1,1,0,0,0,0,1546.0,0
TCAGATGCAGGGTACA-JHA710A3,JHA710A3,A3,1.8411261320468995,2,1,1,1,1,0,0,3771.0,0
TCAGATGGTCCGTCAG-JHA710A3,JHA710A3,A3,0.0,2,0,0,0,0,0,0,1323.0,0
TCAGATGGTCTACCTC-JHA710A3,JHA710A3,A3,0.0,3,0,0,0,0,0,0,757.0,0
TCAGATGTCTCTGCTG-JHA710A3,JHA710A3,A3,2.8337154466212113,2,1,1,1,1,0,0,1874.0,0
TCAGATGTCTTTAGGG-JHA710A3,JHA710A3,A3,5.235010658180829,4,1,1,1,1,1,0,4552.0,0
TCAGCAAAGCACCGTC-JHA710A3,JHA710A3,A3,1.6110398350834336,2,1,1,1,1,0,0,2495.0,0
TCAGCAACACGTCTCT-JHA710A3,JHA710A3,A3,0.0,1,0,0,0,0,0,0,1488.0,0
TCAGCAACACTGTTAG-JHA710A3,JHA710A3,A3,1.9681796845284956,2,1,1,1,1,0,0,1624.0,0
TCAGCAAGTACTCTCC-JHA710A3,JHA710A3,A3,3.686639593412191,2,1,1,1,1,0,0,771.0,0
TCAGCAAGTAGTGAAT-JHA710A3,JHA710A3,A3,0.0,1,0,0,0,0,0,0,699.0,0
TCAGCAAGTCAGAGGT-JHA710A3,JHA710A3,A3,2.5510322677947825,1,1,1,0,0,0,0,846.0,0
TCAGCAAGTCGCGGTT-JHA710A3,JHA710A3,A3,2.8422948557192496,1,1,1,0,0,0,0,619.0,0
TCAGCAAGTGATGCCC-JHA710A3,JHA710A3,A3,2.756793541119736,1,1,1,0,0,0,0,2034.0,0
TCAGCAATCACAGTAC-JHA710A3,JHA710A3,A3,1.945738740073063,2,1,1,1,1,0,0,1667.0,0
TCAGCAATCGCGATCG-JHA710A3,JHA710A3,A3,2.4417537666695446,2,1,1,1,1,0,0,953.0,0
TCAGCAATCTACGAGT-JHA710A3,JHA710A3,A3,2.3231818294858693,1,1,1,0,0,0,0,1086.0,0
TCAGCTCCAGATGAGC-JHA710A3,JHA710A3,A3,0.0,2,0,0,0,0,0,0,897.0,0
TCAGCTCCAGGATTGG-JHA710A3,JHA710A3,A3,0.0,1,0,0,0,0,0,0,3509.0,0
TCAGCTCGTAGCCTCG-JHA710A3,JHA710A3,A3,2.13282012624402,3,1,1,1,1,1,0,4033.0,1
TCAGCTCGTCATATGC-JHA710A3,JHA710A3,A3,0.0,2,0,0,0,0,0,0,695.0,0
TCAGCTCTCCACGTGG-JHA710A3,JHA710A3,A3,2.2546989569281095,0,1,0,0,0,0,0,1172.0,0
TCAGCTCTCCCATTAT-JHA710A3,JHA710A3,A3,2.2895495820798373,2,1,1,1,1,0,0,3382.0,1
TCAGGATAGACTAAGT-JHA710A3,JHA710A3,A3,3.250912943124212,2,1,1,1,1,0,0,1209.0,0
TCAGGATAGACTGTAA-JHA710A3,JHA710A3,A3,2.54235776083478,2,1,1,1,1,0,0,854.0,0
TCAGGATCAGCGTAAG-JHA710A3,JHA710A3,A3,0.0,2,0,0,0,0,0,0,1337.0,0
TCAGGATGTCATTAGC-JHA710A3,JHA710A3,A3,0.0,2,0,0,0,0,0,0,3969.0,0
TCAGGATGTCGATTGT-JHA710A3,JHA710A3,A3,7.337373732587028,3,1,1,1,1,1,0,827.0,0
TCAGGATGTTGGAGGT-JHA710A3,JHA710A3,A3,6.670612681513903,3,1,1,1,1,1,0,825.0,0
TCAGGTAAGACTAGAT-JHA710A3,JHA710A3,A3,5.473164182715044,3,1,1,1,1,1,0,1349.0,0
TCAGGTACAAGGTGTG-JHA710A3,JHA710A3,A3,0.0,2,0,0,0,0,0,0,1178.0,0
TCAGGTACACCAGGCT-JHA710A3,JHA710A3,A3,2.3493420473813797,2,1,1,1,1,0,0,1055.0,0
TCATTACAGGTGACCA-JHA710A3,JHA710A3,A3,5.917199867519596,3,1,1,1,1,1,0,3456.0,0
TCATTACAGTTACCCA-JHA710A3,JHA710A3,A3,2.211574599366026,2,1,1,1,1,0,0,1230.0,0
TCATTACCACACCGAC-JHA710A3,JHA710A3,A3,7.712464951810264,2,1,1,1,1,0,1,953.0,0
TCATTACCACAGGTTT-JHA710A3,JHA710A3,A3,0.0,2,0,0,0,0,0,0,836.0,0
TCATTACCACATCCAA-JHA710A3,JHA710A3,A3,1.7477350762755917,3,1,1,1,1,1,0,2109.0,0
TCATTACCACTTCTGC-JHA710A3,JHA710A3,A3,2.717622346261697,0,1,0,0,0,0,0,707.0,0
TCATTACGTATCGCAT-JHA710A3,JHA710A3,A3,2.596921991522423,2,1,1,1,1,0,0,805.0,0
TCATTACGTGTTGAGG-JHA710A3,JHA710A3,A3,2.3399640187322652,2,1,1,1,1,0,0,1066.0,0
TCATTACGTTTGGCGC-JHA710A3,JHA710A3,A3,0.0,1,0,0,0,0,0,0,913.0,0
TCATTACTCCCTAATT-JHA710A3,JHA710A3,A3,0.0,1,0,0,0,0,0,0,645.0,1
TCATTTGAGCAGATCG-JHA710A3,JHA710A3,A3,0.0,0,0,0,0,0,0,0,966.0,0
TCATTTGAGCGTTGCC-JHA710A3,JHA710A3,A3,1.6510212009213208,1,1,1,0,0,0,0,2374.0,0
TCATTTGAGGAGTACC-JHA710A3,JHA710A3,A3,1.4727803900543595,3,1,1,1,1,1,0,2975.0,0
TCATTTGAGTCGAGTG-JHA710A3,JHA710A3,A3,3.3560353143295414,2,1,1,1,1,0,0,1084.0,0
TCATTTGCATCGATGT-JHA710A3,JHA710A3,A3,0.0,2,0,0,0,0,0,0,3105.0,0
TCATTTGGTAACGCGA-JHA710A3,JHA710A3,A3,0.0,1,0,0,0,0,0,0,615.0,1
TCATTTGGTTAAGGGC-JHA710A3,JHA710A3,A3,2.461135816587141,1,1,1,0,0,0,0,933.0,0
TCATTTGGTTCAGTAC-JHA710A3,JHA710A3,A3,0.0,3,0,0,0,0,0,0,866.0,0
TCATTTGGTTCCTCCA-JHA710A3,JHA710A3,A3,0.0,1,0,0,0,0,0,0,731.0,0
TCATTTGTCCTGTACC-JHA710A3,JHA710A3,A3,1.6939308864069944,4,1,1,1,1,1,0,13511.0,1
TCATTTGTCGGATGGA-JHA710A3,JHA710A3,A3,0.0,2,0,0,0,0,0,0,803.0,0
TCATTTGTCTAACTTC-JHA710A3,JHA710A3,A3,2.046800617638257,2,1,1,1,1,0,0,2966.0,0
TCATTTGTCTCTGCTG-JHA710A3,JHA710A3,A3,2.06702872660313,1,1,1,0,0,0,0,1449.0,0
TCCACACAGAATTGTG-JHA710A3,JHA710A3,A3,5.797145939492115,2,1,1,1,1,0,0,670.0,0
TCCACACAGCAACGGT-JHA710A3,JHA710A3,A3,2.541279613375632,2,1,1,1,1,0,0,855.0,0
TCCACACAGCAATCTC-JHA710A3,JHA710A3,A3,0.0,1,0,0,0,0,0,0,659.0,0
TCCACACAGGCACATG-JHA710A3,JHA710A3,A3,2.7526594349401834,1,1,1,0,0,0,0,681.0,0
TCCACACAGGTGATAT-JHA710A3,JHA710A3,A3,0.0,3,0,0,0,0,0,0,1641.0,0
TCCACACAGTGTACGG-JHA710A3,JHA710A3,A3,7.975188825385457,3,1,1,1,1,1,1,1665.0,0
TCCACACGTCAGAAGC-JHA710A3,JHA710A3,A3,7.480105959387558,1,1,1,0,0,0,0,700.0,0
TCCACACGTTCGTCTC-JHA710A3,JHA710A3,A3,2.7756408693277774,2,1,1,1,1,0,0,1329.0,1
TCCACACTCCGCTGTT-JHA710A3,JHA710A3,A3,7.954176307954795,3,1,1,1,1,1,1,2136.0,0
TCCCGATAGAGGTACC-JHA710A3,JHA710A3,A3,2.1396251102539954,2,1,1,1,1,0,0,1334.0,0
TCCCGATGTGACAAAT-JHA710A3,JHA710A3,A3,1.9167435161050657,3,1,1,1,1,1,0,3449.0,1
TCCCGATTCATGGTCA-JHA710A3,JHA710A3,A3,2.4024531658302686,2,1,1,1,1,0,0,995.0,0
TCCCGATTCCGATATG-JHA710A3,JHA710A3,A3,2.806512953803425,2,1,1,1,1,0,0,643.0,0
TCCCGATTCTATCCTA-JHA710A3,JHA710A3,A3,2.407955719824212,3,1,1,1,1,1,0,989.0,0
TCGAGGCAGAGACTAT-JHA710A3,JHA710A3,A3,2.4513889787849856,2,1,1,1,1,0,0,943.0,0
TCGAGGCAGCACACAG-JHA710A3,JHA710A3,A3,0.0,1,0,0,0,0,0,0,1044.0,0
TCGAGGCCAACTTGAC-JHA710A3,JHA710A3,A3,4.946921094174456,2,1,1,1,1,0,0,2934.0,0
TCGAGGCCAATTCCTT-JHA710A3,JHA710A3,A3,0.0,1,0,0,0,0,0,0,1161.0,0
TCGAGGCCAGTCAGCC-JHA710A3,JHA710A3,A3,0.0,0,0,0,0,0,0,0,909.0,0
TCGAGGCCATCTATGG-JHA710A3,JHA710A3,A3,3.0686490603375596,2,1,1,1,1,0,0,975.0,0
TCGAGGCGTCGTTGTA-JHA710A3,JHA710A3,A3,0.0,2,0,0,0,0,0,0,627.0,0
TCGAGGCGTGTCGCTG-JHA710A3,JHA710A3,A3,0.0,1,0,0,0,0,0,0,2052.0,0
TCGAGGCTCAAACGGG-JHA710A3,JHA710A3,A3,2.4562482949004933,1,1,1,0,0,0,0,938.0,0
TCGAGGCTCATTTGGG-JHA710A3,JHA710A3,A3,6.938938825297118,1,1,1,0,0,0,0,815.0,0
TCGAGGCTCTGCTGCT-JHA710A3,JHA710A3,A3,3.523259746937913,0,1,0,0,0,0,0,912.0,0
TCGCGAGAGAAGGCCT-JHA710A3,JHA710A3,A3,7.648632153777887,2,1,1,1,1,0,1,744.0,0
TCGCGAGAGAGCTTCT-JHA710A3,JHA710A3,A3,0.0,2,0,0,0,0,0,0,1116.0,0
TCGCGAGAGGGTCGAT-JHA710A3,JHA710A3,A3,2.8664538604833183,2,1,1,1,1,0,0,1810.0,0
TCGCGAGAGTGCTGCC-JHA710A3,JHA710A3,A3,2.532703107350323,2,1,1,1,1,0,0,863.0,0
TCGCGAGGTGTGCCTG-JHA710A3,JHA710A3,A3,0.0,1,0,0,0,0,0,0,1493.0,0
TCGCGAGTCACCTTAT-JHA710A3,JHA710A3,A3,2.5586953133485437,2,1,1,1,1,0,0,839.0,0
TCGCGAGTCGGTCTAA-JHA710A3,JHA710A3,A3,0.0,2,0,0,0,0,0,0,1497.0,0
TCGCGAGTCTATCCTA-JHA710A3,JHA710A3,A3,3.3279712923854086,1,1,1,0,0,0,0,744.0,0
TCGCGTTAGCGTCTAT-JHA710A3,JHA710A3,A3,0.0,1,0,0,0,0,0,0,811.0,0
TCGCGTTCAAAGCAAT-JHA710A3,JHA710A3,A3,7.079555579264017,2,1,1,1,1,0,0,708.0,0
TCGCGTTGTAGCCTAT-JHA710A3,JHA710A3,A3,2.5175493885521867,4,1,1,1,1,1,0,2632.0,1
TCGCGTTGTCCGTCAG-JHA710A3,JHA710A3,A3,2.209405650477225,2,1,1,1,1,0,0,1233.0,0
TCGCGTTGTCGAGATG-JHA710A3,JHA710A3,A3,1.98640864111952,0,1,0,0,0,0,0,1590.0,0
TCGCGTTTCAATCACG-JHA710A3,JHA710A3,A3,2.6441795759719278,2,1,1,1,1,0,0,765.0,0
TCGGGACAGAGATGAG-JHA710A3,JHA710A3,A3,2.525268768466626,2,1,1,1,1,0,0,870.0,0
TCGGGACAGATCACGG-JHA710A3,JHA710A3,A3,8.493743766786347,2,1,1,1,1,0,1,1540.0,0
TCGGGACAGCGATATA-JHA710A3,JHA710A3,A3,3.524857311822493,2,1,1,1,1,0,0,607.0,0
TCGGGACGTACCCAAT-JHA710A3,JHA710A3,A3,0.0,1,0,0,0,0,0,0,1783.0,0
TCGGGACGTCTTGATG-JHA710A3,JHA710A3,A3,0.0,2,0,0,0,0,0,0,4253.0,0
TCGGGACTCAGTCAGT-JHA710A3,JHA710A3,A3,4.7187312879508445,2,1,1,1,1,0,0,2612.0,0
TCGGTAACACATTCGA-JHA710A3,JHA710A3,A3,2.9476658089198615,2,1,1,1,1,0,0,1661.0,0
TCGGTAAGTAGCGATG-JHA710A3,JHA710A3,A3,2.2639159518348917,2,1,1,1,1,0,0,1160.0,0
TCGGTAATCAGAGGTG-JHA710A3,JHA710A3,A3,0.0,1,0,0,0,0,0,0,748.0,0
TCGGTAATCCTTAATC-JHA710A3,JHA710A3,A3,5.004449700557845,1,1,1,0,0,0,0,1013.0,0
TCGGTAATCCTTGCCA-JHA710A3,JHA710A3,A3,2.859188830459477,1,1,1,0,0,0,0,608.0,1
TCGGTAATCGCTTAGA-JHA710A3,JHA710A3,A3,3.1655373076338824,2,1,1,1,1,0,0,881.0,0
TCGTACCAGACCTTTG-JHA710A3,JHA710A3,A3,2.284252284455756,2,1,1,1,1,0,0,1134.0,0
TCGTACCAGTACGTAA-JHA710A3,JHA710A3,A3,0.0,0,0,0,0,0,0,0,885.0,0
TCGTACCAGTTCGATC-JHA710A3,JHA710A3,A3,8.04317539303507,2,1,1,1,1,0,1,601.0,0
TCGTACCCATACAGCT-JHA710A3,JHA710A3,A3,0.0,1,0,0,0,0,0,0,1156.0,0
TCGTACCCATTCACTT-JHA710A3,JHA710A3,A3,2.4543012007119227,2,1,1,1,1,0,0,940.0,0
TCGTACCGTCATATGC-JHA710A3,JHA710A3,A3,0.0,1,0,0,0,0,0,0,1221.0,0
TCGTACCGTCTAGGTT-JHA710A3,JHA710A3,A3,0.0,2,0,0,0,0,0,0,1157.0,0
TCGTACCTCCGTCATC-JHA710A3,JHA710A3,A3,0.0,1,0,0,0,0,0,0,938.0,0
TCGTAGAAGGACCACA-JHA710A3,JHA710A3,A3,5.231665779056259,2,1,1,1,1,0,0,806.0,0
TCGTAGAAGGGCTTGA-JHA710A3,JHA710A3,A3,8.27006658159669,2,1,1,1,1,0,1,689.0,0
TCGTAGACAATCAGAA-JHA710A3,JHA710A3,A3,0.0,1,0,0,0,0,0,0,1096.0,0
TCGTAGACACATGACT-JHA710A3,JHA710A3,A3,2.2358274587022238,2,1,1,1,1,0,0,1197.0,0
TCGTAGACACCACGTG-JHA710A3,JHA710A3,A3,7.978321437537017,2,1,1,1,1,0,1,655.0,0
TCGTAGACACCGGAAA-JHA710A3,JHA710A3,A3,6.109631013316922,2,1,1,1,1,0,0,846.0,0
TCGTAGACACGGACAA-JHA710A3,JHA710A3,A3,2.7163023109465234,3,1,1,1,1,1,0,708.0,0
TCGTAGACACGGCGTT-JHA710A3,JHA710A3,A3,2.4951432864176915,2,1,1,1,1,0,0,899.0,0
TCGTAGACAGACGCTC-JHA710A3,JHA710A3,A3,3.2726330862704534,1,1,1,0,0,0,0,1182.0,0
TCGTAGACAGCGATCC-JHA710A3,JHA710A3,A3,8.267924691938633,3,1,1,1,1,1,1,1037.0,0
TCGTAGACATATACCG-JHA710A3,JHA710A3,A3,2.426563779520568,2,1,1,1,1,0,0,969.0,0
TCTATTGAGATCCCGC-JHA710A3,JHA710A3,A3,2.5158047067359055,0,1,0,0,0,0,0,879.0,0
TCTATTGAGGTTACCT-JHA710A3,JHA710A3,A3,5.0877851804444765,2,1,1,1,1,0,0,621.0,0
TCTATTGAGTCAATAG-JHA710A3,JHA710A3,A3,0.0,2,0,0,0,0,0,0,1169.0,0
TCTATTGCACTAAGTC-JHA710A3,JHA710A3,A3,2.8302066707397744,2,1,1,1,1,0,0,1254.0,0
TCTATTGCAGGATCGA-JHA710A3,JHA710A3,A3,8.022286206836718,2,1,1,1,1,0,1,594.0,0
TCTATTGCAGTAACGG-JHA710A3,JHA710A3,A3,2.1002802474243185,2,1,1,1,1,0,0,1395.0,0
TCTATTGGTACTCTCC-JHA710A3,JHA710A3,A3,2.0915222846976893,1,1,1,0,0,0,0,1409.0,0
TCTATTGGTGAACCTT-JHA710A3,JHA710A3,A3,3.0914243513961823,1,1,1,0,0,0,0,952.0,0
TCTATTGGTGGTAACG-JHA710A3,JHA710A3,A3,8.014302920411344,2,1,1,1,1,0,1,655.0,0
TCTATTGGTTAGAACA-JHA710A3,JHA710A3,A3,3.1695323161425426,1,1,1,0,0,0,0,1316.0,0
TCTATTGTCATCGCTC-JHA710A3,JHA710A3,A3,8.196857518141128,3,1,1,1,1,1,1,1276.0,0
TCTATTGTCATCTGCC-JHA710A3,JHA710A3,A3,2.3675466387640016,2,1,1,1,1,0,0,1034.0,0
TCTATTGTCCCGGATG-JHA710A3,JHA710A3,A3,0.0,1,0,0,0,0,0,0,828.0,0
TCTATTGTCTATCCTA-JHA710A3,JHA710A3,A3,2.503347611604877,2,1,1,1,1,0,0,891.0,0
TCTATTGTCTCTGAGA-JHA710A3,JHA710A3,A3,2.462116732362367,2,1,1,1,1,0,0,932.0,0
TCTATTGTCTTGAGGT-JHA710A3,JHA710A3,A3,0.0,3,0,0,0,0,0,0,2076.0,1
TCTCATAAGGCGTACA-JHA710A3,JHA710A3,A3,2.5996087784538147,2,1,1,1,1,0,0,2408.0,0
TCTCATAAGGTACTCT-JHA710A3,JHA710A3,A3,0.0,1,0,0,0,0,0,0,712.0,0
TCTCATAAGTCCTCCT-JHA710A3,JHA710A3,A3,6.086159078768438,1,1,1,0,0,0,0,661.0,0
TCTCATACACCAGGTC-JHA710A3,JHA710A3,A3,0.0,1,0,0,0,0,0,0,675.0,0
TCTCATAGTGAAGGCT-JHA710A3,JHA710A3,A3,0.0,2,0,0,0,0,0,0,1656.0,1
TCTCTAAAGAAGGTTT-JHA710A3,JHA710A3,A3,8.114981365523766,3,1,1,1,1,1,1,676.0,0
TCTCTAAAGCGATATA-JHA710A3,JHA710A3,A3,3.1964935542769166,2,1,1,1,1,0,0,853.0,1
TCTCTAACACAGACAG-JHA710A3,JHA710A3,A3,2.762799499140373,2,1,1,1,1,0,0,2021.0,0
TCTCTAACACATGGGA-JHA710A3,JHA710A3,A3,2.5105920372654933,2,1,1,1,1,0,0,884.0,0
TCTCTAAGTTTGCATG-JHA710A3,JHA710A3,A3,5.243771659986416,2,1,1,1,1,0,0,637.0,0
TCTCTAATCAACACTG-JHA710A3,JHA710A3,A3,2.3348933362267035,2,1,1,1,1,0,0,2144.0,0
TCTCTAATCACTTCAT-JHA710A3,JHA710A3,A3,0.0,1,0,0,0,0,0,0,1465.0,0
TCTCTAATCCAAACTG-JHA710A3,JHA710A3,A3,0.0,2,0,0,0,0,0,0,771.0,0
TCTCTAATCCACGACG-JHA710A3,JHA710A3,A3,2.339116734963032,2,1,1,1,1,0,0,2134.0,0
TCTCTAATCGGAGCAA-JHA710A3,JHA710A3,A3,0.0,2,0,0,0,0,0,0,2227.0,0
TCTCTAATCGTAGGTT-JHA710A3,JHA710A3,A3,7.887366433725406,3,1,1,1,1,1,1,785.0,0
TCTCTAATCTATCGCC-JHA710A3,JHA710A3,A3,7.13266719791702,2,1,1,1,1,0,0,1031.0,0
TCTGAGAAGACCCACC-JHA710A3,JHA710A3,A3,3.341021115268542,0,1,0,0,0,0,0,734.0,0
TCTGAGAAGACCTAGG-JHA710A3,JHA710A3,A3,2.6196374607390958,2,1,1,1,1,0,0,1571.0,0
TCTGAGAAGCTAAACA-JHA710A3,JHA710A3,A3,6.820963453840442,3,1,1,1,1,1,0,2817.0,0
TCTGAGACACCAGCAC-JHA710A3,JHA710A3,A3,5.394982290154414,2,1,1,1,1,0,0,912.0,1
TCTGAGACACCGCTAG-JHA710A3,JHA710A3,A3,0.0,3,0,0,0,0,0,0,1472.0,0
TCTGAGACAGACGCTC-JHA710A3,JHA710A3,A3,0.0,3,0,0,0,0,0,0,2176.0,0
TCTGAGACATGAAGTA-JHA710A3,JHA710A3,A3,2.6178687359580257,2,1,1,1,1,0,0,787.0,0
TCTGAGATCAACGCTA-JHA710A3,JHA710A3,A3,3.5184832336717022,1,1,1,0,0,0,0,611.0,0
TCTGAGATCCAAACTG-JHA710A3,JHA710A3,A3,2.786288213736346,3,1,1,1,1,1,0,657.0,0
TCTGAGATCCCACTTG-JHA710A3,JHA710A3,A3,0.0,2,0,0,0,0,0,0,765.0,0
TCTGAGATCTCTTGAT-JHA710A3,JHA710A3,A3,2.185927016750538,1,1,1,0,0,0,0,2532.0,0
TCTGAGATCTGGTATG-JHA710A3,JHA710A3,A3,3.814753498344568,1,1,1,0,0,0,0,1127.0,0
TCTGGAAAGAAACCGC-JHA710A3,JHA710A3,A3,0.0,1,0,0,0,0,0,0,646.0,0
TCTGGAAAGCGAAGGG-JHA710A3,JHA710A3,A3,0.0,1,0,0,0,0,0,0,1150.0,0
TCTGGAAAGTGAATTG-JHA710A3,JHA710A3,A3,5.990227792604957,3,1,1,1,1,1,0,803.0,0
TCTGGAACAATGGACG-JHA710A3,JHA710A3,A3,2.422808906804794,2,1,1,1,1,0,0,973.0,0
TCTGGAACATGCCTAA-JHA710A3,JHA710A3,A3,8.440022596410337,2,1,1,1,1,0,1,940.0,0
TCTGGAAGTGCCTGTG-JHA710A3,JHA710A3,A3,0.0,0,0,0,0,0,0,0,1132.0,0
TCTGGAAGTGGAAAGA-JHA710A3,JHA710A3,A3,0.0,3,0,0,0,0,0,0,610.0,0
TCTGGAAGTTTGGCGC-JHA710A3,JHA710A3,A3,2.3140956202253333,2,1,1,1,1,0,0,1097.0,0
TCTTCGGAGACAGGCT-JHA710A3,JHA710A3,A3,1.3224345709649277,4,1,1,1,1,1,0,3633.0,0
TCTTCGGAGATATGCA-JHA710A3,JHA710A3,A3,2.6980278454946567,1,1,1,0,0,0,0,722.0,0
TCTTCGGAGCCAACAG-JHA710A3,JHA710A3,A3,0.0,1,0,0,0,0,0,0,2262.0,0
TCTTCGGAGCGTTGCC-JHA710A3,JHA710A3,A3,1.371589030843489,2,1,1,1,1,0,0,6799.0,1
TCTTCGGAGGTGCTAG-JHA710A3,JHA710A3,A3,0.0,2,0,0,0,0,0,0,975.0,0
TCTTCGGAGTTTAGGA-JHA710A3,JHA710A3,A3,0.0,2,0,0,0,0,0,0,1409.0,0
TCTTCGGCAAATACAG-JHA710A3,JHA710A3,A3,0.0,1,0,0,0,0,0,0,1032.0,0
TCTTCGGCAAATTGCC-JHA710A3,JHA710A3,A3,3.092093057552307,2,1,1,1,1,0,0,1427.0,0
TCTTCGGCAAGAAGAG-JHA710A3,JHA710A3,A3,0.0,1,0,0,0,0,0,0,594.0,0
TCTTCGGCATAGGATA-JHA710A3,JHA710A3,A3,3.5882297218464694,1,1,1,0,0,0,0,853.0,0
TCTTCGGGTAAAGTCA-JHA710A3,JHA710A3,A3,2.6813942111000446,2,1,1,1,1,0,0,735.0,0
TCTTCGGGTACCGCTG-JHA710A3,JHA710A3,A3,0.0,1,0,0,0,0,0,0,1099.0,0
TCTTCGGGTCGCGTGT-JHA710A3,JHA710A3,A3,3.014546420368209,0,1,0,0,0,0,0,1032.0,0
TCTTCGGGTGCAACGA-JHA710A3,JHA710A3,A3,2.566427554330848,3,1,1,1,1,1,0,832.0,0
TCTTCGGGTGCCTGGT-JHA710A3,JHA710A3,A3,2.2076026619833224,2,1,1,1,1,0,0,2471.0,0
TCTTCGGGTTAGATGA-JHA710A3,JHA710A3,A3,2.801413280414541,2,1,1,1,1,0,0,1293.0,0
TCTTCGGTCCGGCACA-JHA710A3,JHA710A3,A3,0.0,2,0,0,0,0,0,0,1294.0,0
TCTTCGGTCTCTGAGA-JHA710A3,JHA710A3,A3,0.0,2,0,0,0,0,0,0,717.0,0
TCTTCGGTCTTCCTTC-JHA710A3,JHA710A3,A3,2.0179858913541247,2,1,1,1,1,0,0,3066.0,0
TCTTTCCCAATGGAGC-JHA710A3,JHA710A3,A3,2.670896110355319,1,1,1,0,0,0,0,2230.0,0
TCTTTCCCACAACGCC-JHA710A3,JHA710A3,A3,0.0,1,0,0,0,0,0,0,770.0,0
TCTTTCCCACAAGACG-JHA710A3,JHA710A3,A3,1.4454105286247259,1,1,1,0,0,0,0,6166.0,0
TCTTTCCCACCCATTC-JHA710A3,JHA710A3,A3,1.0210258855300562,3,1,1,1,1,1,0,11261.0,1
TCTTTCCCATACGCTA-JHA710A3,JHA710A3,A3,0.0,1,0,0,0,0,0,0,800.0,0
TCTTTCCGTAGTGAAT-JHA710A3,JHA710A3,A3,2.198291955689726,2,1,1,1,1,0,0,2497.0,0
TCTTTCCGTCGTCTTC-JHA710A3,JHA710A3,A3,1.5271215332467576,2,1,1,1,1,0,0,2774.0,0
TCTTTCCGTTAAAGAC-JHA710A3,JHA710A3,A3,0.0,3,0,0,0,0,0,0,1010.0,0
TCTTTCCTCAAGCCTA-JHA710A3,JHA710A3,A3,1.487988582364294,3,1,1,1,1,1,0,2917.0,0
TCTTTCCTCAGCTGGC-JHA710A3,JHA710A3,A3,0.0,1,0,0,0,0,0,0,998.0,0
TCTTTCCTCCGATATG-JHA710A3,JHA710A3,A3,0.0,2,0,0,0,0,0,0,609.0,0
TCTTTCCTCTCAAACG-JHA710A3,JHA710A3,A3,6.648015588553384,2,1,1,1,1,0,0,1506.0,0
TGAAAGAAGATGGCGT-JHA710A3,JHA710A3,A3,1.7736579382780295,4,1,1,1,1,1,0,2044.0,1
TGAAAGAAGGACTGGT-JHA710A3,JHA710A3,A3,2.3649213355433565,2,1,1,1,1,0,0,1037.0,0
TGAAAGAAGTACGACG-JHA710A3,JHA710A3,A3,0.0,1,0,0,0,0,0,0,710.0,0
TGAAAGAAGTCATCCA-JHA710A3,JHA710A3,A3,0.0,1,0,0,0,0,0,0,631.0,0
TGAAAGACACACAGAG-JHA710A3,JHA710A3,A3,0.0,2,0,0,0,0,0,0,937.0,0
TGAAAGAGTGTCCTCT-JHA710A3,JHA710A3,A3,4.9575364257501855,2,1,1,1,1,0,0,708.0,0
TGAAAGATCCTAAGTG-JHA710A3,JHA710A3,A3,1.8289575503591082,1,1,1,0,0,0,0,1913.0,0
TGAAAGATCTTGAGAC-JHA710A3,JHA710A3,A3,3.3609450749394356,1,1,1,0,0,0,0,719.0,0
TGACAACAGAGTACCG-JHA710A3,JHA710A3,A3,3.0894211664646236,1,1,1,0,0,0,0,954.0,0
TGACAACAGATGTGTA-JHA710A3,JHA710A3,A3,2.446075950184728,1,1,1,0,0,0,0,1897.0,0
TGACAACCACGGTTTA-JHA710A3,JHA710A3,A3,2.0562538458953226,1,1,1,0,0,0,0,1467.0,0
TGACAACCATACTCTT-JHA710A3,JHA710A3,A3,2.525268768466626,0,1,0,0,0,0,0,870.0,0
TGACAACCATCTATGG-JHA710A3,JHA710A3,A3,7.187535524411607,1,1,1,0,0,0,0,696.0,0
TGACAACGTACGCACC-JHA710A3,JHA710A3,A3,4.390768862404468,3,1,1,1,1,1,0,1882.0,0
TGACAACGTAGCAAAT-JHA710A3,JHA710A3,A3,3.3219434199358817,1,1,1,0,0,0,0,1123.0,0
TGACAACTCAGATAAG-JHA710A3,JHA710A3,A3,1.971896961936368,2,1,1,1,1,0,0,4851.0,0
TGACAACTCGAACGGA-JHA710A3,JHA710A3,A3,8.330907985537664,2,1,1,1,1,0,1,858.0,0
TGACAACTCGGCGCAT-JHA710A3,JHA710A3,A3,0.0,3,0,0,0,0,0,0,3912.0,1
TGACGGCAGACTAGAT-JHA710A3,JHA710A3,A3,0.0,2,0,0,0,0,0,0,830.0,0
TGACGGCAGAGAGCTC-JHA710A3,JHA710A3,A3,0.0,1,0,0,0,0,0,0,1545.0,0
TGACGGCCAACTGCTA-JHA710A3,JHA710A3,A3,2.378131783679531,0,1,0,0,0,0,0,1022.0,0
TGACGGCCAACTGGCC-JHA710A3,JHA710A3,A3,3.106589925446839,1,1,1,0,0,0,0,937.0,0
TGACGGCCAAGCGAGT-JHA710A3,JHA710A3,A3,7.415828155591993,2,1,1,1,1,0,0,1493.0,0
TGACGGCCAATGTAAG-JHA710A3,JHA710A3,A3,1.215815079022706,3,1,1,1,1,1,0,4214.0,0
TGACGGCCACAACTGT-JHA710A3,JHA710A3,A3,0.0,2,0,0,0,0,0,0,642.0,0
TGACGGCCACCAACCG-JHA710A3,JHA710A3,A3,2.2938123216648676,2,1,1,1,1,0,0,1122.0,0
TGACGGCGTCGCTTCT-JHA710A3,JHA710A3,A3,2.2388174397913514,2,1,1,1,1,0,0,1193.0,0
TGACGGCTCTCCAGGG-JHA710A3,JHA710A3,A3,1.595661517839073,2,1,1,1,1,0,0,5087.0,0
TGACTAGAGCTGGAAC-JHA710A3,JHA710A3,A3,3.26533630129078,2,1,1,1,1,0,0,794.0,0
TGACTAGCATCAGTCA-JHA710A3,JHA710A3,A3,4.293999404719821,3,1,1,1,1,1,0,3183.0,1
TGACTAGGTCATACTG-JHA710A3,JHA710A3,A3,2.374588373418914,2,1,1,1,1,0,0,1026.0,0
TGACTAGGTCTGCGGT-JHA710A3,JHA710A3,A3,0.0,0,0,0,0,0,0,0,783.0,0
TGACTAGGTCTTCTCG-JHA710A3,JHA710A3,A3,4.055072449410767,2,1,1,1,1,0,0,882.0,0
TGACTAGGTGCCTGTG-JHA710A3,JHA710A3,A3,0.0,2,0,0,0,0,0,0,1307.0,0
TGACTAGTCAAGGCTT-JHA710A3,JHA710A3,A3,1.9945923276947013,2,1,1,1,1,0,0,1575.0,0
TGACTAGTCACTTCAT-JHA710A3,JHA710A3,A3,0.0,1,0,0,0,0,0,0,1055.0,0
TGACTAGTCTCATTCA-JHA710A3,JHA710A3,A3,2.4700054109519116,1,1,1,0,0,0,0,924.0,0
TGACTTTAGAGGGATA-JHA710A3,JHA710A3,A3,2.1200289045706713,2,1,1,1,1,0,0,1364.0,0
TGACTTTAGCTCAACT-JHA710A3,JHA710A3,A3,8.217627995244543,2,1,1,1,1,0,1,3339.0,0
TGACTTTCACTATCTT-JHA710A3,JHA710A3,A3,0.0,3,0,0,0,0,0,0,1613.0,0
TGACTTTCATCGGAAG-JHA710A3,JHA710A3,A3,6.424485719980614,3,1,1,1,1,1,0,812.0,0
TGACTTTCATGCCTAA-JHA710A3,JHA710A3,A3,7.576485566513337,2,1,1,1,1,0,1,1584.0,0
TGACTTTGTAGAGTGC-JHA710A3,JHA710A3,A3,8.142424571364351,2,1,1,1,1,0,1,745.0,0
TGACTTTGTATAGGTA-JHA710A3,JHA710A3,A3,2.6903113767648286,1,1,1,0,0,0,0,728.0,0
TGACTTTGTGTGCGTC-JHA710A3,JHA710A3,A3,0.0,0,0,0,0,0,0,0,721.0,0
TGACTTTTCAGCTCTC-JHA710A3,JHA710A3,A3,0.0,2,0,0,0,0,0,0,1549.0,0
TGACTTTTCCAAACTG-JHA710A3,JHA710A3,A3,2.808707546347167,1,1,1,0,0,0,0,1283.0,0
TGACTTTTCCCTTGCA-JHA710A3,JHA710A3,A3,2.528977831990096,0,1,0,0,0,0,0,1733.0,0
TGACTTTTCCGCGTTT-JHA710A3,JHA710A3,A3,0.0,0,0,0,0,0,0,0,772.0,0
TGAGAGGAGCTAAGAT-JHA710A3,JHA710A3,A3,2.400627017349096,2,1,1,1,1,0,0,997.0,0
TGAGAGGAGTACGACG-JHA710A3,JHA710A3,A3,8.254503508152135,3,1,1,1,1,1,1,1025.0,0
TGAGAGGAGTTCCACA-JHA710A3,JHA710A3,A3,2.3467738144796337,2,1,1,1,1,0,0,1058.0,0
TGAGAGGCAATGGAGC-JHA710A3,JHA710A3,A3,1.9788493568148349,2,1,1,1,1,0,0,1604.0,0
TGAGAGGGTCCGAGTC-JHA710A3,JHA710A3,A3,2.2022179002390483,2,1,1,1,1,0,0,1243.0,0
TGAGAGGGTCGACTGC-JHA710A3,JHA710A3,A3,0.0,1,0,0,0,0,0,0,808.0,0
TGAGAGGGTTCGTTGA-JHA710A3,JHA710A3,A3,0.0,1,0,0,0,0,0,0,1455.0,0
TGAGAGGTCTGTCTCG-JHA710A3,JHA710A3,A3,2.4591774038221814,1,1,1,0,0,0,0,935.0,0
TGAGCATAGTAATCCC-JHA710A3,JHA710A3,A3,0.0,1,0,0,0,0,0,0,1883.0,0
TGAGCATAGTGTACCT-JHA710A3,JHA710A3,A3,0.0,1,0,0,0,0,0,0,1325.0,0
TGAGCATCACAAGCCC-JHA710A3,JHA710A3,A3,0.0,2,0,0,0,0,0,0,694.0,0
TGAGCATCACCTTGTC-JHA710A3,JHA710A3,A3,0.0,2,0,0,0,0,0,0,1553.0,0
TGAGCATCACGCTTTC-JHA710A3,JHA710A3,A3,2.5564988616883437,2,1,1,1,1,0,0,841.0,0
TGAGCATCATCTCCCA-JHA710A3,JHA710A3,A3,2.7269186854065928,2,1,1,1,1,0,0,1400.0,0
TGAGCATGTAGCTCCG-JHA710A3,JHA710A3,A3,0.0,1,0,0,0,0,0,0,715.0,0
TGAGCCGAGGGTATCG-JHA710A3,JHA710A3,A3,3.3690353810412272,2,1,1,1,1,0,0,713.0,0
TGAGCCGCAAGGTGTG-JHA710A3,JHA710A3,A3,2.354502596716878,1,1,1,0,0,0,0,1049.0,0
TGAGCCGCACTATCTT-JHA710A3,JHA710A3,A3,2.2130238287746855,2,1,1,1,1,0,0,1228.0,0
TGAGCCGGTCCTGCTT-JHA710A3,JHA710A3,A3,3.1117015528065073,2,1,1,1,1,0,0,932.0,0
TGAGCCGGTGCTAGCC-JHA710A3,JHA710A3,A3,2.387057016415087,2,1,1,1,1,0,0,2024.0,0
TGAGCCGGTTTGGCGC-JHA710A3,JHA710A3,A3,0.0,1,0,0,0,0,0,0,1358.0,0
TGAGCCGTCCGAACGC-JHA710A3,JHA710A3,A3,1.6888150445979775,2,1,1,1,1,0,0,2266.0,1
TGAGGGAAGGGTCGAT-JHA710A3,JHA710A3,A3,0.0,1,0,0,0,0,0,0,1282.0,0
TGAGGGAAGTGTCTCA-JHA710A3,JHA710A3,A3,0.0,0,0,0,0,0,0,0,1281.0,0
TGAGGGACAGGATCGA-JHA710A3,JHA710A3,A3,1.6623488639622728,0,1,0,0,0,0,0,2341.0,0
TGAGGGACAGGTCGTC-JHA710A3,JHA710A3,A3,2.5686496392043927,2,1,1,1,1,0,0,830.0,0
TGAGGGACATCTCCCA-JHA710A3,JHA710A3,A3,1.562799336125644,2,1,1,1,1,0,0,2651.0,0
TGAGGGAGTAAGTGTA-JHA710A3,JHA710A3,A3,0.0,1,0,0,0,0,0,0,658.0,0
TGAGGGAGTAATTGGA-JHA710A3,JHA710A3,A3,2.535909204240373,2,1,1,1,1,0,0,2580.0,0
TGAGGGAGTCGAGATG-JHA710A3,JHA710A3,A3,2.0933907393458737,1,1,1,0,0,0,0,1406.0,0
TGAGGGATCGGACAAG-JHA710A3,JHA710A3,A3,1.4397344158908099,4,1,1,1,1,1,0,3106.0,1
TGAGGGATCGTGACAT-JHA710A3,JHA710A3,A3,4.423441609240249,2,1,1,1,1,0,0,1578.0,0
TGATTTCGTGGCTCCA-JHA710A3,JHA710A3,A3,0.0,2,0,0,0,0,0,0,1369.0,0
TGATTTCTCATTTGGG-JHA710A3,JHA710A3,A3,3.2078064814398153,2,1,1,1,1,0,0,843.0,0
TGATTTCTCCAAACAC-JHA710A3,JHA710A3,A3,0.0,2,0,0,0,0,0,0,1406.0,0
TGCACCTAGAGGTTAT-JHA710A3,JHA710A3,A3,2.477968517154099,1,1,1,0,0,0,0,916.0,0
TGCACCTAGTCAATAG-JHA710A3,JHA710A3,A3,2.983747040670697,1,1,1,0,0,0,0,1066.0,0
TGCACCTAGTTTAGGA-JHA710A3,JHA710A3,A3,0.0,0,0,0,0,0,0,0,1022.0,0
TGCACCTCAGTAAGCG-JHA710A3,JHA710A3,A3,2.420003763552574,2,1,1,1,1,0,0,976.0,0
TGCACCTGTCAATACC-JHA710A3,JHA710A3,A3,2.6137557397319915,2,1,1,1,1,0,0,1581.0,0
TGCACCTGTTAGAACA-JHA710A3,JHA710A3,A3,6.167915732334906,2,1,1,1,1,0,0,630.0,0
TGCACCTTCATATCGG-JHA710A3,JHA710A3,A3,2.111048493736989,1,1,1,0,0,0,0,1378.0,0
TGCACCTTCCGTACAA-JHA710A3,JHA710A3,A3,7.450728555726272,2,1,1,1,1,0,0,686.0,0
TGCACCTTCCTCAACC-JHA710A3,JHA710A3,A3,2.5849341473424876,2,1,1,1,1,0,0,1631.0,0
TGCCAAAAGACACGAC-JHA710A3,JHA710A3,A3,0.0,2,0,0,0,0,0,0,924.0,0
TGCCAAAAGGTCATCT-JHA710A3,JHA710A3,A3,2.5642112138590973,1,1,1,0,0,0,0,834.0,0
TGCCAAAAGTTACCCA-JHA710A3,JHA710A3,A3,0.0,1,0,0,0,0,0,0,632.0,1
TGCCAAACATACGCTA-JHA710A3,JHA710A3,A3,0.0,0,0,0,0,0,0,0,803.0,1
TGCCAAACATCGACGC-JHA710A3,JHA710A3,A3,1.9826195747416908,1,1,1,0,0,0,0,1597.0,0
TGCCAAAGTACAGTGG-JHA710A3,JHA710A3,A3,1.8960158101442326,2,1,1,1,1,0,0,3534.0,1
TGCCAAAGTAGCGCAA-JHA710A3,JHA710A3,A3,8.142633631582417,3,1,1,1,1,1,1,1158.0,0
TGCCAAAGTCATACTG-JHA710A3,JHA710A3,A3,6.482167443665791,2,1,1,1,1,0,0,1027.0,0
TGCCCATAGAAACCGC-JHA710A3,JHA710A3,A3,2.070653909543844,1,1,1,0,0,0,0,1443.0,0
TGCCCATAGATCCGAG-JHA710A3,JHA710A3,A3,0.0,0,0,0,0,0,0,0,643.0,0
TGCCCATCACACTGCG-JHA710A3,JHA710A3,A3,7.757121606169484,2,1,1,1,1,0,1,1305.0,0
TGCCCATCATCAGTAC-JHA710A3,JHA710A3,A3,2.8339666042961547,2,1,1,1,1,0,0,3747.0,1
TGCCCATCATCCGCGA-JHA710A3,JHA710A3,A3,2.41072065929993,2,1,1,1,1,0,0,986.0,0
TGCCCATCATCCTTGC-JHA710A3,JHA710A3,A3,0.0,1,0,0,0,0,0,0,637.0,0
TGCCCATGTAGCAAAT-JHA710A3,JHA710A3,A3,2.839257370388061,0,1,0,0,0,0,0,621.0,0
TGCCCATGTGCAGACA-JHA710A3,JHA710A3,A3,1.6220359955518118,2,1,1,1,1,0,0,2461.0,0
TGCCCATTCCAAACAC-JHA710A3,JHA710A3,A3,0.0,2,0,0,0,0,0,0,757.0,0
TGCCCATTCCAAACTG-JHA710A3,JHA710A3,A3,2.4941233048929243,2,1,1,1,1,0,0,900.0,0
TGCCCTACACCTCGGA-JHA710A3,JHA710A3,A3,2.424684238526166,2,1,1,1,1,0,0,971.0,0
TGCCCTACATGGGACA-JHA710A3,JHA710A3,A3,0.0,2,0,0,0,0,0,0,1223.0,0
TGCCCTAGTTCCGGCA-JHA710A3,JHA710A3,A3,0.0,1,0,0,0,0,0,0,629.0,0
TGCCCTATCAGCTCTC-JHA710A3,JHA710A3,A3,1.1412991530815286,2,1,1,1,1,0,0,4693.0,0
TGCCCTATCCCATTTA-JHA710A3,JHA710A3,A3,3.180885265952843,2,1,1,1,1,0,0,867.0,0
TGCCCTATCGCAGGCT-JHA710A3,JHA710A3,A3,5.600426537287174,2,1,1,1,1,0,0,742.0,0
TGCGCAGAGGCTAGGT-JHA710A3,JHA710A3,A3,0.0,2,0,0,0,0,0,0,717.0,0
TGCGCAGAGGGAACGG-JHA710A3,JHA710A3,A3,2.738341161124877,2,1,1,1,1,0,0,1383.0,0
TGCGCAGAGTCAAGGC-JHA710A3,JHA710A3,A3,0.0,1,0,0,0,0,0,0,1652.0,0
TGCGCAGCAAAGGCGT-JHA710A3,JHA710A3,A3,3.920455228889748,1,1,1,0,0,0,0,607.0,0
TGCGCAGGTACAGCAG-JHA710A3,JHA710A3,A3,0.0,1,0,0,0,0,0,0,1097.0,0
TGCGCAGGTCGATTGT-JHA710A3,JHA710A3,A3,6.898473427718366,2,1,1,1,1,0,0,879.0,0
TGCGCAGTCAAGGCTT-JHA710A3,JHA710A3,A3,0.0,2,0,0,0,0,0,0,811.0,0
TGCGCAGTCCGCAAGC-JHA710A3,JHA710A3,A3,6.351291647234175,2,1,1,1,1,0,0,1066.0,0
TGCGCAGTCGGTGTCG-JHA710A3,JHA710A3,A3,8.275134530238116,3,1,1,1,1,1,1,1027.0,0
TGCGCAGTCTTGTACT-JHA710A3,JHA710A3,A3,2.050332029149289,2,1,1,1,1,0,0,1477.0,0
TGCGGGTAGATGCGAC-JHA710A3,JHA710A3,A3,0.0,2,0,0,0,0,0,0,1470.0,0
TGCGGGTAGTGTGGCA-JHA710A3,JHA710A3,A3,7.25634664422569,2,1,1,1,1,0,0,1257.0,0
TGCGGGTCAAAGGCGT-JHA710A3,JHA710A3,A3,0.0,2,0,0,0,0,0,0,755.0,0
TGCGGGTCATCACGTA-JHA710A3,JHA710A3,A3,2.5095533286607186,1,1,1,0,0,0,0,885.0,0
TGCGGGTCATGTCGAT-JHA710A3,JHA710A3,A3,2.35105865117698,2,1,1,1,1,0,0,1053.0,0
TGCGGGTCATTCTCAT-JHA710A3,JHA710A3,A3,4.743174136477602,1,1,1,0,0,0,0,703.0,0
TGCGGGTGTGCGGTAA-JHA710A3,JHA710A3,A3,0.0,3,0,0,0,0,0,0,1190.0,0
TGCGGGTTCGATGAGG-JHA710A3,JHA710A3,A3,0.0,2,0,0,0,0,0,0,857.0,0
TGCGGGTTCTTCGGTC-JHA710A3,JHA710A3,A3,0.0,2,0,0,0,0,0,0,2354.0,1
TGCGTGGAGCTGGAAC-JHA710A3,JHA710A3,A3,2.5957730718973826,2,1,1,1,1,0,0,1612.0,0
TGCGTGGCACGGCGTT-JHA710A3,JHA710A3,A3,2.7877176038360814,1,1,1,0,0,0,0,656.0,0
TGCGTGGCACGGTGTC-JHA710A3,JHA710A3,A3,5.676442421291143,2,1,1,1,1,0,0,1375.0,0
TGCGTGGCACTGTCGG-JHA710A3,JHA710A3,A3,0.0,2,0,0,0,0,0,0,962.0,0
TGCGTGGTCAGTACGT-JHA710A3,JHA710A3,A3,8.233624903012883,2,1,1,1,1,0,1,1902.0,0
TGCGTGGTCGGTTCGG-JHA710A3,JHA710A3,A3,6.331344330649895,2,1,1,1,1,0,0,1141.0,0
TGCTACCAGGATGTAT-JHA710A3,JHA710A3,A3,0.0,1,0,0,0,0,0,0,1067.0,0
TGCTACCAGGCCCTTG-JHA710A3,JHA710A3,A3,2.782013862699364,2,1,1,1,1,0,0,660.0,0
TGCTACCAGTTGTAGA-JHA710A3,JHA710A3,A3,0.0,1,0,0,0,0,0,0,1003.0,0
TGCTACCCATGCAATC-JHA710A3,JHA710A3,A3,2.6061689179569254,4,1,1,1,1,1,0,1594.0,1
TGCTACCGTAAGTAGT-JHA710A3,JHA710A3,A3,8.42226501319431,3,1,1,1,1,1,1,1234.0,0
TGCTACCGTGACTCAT-JHA710A3,JHA710A3,A3,7.569860516570752,2,1,1,1,1,0,1,676.0,0
TGCTACCGTGTTTGTG-JHA710A3,JHA710A3,A3,1.9724294979835366,1,1,1,0,0,0,0,1616.0,0
TGCTACCTCTATGTGG-JHA710A3,JHA710A3,A3,0.0,1,0,0,0,0,0,0,1675.0,0
TGCTGCTAGCTTCGCG-JHA710A3,JHA710A3,A3,0.0,2,0,0,0,0,0,0,1753.0,0
TGCTGCTCATTCCTCG-JHA710A3,JHA710A3,A3,2.260062798274457,2,1,1,1,1,0,0,1165.0,0
TGCTGCTGTCAAGCGA-JHA710A3,JHA710A3,A3,0.0,2,0,0,0,0,0,0,634.0,0
TGCTGCTGTTTGTTGG-JHA710A3,JHA710A3,A3,3.250912943124212,2,1,1,1,1,0,0,1209.0,0
TGGACGCCAAACGTGG-JHA710A3,JHA710A3,A3,4.077362695106673,2,1,1,1,1,0,0,1552.0,0
TGGACGCCACAGGTTT-JHA710A3,JHA710A3,A3,0.0,2,0,0,0,0,0,0,2226.0,1
TGGACGCTCATGCAAC-JHA710A3,JHA710A3,A3,0.0,3,0,0,0,0,0,0,969.0,0
TGGCCAGAGATTACCC-JHA710A3,JHA710A3,A3,1.7801871793973458,1,1,1,0,0,0,0,2028.0,0
TGGCCAGAGCACGCCT-JHA710A3,JHA710A3,A3,0.0,2,0,0,0,0,0,0,781.0,0
TGGCCAGAGTTCGATC-JHA710A3,JHA710A3,A3,0.0,2,0,0,0,0,0,0,891.0,0
TGGCCAGCACACCGAC-JHA710A3,JHA710A3,A3,1.4051103799607307,3,1,1,1,1,1,0,6502.0,0
TGGCCAGCAGCTCGAC-JHA710A3,JHA710A3,A3,0.0,1,0,0,0,0,0,0,648.0,0
TGGCCAGTCACTCTTA-JHA710A3,JHA710A3,A3,2.6915927290639097,1,1,1,0,0,0,0,727.0,0
TGGCGCAAGCCGTCGT-JHA710A3,JHA710A3,A3,2.076123630664351,2,1,1,1,1,0,0,1434.0,0
TGGCGCAAGCTGTTCA-JHA710A3,JHA710A3,A3,2.175478871708186,1,1,1,0,0,0,0,1281.0,0
TGGCGCACACGGACAA-JHA710A3,JHA710A3,A3,0.0,0,0,0,0,0,0,0,813.0,0
TGGCGCACAGGATTGG-JHA710A3,JHA710A3,A3,2.369008742843315,2,1,1,1,1,0,0,3097.0,0
TGGCGCAGTAATAGCA-JHA710A3,JHA710A3,A3,8.306342267142396,3,1,1,1,1,1,1,1114.0,0
TGGCGCAGTCCGACGT-JHA710A3,JHA710A3,A3,2.5470455208224645,3,1,1,1,1,1,0,5098.0,0
TGGCGCAGTGCGGTAA-JHA710A3,JHA710A3,A3,2.762336045981583,2,1,1,1,1,0,0,674.0,0
TGGCGCATCGGTTAAC-JHA710A3,JHA710A3,A3,1.9184765875116407,0,1,0,0,0,0,0,1721.0,0
TGGCGCATCGTAGGTT-JHA710A3,JHA710A3,A3,0.0,1,0,0,0,0,0,0,1355.0,0
TGGCGCATCTAACCGA-JHA710A3,JHA710A3,A3,2.893162215402461,2,1,1,1,1,0,0,1173.0,0
TGGCGCATCTTCCTTC-JHA710A3,JHA710A3,A3,0.0,2,0,0,0,0,0,0,1494.0,0
TGGCGCATCTTGACGA-JHA710A3,JHA710A3,A3,0.0,2,0,0,0,0,0,0,829.0,0
TGGCTGGAGTCGTTTG-JHA710A3,JHA710A3,A3,1.8756197849315366,3,1,1,1,1,1,0,1810.0,0
TGGCTGGCAACCGCCA-JHA710A3,JHA710A3,A3,3.518800915895387,3,1,1,1,1,1,0,1527.0,0
TGGCTGGCACCGTTGG-JHA710A3,JHA710A3,A3,8.179791332987731,2,1,1,1,1,0,1,1654.0,0
TGGCTGGCAGATAATG-JHA710A3,JHA710A3,A3,8.393396268723949,3,1,1,1,1,1,1,643.0,0
TGGCTGGGTCCGTTAA-JHA710A3,JHA710A3,A3,0.0,3,0,0,0,0,0,0,787.0,0
TGGCTGGGTCTAACGT-JHA710A3,JHA710A3,A3,1.8111873967814713,2,1,1,1,1,0,0,1954.0,0
TGGCTGGGTCTGCAAT-JHA710A3,JHA710A3,A3,3.254497772111621,1,1,1,0,0,0,0,803.0,0
TGGCTGGGTTACAGAA-JHA710A3,JHA710A3,A3,0.0,1,0,0,0,0,0,0,748.0,0
TGGCTGGGTTCAGACT-JHA710A3,JHA710A3,A3,0.0,1,0,0,0,0,0,0,1993.0,0
TGGCTGGTCATCTGCC-JHA710A3,JHA710A3,A3,0.0,2,0,0,0,0,0,0,1152.0,0
TGGCTGGTCTACTTAC-JHA710A3,JHA710A3,A3,3.2849234894520856,1,1,1,0,0,0,0,778.0,0
TGGGAAGAGTGGTAGC-JHA710A3,JHA710A3,A3,8.43975838289765,3,1,1,1,1,1,1,696.0,0
TGGGAAGAGTGTCCAT-JHA710A3,JHA710A3,A3,0.0,2,0,0,0,0,0,0,899.0,0
TGGGAAGCAAAGAATC-JHA710A3,JHA710A3,A3,2.251649772478226,2,1,1,1,1,0,0,1176.0,0
TGGGAAGCAATTCCTT-JHA710A3,JHA710A3,A3,0.0,1,0,0,0,0,0,0,605.0,0
TGGGAAGGTACAGTGG-JHA710A3,JHA710A3,A3,2.424684238526166,1,1,1,0,0,0,0,971.0,0
TGGGAAGGTTACCAGT-JHA710A3,JHA710A3,A3,2.4543012007119227,1,1,1,0,0,0,0,940.0,0
TGGGAAGTCAAACGGG-JHA710A3,JHA710A3,A3,0.0,2,0,0,0,0,0,0,777.0,0
TGGGAAGTCACCGGGT-JHA710A3,JHA710A3,A3,0.0,2,0,0,0,0,0,0,687.0,0
TGGGAAGTCCTGCCAT-JHA710A3,JHA710A3,A3,1.4694215869700287,4,1,1,1,1,1,0,2988.0,1
TGGGCGTAGCTGAAAT-JHA710A3,JHA710A3,A3,0.0,1,0,0,0,0,0,0,2078.0,0
TGGGCGTCAAGACACG-JHA710A3,JHA710A3,A3,2.2003120074271383,3,1,1,1,1,1,0,3737.0,1
TGGGCGTCAATTGCTG-JHA710A3,JHA710A3,A3,2.5554027455779567,0,1,0,0,0,0,0,842.0,1
TGGGCGTCACGGACAA-JHA710A3,JHA710A3,A3,3.4965075614664802,2,1,1,1,1,0,0,625.0,0
TGGTTAGAGCGTTTAC-JHA710A3,JHA710A3,A3,1.4901153630115078,2,1,1,1,1,0,0,2909.0,0
TGGTTAGAGCTTATCG-JHA710A3,JHA710A3,A3,1.3459192450428201,2,1,1,1,1,0,0,3519.0,0
TGGTTAGCAAGAAGAG-JHA710A3,JHA710A3,A3,6.222015379263654,2,1,1,1,1,0,0,736.0,0
TGGTTAGCAAGCTGAG-JHA710A3,JHA710A3,A3,0.0,1,0,0,0,0,0,0,608.0,0
TGGTTAGCATCACGAT-JHA710A3,JHA710A3,A3,1.3712598250130328,3,1,1,1,1,1,0,3401.0,0
TGGTTAGCATGCTAGT-JHA710A3,JHA710A3,A3,3.8237625447232855,2,1,1,1,1,0,0,670.0,0
TGGTTAGGTCAAACTC-JHA710A3,JHA710A3,A3,0.0,2,0,0,0,0,0,0,1066.0,0
TGGTTAGGTCAGAGGT-JHA710A3,JHA710A3,A3,1.1312463287332275,3,1,1,1,1,1,0,4763.0,1
TGGTTAGTCGTCTGCT-JHA710A3,JHA710A3,A3,2.263143855957823,1,1,1,0,0,0,0,1161.0,0
TGGTTCCAGCTGCCCA-JHA710A3,JHA710A3,A3,0.0,1,0,0,0,0,0,0,1263.0,0
TGGTTCCCAAGCTGGA-JHA710A3,JHA710A3,A3,0.0,0,0,0,0,0,0,0,798.0,0
TGGTTCCCACGGCTAC-JHA710A3,JHA710A3,A3,0.0,3,0,0,0,0,0,0,753.0,0
TGGTTCCCAGGGCATA-JHA710A3,JHA710A3,A3,3.2043980026930443,0,1,0,0,0,0,0,846.0,0
TGGTTCCGTACCTACA-JHA710A3,JHA710A3,A3,0.8670506251821192,3,1,1,1,0,0,0,7247.0,0
TGGTTCCGTCGGCACT-JHA710A3,JHA710A3,A3,1.9722519442670343,3,1,1,1,1,1,0,4849.0,1
TGGTTCCGTGTATGGG-JHA710A3,JHA710A3,A3,0.0,1,0,0,0,0,0,0,916.0,0
TGGTTCCTCAGGCAAG-JHA710A3,JHA710A3,A3,0.0,1,0,0,0,0,0,0,687.0,0
TGGTTCCTCTAGCACA-JHA710A3,JHA710A3,A3,5.509398296192146,2,1,1,1,1,0,0,813.0,0
TGTATTCAGAGGTAGA-JHA710A3,JHA710A3,A3,2.0265173501110425,2,1,1,1,1,0,0,1518.0,0
TGTATTCAGCACGCCT-JHA710A3,JHA710A3,A3,0.0,2,0,0,0,0,0,0,1502.0,0
TGTATTCAGGACAGAA-JHA710A3,JHA710A3,A3,7.766728702622768,2,1,1,1,1,0,1,606.0,0
TGTATTCAGGACTGGT-JHA710A3,JHA710A3,A3,1.0437781373809498,2,1,1,1,1,0,0,5435.0,0
TGTATTCAGGCATGGT-JHA710A3,JHA710A3,A3,8.35410359146193,3,1,1,1,1,1,1,1022.0,0
TGTATTCAGTAGGCCA-JHA710A3,JHA710A3,A3,0.0,2,0,0,0,0,0,0,1565.0,0
TGTATTCAGTGTCCCG-JHA710A3,JHA710A3,A3,0.0,3,0,0,0,0,0,0,1601.0,0
TGTATTCCAAGAAGAG-JHA710A3,JHA710A3,A3,1.9259500817995419,3,1,1,1,1,1,0,1706.0,0
TGTATTCCAGGACCCT-JHA710A3,JHA710A3,A3,3.9172310946335176,3,1,1,1,1,1,0,1218.0,0
TGTCCCAAGAGCCTAG-JHA710A3,JHA710A3,A3,1.766383629434027,2,1,1,1,1,0,0,2062.0,0
TGTCCCAAGGGAACGG-JHA710A3,JHA710A3,A3,2.6202278410408484,2,1,1,1,1,0,0,785.0,0
TGTCCCAAGGGATACC-JHA710A3,JHA710A3,A3,3.4393249500777423,2,1,1,1,1,0,0,663.0,0
TGTCCCAAGGTGATAT-JHA710A3,JHA710A3,A3,2.2152025896316276,2,1,1,1,1,0,0,1225.0,0
TGTCCCAAGTGCCAGA-JHA710A3,JHA710A3,A3,7.484570550207726,3,1,1,1,1,1,0,1124.0,0
TGTCCCACAATGAATG-JHA710A3,JHA710A3,A3,7.9514443287783765,2,1,1,1,1,0,1,1779.0,0
TGTCCCACACCAGGTC-JHA710A3,JHA710A3,A3,2.374942034436538,2,1,1,1,1,0,0,5128.0,1
TGTCCCACAGCTGTAT-JHA710A3,JHA710A3,A3,2.7609471472242952,2,1,1,1,1,0,0,675.0,0
TGTCCCAGTAAGAGAG-JHA710A3,JHA710A3,A3,0.0,2,0,0,0,0,0,0,776.0,0
TGTCCCAGTAATTGGA-JHA710A3,JHA710A3,A3,0.0,2,0,0,0,0,0,0,1102.0,0
TGTCCCATCCGTTGCT-JHA710A3,JHA710A3,A3,3.1842076959223236,1,1,1,0,0,0,0,864.0,1
TGTCCCATCCTGCTTG-JHA710A3,JHA710A3,A3,8.422560971893809,3,1,1,1,1,1,1,2619.0,0
TGTGGTAAGACAAGCC-JHA710A3,JHA710A3,A3,0.0,0,0,0,0,0,0,0,982.0,0
TGTGGTAAGAGTGAGA-JHA710A3,JHA710A3,A3,0.0,2,0,0,0,0,0,0,1191.0,0
TGTGGTAAGTCAAGGC-JHA710A3,JHA710A3,A3,2.210127982172127,2,1,1,1,1,0,0,1232.0,0
TGTGGTACAGGTCGTC-JHA710A3,JHA710A3,A3,2.2755863298316292,2,1,1,1,1,0,0,1145.0,0
TGTGGTAGTACGAAAT-JHA710A3,JHA710A3,A3,1.9150144747624316,2,1,1,1,1,0,0,1728.0,0
TGTGGTAGTCAGTGGA-JHA710A3,JHA710A3,A3,2.293011360853586,1,1,1,0,0,0,0,1123.0,0
TGTGGTAGTGCAACTT-JHA710A3,JHA710A3,A3,0.0,1,0,0,0,0,0,0,1430.0,0
TGTGGTAGTTCGTTGA-JHA710A3,JHA710A3,A3,0.0,2,0,0,0,0,0,0,2072.0,0
TGTGGTATCCAATGGT-JHA710A3,JHA710A3,A3,0.0,1,0,0,0,0,0,0,879.0,0
TGTGGTATCCCATTTA-JHA710A3,JHA710A3,A3,6.109988966790832,3,1,1,1,1,1,0,3227.0,0
TGTGGTATCCTCAACC-JHA710A3,JHA710A3,A3,0.0,2,0,0,0,0,0,0,1042.0,0
TGTGTTTAGGAGTTGC-JHA710A3,JHA710A3,A3,7.0237580821540835,2,1,1,1,1,0,0,2041.0,0
TGTGTTTAGTGAATTG-JHA710A3,JHA710A3,A3,2.41072065929993,1,1,1,0,0,0,0,986.0,0
TGTGTTTAGTTATCGC-JHA710A3,JHA710A3,A3,0.0,1,0,0,0,0,0,0,691.0,0
TGTGTTTGTATGGTTC-JHA710A3,JHA710A3,A3,2.9531015749833767,1,1,1,0,0,0,0,1101.0,0
TGTGTTTGTCCGAACC-JHA710A3,JHA710A3,A3,2.5821043558286254,1,1,1,0,0,0,0,818.0,0
TGTGTTTTCCGTCATC-JHA710A3,JHA710A3,A3,2.5564988616883437,2,1,1,1,1,0,0,1682.0,0
TGTGTTTTCCTAAGTG-JHA710A3,JHA710A3,A3,1.7760993783250458,2,1,1,1,1,0,0,2038.0,0
TGTGTTTTCGAATGGG-JHA710A3,JHA710A3,A3,2.8779911833266105,1,1,1,0,0,0,0,596.0,0
TGTGTTTTCTCGGACG-JHA710A3,JHA710A3,A3,0.0,1,0,0,0,0,0,0,1316.0,0
TGTGTTTTCTGCCAGG-JHA710A3,JHA710A3,A3,0.0,2,0,0,0,0,0,0,1017.0,0
TGTGTTTTCTTGCATT-JHA710A3,JHA710A3,A3,2.770715711765259,1,1,1,0,0,0,0,668.0,0
TGTTCCGAGGGTGTGT-JHA710A3,JHA710A3,A3,0.0,1,0,0,0,0,0,0,851.0,0
TGTTCCGAGGTACTCT-JHA710A3,JHA710A3,A3,2.1734055878719807,0,1,0,0,0,0,0,1284.0,0
TGTTCCGAGGTGTGGT-JHA710A3,JHA710A3,A3,2.970485622221099,3,1,1,1,1,1,0,4324.0,0
TGTTCCGCACAGGTTT-JHA710A3,JHA710A3,A3,3.720425935357638,2,1,1,1,1,0,0,993.0,0
TGTTCCGCATGCATGT-JHA710A3,JHA710A3,A3,3.4243594022591894,2,1,1,1,1,0,0,1010.0,0
TGTTCCGGTCATCCCT-JHA710A3,JHA710A3,A3,0.0,2,0,0,0,0,0,0,781.0,0
TGTTCCGTCCCTGACT-JHA710A3,JHA710A3,A3,0.0,1,0,0,0,0,0,0,1557.0,0
TTAACTCAGACAAAGG-JHA710A3,JHA710A3,A3,8.539159720276007,3,1,1,1,1,1,1,1045.0,0
TTAACTCAGAGTAAGG-JHA710A3,JHA710A3,A3,0.0,1,0,0,0,0,0,0,1782.0,0
TTAACTCAGATGCCTT-JHA710A3,JHA710A3,A3,1.6845111779803141,2,1,1,1,1,0,0,2278.0,0
TTAACTCCAATGGTCT-JHA710A3,JHA710A3,A3,7.287646823573904,2,1,1,1,1,0,0,1492.0,0
TTAACTCCACGAAACG-JHA710A3,JHA710A3,A3,3.1923800311031436,2,1,1,1,1,0,0,1285.0,1
TTAACTCCATCGACGC-JHA710A3,JHA710A3,A3,0.0,4,0,0,0,0,0,0,1071.0,0
TTAACTCCATGGTCAT-JHA710A3,JHA710A3,A3,3.3596034843633182,0,1,0,0,0,0,0,720.0,0
TTAACTCGTCAAACTC-JHA710A3,JHA710A3,A3,2.837742508243165,2,1,1,1,1,0,0,1244.0,0
TTAACTCGTCGTCTTC-JHA710A3,JHA710A3,A3,2.8390889249086633,3,1,1,1,1,1,0,5590.0,0
TTAACTCTCTAACGGT-JHA710A3,JHA710A3,A3,3.2234953634310632,2,1,1,1,1,0,0,1244.0,0
TTAACTCTCTCACATT-JHA710A3,JHA710A3,A3,2.953962860677696,1,1,1,0,0,0,0,1100.0,0
TTAGGACAGATTACCC-JHA710A3,JHA710A3,A3,0.0,1,0,0,0,0,0,0,663.0,0
TTAGGACAGGGTTCCC-JHA710A3,JHA710A3,A3,3.302408207780599,3,1,1,1,1,1,0,764.0,0
TTAGGACCACGGCTAC-JHA710A3,JHA710A3,A3,2.1887364627134054,1,1,1,0,0,0,0,1262.0,0
TTAGGACCATTCTTAC-JHA710A3,JHA710A3,A3,2.5054111488321564,1,1,1,0,0,0,0,889.0,0
TTAGGACGTCTGGAGA-JHA710A3,JHA710A3,A3,1.6964121692099134,0,1,0,0,0,0,0,2245.0,0
TTAGGCAAGCGATATA-JHA710A3,JHA710A3,A3,2.8227342062462237,0,1,0,0,0,0,0,632.0,1
TTAGGCAAGGATCGCA-JHA710A3,JHA710A3,A3,0.0,2,0,0,0,0,0,0,3436.0,0
TTAGGCACAAGTCTGT-JHA710A3,JHA710A3,A3,6.348211636095204,2,1,1,1,1,0,0,596.0,0
TTAGGCACATCGGAAG-JHA710A3,JHA710A3,A3,1.910586757859019,2,1,1,1,1,0,0,3474.0,1
TTAGGCACATTGAGCT-JHA710A3,JHA710A3,A3,0.0,1,0,0,0,0,0,0,997.0,0
TTAGGCAGTCACTGGC-JHA710A3,JHA710A3,A3,0.0,2,0,0,0,0,0,0,1028.0,0
TTAGGCAGTCAGAGGT-JHA710A3,JHA710A3,A3,6.122870838475906,2,1,1,1,1,0,0,725.0,0
TTAGGCATCTTAACCT-JHA710A3,JHA710A3,A3,7.5933091873520056,3,1,1,1,1,1,1,620.0,0
TTAGTTCAGTACGATA-JHA710A3,JHA710A3,A3,0.0,1,0,0,0,0,0,0,1081.0,0
TTAGTTCAGTGGTAAT-JHA710A3,JHA710A3,A3,7.930298043887999,1,1,1,0,0,0,1,752.0,0
TTAGTTCCAGCCACCA-JHA710A3,JHA710A3,A3,0.0,2,0,0,0,0,0,0,1724.0,0
TTAGTTCCAGCGTCCA-JHA710A3,JHA710A3,A3,0.0,1,0,0,0,0,0,0,767.0,0
TTATGCTAGTGAATTG-JHA710A3,JHA710A3,A3,2.452358600047408,3,1,1,1,1,1,0,1884.0,0
TTATGCTCAATCTGCA-JHA710A3,JHA710A3,A3,2.2623724939365224,1,1,1,0,0,0,0,1162.0,0
TTATGCTGTTGCCTCT-JHA710A3,JHA710A3,A3,8.467828548540018,3,1,1,1,1,1,1,1530.0,0
TTCCCAGAGATACACA-JHA710A3,JHA710A3,A3,2.481643506653691,1,1,1,0,0,0,0,2737.0,0
TTCCCAGCAATAACGA-JHA710A3,JHA710A3,A3,0.0,0,0,0,0,0,0,0,1217.0,0
TTCCCAGCAGCATACT-JHA710A3,JHA710A3,A3,2.586257911117445,1,1,1,0,0,0,0,2443.0,0
TTCCCAGGTTATGTGC-JHA710A3,JHA710A3,A3,0.0,2,0,0,0,0,0,0,884.0,0
TTCCCAGGTTCAGACT-JHA710A3,JHA710A3,A3,1.9360326845525817,1,1,1,0,0,0,0,1686.0,0
TTCCCAGGTTCTGAAC-JHA710A3,JHA710A3,A3,2.7458121247918315,1,1,1,0,0,0,0,686.0,0
TTCCCAGTCATAGCAC-JHA710A3,JHA710A3,A3,3.0834378539730967,2,1,1,1,1,0,0,960.0,0
TTCCCAGTCCTCGCAT-JHA710A3,JHA710A3,A3,2.694161088941543,1,1,1,0,0,0,0,725.0,0
TTCGAAGAGACTAAGT-JHA710A3,JHA710A3,A3,5.779448372398339,2,1,1,1,1,0,0,775.0,0
TTCGAAGAGCCAGTAG-JHA710A3,JHA710A3,A3,2.7269186854065928,2,1,1,1,1,0,0,700.0,0
TTCGAAGCAAGTTAAG-JHA710A3,JHA710A3,A3,7.718811561750312,3,1,1,1,1,1,1,698.0,0
TTCGAAGCATGCGCAC-JHA710A3,JHA710A3,A3,2.5445181469495064,1,1,1,0,0,0,0,852.0,0
TTCGAAGGTAAACCTC-JHA710A3,JHA710A3,A3,1.8869339039614141,1,1,1,0,0,0,0,1786.0,0
TTCGAAGGTCATATGC-JHA710A3,JHA710A3,A3,0.0,3,0,0,0,0,0,0,1035.0,0
TTCGAAGGTTTCCACC-JHA710A3,JHA710A3,A3,0.0,1,0,0,0,0,0,0,695.0,1
TTCGAAGTCAATCTCT-JHA710A3,JHA710A3,A3,0.0,2,0,0,0,0,0,0,1168.0,0
TTCGGTCAGCGACGTA-JHA710A3,JHA710A3,A3,4.590997354997477,2,1,1,1,1,0,0,1537.0,0
TTCGGTCAGGCCCTTG-JHA710A3,JHA710A3,A3,2.770715711765259,1,1,1,0,0,0,0,668.0,0
TTCGGTCAGTCATGCT-JHA710A3,JHA710A3,A3,3.454780517239812,2,1,1,1,1,0,0,1305.0,1
TTCGGTCCATCAGTCA-JHA710A3,JHA710A3,A3,8.061869369719597,2,1,1,1,1,0,1,940.0,0
TTCGGTCGTGTCAATC-JHA710A3,JHA710A3,A3,1.7178390681467346,0,1,0,0,0,0,0,2187.0,0
TTCGGTCGTTCGTGAT-JHA710A3,JHA710A3,A3,1.0966162800213948,4,1,1,1,1,1,0,5015.0,1
TTCGGTCTCCAAATGC-JHA710A3,JHA710A3,A3,2.8384996168091727,2,1,1,1,1,0,0,1243.0,0
TTCGGTCTCGCGGATC-JHA710A3,JHA710A3,A3,2.0509221719408375,2,1,1,1,1,0,0,1476.0,0
TTCGGTCTCGTCTGAA-JHA710A3,JHA710A3,A3,7.256902551318535,3,1,1,1,1,1,0,3049.0,0
TTCGGTCTCTGTCTAT-JHA710A3,JHA710A3,A3,6.509446322614138,2,1,1,1,1,0,0,880.0,0
TTCTACACACATCTTT-JHA710A3,JHA710A3,A3,2.8387521296159437,1,1,1,0,0,0,0,1864.0,0
TTCTACACAGTGGGAT-JHA710A3,JHA710A3,A3,0.0,0,0,0,0,0,0,0,995.0,0
TTCTACACATTCACTT-JHA710A3,JHA710A3,A3,0.0,1,0,0,0,0,0,0,984.0,0
TTCTACACATTCCTCG-JHA710A3,JHA710A3,A3,3.4857091534143234,1,1,1,0,0,0,0,632.0,0
TTCTACAGTCCTCTTG-JHA710A3,JHA710A3,A3,2.6096622419314524,3,1,1,1,1,1,0,794.0,0
TTCTACAGTTTCCACC-JHA710A3,JHA710A3,A3,2.4700054109519116,1,1,1,0,0,0,0,924.0,0
TTCTACATCTTCGGTC-JHA710A3,JHA710A3,A3,2.4910707062893964,2,1,1,1,1,0,0,903.0,0
TTCTCAAAGTTTGCGT-JHA710A3,JHA710A3,A3,3.2775297185599728,1,1,1,0,0,0,0,1176.0,0
TTCTCAACAAGCGTAG-JHA710A3,JHA710A3,A3,2.5137158020148327,2,1,1,1,1,0,0,881.0,0
TTCTCAAGTACAGACG-JHA710A3,JHA710A3,A3,0.0,0,0,0,0,0,0,0,758.0,0
TTCTCAAGTCTGGAGA-JHA710A3,JHA710A3,A3,0.0,2,0,0,0,0,0,0,680.0,0
TTCTCAAGTGTTCGAT-JHA710A3,JHA710A3,A3,0.0,0,0,0,0,0,0,0,1074.0,0
TTCTCAATCACGGTTA-JHA710A3,JHA710A3,A3,8.489114194121473,3,1,1,1,1,1,1,2761.0,0
TTCTCAATCGGTGTTA-JHA710A3,JHA710A3,A3,2.603847870466485,2,1,1,1,1,0,0,799.0,0
TTCTCCTCAAGGACAC-JHA710A3,JHA710A3,A3,2.4125690503955535,2,1,1,1,1,0,0,984.0,0
TTCTCCTGTCCTCTTG-JHA710A3,JHA710A3,A3,2.4070361042690314,1,1,1,0,0,0,0,1980.0,0
TTCTCCTTCATACGGT-JHA710A3,JHA710A3,A3,2.3332100223141023,2,1,1,1,1,0,0,1074.0,0
TTCTCCTTCGTCTGAA-JHA710A3,JHA710A3,A3,0.0,1,0,0,0,0,0,0,1603.0,0
TTCTCCTTCTCGTTTA-JHA710A3,JHA710A3,A3,0.0,0,0,0,0,0,0,0,674.0,0
TTCTTAGCAAACTGCT-JHA710A3,JHA710A3,A3,7.686177681162992,2,1,1,1,1,0,1,836.0,0
TTCTTAGCACACAGAG-JHA710A3,JHA710A3,A3,2.5493990784179004,0,1,0,0,0,0,0,1695.0,0
TTCTTAGGTCTCTCTG-JHA710A3,JHA710A3,A3,0.0,2,0,0,0,0,0,0,596.0,0
TTCTTAGGTCTGCGGT-JHA710A3,JHA710A3,A3,2.9102349013955764,3,1,1,1,1,1,0,1152.0,0
TTCTTAGGTGTCAATC-JHA710A3,JHA710A3,A3,7.533657366319204,3,1,1,1,1,1,1,1236.0,0
TTCTTAGGTGTGAAAT-JHA710A3,JHA710A3,A3,2.8748298291020755,0,1,0,0,0,0,0,598.0,0
TTCTTAGGTTTGGGCC-JHA710A3,JHA710A3,A3,2.499235529103865,1,1,1,0,0,0,0,895.0,0
TTCTTAGTCCTAGAAC-JHA710A3,JHA710A3,A3,3.2146614610807247,1,1,1,0,0,0,0,837.0,0
TTGAACGAGAAACGAG-JHA710A3,JHA710A3,A3,2.8302066707397744,2,1,1,1,1,0,0,627.0,0
TTGAACGAGGACGAAA-JHA710A3,JHA710A3,A3,3.0663699943537717,0,1,0,0,0,0,0,1466.0,0
TTGAACGAGTGGAGTC-JHA710A3,JHA710A3,A3,0.0,0,0,0,0,0,0,0,673.0,0
TTGAACGCAATAGCAA-JHA710A3,JHA710A3,A3,7.307278096165746,3,1,1,1,1,1,0,1416.0,0
TTGAACGCACGAAACG-JHA710A3,JHA710A3,A3,0.0,1,0,0,0,0,0,0,1130.0,0
TTGAACGGTAGCAAAT-JHA710A3,JHA710A3,A3,0.0,1,0,0,0,0,0,0,967.0,0
TTGAACGGTTCGTTGA-JHA710A3,JHA710A3,A3,0.0,2,0,0,0,0,0,0,811.0,0
TTGAACGGTTGGTTTG-JHA710A3,JHA710A3,A3,1.8467254912217037,2,1,1,1,1,0,0,1873.0,0
TTGAACGTCCTTTACA-JHA710A3,JHA710A3,A3,0.0,2,0,0,0,0,0,0,611.0,0
TTGAACGTCTAACTTC-JHA710A3,JHA710A3,A3,2.2440766958238623,2,1,1,1,1,0,0,1186.0,0
TTGAACGTCTGCGGCA-JHA710A3,JHA710A3,A3,7.210714412082195,2,1,1,1,1,0,0,717.0,0
TTGACTTAGCAACGGT-JHA710A3,JHA710A3,A3,2.4427123321769195,2,1,1,1,1,0,0,952.0,0
TTGACTTAGCTGTTCA-JHA710A3,JHA710A3,A3,1.8357910637254806,2,1,1,1,1,0,0,3795.0,0
TTGACTTAGGGAAACA-JHA710A3,JHA710A3,A3,1.1181887702932076,3,1,1,1,1,1,0,4856.0,0
TTGACTTCACAGGCCT-JHA710A3,JHA710A3,A3,2.371940710472097,2,1,1,1,1,0,0,1029.0,0
TTGACTTCACCTCGTT-JHA710A3,JHA710A3,A3,6.3669812938150745,2,1,1,1,1,0,0,1187.0,0
TTGACTTCACGACTCG-JHA710A3,JHA710A3,A3,3.3649814605831363,2,1,1,1,1,0,0,1074.0,0
TTGACTTCAGCTTCGG-JHA710A3,JHA710A3,A3,2.770715711765259,1,1,1,0,0,0,0,668.0,0
TTGACTTCATGCCACG-JHA710A3,JHA710A3,A3,1.6342110176393179,2,1,1,1,1,0,0,2424.0,0
TTGACTTGTACCTACA-JHA710A3,JHA710A3,A3,2.8094402865210615,1,1,1,0,0,0,0,641.0,0
TTGACTTGTCCAAGTT-JHA710A3,JHA710A3,A3,0.0,1,0,0,0,0,0,0,1579.0,0
TTGACTTGTTCCCGAG-JHA710A3,JHA710A3,A3,1.79510060163789,2,1,1,1,1,0,0,1992.0,0
TTGACTTTCAGTCAGT-JHA710A3,JHA710A3,A3,2.740372406427786,1,1,1,0,0,0,0,690.0,0
TTGACTTTCGGTGTTA-JHA710A3,JHA710A3,A3,1.7524497360579283,2,1,1,1,1,0,0,2097.0,0
TTGCCGTAGGCAGGTT-JHA710A3,JHA710A3,A3,2.4824809638003367,2,1,1,1,1,0,0,1823.0,0
TTGCCGTAGTGGGTTG-JHA710A3,JHA710A3,A3,3.10760996773239,1,1,1,0,0,0,0,936.0,0
TTGCCGTAGTTCGCGC-JHA710A3,JHA710A3,A3,3.3502659996233852,1,1,1,0,0,0,0,727.0,0
TTGCCGTCACGCGAAA-JHA710A3,JHA710A3,A3,5.7492162934546,2,1,1,1,1,0,0,703.0,0
TTGCCGTCATGCCTTC-JHA710A3,JHA710A3,A3,0.0,1,0,0,0,0,0,0,638.0,0
TTGCCGTTCCAACCAA-JHA710A3,JHA710A3,A3,2.949664644264746,1,1,1,0,0,0,0,1105.0,0
TTGCCGTTCCGCGTTT-JHA710A3,JHA710A3,A3,2.20365030225719,2,1,1,1,1,0,0,1241.0,0
TTGCCGTTCTTACCGC-JHA710A3,JHA710A3,A3,2.7269186854065928,2,1,1,1,1,0,0,1400.0,0
TTGCGTCAGGCACATG-JHA710A3,JHA710A3,A3,5.449781514047538,2,1,1,1,1,0,0,820.0,0
TTGCGTCTCCGGCACA-JHA710A3,JHA710A3,A3,3.421967829019362,1,1,1,0,0,0,0,675.0,0
TTGCGTCTCGGAAATA-JHA710A3,JHA710A3,A3,3.208945446310046,2,1,1,1,1,0,0,842.0,0
TTGCGTCTCGGTGTTA-JHA710A3,JHA710A3,A3,2.1376434149156553,1,1,1,0,0,0,0,1337.0,0
TTGCGTCTCTCGTTTA-JHA710A3,JHA710A3,A3,0.0,2,0,0,0,0,0,0,1206.0,0
TTGCGTCTCTGAAAGA-JHA710A3,JHA710A3,A3,0.0,2,0,0,0,0,0,0,3299.0,0
TTGCGTCTCTTGACGA-JHA710A3,JHA710A3,A3,2.343361888752739,1,1,1,0,0,0,0,1062.0,0
TTGGAACAGCCACGTC-JHA710A3,JHA710A3,A3,2.725584586992411,1,1,1,0,0,0,0,701.0,0
TTGGAACAGTATCGAA-JHA710A3,JHA710A3,A3,0.0,1,0,0,0,0,0,0,1400.0,0
TTGGAACAGTCATCCA-JHA710A3,JHA710A3,A3,2.0562538458953226,1,1,1,0,0,0,0,1467.0,0
TTGGAACCAATAGAGT-JHA710A3,JHA710A3,A3,0.0,0,0,0,0,0,0,0,1247.0,1
TTGGAACCAGTTTACG-JHA710A3,JHA710A3,A3,3.096451623819688,2,1,1,1,1,0,0,947.0,0
TTGGAACGTACTCAAC-JHA710A3,JHA710A3,A3,8.268290957194713,2,1,1,1,1,0,1,662.0,0
TTGGAACGTCTGGAGA-JHA710A3,JHA710A3,A3,0.0,2,0,0,0,0,0,0,2160.0,0
TTGGAACTCAAGGCTT-JHA710A3,JHA710A3,A3,2.0521038124125344,2,1,1,1,1,0,0,1474.0,0
TTGGAACTCAGTTTGG-JHA710A3,JHA710A3,A3,2.526326854297795,0,1,0,0,0,0,0,1738.0,0
TTGGAACTCATGTGGT-JHA710A3,JHA710A3,A3,2.7841484536899133,2,1,1,1,1,0,0,1317.0,0
TTGGAACTCCTATGTT-JHA710A3,JHA710A3,A3,7.8625029421613615,2,1,1,1,1,0,1,670.0,0
TTGGAACTCCTTTCTC-JHA710A3,JHA710A3,A3,2.485502692995853,1,1,1,0,0,0,0,1817.0,0
TTGGCAAAGCCACGCT-JHA710A3,JHA710A3,A3,0.0,1,0,0,0,0,0,0,1170.0,0
TTGGCAACAATCTGCA-JHA710A3,JHA710A3,A3,2.176171168138387,2,1,1,1,1,0,0,1280.0,0
TTGGCAACATACTACG-JHA710A3,JHA710A3,A3,0.0,0,0,0,0,0,0,0,1171.0,1
TTGGCAAGTTCCGTCT-JHA710A3,JHA710A3,A3,0.0,2,0,0,0,0,0,0,1460.0,1
TTGGCAAGTTCTGTTT-JHA710A3,JHA710A3,A3,2.83170873591079,0,1,0,0,0,0,0,1252.0,0
TTGGCAAGTTGGTAAA-JHA710A3,JHA710A3,A3,2.6490504083387063,1,1,1,0,0,0,0,761.0,0
TTGTAGGAGCGTGAAC-JHA710A3,JHA710A3,A3,1.7888487432343798,2,1,1,1,1,0,0,4014.0,0
TTGTAGGAGGAGCGTT-JHA710A3,JHA710A3,A3,2.118095862962761,2,1,1,1,1,0,0,1367.0,1
TTGTAGGCAGGTCCAC-JHA710A3,JHA710A3,A3,0.0,4,0,0,0,0,0,0,3828.0,1
TTGTAGGGTAGTACCT-JHA710A3,JHA710A3,A3,0.0,4,0,0,0,0,0,0,1359.0,0
TTGTAGGGTCTCCCTA-JHA710A3,JHA710A3,A3,2.301460865781765,2,1,1,1,1,0,0,2225.0,0
TTGTAGGGTCTCTCGT-JHA710A3,JHA710A3,A3,0.0,3,0,0,0,0,0,0,835.0,0
TTGTAGGTCCTCAATT-JHA710A3,JHA710A3,A3,0.0,0,0,0,0,0,0,0,1056.0,0
TTTACTGCACTGAAGG-JHA710A3,JHA710A3,A3,1.8690994725537062,2,1,1,1,1,0,0,3648.0,0
TTTACTGCAGCCACCA-JHA710A3,JHA710A3,A3,3.835513825933391,1,1,1,0,0,0,0,662.0,0
TTTACTGCATACTCTT-JHA710A3,JHA710A3,A3,2.7349661550018722,2,1,1,1,1,0,0,694.0,0
TTTACTGGTGGCCCTA-JHA710A3,JHA710A3,A3,2.8168011890227884,0,1,0,0,0,0,0,636.0,0
TTTACTGGTTCTGTTT-JHA710A3,JHA710A3,A3,0.0,0,0,0,0,0,0,0,1058.0,0
TTTACTGTCTTTAGTC-JHA710A3,JHA710A3,A3,2.24257055439926,1,1,1,0,0,0,0,1188.0,0
TTTATGCAGCGACGTA-JHA710A3,JHA710A3,A3,2.7948994212345966,2,1,1,1,1,0,0,651.0,0
TTTATGCAGCGGATCA-JHA710A3,JHA710A3,A3,2.424684238526166,0,1,0,0,0,0,0,971.0,0
TTTATGCCAGCATACT-JHA710A3,JHA710A3,A3,0.0,1,0,0,0,0,0,0,1402.0,0
TTTATGCCAGTCGATT-JHA710A3,JHA710A3,A3,2.5158047067359055,2,1,1,1,1,0,0,1758.0,0
TTTATGCCATGAACCT-JHA710A3,JHA710A3,A3,0.0,1,0,0,0,0,0,0,1408.0,0
TTTATGCCATTTCACT-JHA710A3,JHA710A3,A3,2.56089741343352,2,1,1,1,1,0,0,837.0,0
TTTCCTCAGACAAGCC-JHA710A3,JHA710A3,A3,0.0,4,0,0,0,0,0,0,2633.0,0
TTTCCTCAGGGATCTG-JHA710A3,JHA710A3,A3,3.0096453194766433,1,1,1,0,0,0,0,1556.0,0
TTTCCTCCAAGGCTCC-JHA710A3,JHA710A3,A3,3.0686490603375596,2,1,1,1,1,0,0,975.0,0
TTTCCTCGTCTCAACA-JHA710A3,JHA710A3,A3,0.0,2,0,0,0,0,0,0,4627.0,0
TTTCCTCGTCTTCAAG-JHA710A3,JHA710A3,A3,7.76406170123762,2,1,1,1,1,0,1,1160.0,0
TTTCCTCGTGCAGACA-JHA710A3,JHA710A3,A3,0.0,2,0,0,0,0,0,0,1915.0,0
TTTCCTCGTGTCCTCT-JHA710A3,JHA710A3,A3,0.0,2,0,0,0,0,0,0,603.0,0
TTTCCTCGTGTGAATA-JHA710A3,JHA710A3,A3,2.371060031023867,1,1,1,0,0,0,0,1030.0,0
TTTCCTCGTTCGTTGA-JHA710A3,JHA710A3,A3,1.6540918790294832,1,1,1,0,0,0,0,2365.0,0
TTTCCTCTCGACCAGC-JHA710A3,JHA710A3,A3,2.4293910217514756,1,1,1,0,0,0,0,966.0,0
TTTCCTCTCGCCTGTT-JHA710A3,JHA710A3,A3,2.646611573979841,1,1,1,0,0,0,0,763.0,0
TTTGCGCAGAAAGTGG-JHA710A3,JHA710A3,A3,0.0,0,0,0,0,0,0,0,706.0,0
TTTGCGCCAATGAATG-JHA710A3,JHA710A3,A3,2.247097423620547,2,1,1,1,1,0,0,1182.0,0
TTTGCGCCATCCTTGC-JHA710A3,JHA710A3,A3,0.0,2,0,0,0,0,0,0,1319.0,0
TTTGCGCTCAATCTCT-JHA710A3,JHA710A3,A3,5.599889591588005,2,1,1,1,1,0,0,928.0,0
TTTGCGCTCACGCGGT-JHA710A3,JHA710A3,A3,3.234365001910661,3,1,1,1,1,1,0,820.0,0
TTTGCGCTCGTCGTTC-JHA710A3,JHA710A3,A3,0.0,2,0,0,0,0,0,0,1200.0,1
TTTGGTTAGACAAAGG-JHA710A3,JHA710A3,A3,2.2380689054987575,1,1,1,0,0,0,0,2388.0,0
TTTGGTTTCTACGAGT-JHA710A3,JHA710A3,A3,2.8362302219925604,0,1,0,0,0,0,0,1246.0,0
TTTGTCAAGACAATAC-JHA710A3,JHA710A3,A3,2.1576875683110233,2,1,1,1,1,0,0,1307.0,0
TTTGTCAAGAGTAAGG-JHA710A3,JHA710A3,A3,2.54235776083478,1,1,1,0,0,0,0,854.0,0
TTTGTCAAGCCAGTTT-JHA710A3,JHA710A3,A3,0.0,1,0,0,0,0,0,0,1412.0,0
TTTGTCACATTACCTT-JHA710A3,JHA710A3,A3,2.636924242787441,2,1,1,1,1,0,0,771.0,0
TTTGTCAGTCGTTGTA-JHA710A3,JHA710A3,A3,0.0,1,0,0,0,0,0,0,1179.0,0
TTTGTCATCCACGTGG-JHA710A3,JHA710A3,A3,0.0,2,0,0,0,0,0,0,943.0,0
